firm_id;is_synthetic;province;sector;nace_code;size_band;employee_band;operating_since;main_product_group;primary_packaging_material;export_orientation;import_dependency;data_maturity_score;bom_coverage_ratio;bom_matrix_vintage_year;sector_code_error_flag;data_source_type;generation_method;source_ids
SYN-FRM-000001;True;Izmir;gida_icecek;C10-C11;kucuk;10-49;1995;Gida ve icecek urunleri;plastik;0.2582;0.3135;0.5743;0.5063;2025;False;synthetic;"config.SECTORS + config.SIZE_BANDS ile parametrize log-normal olcek; Beta dagilimli dis ticaret ve veri olgunlugu";SYN-GEN-01
SYN-FRM-000002;True;Hatay;gida_icecek;C10-C11;kucuk;10-49;2019;Gida ve icecek urunleri;plastik;0.2268;0.1212;0.5444;0.7902;2025;False;synthetic;"config.SECTORS + config.SIZE_BANDS ile parametrize log-normal olcek; Beta dagilimli dis ticaret ve veri olgunlugu";SYN-GEN-01
SYN-FRM-000003;True;Kayseri;tekstil;C13-C14;kucuk;10-49;2019;Tekstil ve hazir giyim;ahsap;0.6111;0.2516;0.5589;0.7444;2023;False;synthetic;"config.SECTORS + config.SIZE_BANDS ile parametrize log-normal olcek; Beta dagilimli dis ticaret ve veri olgunlugu";SYN-GEN-01
SYN-FRM-000004;True;Istanbul;kimya_boya;C20.3;mikro;1-9;2000;Kimyasal urunler ve boya;ahsap;0.2012;0.551;0.6063;0.3638;2024;False;synthetic;"config.SECTORS + config.SIZE_BANDS ile parametrize log-normal olcek; Beta dagilimli dis ticaret ve veri olgunlugu";SYN-GEN-01
SYN-FRM-000005;True;Bursa;ev_temizlik;C20.41;mikro;1-9;2006;Ev temizlik urunleri;plastik;0.5594;0.0205;0.2915;0.5228;2023;False;synthetic;"config.SECTORS + config.SIZE_BANDS ile parametrize log-normal olcek; Beta dagilimli dis ticaret ve veri olgunlugu";SYN-GEN-01
SYN-FRM-000006;True;Samsun;gida_icecek;C10-C11;kucuk;10-49;2018;Gida ve icecek urunleri;cam;0.3369;0.1068;0.3598;0.1083;2025;False;synthetic;"config.SECTORS + config.SIZE_BANDS ile parametrize log-normal olcek; Beta dagilimli dis ticaret ve veri olgunlugu";SYN-GEN-01
SYN-FRM-000007;True;Ankara;gida_icecek;C10-C11;buyuk;250-5000;2012;Gida ve icecek urunleri;plastik;0.3013;0.0128;0.8139;0.6126;2020;False;synthetic;"config.SECTORS + config.SIZE_BANDS ile parametrize log-normal olcek; Beta dagilimli dis ticaret ve veri olgunlugu";SYN-GEN-01
SYN-FRM-000008;True;Gaziantep;otomotiv_yan_sanayi;C29.3;mikro;1-9;1991;Otomotiv yan sanayi parcalari;kagit_karton;0.2895;0.3562;0.1093;0.3268;2026;False;synthetic;"config.SECTORS + config.SIZE_BANDS ile parametrize log-normal olcek; Beta dagilimli dis ticaret ve veri olgunlugu";SYN-GEN-01
SYN-FRM-000009;True;Istanbul;gida_icecek;C10-C11;kucuk;10-49;2009;Gida ve icecek urunleri;kagit_karton;0.6884;0.1813;0.5223;0.4278;2026;False;synthetic;"config.SECTORS + config.SIZE_BANDS ile parametrize log-normal olcek; Beta dagilimli dis ticaret ve veri olgunlugu";SYN-GEN-01
SYN-FRM-000010;True;Samsun;ev_temizlik;C20.41;kucuk;10-49;1998;Ev temizlik urunleri;plastik;0.5522;0.1455;0.1727;0.4004;2021;False;synthetic;"config.SECTORS + config.SIZE_BANDS ile parametrize log-normal olcek; Beta dagilimli dis ticaret ve veri olgunlugu";SYN-GEN-01
SYN-FRM-000011;True;Istanbul;elektronik;C26-C27;mikro;1-9;1993;Elektrikli ve elektronik esya;kagit_karton;0.494;0.561;0.2772;0.1838;2024;False;synthetic;"config.SECTORS + config.SIZE_BANDS ile parametrize log-normal olcek; Beta dagilimli dis ticaret ve veri olgunlugu";SYN-GEN-01
SYN-FRM-000012;True;Sakarya;ilac;C21;orta;50-249;2003;Ilac ve tibbi urunler;kagit_karton;0.1394;0.3757;0.9506;0.7016;2023;False;synthetic;"config.SECTORS + config.SIZE_BANDS ile parametrize log-normal olcek; Beta dagilimli dis ticaret ve veri olgunlugu";SYN-GEN-01
SYN-FRM-000013;True;Hatay;kimya_boya;C20.3;orta;50-249;2021;Kimyasal urunler ve boya;ahsap;0.3541;0.7551;0.527;0.6782;2023;False;synthetic;"config.SECTORS + config.SIZE_BANDS ile parametrize log-normal olcek; Beta dagilimli dis ticaret ve veri olgunlugu";SYN-GEN-01
SYN-FRM-000014;True;Tekirdag;otomotiv_yan_sanayi;C29.3;mikro;1-9;2003;Otomotiv yan sanayi parcalari;kagit_karton;0.3807;0.3746;0.3552;0.6665;2026;False;synthetic;"config.SECTORS + config.SIZE_BANDS ile parametrize log-normal olcek; Beta dagilimli dis ticaret ve veri olgunlugu";SYN-GEN-01
SYN-FRM-000015;True;Bursa;tekstil;C13-C14;orta;50-249;1988;Tekstil ve hazir giyim;kagit_karton;0.7822;0.3941;0.469;0.1835;2025;False;synthetic;"config.SECTORS + config.SIZE_BANDS ile parametrize log-normal olcek; Beta dagilimli dis ticaret ve veri olgunlugu";SYN-GEN-01
SYN-FRM-000016;True;Ankara;ilac;C21;mikro;1-9;1987;Ilac ve tibbi urunler;plastik;0.1718;0.309;0.0876;0.4335;2024;False;synthetic;"config.SECTORS + config.SIZE_BANDS ile parametrize log-normal olcek; Beta dagilimli dis ticaret ve veri olgunlugu";SYN-GEN-01
SYN-FRM-000017;True;Kocaeli;otomotiv_yan_sanayi;C29.3;kucuk;10-49;1988;Otomotiv yan sanayi parcalari;plastik;0.8972;0.1957;0.5515;0.7713;2026;False;synthetic;"config.SECTORS + config.SIZE_BANDS ile parametrize log-normal olcek; Beta dagilimli dis ticaret ve veri olgunlugu";SYN-GEN-01
SYN-FRM-000018;True;Istanbul;tekstil;C13-C14;buyuk;250-5000;2022;Tekstil ve hazir giyim;kagit_karton;0.777;0.5448;0.7191;0.5243;2024;False;synthetic;"config.SECTORS + config.SIZE_BANDS ile parametrize log-normal olcek; Beta dagilimli dis ticaret ve veri olgunlugu";SYN-GEN-01
SYN-FRM-000019;True;Istanbul;ilac;C21;mikro;1-9;2007;Ilac ve tibbi urunler;kagit_karton;0.3666;0.346;0.3639;0.5524;2019;False;synthetic;"config.SECTORS + config.SIZE_BANDS ile parametrize log-normal olcek; Beta dagilimli dis ticaret ve veri olgunlugu";SYN-GEN-01
SYN-FRM-000020;True;Adana;gida_icecek;C10-C11;kucuk;10-49;2018;Gida ve icecek urunleri;plastik;0.5681;0.2069;0.7483;0.7084;2024;False;synthetic;"config.SECTORS + config.SIZE_BANDS ile parametrize log-normal olcek; Beta dagilimli dis ticaret ve veri olgunlugu";SYN-GEN-01
SYN-FRM-000021;True;Ankara;tekstil;C13-C14;kucuk;10-49;2009;Tekstil ve hazir giyim;plastik;0.7608;0.1866;0.6494;0.5295;2025;False;synthetic;"config.SECTORS + config.SIZE_BANDS ile parametrize log-normal olcek; Beta dagilimli dis ticaret ve veri olgunlugu";SYN-GEN-01
SYN-FRM-000022;True;Manisa;otomotiv_yan_sanayi;C29.3;kucuk;10-49;2022;Otomotiv yan sanayi parcalari;metal;0.6925;0.3565;0.8359;0.8964;2024;False;synthetic;"config.SECTORS + config.SIZE_BANDS ile parametrize log-normal olcek; Beta dagilimli dis ticaret ve veri olgunlugu";SYN-GEN-01
SYN-FRM-000023;True;Istanbul;ev_temizlik;C20.41;buyuk;250-5000;1988;Ev temizlik urunleri;plastik;0.2245;0.1123;0.8765;0.6846;2020;False;synthetic;"config.SECTORS + config.SIZE_BANDS ile parametrize log-normal olcek; Beta dagilimli dis ticaret ve veri olgunlugu";SYN-GEN-01
SYN-FRM-000024;True;Antalya;otomotiv_yan_sanayi;C29.3;kucuk;10-49;2019;Otomotiv yan sanayi parcalari;plastik;0.5073;0.4701;0.3101;0.1525;2024;False;synthetic;"config.SECTORS + config.SIZE_BANDS ile parametrize log-normal olcek; Beta dagilimli dis ticaret ve veri olgunlugu";SYN-GEN-01
SYN-FRM-000025;True;Antalya;kimya_boya;C20.3;buyuk;250-5000;1996;Kimyasal urunler ve boya;kompozit;0.4623;0.2649;0.8205;0.7596;2019;False;synthetic;"config.SECTORS + config.SIZE_BANDS ile parametrize log-normal olcek; Beta dagilimli dis ticaret ve veri olgunlugu";SYN-GEN-01
SYN-FRM-000026;True;Izmir;gida_icecek;C10-C11;kucuk;10-49;2020;Gida ve icecek urunleri;metal;0.607;0.3806;0.5343;0.7632;2026;False;synthetic;"config.SECTORS + config.SIZE_BANDS ile parametrize log-normal olcek; Beta dagilimli dis ticaret ve veri olgunlugu";SYN-GEN-01
SYN-FRM-000027;True;Corum;tekstil;C13-C14;mikro;1-9;1993;Tekstil ve hazir giyim;ahsap;0.7972;0.1746;0.5415;0.5647;2024;False;synthetic;"config.SECTORS + config.SIZE_BANDS ile parametrize log-normal olcek; Beta dagilimli dis ticaret ve veri olgunlugu";SYN-GEN-01
SYN-FRM-000028;True;Eskisehir;tekstil;C13-C14;buyuk;250-5000;2025;Tekstil ve hazir giyim;kagit_karton;0.4131;0.0354;0.4307;0.3801;2026;False;synthetic;"config.SECTORS + config.SIZE_BANDS ile parametrize log-normal olcek; Beta dagilimli dis ticaret ve veri olgunlugu";SYN-GEN-01
SYN-FRM-000029;True;Istanbul;kozmetik;C20.42;mikro;1-9;2013;Kozmetik ve kisisel bakim;plastik;0.5868;0.2213;0.3809;0.7283;2023;False;synthetic;"config.SECTORS + config.SIZE_BANDS ile parametrize log-normal olcek; Beta dagilimli dis ticaret ve veri olgunlugu";SYN-GEN-01
SYN-FRM-000030;True;Konya;tekstil;C13-C14;buyuk;250-5000;2005;Tekstil ve hazir giyim;plastik;0.8931;0.2932;0.9833;0.6904;2020;False;synthetic;"config.SECTORS + config.SIZE_BANDS ile parametrize log-normal olcek; Beta dagilimli dis ticaret ve veri olgunlugu";SYN-GEN-01
SYN-FRM-000031;True;Ankara;gida_icecek;C10-C11;kucuk;10-49;2003;Gida ve icecek urunleri;kompozit;0.2847;0.2531;0.5959;0.266;2024;False;synthetic;"config.SECTORS + config.SIZE_BANDS ile parametrize log-normal olcek; Beta dagilimli dis ticaret ve veri olgunlugu";SYN-GEN-01
SYN-FRM-000032;True;Istanbul;gida_icecek;C10-C11;kucuk;10-49;2019;Gida ve icecek urunleri;metal;0.3652;0.2472;0.7792;0.7474;2023;False;synthetic;"config.SECTORS + config.SIZE_BANDS ile parametrize log-normal olcek; Beta dagilimli dis ticaret ve veri olgunlugu";SYN-GEN-01
SYN-FRM-000033;True;Antalya;gida_icecek;C10-C11;orta;50-249;2016;Gida ve icecek urunleri;cam;0.0111;0.246;0.4768;0.4953;2020;False;synthetic;"config.SECTORS + config.SIZE_BANDS ile parametrize log-normal olcek; Beta dagilimli dis ticaret ve veri olgunlugu";SYN-GEN-01
SYN-FRM-000034;True;Balikesir;ev_temizlik;C20.41;kucuk;10-49;1989;Ev temizlik urunleri;ahsap;0.6106;0.0825;0.852;0.793;2025;False;synthetic;"config.SECTORS + config.SIZE_BANDS ile parametrize log-normal olcek; Beta dagilimli dis ticaret ve veri olgunlugu";SYN-GEN-01
SYN-FRM-000035;True;Antalya;ilac;C21;kucuk;10-49;1987;Ilac ve tibbi urunler;kagit_karton;0.3197;0.4178;0.1043;0.2626;2023;False;synthetic;"config.SECTORS + config.SIZE_BANDS ile parametrize log-normal olcek; Beta dagilimli dis ticaret ve veri olgunlugu";SYN-GEN-01
SYN-FRM-000036;True;Izmir;kozmetik;C20.42;orta;50-249;2014;Kozmetik ve kisisel bakim;plastik;0.3094;0.3891;0.9462;0.3369;2026;False;synthetic;"config.SECTORS + config.SIZE_BANDS ile parametrize log-normal olcek; Beta dagilimli dis ticaret ve veri olgunlugu";SYN-GEN-01
SYN-FRM-000037;True;Antalya;kozmetik;C20.42;orta;50-249;2023;Kozmetik ve kisisel bakim;kagit_karton;0.34;0.419;0.5287;0.6181;2024;False;synthetic;"config.SECTORS + config.SIZE_BANDS ile parametrize log-normal olcek; Beta dagilimli dis ticaret ve veri olgunlugu";SYN-GEN-01
SYN-FRM-000038;True;Hatay;kozmetik;C20.42;mikro;1-9;2017;Kozmetik ve kisisel bakim;plastik;0.3845;0.1768;0.424;0.5847;2024;False;synthetic;"config.SECTORS + config.SIZE_BANDS ile parametrize log-normal olcek; Beta dagilimli dis ticaret ve veri olgunlugu";SYN-GEN-01
SYN-FRM-000039;True;Kocaeli;gida_icecek;C10-C11;kucuk;10-49;1988;Gida ve icecek urunleri;cam;0.0558;0.1901;0.7858;0.5169;2024;False;synthetic;"config.SECTORS + config.SIZE_BANDS ile parametrize log-normal olcek; Beta dagilimli dis ticaret ve veri olgunlugu";SYN-GEN-01
SYN-FRM-000040;True;Antalya;tekstil;C13-C14;orta;50-249;2017;Tekstil ve hazir giyim;kagit_karton;0.7352;0.185;0.8694;0.724;2025;False;synthetic;"config.SECTORS + config.SIZE_BANDS ile parametrize log-normal olcek; Beta dagilimli dis ticaret ve veri olgunlugu";SYN-GEN-01
SYN-FRM-000041;True;Bursa;ilac;C21;kucuk;10-49;1991;Ilac ve tibbi urunler;cam;0.5117;0.2463;0.5509;0.5846;2021;False;synthetic;"config.SECTORS + config.SIZE_BANDS ile parametrize log-normal olcek; Beta dagilimli dis ticaret ve veri olgunlugu";SYN-GEN-01
SYN-FRM-000042;True;Izmir;kimya_boya;C20.3;mikro;1-9;2016;Kimyasal urunler ve boya;cam;0.7754;0.3889;0.4122;0.5854;2026;False;synthetic;"config.SECTORS + config.SIZE_BANDS ile parametrize log-normal olcek; Beta dagilimli dis ticaret ve veri olgunlugu";SYN-GEN-01
SYN-FRM-000043;True;Adana;elektronik;C26-C27;orta;50-249;1994;Elektrikli ve elektronik esya;kagit_karton;0.2779;0.3901;0.8995;0.6704;2025;False;synthetic;"config.SECTORS + config.SIZE_BANDS ile parametrize log-normal olcek; Beta dagilimli dis ticaret ve veri olgunlugu";SYN-GEN-01
SYN-FRM-000044;True;Bursa;kimya_boya;C20.3;kucuk;10-49;2010;Kimyasal urunler ve boya;metal;0.3157;0.6357;0.5234;0.3191;2024;False;synthetic;"config.SECTORS + config.SIZE_BANDS ile parametrize log-normal olcek; Beta dagilimli dis ticaret ve veri olgunlugu";SYN-GEN-01
SYN-FRM-000045;True;Corum;tekstil;C13-C14;mikro;1-9;1995;Tekstil ve hazir giyim;kagit_karton;0.5561;0.1036;0.2419;0.3665;2023;False;synthetic;"config.SECTORS + config.SIZE_BANDS ile parametrize log-normal olcek; Beta dagilimli dis ticaret ve veri olgunlugu";SYN-GEN-01
SYN-FRM-000046;True;Izmir;kimya_boya;C20.3;mikro;1-9;2006;Kimyasal urunler ve boya;ahsap;0.4512;0.3931;0.306;0.6149;2023;False;synthetic;"config.SECTORS + config.SIZE_BANDS ile parametrize log-normal olcek; Beta dagilimli dis ticaret ve veri olgunlugu";SYN-GEN-01
SYN-FRM-000047;True;Kocaeli;gida_icecek;C10-C11;orta;50-249;1991;Gida ve icecek urunleri;ahsap;0.5723;0.2299;0.5364;0.1654;2026;False;synthetic;"config.SECTORS + config.SIZE_BANDS ile parametrize log-normal olcek; Beta dagilimli dis ticaret ve veri olgunlugu";SYN-GEN-01
SYN-FRM-000048;True;Konya;otomotiv_yan_sanayi;C29.3;kucuk;10-49;1999;Otomotiv yan sanayi parcalari;plastik;0.6843;0.2853;0.3383;0.5809;2026;False;synthetic;"config.SECTORS + config.SIZE_BANDS ile parametrize log-normal olcek; Beta dagilimli dis ticaret ve veri olgunlugu";SYN-GEN-01
SYN-FRM-000049;True;Konya;kozmetik;C20.42;mikro;1-9;2021;Kozmetik ve kisisel bakim;cam;0.1637;0.2547;0.5059;0.5652;2026;False;synthetic;"config.SECTORS + config.SIZE_BANDS ile parametrize log-normal olcek; Beta dagilimli dis ticaret ve veri olgunlugu";SYN-GEN-01
SYN-FRM-000050;True;Bursa;kozmetik;C20.42;kucuk;10-49;2015;Kozmetik ve kisisel bakim;plastik;0.527;0.2281;0.7111;0.7287;2023;False;synthetic;"config.SECTORS + config.SIZE_BANDS ile parametrize log-normal olcek; Beta dagilimli dis ticaret ve veri olgunlugu";SYN-GEN-01
SYN-FRM-000051;True;Istanbul;elektronik;C26-C27;kucuk;10-49;2007;Elektrikli ve elektronik esya;kagit_karton;0.367;0.5083;0.7015;0.2132;2024;False;synthetic;"config.SECTORS + config.SIZE_BANDS ile parametrize log-normal olcek; Beta dagilimli dis ticaret ve veri olgunlugu";SYN-GEN-01
SYN-FRM-000052;True;Antalya;kozmetik;C20.42;orta;50-249;2003;Kozmetik ve kisisel bakim;plastik;0.2156;0.1859;0.6401;0.6988;2023;False;synthetic;"config.SECTORS + config.SIZE_BANDS ile parametrize log-normal olcek; Beta dagilimli dis ticaret ve veri olgunlugu";SYN-GEN-01
SYN-FRM-000053;True;Manisa;kozmetik;C20.42;buyuk;250-5000;2022;Kozmetik ve kisisel bakim;plastik;0.2119;0.3265;0.8969;0.7175;2026;False;synthetic;"config.SECTORS + config.SIZE_BANDS ile parametrize log-normal olcek; Beta dagilimli dis ticaret ve veri olgunlugu";SYN-GEN-01
SYN-FRM-000054;True;Denizli;tekstil;C13-C14;kucuk;10-49;1991;Tekstil ve hazir giyim;kagit_karton;0.6887;0.1427;0.7143;0.8151;2023;False;synthetic;"config.SECTORS + config.SIZE_BANDS ile parametrize log-normal olcek; Beta dagilimli dis ticaret ve veri olgunlugu";SYN-GEN-01
SYN-FRM-000055;True;Kocaeli;kimya_boya;C20.3;kucuk;10-49;2018;Kimyasal urunler ve boya;metal;0.2601;0.6258;0.4498;0.6254;2020;False;synthetic;"config.SECTORS + config.SIZE_BANDS ile parametrize log-normal olcek; Beta dagilimli dis ticaret ve veri olgunlugu";SYN-GEN-01
SYN-FRM-000056;True;Izmir;gida_icecek;C10-C11;buyuk;250-5000;1994;Gida ve icecek urunleri;plastik;0.4258;0.3639;0.99;0.7185;2021;False;synthetic;"config.SECTORS + config.SIZE_BANDS ile parametrize log-normal olcek; Beta dagilimli dis ticaret ve veri olgunlugu";SYN-GEN-01
SYN-FRM-000057;True;Istanbul;kimya_boya;C20.3;kucuk;10-49;2003;Kimyasal urunler ve boya;cam;0.2095;0.2137;0.4022;0.7129;2023;False;synthetic;"config.SECTORS + config.SIZE_BANDS ile parametrize log-normal olcek; Beta dagilimli dis ticaret ve veri olgunlugu";SYN-GEN-01
SYN-FRM-000058;True;Kayseri;elektronik;C26-C27;mikro;1-9;2023;Elektrikli ve elektronik esya;ahsap;0.4836;0.7107;0.6299;0.8087;2026;False;synthetic;"config.SECTORS + config.SIZE_BANDS ile parametrize log-normal olcek; Beta dagilimli dis ticaret ve veri olgunlugu";SYN-GEN-01
SYN-FRM-000059;True;Izmir;tekstil;C13-C14;kucuk;10-49;2008;Tekstil ve hazir giyim;plastik;0.6862;0.0796;0.8845;1.0;2023;False;synthetic;"config.SECTORS + config.SIZE_BANDS ile parametrize log-normal olcek; Beta dagilimli dis ticaret ve veri olgunlugu";SYN-GEN-01
SYN-FRM-000060;True;Eskisehir;elektronik;C26-C27;mikro;1-9;1993;Elektrikli ve elektronik esya;kagit_karton;0.4233;0.463;0.5399;0.561;2025;False;synthetic;"config.SECTORS + config.SIZE_BANDS ile parametrize log-normal olcek; Beta dagilimli dis ticaret ve veri olgunlugu";SYN-GEN-01
SYN-FRM-000061;True;Adana;kimya_boya;C20.3;mikro;1-9;2012;Kimyasal urunler ve boya;kagit_karton;0.3245;0.163;0.5147;0.2578;2025;False;synthetic;"config.SECTORS + config.SIZE_BANDS ile parametrize log-normal olcek; Beta dagilimli dis ticaret ve veri olgunlugu";SYN-GEN-01
SYN-FRM-000062;True;Eskisehir;gida_icecek;C10-C11;orta;50-249;1992;Gida ve icecek urunleri;plastik;0.1581;0.5356;0.3036;0.5571;2026;False;synthetic;"config.SECTORS + config.SIZE_BANDS ile parametrize log-normal olcek; Beta dagilimli dis ticaret ve veri olgunlugu";SYN-GEN-01
SYN-FRM-000063;True;Ankara;gida_icecek;C10-C11;kucuk;10-49;1997;Gida ve icecek urunleri;kagit_karton;0.2867;0.1532;0.4276;0.2297;2026;False;synthetic;"config.SECTORS + config.SIZE_BANDS ile parametrize log-normal olcek; Beta dagilimli dis ticaret ve veri olgunlugu";SYN-GEN-01
SYN-FRM-000064;True;Tekirdag;ev_temizlik;C20.41;mikro;1-9;2009;Ev temizlik urunleri;plastik;0.2354;0.2707;0.02;0.2249;2026;False;synthetic;"config.SECTORS + config.SIZE_BANDS ile parametrize log-normal olcek; Beta dagilimli dis ticaret ve veri olgunlugu";SYN-GEN-01
SYN-FRM-000065;True;Tekirdag;tekstil;C13-C14;buyuk;250-5000;1988;Tekstil ve hazir giyim;kagit_karton;0.5969;0.3566;0.6383;0.6905;2025;False;synthetic;"config.SECTORS + config.SIZE_BANDS ile parametrize log-normal olcek; Beta dagilimli dis ticaret ve veri olgunlugu";SYN-GEN-01
SYN-FRM-000066;True;Istanbul;tekstil;C13-C14;kucuk;10-49;2020;Tekstil ve hazir giyim;kompozit;0.9142;0.4659;0.4594;0.619;2023;False;synthetic;"config.SECTORS + config.SIZE_BANDS ile parametrize log-normal olcek; Beta dagilimli dis ticaret ve veri olgunlugu";SYN-GEN-01
SYN-FRM-000067;True;Sakarya;gida_icecek;C10-C11;kucuk;10-49;2015;Gida ve icecek urunleri;kagit_karton;0.1495;0.3614;0.2381;0.2973;2020;False;synthetic;"config.SECTORS + config.SIZE_BANDS ile parametrize log-normal olcek; Beta dagilimli dis ticaret ve veri olgunlugu";SYN-GEN-01
SYN-FRM-000068;True;Kocaeli;ev_temizlik;C20.41;kucuk;10-49;2023;Ev temizlik urunleri;plastik;0.1338;0.3971;0.4097;0.628;2021;False;synthetic;"config.SECTORS + config.SIZE_BANDS ile parametrize log-normal olcek; Beta dagilimli dis ticaret ve veri olgunlugu";SYN-GEN-01
SYN-FRM-000069;True;Tekirdag;gida_icecek;C10-C11;kucuk;10-49;2014;Gida ve icecek urunleri;plastik;0.1704;0.12;0.7257;0.3879;2024;False;synthetic;"config.SECTORS + config.SIZE_BANDS ile parametrize log-normal olcek; Beta dagilimli dis ticaret ve veri olgunlugu";SYN-GEN-01
SYN-FRM-000070;True;Istanbul;gida_icecek;C10-C11;mikro;1-9;1996;Gida ve icecek urunleri;cam;0.5958;0.046;0.3997;0.5485;2026;False;synthetic;"config.SECTORS + config.SIZE_BANDS ile parametrize log-normal olcek; Beta dagilimli dis ticaret ve veri olgunlugu";SYN-GEN-01
SYN-FRM-000071;True;Mersin;tekstil;C13-C14;mikro;1-9;1988;Tekstil ve hazir giyim;plastik;0.6932;0.1263;0.512;0.7188;2026;False;synthetic;"config.SECTORS + config.SIZE_BANDS ile parametrize log-normal olcek; Beta dagilimli dis ticaret ve veri olgunlugu";SYN-GEN-01
SYN-FRM-000072;True;Bursa;kozmetik;C20.42;kucuk;10-49;2023;Kozmetik ve kisisel bakim;cam;0.4036;0.0197;0.4603;0.6752;2025;False;synthetic;"config.SECTORS + config.SIZE_BANDS ile parametrize log-normal olcek; Beta dagilimli dis ticaret ve veri olgunlugu";SYN-GEN-01
SYN-FRM-000073;True;Antalya;otomotiv_yan_sanayi;C29.3;kucuk;10-49;2009;Otomotiv yan sanayi parcalari;kompozit;0.7231;0.2537;0.6207;0.5042;2026;False;synthetic;"config.SECTORS + config.SIZE_BANDS ile parametrize log-normal olcek; Beta dagilimli dis ticaret ve veri olgunlugu";SYN-GEN-01
SYN-FRM-000074;True;Izmir;kimya_boya;C20.3;mikro;1-9;1995;Kimyasal urunler ve boya;plastik;0.1449;0.4451;0.3398;0.5429;2025;False;synthetic;"config.SECTORS + config.SIZE_BANDS ile parametrize log-normal olcek; Beta dagilimli dis ticaret ve veri olgunlugu";SYN-GEN-01
SYN-FRM-000075;True;Kocaeli;ilac;C21;mikro;1-9;2000;Ilac ve tibbi urunler;kagit_karton;0.0525;0.587;0.2399;0.1106;2025;False;synthetic;"config.SECTORS + config.SIZE_BANDS ile parametrize log-normal olcek; Beta dagilimli dis ticaret ve veri olgunlugu";SYN-GEN-01
SYN-FRM-000076;True;Manisa;ilac;C21;orta;50-249;1988;Ilac ve tibbi urunler;kagit_karton;0.3141;0.4416;0.9158;0.9779;2024;False;synthetic;"config.SECTORS + config.SIZE_BANDS ile parametrize log-normal olcek; Beta dagilimli dis ticaret ve veri olgunlugu";SYN-GEN-01
SYN-FRM-000077;True;Tekirdag;tekstil;C13-C14;kucuk;10-49;1999;Tekstil ve hazir giyim;kagit_karton;0.7716;0.1481;0.2453;0.4221;2026;False;synthetic;"config.SECTORS + config.SIZE_BANDS ile parametrize log-normal olcek; Beta dagilimli dis ticaret ve veri olgunlugu";SYN-GEN-01
SYN-FRM-000078;True;Izmir;tekstil;C13-C14;orta;50-249;1990;Tekstil ve hazir giyim;kagit_karton;0.6237;0.3332;0.3679;0.2509;2023;False;synthetic;"config.SECTORS + config.SIZE_BANDS ile parametrize log-normal olcek; Beta dagilimli dis ticaret ve veri olgunlugu";SYN-GEN-01
SYN-FRM-000079;True;Istanbul;ev_temizlik;C20.41;kucuk;10-49;2004;Ev temizlik urunleri;plastik;0.1732;0.4463;0.7834;0.9933;2026;False;synthetic;"config.SECTORS + config.SIZE_BANDS ile parametrize log-normal olcek; Beta dagilimli dis ticaret ve veri olgunlugu";SYN-GEN-01
SYN-FRM-000080;True;Kocaeli;gida_icecek;C10-C11;orta;50-249;2021;Gida ve icecek urunleri;plastik;0.2299;0.3727;0.4258;0.7608;2024;False;synthetic;"config.SECTORS + config.SIZE_BANDS ile parametrize log-normal olcek; Beta dagilimli dis ticaret ve veri olgunlugu";SYN-GEN-01
SYN-FRM-000081;True;Istanbul;ev_temizlik;C20.41;buyuk;250-5000;1996;Ev temizlik urunleri;plastik;0.0536;0.0878;0.3976;0.2537;2024;False;synthetic;"config.SECTORS + config.SIZE_BANDS ile parametrize log-normal olcek; Beta dagilimli dis ticaret ve veri olgunlugu";SYN-GEN-01
SYN-FRM-000082;True;Konya;kimya_boya;C20.3;mikro;1-9;1995;Kimyasal urunler ve boya;plastik;0.6973;0.4357;0.2752;0.2364;2021;False;synthetic;"config.SECTORS + config.SIZE_BANDS ile parametrize log-normal olcek; Beta dagilimli dis ticaret ve veri olgunlugu";SYN-GEN-01
SYN-FRM-000083;True;Ankara;gida_icecek;C10-C11;kucuk;10-49;2023;Gida ve icecek urunleri;kompozit;0.1442;0.2153;0.7634;0.7411;2023;False;synthetic;"config.SECTORS + config.SIZE_BANDS ile parametrize log-normal olcek; Beta dagilimli dis ticaret ve veri olgunlugu";SYN-GEN-01
SYN-FRM-000084;True;Hatay;gida_icecek;C10-C11;kucuk;10-49;1997;Gida ve icecek urunleri;plastik;0.3809;0.056;0.1967;0.3505;2026;False;synthetic;"config.SECTORS + config.SIZE_BANDS ile parametrize log-normal olcek; Beta dagilimli dis ticaret ve veri olgunlugu";SYN-GEN-01
SYN-FRM-000085;True;Istanbul;elektronik;C26-C27;kucuk;10-49;2025;Elektrikli ve elektronik esya;kompozit;0.2609;0.5391;0.3594;0.5479;2026;False;synthetic;"config.SECTORS + config.SIZE_BANDS ile parametrize log-normal olcek; Beta dagilimli dis ticaret ve veri olgunlugu";SYN-GEN-01
SYN-FRM-000086;True;Konya;otomotiv_yan_sanayi;C29.3;kucuk;10-49;2012;Otomotiv yan sanayi parcalari;ahsap;0.8189;0.676;0.1959;0.3967;2021;False;synthetic;"config.SECTORS + config.SIZE_BANDS ile parametrize log-normal olcek; Beta dagilimli dis ticaret ve veri olgunlugu";SYN-GEN-01
SYN-FRM-000087;True;Corum;gida_icecek;C10-C11;orta;50-249;2023;Gida ve icecek urunleri;plastik;0.1639;0.293;0.8815;0.4643;2023;False;synthetic;"config.SECTORS + config.SIZE_BANDS ile parametrize log-normal olcek; Beta dagilimli dis ticaret ve veri olgunlugu";SYN-GEN-01
SYN-FRM-000088;True;Adana;tekstil;C13-C14;kucuk;10-49;2007;Tekstil ve hazir giyim;plastik;0.5534;0.3785;0.5084;0.1937;2019;False;synthetic;"config.SECTORS + config.SIZE_BANDS ile parametrize log-normal olcek; Beta dagilimli dis ticaret ve veri olgunlugu";SYN-GEN-01
SYN-FRM-000089;True;Istanbul;kozmetik;C20.42;mikro;1-9;2022;Kozmetik ve kisisel bakim;plastik;0.2561;0.409;0.744;0.7714;2025;False;synthetic;"config.SECTORS + config.SIZE_BANDS ile parametrize log-normal olcek; Beta dagilimli dis ticaret ve veri olgunlugu";SYN-GEN-01
SYN-FRM-000090;True;Manisa;otomotiv_yan_sanayi;C29.3;mikro;1-9;2023;Otomotiv yan sanayi parcalari;metal;0.8679;0.7288;0.1091;0.2963;2020;False;synthetic;"config.SECTORS + config.SIZE_BANDS ile parametrize log-normal olcek; Beta dagilimli dis ticaret ve veri olgunlugu";SYN-GEN-01
SYN-FRM-000091;True;Istanbul;elektronik;C26-C27;buyuk;250-5000;1990;Elektrikli ve elektronik esya;plastik;0.5581;0.6387;0.5334;0.3945;2024;False;synthetic;"config.SECTORS + config.SIZE_BANDS ile parametrize log-normal olcek; Beta dagilimli dis ticaret ve veri olgunlugu";SYN-GEN-01
SYN-FRM-000092;True;Konya;tekstil;C13-C14;kucuk;10-49;2020;Tekstil ve hazir giyim;kagit_karton;0.8447;0.3619;0.3076;0.5372;2025;False;synthetic;"config.SECTORS + config.SIZE_BANDS ile parametrize log-normal olcek; Beta dagilimli dis ticaret ve veri olgunlugu";SYN-GEN-01
SYN-FRM-000093;True;Eskisehir;tekstil;C13-C14;mikro;1-9;2015;Tekstil ve hazir giyim;plastik;0.7366;0.4323;0.1997;0.3655;2025;False;synthetic;"config.SECTORS + config.SIZE_BANDS ile parametrize log-normal olcek; Beta dagilimli dis ticaret ve veri olgunlugu";SYN-GEN-01
SYN-FRM-000094;True;Istanbul;tekstil;C13-C14;mikro;1-9;2006;Tekstil ve hazir giyim;plastik;0.7626;0.1027;0.02;0.3596;2026;False;synthetic;"config.SECTORS + config.SIZE_BANDS ile parametrize log-normal olcek; Beta dagilimli dis ticaret ve veri olgunlugu";SYN-GEN-01
SYN-FRM-000095;True;Kayseri;kimya_boya;C20.3;mikro;1-9;1990;Kimyasal urunler ve boya;kagit_karton;0.2421;0.4992;0.3841;0.4877;2026;False;synthetic;"config.SECTORS + config.SIZE_BANDS ile parametrize log-normal olcek; Beta dagilimli dis ticaret ve veri olgunlugu";SYN-GEN-01
SYN-FRM-000096;True;Izmir;ilac;C21;orta;50-249;2007;Ilac ve tibbi urunler;kagit_karton;0.0894;0.4655;0.5015;0.6937;2023;False;synthetic;"config.SECTORS + config.SIZE_BANDS ile parametrize log-normal olcek; Beta dagilimli dis ticaret ve veri olgunlugu";SYN-GEN-01
SYN-FRM-000097;True;Istanbul;otomotiv_yan_sanayi;C29.3;mikro;1-9;2018;Otomotiv yan sanayi parcalari;ahsap;0.9519;0.4097;0.2273;0.3221;2025;False;synthetic;"config.SECTORS + config.SIZE_BANDS ile parametrize log-normal olcek; Beta dagilimli dis ticaret ve veri olgunlugu";SYN-GEN-01
SYN-FRM-000098;True;Denizli;tekstil;C13-C14;buyuk;250-5000;2010;Tekstil ve hazir giyim;plastik;0.5339;0.3028;0.8655;0.584;2026;False;synthetic;"config.SECTORS + config.SIZE_BANDS ile parametrize log-normal olcek; Beta dagilimli dis ticaret ve veri olgunlugu";SYN-GEN-01
SYN-FRM-000099;True;Gaziantep;otomotiv_yan_sanayi;C29.3;kucuk;10-49;1994;Otomotiv yan sanayi parcalari;kagit_karton;0.7813;0.6359;0.5001;0.66;2026;False;synthetic;"config.SECTORS + config.SIZE_BANDS ile parametrize log-normal olcek; Beta dagilimli dis ticaret ve veri olgunlugu";SYN-GEN-01
SYN-FRM-000100;True;Izmir;gida_icecek;C10-C11;kucuk;10-49;2002;Gida ve icecek urunleri;plastik;0.2729;0.2877;0.516;0.4013;2023;False;synthetic;"config.SECTORS + config.SIZE_BANDS ile parametrize log-normal olcek; Beta dagilimli dis ticaret ve veri olgunlugu";SYN-GEN-01
SYN-FRM-000101;True;Kayseri;tekstil;C13-C14;buyuk;250-5000;2021;Tekstil ve hazir giyim;plastik;0.6659;0.3692;0.3542;0.4444;2023;False;synthetic;"config.SECTORS + config.SIZE_BANDS ile parametrize log-normal olcek; Beta dagilimli dis ticaret ve veri olgunlugu";SYN-GEN-01
SYN-FRM-000102;True;Istanbul;kozmetik;C20.42;kucuk;10-49;2015;Kozmetik ve kisisel bakim;cam;0.2849;0.4088;0.7625;0.8014;2024;False;synthetic;"config.SECTORS + config.SIZE_BANDS ile parametrize log-normal olcek; Beta dagilimli dis ticaret ve veri olgunlugu";SYN-GEN-01
SYN-FRM-000103;True;Ankara;kozmetik;C20.42;orta;50-249;1995;Kimyasal urunler ve boya;plastik;0.5175;0.2285;0.1504;0.5207;2023;True;synthetic;"config.SECTORS + config.SIZE_BANDS ile parametrize log-normal olcek; Beta dagilimli dis ticaret ve veri olgunlugu";SYN-GEN-01
SYN-FRM-000104;True;Istanbul;gida_icecek;C10-C11;kucuk;10-49;2013;Gida ve icecek urunleri;plastik;0.5936;0.1515;0.5304;0.76;2025;False;synthetic;"config.SECTORS + config.SIZE_BANDS ile parametrize log-normal olcek; Beta dagilimli dis ticaret ve veri olgunlugu";SYN-GEN-01
SYN-FRM-000105;True;Istanbul;tekstil;C13-C14;mikro;1-9;2014;Tekstil ve hazir giyim;kagit_karton;0.6871;0.1412;0.5327;0.6233;2023;False;synthetic;"config.SECTORS + config.SIZE_BANDS ile parametrize log-normal olcek; Beta dagilimli dis ticaret ve veri olgunlugu";SYN-GEN-01
SYN-FRM-000106;True;Istanbul;otomotiv_yan_sanayi;C29.3;orta;50-249;1985;Otomotiv yan sanayi parcalari;metal;0.9018;0.507;0.6216;0.5622;2025;False;synthetic;"config.SECTORS + config.SIZE_BANDS ile parametrize log-normal olcek; Beta dagilimli dis ticaret ve veri olgunlugu";SYN-GEN-01
SYN-FRM-000107;True;Antalya;kimya_boya;C20.3;mikro;1-9;2015;Kimyasal urunler ve boya;kagit_karton;0.1726;0.1557;0.5398;0.5019;2024;False;synthetic;"config.SECTORS + config.SIZE_BANDS ile parametrize log-normal olcek; Beta dagilimli dis ticaret ve veri olgunlugu";SYN-GEN-01
SYN-FRM-000108;True;Samsun;kozmetik;C20.42;mikro;1-9;2018;Kozmetik ve kisisel bakim;kagit_karton;0.3405;0.3249;0.5933;0.8282;2025;False;synthetic;"config.SECTORS + config.SIZE_BANDS ile parametrize log-normal olcek; Beta dagilimli dis ticaret ve veri olgunlugu";SYN-GEN-01
SYN-FRM-000109;True;Ankara;otomotiv_yan_sanayi;C29.3;kucuk;10-49;2008;Otomotiv yan sanayi parcalari;kagit_karton;0.5333;0.7008;0.4643;0.6685;2024;False;synthetic;"config.SECTORS + config.SIZE_BANDS ile parametrize log-normal olcek; Beta dagilimli dis ticaret ve veri olgunlugu";SYN-GEN-01
SYN-FRM-000110;True;Antalya;ilac;C21;mikro;1-9;2001;Ilac ve tibbi urunler;plastik;0.383;0.3961;0.3769;0.3844;2026;False;synthetic;"config.SECTORS + config.SIZE_BANDS ile parametrize log-normal olcek; Beta dagilimli dis ticaret ve veri olgunlugu";SYN-GEN-01
SYN-FRM-000111;True;Istanbul;ilac;C21;buyuk;250-5000;2023;Ilac ve tibbi urunler;ahsap;0.2506;0.6573;0.99;0.2838;2024;False;synthetic;"config.SECTORS + config.SIZE_BANDS ile parametrize log-normal olcek; Beta dagilimli dis ticaret ve veri olgunlugu";SYN-GEN-01
SYN-FRM-000112;True;Manisa;kozmetik;C20.42;buyuk;250-5000;1990;Kozmetik ve kisisel bakim;cam;0.0614;0.576;0.8322;0.5773;2026;False;synthetic;"config.SECTORS + config.SIZE_BANDS ile parametrize log-normal olcek; Beta dagilimli dis ticaret ve veri olgunlugu";SYN-GEN-01
SYN-FRM-000113;True;Istanbul;elektronik;C26-C27;mikro;1-9;2024;Elektrikli ve elektronik esya;plastik;0.2798;0.5428;0.5092;0.4261;2025;False;synthetic;"config.SECTORS + config.SIZE_BANDS ile parametrize log-normal olcek; Beta dagilimli dis ticaret ve veri olgunlugu";SYN-GEN-01
SYN-FRM-000114;True;Izmir;gida_icecek;C10-C11;mikro;1-9;1997;Gida ve icecek urunleri;kagit_karton;0.3319;0.0638;0.5927;0.5689;2024;False;synthetic;"config.SECTORS + config.SIZE_BANDS ile parametrize log-normal olcek; Beta dagilimli dis ticaret ve veri olgunlugu";SYN-GEN-01
SYN-FRM-000115;True;Ankara;gida_icecek;C10-C11;kucuk;10-49;2000;Gida ve icecek urunleri;metal;0.3148;0.1524;0.5293;0.4702;2025;False;synthetic;"config.SECTORS + config.SIZE_BANDS ile parametrize log-normal olcek; Beta dagilimli dis ticaret ve veri olgunlugu";SYN-GEN-01
SYN-FRM-000116;True;Balikesir;elektronik;C26-C27;kucuk;10-49;2018;Elektrikli ve elektronik esya;kagit_karton;0.4121;0.7416;0.8013;0.2454;2026;False;synthetic;"config.SECTORS + config.SIZE_BANDS ile parametrize log-normal olcek; Beta dagilimli dis ticaret ve veri olgunlugu";SYN-GEN-01
SYN-FRM-000117;True;Adana;tekstil;C13-C14;mikro;1-9;2014;Tekstil ve hazir giyim;kagit_karton;0.4648;0.2675;0.3671;0.2214;2023;False;synthetic;"config.SECTORS + config.SIZE_BANDS ile parametrize log-normal olcek; Beta dagilimli dis ticaret ve veri olgunlugu";SYN-GEN-01
SYN-FRM-000118;True;Istanbul;ilac;C21;kucuk;10-49;2025;Ilac ve tibbi urunler;plastik;0.1984;0.2616;0.6875;0.7642;2021;False;synthetic;"config.SECTORS + config.SIZE_BANDS ile parametrize log-normal olcek; Beta dagilimli dis ticaret ve veri olgunlugu";SYN-GEN-01
SYN-FRM-000119;True;Kocaeli;elektronik;C26-C27;kucuk;10-49;2023;Elektrikli ve elektronik esya;kagit_karton;0.4954;0.7851;0.2283;0.2614;2026;False;synthetic;"config.SECTORS + config.SIZE_BANDS ile parametrize log-normal olcek; Beta dagilimli dis ticaret ve veri olgunlugu";SYN-GEN-01
SYN-FRM-000120;True;Gaziantep;kozmetik;C20.42;mikro;1-9;2013;Kozmetik ve kisisel bakim;plastik;0.543;0.4351;0.0907;0.3492;2026;False;synthetic;"config.SECTORS + config.SIZE_BANDS ile parametrize log-normal olcek; Beta dagilimli dis ticaret ve veri olgunlugu";SYN-GEN-01
SYN-FRM-000121;True;Samsun;tekstil;C13-C14;mikro;1-9;1992;Tekstil ve hazir giyim;plastik;0.5413;0.2605;0.147;0.4922;2026;False;synthetic;"config.SECTORS + config.SIZE_BANDS ile parametrize log-normal olcek; Beta dagilimli dis ticaret ve veri olgunlugu";SYN-GEN-01
SYN-FRM-000122;True;Istanbul;kozmetik;C20.42;kucuk;10-49;2023;Kozmetik ve kisisel bakim;kagit_karton;0.6119;0.2285;0.2898;0.4516;2021;False;synthetic;"config.SECTORS + config.SIZE_BANDS ile parametrize log-normal olcek; Beta dagilimli dis ticaret ve veri olgunlugu";SYN-GEN-01
SYN-FRM-000123;True;Ankara;kozmetik;C20.42;orta;50-249;2006;Kozmetik ve kisisel bakim;plastik;0.4252;0.3265;0.5815;0.5395;2024;False;synthetic;"config.SECTORS + config.SIZE_BANDS ile parametrize log-normal olcek; Beta dagilimli dis ticaret ve veri olgunlugu";SYN-GEN-01
SYN-FRM-000124;True;Izmir;kozmetik;C20.42;buyuk;250-5000;1997;Kozmetik ve kisisel bakim;cam;0.1694;0.312;0.477;0.2222;2026;False;synthetic;"config.SECTORS + config.SIZE_BANDS ile parametrize log-normal olcek; Beta dagilimli dis ticaret ve veri olgunlugu";SYN-GEN-01
SYN-FRM-000125;True;Tekirdag;otomotiv_yan_sanayi;C29.3;kucuk;10-49;1986;Otomotiv yan sanayi parcalari;ahsap;0.2828;0.5037;0.5812;0.5697;2025;False;synthetic;"config.SECTORS + config.SIZE_BANDS ile parametrize log-normal olcek; Beta dagilimli dis ticaret ve veri olgunlugu";SYN-GEN-01
SYN-FRM-000126;True;Kayseri;kimya_boya;C20.3;orta;50-249;1993;Kimyasal urunler ve boya;plastik;0.3666;0.4006;0.7302;0.4927;2023;False;synthetic;"config.SECTORS + config.SIZE_BANDS ile parametrize log-normal olcek; Beta dagilimli dis ticaret ve veri olgunlugu";SYN-GEN-01
SYN-FRM-000127;True;Bursa;ilac;C21;kucuk;10-49;2012;Ilac ve tibbi urunler;cam;0.6557;0.3213;0.1597;0.2257;2020;False;synthetic;"config.SECTORS + config.SIZE_BANDS ile parametrize log-normal olcek; Beta dagilimli dis ticaret ve veri olgunlugu";SYN-GEN-01
SYN-FRM-000128;True;Istanbul;gida_icecek;C10-C11;buyuk;250-5000;2003;Gida ve icecek urunleri;plastik;0.0528;0.1484;0.7432;0.6395;2020;False;synthetic;"config.SECTORS + config.SIZE_BANDS ile parametrize log-normal olcek; Beta dagilimli dis ticaret ve veri olgunlugu";SYN-GEN-01
SYN-FRM-000129;True;Sakarya;elektronik;C26-C27;mikro;1-9;2014;Elektrikli ve elektronik esya;plastik;0.1672;0.4096;0.5347;0.5819;2026;False;synthetic;"config.SECTORS + config.SIZE_BANDS ile parametrize log-normal olcek; Beta dagilimli dis ticaret ve veri olgunlugu";SYN-GEN-01
SYN-FRM-000130;True;Balikesir;otomotiv_yan_sanayi;C29.3;buyuk;250-5000;2003;Otomotiv yan sanayi parcalari;kagit_karton;0.7517;0.5338;0.678;0.5742;2024;False;synthetic;"config.SECTORS + config.SIZE_BANDS ile parametrize log-normal olcek; Beta dagilimli dis ticaret ve veri olgunlugu";SYN-GEN-01
SYN-FRM-000131;True;Kocaeli;gida_icecek;C10-C11;mikro;1-9;1987;Gida ve icecek urunleri;metal;0.2831;0.2537;0.351;0.0656;2026;False;synthetic;"config.SECTORS + config.SIZE_BANDS ile parametrize log-normal olcek; Beta dagilimli dis ticaret ve veri olgunlugu";SYN-GEN-01
SYN-FRM-000132;True;Adana;tekstil;C13-C14;mikro;1-9;2006;Tekstil ve hazir giyim;plastik;0.5741;0.1621;0.4328;0.2174;2020;False;synthetic;"config.SECTORS + config.SIZE_BANDS ile parametrize log-normal olcek; Beta dagilimli dis ticaret ve veri olgunlugu";SYN-GEN-01
SYN-FRM-000133;True;Izmir;kozmetik;C20.42;kucuk;10-49;2023;Kozmetik ve kisisel bakim;cam;0.5426;0.2415;0.8398;0.4807;2025;False;synthetic;"config.SECTORS + config.SIZE_BANDS ile parametrize log-normal olcek; Beta dagilimli dis ticaret ve veri olgunlugu";SYN-GEN-01
SYN-FRM-000134;True;Istanbul;gida_icecek;C10-C11;mikro;1-9;1997;Gida ve icecek urunleri;plastik;0.3365;0.0355;0.2113;0.2275;2024;False;synthetic;"config.SECTORS + config.SIZE_BANDS ile parametrize log-normal olcek; Beta dagilimli dis ticaret ve veri olgunlugu";SYN-GEN-01
SYN-FRM-000135;True;Istanbul;ilac;C21;mikro;1-9;2009;Ilac ve tibbi urunler;metal;0.098;0.1212;0.4311;0.6215;2025;False;synthetic;"config.SECTORS + config.SIZE_BANDS ile parametrize log-normal olcek; Beta dagilimli dis ticaret ve veri olgunlugu";SYN-GEN-01
SYN-FRM-000136;True;Kayseri;gida_icecek;C10-C11;kucuk;10-49;2025;Gida ve icecek urunleri;metal;0.0896;0.197;0.114;0.4348;2025;False;synthetic;"config.SECTORS + config.SIZE_BANDS ile parametrize log-normal olcek; Beta dagilimli dis ticaret ve veri olgunlugu";SYN-GEN-01
SYN-FRM-000137;True;Izmir;gida_icecek;C10-C11;orta;50-249;2018;Gida ve icecek urunleri;ahsap;0.494;0.0216;0.9612;0.4437;2024;False;synthetic;"config.SECTORS + config.SIZE_BANDS ile parametrize log-normal olcek; Beta dagilimli dis ticaret ve veri olgunlugu";SYN-GEN-01
SYN-FRM-000138;True;Mersin;gida_icecek;C10-C11;orta;50-249;2015;Gida ve icecek urunleri;metal;0.2272;0.0875;0.8297;0.7338;2020;False;synthetic;"config.SECTORS + config.SIZE_BANDS ile parametrize log-normal olcek; Beta dagilimli dis ticaret ve veri olgunlugu";SYN-GEN-01
SYN-FRM-000139;True;Izmir;kimya_boya;C20.3;orta;50-249;2000;Kimyasal urunler ve boya;metal;0.3116;0.214;0.5001;0.5185;2024;False;synthetic;"config.SECTORS + config.SIZE_BANDS ile parametrize log-normal olcek; Beta dagilimli dis ticaret ve veri olgunlugu";SYN-GEN-01
SYN-FRM-000140;True;Istanbul;ev_temizlik;C20.41;kucuk;10-49;2013;Ev temizlik urunleri;plastik;0.3136;0.0608;0.806;0.9546;2025;False;synthetic;"config.SECTORS + config.SIZE_BANDS ile parametrize log-normal olcek; Beta dagilimli dis ticaret ve veri olgunlugu";SYN-GEN-01
SYN-FRM-000141;True;Antalya;gida_icecek;C10-C11;kucuk;10-49;2014;Gida ve icecek urunleri;metal;0.121;0.1645;0.5262;0.3282;2025;False;synthetic;"config.SECTORS + config.SIZE_BANDS ile parametrize log-normal olcek; Beta dagilimli dis ticaret ve veri olgunlugu";SYN-GEN-01
SYN-FRM-000142;True;Istanbul;otomotiv_yan_sanayi;C29.3;kucuk;10-49;1991;Otomotiv yan sanayi parcalari;plastik;0.8149;0.5417;0.6216;0.0827;2019;False;synthetic;"config.SECTORS + config.SIZE_BANDS ile parametrize log-normal olcek; Beta dagilimli dis ticaret ve veri olgunlugu";SYN-GEN-01
SYN-FRM-000143;True;Tekirdag;gida_icecek;C10-C11;kucuk;10-49;2002;Gida ve icecek urunleri;metal;0.5186;0.0484;0.6412;0.2734;2025;False;synthetic;"config.SECTORS + config.SIZE_BANDS ile parametrize log-normal olcek; Beta dagilimli dis ticaret ve veri olgunlugu";SYN-GEN-01
SYN-FRM-000144;True;Bursa;ilac;C21;mikro;1-9;2001;Ilac ve tibbi urunler;metal;0.3266;0.4712;0.5401;0.7391;2026;False;synthetic;"config.SECTORS + config.SIZE_BANDS ile parametrize log-normal olcek; Beta dagilimli dis ticaret ve veri olgunlugu";SYN-GEN-01
SYN-FRM-000145;True;Ankara;gida_icecek;C10-C11;kucuk;10-49;1994;Gida ve icecek urunleri;plastik;0.0487;0.011;0.3171;0.3481;2025;False;synthetic;"config.SECTORS + config.SIZE_BANDS ile parametrize log-normal olcek; Beta dagilimli dis ticaret ve veri olgunlugu";SYN-GEN-01
SYN-FRM-000146;True;Sakarya;gida_icecek;C10-C11;orta;50-249;2013;Gida ve icecek urunleri;metal;0.4688;0.0802;0.5955;0.709;2024;False;synthetic;"config.SECTORS + config.SIZE_BANDS ile parametrize log-normal olcek; Beta dagilimli dis ticaret ve veri olgunlugu";SYN-GEN-01
SYN-FRM-000147;True;Istanbul;gida_icecek;C10-C11;mikro;1-9;2025;Gida ve icecek urunleri;kagit_karton;0.1844;0.0789;0.6003;0.806;2020;False;synthetic;"config.SECTORS + config.SIZE_BANDS ile parametrize log-normal olcek; Beta dagilimli dis ticaret ve veri olgunlugu";SYN-GEN-01
SYN-FRM-000148;True;Ankara;tekstil;C13-C14;orta;50-249;1987;Tekstil ve hazir giyim;kagit_karton;0.4392;0.3052;0.7459;0.668;2025;False;synthetic;"config.SECTORS + config.SIZE_BANDS ile parametrize log-normal olcek; Beta dagilimli dis ticaret ve veri olgunlugu";SYN-GEN-01
SYN-FRM-000149;True;Balikesir;tekstil;C13-C14;kucuk;10-49;2025;Tekstil ve hazir giyim;kagit_karton;0.8906;0.0611;0.2965;0.5281;2023;False;synthetic;"config.SECTORS + config.SIZE_BANDS ile parametrize log-normal olcek; Beta dagilimli dis ticaret ve veri olgunlugu";SYN-GEN-01
SYN-FRM-000150;True;Adana;gida_icecek;C10-C11;buyuk;250-5000;1988;Gida ve icecek urunleri;metal;0.2762;0.2059;0.9252;0.6697;2024;False;synthetic;"config.SECTORS + config.SIZE_BANDS ile parametrize log-normal olcek; Beta dagilimli dis ticaret ve veri olgunlugu";SYN-GEN-01
SYN-FRM-000151;True;Konya;kimya_boya;C20.3;buyuk;250-5000;2021;Kimyasal urunler ve boya;metal;0.4107;0.5941;0.9402;0.8382;2025;False;synthetic;"config.SECTORS + config.SIZE_BANDS ile parametrize log-normal olcek; Beta dagilimli dis ticaret ve veri olgunlugu";SYN-GEN-01
SYN-FRM-000152;True;Bursa;kozmetik;C20.42;mikro;1-9;2010;Gida ve icecek urunleri;metal;0.2377;0.3921;0.5828;0.1585;2025;True;synthetic;"config.SECTORS + config.SIZE_BANDS ile parametrize log-normal olcek; Beta dagilimli dis ticaret ve veri olgunlugu";SYN-GEN-01
SYN-FRM-000153;True;Samsun;gida_icecek;C10-C11;orta;50-249;1993;Gida ve icecek urunleri;kagit_karton;0.1962;0.3477;0.4675;0.3137;2021;False;synthetic;"config.SECTORS + config.SIZE_BANDS ile parametrize log-normal olcek; Beta dagilimli dis ticaret ve veri olgunlugu";SYN-GEN-01
SYN-FRM-000154;True;Mersin;kozmetik;C20.42;kucuk;10-49;1995;Kozmetik ve kisisel bakim;plastik;0.1824;0.0682;0.7357;0.9927;2026;False;synthetic;"config.SECTORS + config.SIZE_BANDS ile parametrize log-normal olcek; Beta dagilimli dis ticaret ve veri olgunlugu";SYN-GEN-01
SYN-FRM-000155;True;Kocaeli;elektronik;C26-C27;mikro;1-9;1992;Elektrikli ve elektronik esya;kagit_karton;0.5296;0.8215;0.6592;0.1721;2023;False;synthetic;"config.SECTORS + config.SIZE_BANDS ile parametrize log-normal olcek; Beta dagilimli dis ticaret ve veri olgunlugu";SYN-GEN-01
SYN-FRM-000156;True;Kayseri;kozmetik;C20.42;kucuk;10-49;1999;Kozmetik ve kisisel bakim;kagit_karton;0.2049;0.4155;0.6693;0.8607;2025;False;synthetic;"config.SECTORS + config.SIZE_BANDS ile parametrize log-normal olcek; Beta dagilimli dis ticaret ve veri olgunlugu";SYN-GEN-01
SYN-FRM-000157;True;Kayseri;gida_icecek;C10-C11;mikro;1-9;2019;Gida ve icecek urunleri;plastik;0.2088;0.0698;0.3946;0.5522;2023;False;synthetic;"config.SECTORS + config.SIZE_BANDS ile parametrize log-normal olcek; Beta dagilimli dis ticaret ve veri olgunlugu";SYN-GEN-01
SYN-FRM-000158;True;Kocaeli;gida_icecek;C10-C11;mikro;1-9;2012;Gida ve icecek urunleri;plastik;0.1581;0.233;0.252;0.4509;2021;False;synthetic;"config.SECTORS + config.SIZE_BANDS ile parametrize log-normal olcek; Beta dagilimli dis ticaret ve veri olgunlugu";SYN-GEN-01
SYN-FRM-000159;True;Ankara;kimya_boya;C20.3;kucuk;10-49;2017;Kimyasal urunler ve boya;plastik;0.5783;0.2976;0.6037;0.6618;2024;False;synthetic;"config.SECTORS + config.SIZE_BANDS ile parametrize log-normal olcek; Beta dagilimli dis ticaret ve veri olgunlugu";SYN-GEN-01
SYN-FRM-000160;True;Izmir;otomotiv_yan_sanayi;C29.3;kucuk;10-49;2007;Otomotiv yan sanayi parcalari;plastik;0.8336;0.5709;0.2253;0.5033;2025;False;synthetic;"config.SECTORS + config.SIZE_BANDS ile parametrize log-normal olcek; Beta dagilimli dis ticaret ve veri olgunlugu";SYN-GEN-01
SYN-FRM-000161;True;Bursa;gida_icecek;C10-C11;mikro;1-9;2024;Gida ve icecek urunleri;plastik;0.3908;0.3239;0.2768;0.4182;2025;False;synthetic;"config.SECTORS + config.SIZE_BANDS ile parametrize log-normal olcek; Beta dagilimli dis ticaret ve veri olgunlugu";SYN-GEN-01
SYN-FRM-000162;True;Konya;otomotiv_yan_sanayi;C29.3;kucuk;10-49;2017;Otomotiv yan sanayi parcalari;metal;0.6654;0.3767;0.1015;0.4894;2023;False;synthetic;"config.SECTORS + config.SIZE_BANDS ile parametrize log-normal olcek; Beta dagilimli dis ticaret ve veri olgunlugu";SYN-GEN-01
SYN-FRM-000163;True;Sakarya;otomotiv_yan_sanayi;C29.3;mikro;1-9;1989;Otomotiv yan sanayi parcalari;kagit_karton;0.6132;0.2306;0.6551;0.4589;2024;False;synthetic;"config.SECTORS + config.SIZE_BANDS ile parametrize log-normal olcek; Beta dagilimli dis ticaret ve veri olgunlugu";SYN-GEN-01
SYN-FRM-000164;True;Bursa;kozmetik;C20.42;mikro;1-9;2019;Kozmetik ve kisisel bakim;plastik;0.4214;0.4063;0.5567;0.1832;2026;False;synthetic;"config.SECTORS + config.SIZE_BANDS ile parametrize log-normal olcek; Beta dagilimli dis ticaret ve veri olgunlugu";SYN-GEN-01
SYN-FRM-000165;True;Bursa;gida_icecek;C10-C11;kucuk;10-49;2019;Gida ve icecek urunleri;plastik;0.124;0.2313;0.1362;0.5173;2026;False;synthetic;"config.SECTORS + config.SIZE_BANDS ile parametrize log-normal olcek; Beta dagilimli dis ticaret ve veri olgunlugu";SYN-GEN-01
SYN-FRM-000166;True;Eskisehir;gida_icecek;C10-C11;orta;50-249;1991;Gida ve icecek urunleri;plastik;0.329;0.4169;0.7815;0.7716;2026;False;synthetic;"config.SECTORS + config.SIZE_BANDS ile parametrize log-normal olcek; Beta dagilimli dis ticaret ve veri olgunlugu";SYN-GEN-01
SYN-FRM-000167;True;Kocaeli;tekstil;C13-C14;orta;50-249;1995;Tekstil ve hazir giyim;plastik;0.6753;0.3961;0.1071;0.1024;2024;False;synthetic;"config.SECTORS + config.SIZE_BANDS ile parametrize log-normal olcek; Beta dagilimli dis ticaret ve veri olgunlugu";SYN-GEN-01
SYN-FRM-000168;True;Samsun;ilac;C21;kucuk;10-49;2011;Ilac ve tibbi urunler;kompozit;0.3495;0.6969;0.2907;0.3671;2023;False;synthetic;"config.SECTORS + config.SIZE_BANDS ile parametrize log-normal olcek; Beta dagilimli dis ticaret ve veri olgunlugu";SYN-GEN-01
SYN-FRM-000169;True;Istanbul;kozmetik;C20.42;orta;50-249;2024;Kozmetik ve kisisel bakim;plastik;0.2916;0.0764;0.4466;0.4371;2024;False;synthetic;"config.SECTORS + config.SIZE_BANDS ile parametrize log-normal olcek; Beta dagilimli dis ticaret ve veri olgunlugu";SYN-GEN-01
SYN-FRM-000170;True;Gaziantep;gida_icecek;C10-C11;kucuk;10-49;1991;Gida ve icecek urunleri;plastik;0.1483;0.0884;0.6772;0.7129;2020;False;synthetic;"config.SECTORS + config.SIZE_BANDS ile parametrize log-normal olcek; Beta dagilimli dis ticaret ve veri olgunlugu";SYN-GEN-01
SYN-FRM-000171;True;Manisa;ilac;C21;kucuk;10-49;1996;Ilac ve tibbi urunler;kagit_karton;0.2858;0.8469;0.4581;0.6233;2023;False;synthetic;"config.SECTORS + config.SIZE_BANDS ile parametrize log-normal olcek; Beta dagilimli dis ticaret ve veri olgunlugu";SYN-GEN-01
SYN-FRM-000172;True;Gaziantep;kozmetik;C20.42;kucuk;10-49;2019;Kozmetik ve kisisel bakim;plastik;0.3502;0.2956;0.274;0.2454;2026;False;synthetic;"config.SECTORS + config.SIZE_BANDS ile parametrize log-normal olcek; Beta dagilimli dis ticaret ve veri olgunlugu";SYN-GEN-01
SYN-FRM-000173;True;Ankara;gida_icecek;C10-C11;mikro;1-9;2003;Gida ve icecek urunleri;plastik;0.3324;0.1527;0.5512;0.2584;2023;False;synthetic;"config.SECTORS + config.SIZE_BANDS ile parametrize log-normal olcek; Beta dagilimli dis ticaret ve veri olgunlugu";SYN-GEN-01
SYN-FRM-000174;True;Manisa;gida_icecek;C10-C11;mikro;1-9;1993;Gida ve icecek urunleri;ahsap;0.1432;0.0307;0.3698;0.3829;2024;False;synthetic;"config.SECTORS + config.SIZE_BANDS ile parametrize log-normal olcek; Beta dagilimli dis ticaret ve veri olgunlugu";SYN-GEN-01
SYN-FRM-000175;True;Istanbul;gida_icecek;C10-C11;mikro;1-9;2003;Gida ve icecek urunleri;plastik;0.1685;0.2594;0.4418;0.7632;2026;False;synthetic;"config.SECTORS + config.SIZE_BANDS ile parametrize log-normal olcek; Beta dagilimli dis ticaret ve veri olgunlugu";SYN-GEN-01
SYN-FRM-000176;True;Manisa;gida_icecek;C10-C11;kucuk;10-49;2006;Gida ve icecek urunleri;plastik;0.1997;0.0445;0.6905;0.856;2024;False;synthetic;"config.SECTORS + config.SIZE_BANDS ile parametrize log-normal olcek; Beta dagilimli dis ticaret ve veri olgunlugu";SYN-GEN-01
SYN-FRM-000177;True;Kocaeli;tekstil;C13-C14;mikro;1-9;1996;Tekstil ve hazir giyim;plastik;0.5304;0.11;0.4802;0.1775;2023;False;synthetic;"config.SECTORS + config.SIZE_BANDS ile parametrize log-normal olcek; Beta dagilimli dis ticaret ve veri olgunlugu";SYN-GEN-01
SYN-FRM-000178;True;Eskisehir;elektronik;C26-C27;kucuk;10-49;1991;Elektrikli ve elektronik esya;kompozit;0.3265;0.7284;0.4506;0.4177;2025;False;synthetic;"config.SECTORS + config.SIZE_BANDS ile parametrize log-normal olcek; Beta dagilimli dis ticaret ve veri olgunlugu";SYN-GEN-01
SYN-FRM-000179;True;Bursa;tekstil;C13-C14;orta;50-249;2007;Tekstil ve hazir giyim;kagit_karton;0.5894;0.1441;0.5991;0.3069;2021;False;synthetic;"config.SECTORS + config.SIZE_BANDS ile parametrize log-normal olcek; Beta dagilimli dis ticaret ve veri olgunlugu";SYN-GEN-01
SYN-FRM-000180;True;Istanbul;elektronik;C26-C27;orta;50-249;2009;Gida ve icecek urunleri;kagit_karton;0.1112;0.1805;0.757;0.7266;2023;True;synthetic;"config.SECTORS + config.SIZE_BANDS ile parametrize log-normal olcek; Beta dagilimli dis ticaret ve veri olgunlugu";SYN-GEN-01
SYN-FRM-000181;True;Izmir;ilac;C21;mikro;1-9;2014;Ilac ve tibbi urunler;kompozit;0.2207;0.3973;0.4582;0.4155;2025;False;synthetic;"config.SECTORS + config.SIZE_BANDS ile parametrize log-normal olcek; Beta dagilimli dis ticaret ve veri olgunlugu";SYN-GEN-01
SYN-FRM-000182;True;Ankara;kozmetik;C20.42;orta;50-249;2004;Kozmetik ve kisisel bakim;plastik;0.2461;0.2059;0.5219;0.2065;2025;False;synthetic;"config.SECTORS + config.SIZE_BANDS ile parametrize log-normal olcek; Beta dagilimli dis ticaret ve veri olgunlugu";SYN-GEN-01
SYN-FRM-000183;True;Bursa;ilac;C21;orta;50-249;2015;Ilac ve tibbi urunler;plastik;0.1866;0.5937;0.8542;0.2643;2024;False;synthetic;"config.SECTORS + config.SIZE_BANDS ile parametrize log-normal olcek; Beta dagilimli dis ticaret ve veri olgunlugu";SYN-GEN-01
SYN-FRM-000184;True;Balikesir;elektronik;C26-C27;mikro;1-9;2005;Elektrikli ve elektronik esya;kagit_karton;0.3444;0.5159;0.6541;0.5249;2026;False;synthetic;"config.SECTORS + config.SIZE_BANDS ile parametrize log-normal olcek; Beta dagilimli dis ticaret ve veri olgunlugu";SYN-GEN-01
SYN-FRM-000185;True;Konya;tekstil;C13-C14;kucuk;10-49;1985;Tekstil ve hazir giyim;kagit_karton;0.5818;0.2786;0.5414;0.2614;2025;False;synthetic;"config.SECTORS + config.SIZE_BANDS ile parametrize log-normal olcek; Beta dagilimli dis ticaret ve veri olgunlugu";SYN-GEN-01
SYN-FRM-000186;True;Mersin;otomotiv_yan_sanayi;C29.3;orta;50-249;1991;Otomotiv yan sanayi parcalari;kagit_karton;0.7977;0.4111;0.8428;0.1942;2026;False;synthetic;"config.SECTORS + config.SIZE_BANDS ile parametrize log-normal olcek; Beta dagilimli dis ticaret ve veri olgunlugu";SYN-GEN-01
SYN-FRM-000187;True;Kocaeli;otomotiv_yan_sanayi;C29.3;orta;50-249;2021;Otomotiv yan sanayi parcalari;kagit_karton;0.9353;0.1817;0.6275;0.5689;2021;False;synthetic;"config.SECTORS + config.SIZE_BANDS ile parametrize log-normal olcek; Beta dagilimli dis ticaret ve veri olgunlugu";SYN-GEN-01
SYN-FRM-000188;True;Ankara;otomotiv_yan_sanayi;C29.3;mikro;1-9;1998;Otomotiv yan sanayi parcalari;kagit_karton;0.4537;0.5536;0.2166;0.5149;2024;False;synthetic;"config.SECTORS + config.SIZE_BANDS ile parametrize log-normal olcek; Beta dagilimli dis ticaret ve veri olgunlugu";SYN-GEN-01
SYN-FRM-000189;True;Istanbul;otomotiv_yan_sanayi;C29.3;mikro;1-9;2009;Otomotiv yan sanayi parcalari;kagit_karton;0.8333;0.6009;0.3421;0.4757;2025;False;synthetic;"config.SECTORS + config.SIZE_BANDS ile parametrize log-normal olcek; Beta dagilimli dis ticaret ve veri olgunlugu";SYN-GEN-01
SYN-FRM-000190;True;Konya;ev_temizlik;C20.41;mikro;1-9;1999;Ev temizlik urunleri;metal;0.0803;0.1711;0.3789;0.4965;2024;False;synthetic;"config.SECTORS + config.SIZE_BANDS ile parametrize log-normal olcek; Beta dagilimli dis ticaret ve veri olgunlugu";SYN-GEN-01
SYN-FRM-000191;True;Istanbul;elektronik;C26-C27;mikro;1-9;2014;Elektrikli ve elektronik esya;kompozit;0.5153;0.5154;0.4232;0.5657;2024;False;synthetic;"config.SECTORS + config.SIZE_BANDS ile parametrize log-normal olcek; Beta dagilimli dis ticaret ve veri olgunlugu";SYN-GEN-01
SYN-FRM-000192;True;Izmir;elektronik;C26-C27;kucuk;10-49;2007;Kozmetik ve kisisel bakim;kompozit;0.3919;0.203;0.5136;0.5887;2024;True;synthetic;"config.SECTORS + config.SIZE_BANDS ile parametrize log-normal olcek; Beta dagilimli dis ticaret ve veri olgunlugu";SYN-GEN-01
SYN-FRM-000193;True;Gaziantep;tekstil;C13-C14;mikro;1-9;2018;Tekstil ve hazir giyim;kagit_karton;0.6996;0.1856;0.548;0.5812;2023;False;synthetic;"config.SECTORS + config.SIZE_BANDS ile parametrize log-normal olcek; Beta dagilimli dis ticaret ve veri olgunlugu";SYN-GEN-01
SYN-FRM-000194;True;Kocaeli;gida_icecek;C10-C11;orta;50-249;2007;Gida ve icecek urunleri;metal;0.1285;0.3607;0.7706;0.4242;2023;False;synthetic;"config.SECTORS + config.SIZE_BANDS ile parametrize log-normal olcek; Beta dagilimli dis ticaret ve veri olgunlugu";SYN-GEN-01
SYN-FRM-000195;True;Kocaeli;gida_icecek;C10-C11;kucuk;10-49;2011;Gida ve icecek urunleri;kagit_karton;0.0865;0.1237;0.3633;0.6145;2024;False;synthetic;"config.SECTORS + config.SIZE_BANDS ile parametrize log-normal olcek; Beta dagilimli dis ticaret ve veri olgunlugu";SYN-GEN-01
SYN-FRM-000196;True;Bursa;gida_icecek;C10-C11;mikro;1-9;2021;Gida ve icecek urunleri;plastik;0.6212;0.0395;0.02;0.1567;2026;False;synthetic;"config.SECTORS + config.SIZE_BANDS ile parametrize log-normal olcek; Beta dagilimli dis ticaret ve veri olgunlugu";SYN-GEN-01
SYN-FRM-000197;True;Ankara;elektronik;C26-C27;kucuk;10-49;1992;Elektrikli ve elektronik esya;ahsap;0.6388;0.4789;0.6517;0.2551;2026;False;synthetic;"config.SECTORS + config.SIZE_BANDS ile parametrize log-normal olcek; Beta dagilimli dis ticaret ve veri olgunlugu";SYN-GEN-01
SYN-FRM-000198;True;Mersin;ev_temizlik;C20.41;buyuk;250-5000;2016;Ev temizlik urunleri;cam;0.0594;0.4439;0.6765;0.6425;2026;False;synthetic;"config.SECTORS + config.SIZE_BANDS ile parametrize log-normal olcek; Beta dagilimli dis ticaret ve veri olgunlugu";SYN-GEN-01
SYN-FRM-000199;True;Kayseri;kimya_boya;C20.3;kucuk;10-49;2022;Gida ve icecek urunleri;kompozit;0.2423;0.4918;0.4885;0.255;2023;True;synthetic;"config.SECTORS + config.SIZE_BANDS ile parametrize log-normal olcek; Beta dagilimli dis ticaret ve veri olgunlugu";SYN-GEN-01
SYN-FRM-000200;True;Bursa;kimya_boya;C20.3;kucuk;10-49;2000;Kimyasal urunler ve boya;plastik;0.4752;0.7205;0.3816;0.5946;2025;False;synthetic;"config.SECTORS + config.SIZE_BANDS ile parametrize log-normal olcek; Beta dagilimli dis ticaret ve veri olgunlugu";SYN-GEN-01
SYN-FRM-000201;True;Samsun;kozmetik;C20.42;buyuk;250-5000;2000;Kozmetik ve kisisel bakim;plastik;0.5662;0.2411;0.6127;0.7726;2026;False;synthetic;"config.SECTORS + config.SIZE_BANDS ile parametrize log-normal olcek; Beta dagilimli dis ticaret ve veri olgunlugu";SYN-GEN-01
SYN-FRM-000202;True;Adana;kimya_boya;C20.3;kucuk;10-49;2021;Kimyasal urunler ve boya;kagit_karton;0.439;0.2025;0.7659;0.129;2020;False;synthetic;"config.SECTORS + config.SIZE_BANDS ile parametrize log-normal olcek; Beta dagilimli dis ticaret ve veri olgunlugu";SYN-GEN-01
SYN-FRM-000203;True;Istanbul;kimya_boya;C20.3;orta;50-249;2018;Kimyasal urunler ve boya;metal;0.535;0.5051;0.7993;0.6708;2023;False;synthetic;"config.SECTORS + config.SIZE_BANDS ile parametrize log-normal olcek; Beta dagilimli dis ticaret ve veri olgunlugu";SYN-GEN-01
SYN-FRM-000204;True;Balikesir;gida_icecek;C10-C11;orta;50-249;1993;Gida ve icecek urunleri;plastik;0.4742;0.1725;0.9497;0.9765;2026;False;synthetic;"config.SECTORS + config.SIZE_BANDS ile parametrize log-normal olcek; Beta dagilimli dis ticaret ve veri olgunlugu";SYN-GEN-01
SYN-FRM-000205;True;Kocaeli;gida_icecek;C10-C11;mikro;1-9;2012;Gida ve icecek urunleri;cam;0.1465;0.5484;0.6912;0.7888;2020;False;synthetic;"config.SECTORS + config.SIZE_BANDS ile parametrize log-normal olcek; Beta dagilimli dis ticaret ve veri olgunlugu";SYN-GEN-01
SYN-FRM-000206;True;Izmir;gida_icecek;C10-C11;mikro;1-9;1988;Gida ve icecek urunleri;kompozit;0.0546;0.1961;0.4973;0.6834;2021;False;synthetic;"config.SECTORS + config.SIZE_BANDS ile parametrize log-normal olcek; Beta dagilimli dis ticaret ve veri olgunlugu";SYN-GEN-01
SYN-FRM-000207;True;Tekirdag;ev_temizlik;C20.41;mikro;1-9;1992;Ev temizlik urunleri;plastik;0.5332;0.2332;0.1682;0.3483;2026;False;synthetic;"config.SECTORS + config.SIZE_BANDS ile parametrize log-normal olcek; Beta dagilimli dis ticaret ve veri olgunlugu";SYN-GEN-01
SYN-FRM-000208;True;Gaziantep;kozmetik;C20.42;buyuk;250-5000;2024;Kozmetik ve kisisel bakim;kagit_karton;0.8479;0.6267;0.6621;0.3779;2023;False;synthetic;"config.SECTORS + config.SIZE_BANDS ile parametrize log-normal olcek; Beta dagilimli dis ticaret ve veri olgunlugu";SYN-GEN-01
SYN-FRM-000209;True;Istanbul;tekstil;C13-C14;kucuk;10-49;2023;Tekstil ve hazir giyim;plastik;0.866;0.0433;0.2344;0.2496;2023;False;synthetic;"config.SECTORS + config.SIZE_BANDS ile parametrize log-normal olcek; Beta dagilimli dis ticaret ve veri olgunlugu";SYN-GEN-01
SYN-FRM-000210;True;Istanbul;elektronik;C26-C27;kucuk;10-49;2010;Elektrikli ve elektronik esya;kagit_karton;0.4834;0.464;0.6788;0.3806;2020;False;synthetic;"config.SECTORS + config.SIZE_BANDS ile parametrize log-normal olcek; Beta dagilimli dis ticaret ve veri olgunlugu";SYN-GEN-01
SYN-FRM-000211;True;Manisa;otomotiv_yan_sanayi;C29.3;orta;50-249;2010;Otomotiv yan sanayi parcalari;metal;0.7826;0.4918;0.7091;0.2766;2023;False;synthetic;"config.SECTORS + config.SIZE_BANDS ile parametrize log-normal olcek; Beta dagilimli dis ticaret ve veri olgunlugu";SYN-GEN-01
SYN-FRM-000212;True;Istanbul;tekstil;C13-C14;kucuk;10-49;2015;Tekstil ve hazir giyim;kagit_karton;0.7697;0.3697;0.5366;0.5721;2024;False;synthetic;"config.SECTORS + config.SIZE_BANDS ile parametrize log-normal olcek; Beta dagilimli dis ticaret ve veri olgunlugu";SYN-GEN-01
SYN-FRM-000213;True;Balikesir;tekstil;C13-C14;kucuk;10-49;2001;Tekstil ve hazir giyim;plastik;0.5579;0.2576;0.1422;0.442;2026;False;synthetic;"config.SECTORS + config.SIZE_BANDS ile parametrize log-normal olcek; Beta dagilimli dis ticaret ve veri olgunlugu";SYN-GEN-01
SYN-FRM-000214;True;Istanbul;gida_icecek;C10-C11;orta;50-249;1995;Gida ve icecek urunleri;plastik;0.2819;0.1207;0.6099;0.5463;2020;False;synthetic;"config.SECTORS + config.SIZE_BANDS ile parametrize log-normal olcek; Beta dagilimli dis ticaret ve veri olgunlugu";SYN-GEN-01
SYN-FRM-000215;True;Kayseri;gida_icecek;C10-C11;orta;50-249;1987;Gida ve icecek urunleri;metal;0.3361;0.0907;0.5585;0.7803;2024;False;synthetic;"config.SECTORS + config.SIZE_BANDS ile parametrize log-normal olcek; Beta dagilimli dis ticaret ve veri olgunlugu";SYN-GEN-01
SYN-FRM-000216;True;Ankara;kozmetik;C20.42;orta;50-249;1996;Kozmetik ve kisisel bakim;plastik;0.2697;0.1011;0.6236;0.4249;2024;False;synthetic;"config.SECTORS + config.SIZE_BANDS ile parametrize log-normal olcek; Beta dagilimli dis ticaret ve veri olgunlugu";SYN-GEN-01
SYN-FRM-000217;True;Izmir;ilac;C21;mikro;1-9;2009;Ilac ve tibbi urunler;kagit_karton;0.0805;0.2269;0.187;0.4108;2024;False;synthetic;"config.SECTORS + config.SIZE_BANDS ile parametrize log-normal olcek; Beta dagilimli dis ticaret ve veri olgunlugu";SYN-GEN-01
SYN-FRM-000218;True;Ankara;elektronik;C26-C27;kucuk;10-49;2012;Elektrikli ve elektronik esya;kagit_karton;0.5357;0.3018;0.8084;0.6365;2024;False;synthetic;"config.SECTORS + config.SIZE_BANDS ile parametrize log-normal olcek; Beta dagilimli dis ticaret ve veri olgunlugu";SYN-GEN-01
SYN-FRM-000219;True;Ankara;gida_icecek;C10-C11;orta;50-249;1992;Gida ve icecek urunleri;plastik;0.1159;0.0086;0.6886;0.8566;2023;False;synthetic;"config.SECTORS + config.SIZE_BANDS ile parametrize log-normal olcek; Beta dagilimli dis ticaret ve veri olgunlugu";SYN-GEN-01
SYN-FRM-000220;True;Konya;ev_temizlik;C20.41;kucuk;10-49;2010;Ev temizlik urunleri;kompozit;0.3016;0.0485;0.519;0.4919;2019;False;synthetic;"config.SECTORS + config.SIZE_BANDS ile parametrize log-normal olcek; Beta dagilimli dis ticaret ve veri olgunlugu";SYN-GEN-01
SYN-FRM-000221;True;Istanbul;gida_icecek;C10-C11;mikro;1-9;2006;Gida ve icecek urunleri;cam;0.1706;0.0481;0.0949;0.4575;2024;False;synthetic;"config.SECTORS + config.SIZE_BANDS ile parametrize log-normal olcek; Beta dagilimli dis ticaret ve veri olgunlugu";SYN-GEN-01
SYN-FRM-000222;True;Konya;kozmetik;C20.42;mikro;1-9;2009;Kozmetik ve kisisel bakim;plastik;0.1044;0.133;0.4456;0.6872;2024;False;synthetic;"config.SECTORS + config.SIZE_BANDS ile parametrize log-normal olcek; Beta dagilimli dis ticaret ve veri olgunlugu";SYN-GEN-01
SYN-FRM-000223;True;Sakarya;gida_icecek;C10-C11;orta;50-249;2015;Gida ve icecek urunleri;kagit_karton;0.3361;0.2045;0.8088;0.7089;2026;False;synthetic;"config.SECTORS + config.SIZE_BANDS ile parametrize log-normal olcek; Beta dagilimli dis ticaret ve veri olgunlugu";SYN-GEN-01
SYN-FRM-000224;True;Ankara;tekstil;C13-C14;mikro;1-9;2010;Tekstil ve hazir giyim;ahsap;0.706;0.0785;0.146;0.1918;2026;False;synthetic;"config.SECTORS + config.SIZE_BANDS ile parametrize log-normal olcek; Beta dagilimli dis ticaret ve veri olgunlugu";SYN-GEN-01
SYN-FRM-000225;True;Hatay;tekstil;C13-C14;kucuk;10-49;1999;Tekstil ve hazir giyim;plastik;0.7207;0.1113;0.4326;0.1356;2026;False;synthetic;"config.SECTORS + config.SIZE_BANDS ile parametrize log-normal olcek; Beta dagilimli dis ticaret ve veri olgunlugu";SYN-GEN-01
SYN-FRM-000226;True;Bursa;kimya_boya;C20.3;mikro;1-9;2010;Kimyasal urunler ve boya;kagit_karton;0.4542;0.3928;0.5155;0.3819;2026;False;synthetic;"config.SECTORS + config.SIZE_BANDS ile parametrize log-normal olcek; Beta dagilimli dis ticaret ve veri olgunlugu";SYN-GEN-01
SYN-FRM-000227;True;Konya;ev_temizlik;C20.41;kucuk;10-49;2011;Ev temizlik urunleri;kagit_karton;0.1997;0.1169;0.7543;0.2432;2019;False;synthetic;"config.SECTORS + config.SIZE_BANDS ile parametrize log-normal olcek; Beta dagilimli dis ticaret ve veri olgunlugu";SYN-GEN-01
SYN-FRM-000228;True;Istanbul;kimya_boya;C20.3;kucuk;10-49;2016;Kimyasal urunler ve boya;plastik;0.7353;0.4003;0.562;0.5558;2026;False;synthetic;"config.SECTORS + config.SIZE_BANDS ile parametrize log-normal olcek; Beta dagilimli dis ticaret ve veri olgunlugu";SYN-GEN-01
SYN-FRM-000229;True;Tekirdag;elektronik;C26-C27;mikro;1-9;1996;Elektrikli ve elektronik esya;kagit_karton;0.7059;0.5933;0.4115;0.435;2023;False;synthetic;"config.SECTORS + config.SIZE_BANDS ile parametrize log-normal olcek; Beta dagilimli dis ticaret ve veri olgunlugu";SYN-GEN-01
SYN-FRM-000230;True;Istanbul;kozmetik;C20.42;kucuk;10-49;2012;Kozmetik ve kisisel bakim;plastik;0.4002;0.1779;0.5407;0.3966;2024;False;synthetic;"config.SECTORS + config.SIZE_BANDS ile parametrize log-normal olcek; Beta dagilimli dis ticaret ve veri olgunlugu";SYN-GEN-01
SYN-FRM-000231;True;Ankara;ilac;C21;mikro;1-9;1993;Ilac ve tibbi urunler;kagit_karton;0.0527;0.5997;0.4753;0.308;2024;False;synthetic;"config.SECTORS + config.SIZE_BANDS ile parametrize log-normal olcek; Beta dagilimli dis ticaret ve veri olgunlugu";SYN-GEN-01
SYN-FRM-000232;True;Corum;ev_temizlik;C20.41;mikro;1-9;2003;Ev temizlik urunleri;plastik;0.2123;0.1034;0.0338;0.3763;2024;False;synthetic;"config.SECTORS + config.SIZE_BANDS ile parametrize log-normal olcek; Beta dagilimli dis ticaret ve veri olgunlugu";SYN-GEN-01
SYN-FRM-000233;True;Antalya;kimya_boya;C20.3;mikro;1-9;1995;Kimyasal urunler ve boya;cam;0.3666;0.4508;0.5543;0.7287;2026;False;synthetic;"config.SECTORS + config.SIZE_BANDS ile parametrize log-normal olcek; Beta dagilimli dis ticaret ve veri olgunlugu";SYN-GEN-01
SYN-FRM-000234;True;Izmir;gida_icecek;C10-C11;kucuk;10-49;1994;Gida ve icecek urunleri;metal;0.1486;0.13;0.5905;0.4299;2024;False;synthetic;"config.SECTORS + config.SIZE_BANDS ile parametrize log-normal olcek; Beta dagilimli dis ticaret ve veri olgunlugu";SYN-GEN-01
SYN-FRM-000235;True;Manisa;otomotiv_yan_sanayi;C29.3;orta;50-249;2003;Otomotiv yan sanayi parcalari;plastik;0.6754;0.7256;0.4492;0.4086;2026;False;synthetic;"config.SECTORS + config.SIZE_BANDS ile parametrize log-normal olcek; Beta dagilimli dis ticaret ve veri olgunlugu";SYN-GEN-01
SYN-FRM-000236;True;Bursa;kozmetik;C20.42;kucuk;10-49;2016;Kozmetik ve kisisel bakim;kagit_karton;0.6451;0.3163;0.382;0.4702;2023;False;synthetic;"config.SECTORS + config.SIZE_BANDS ile parametrize log-normal olcek; Beta dagilimli dis ticaret ve veri olgunlugu";SYN-GEN-01
SYN-FRM-000237;True;Istanbul;ev_temizlik;C20.41;buyuk;250-5000;1987;Ev temizlik urunleri;plastik;0.4241;0.0484;0.6383;0.6095;2025;False;synthetic;"config.SECTORS + config.SIZE_BANDS ile parametrize log-normal olcek; Beta dagilimli dis ticaret ve veri olgunlugu";SYN-GEN-01
SYN-FRM-000238;True;Adana;otomotiv_yan_sanayi;C29.3;kucuk;10-49;2002;Otomotiv yan sanayi parcalari;kompozit;0.8066;0.1636;0.6468;0.6277;2023;False;synthetic;"config.SECTORS + config.SIZE_BANDS ile parametrize log-normal olcek; Beta dagilimli dis ticaret ve veri olgunlugu";SYN-GEN-01
SYN-FRM-000239;True;Adana;kozmetik;C20.42;kucuk;10-49;2006;Kozmetik ve kisisel bakim;plastik;0.5706;0.3826;0.214;0.473;2023;False;synthetic;"config.SECTORS + config.SIZE_BANDS ile parametrize log-normal olcek; Beta dagilimli dis ticaret ve veri olgunlugu";SYN-GEN-01
SYN-FRM-000240;True;Ankara;gida_icecek;C10-C11;kucuk;10-49;1991;Gida ve icecek urunleri;plastik;0.1426;0.1015;0.4724;0.3349;2024;False;synthetic;"config.SECTORS + config.SIZE_BANDS ile parametrize log-normal olcek; Beta dagilimli dis ticaret ve veri olgunlugu";SYN-GEN-01
SYN-FRM-000241;True;Bursa;gida_icecek;C10-C11;mikro;1-9;1991;Gida ve icecek urunleri;plastik;0.077;0.2617;0.1316;0.3517;2023;False;synthetic;"config.SECTORS + config.SIZE_BANDS ile parametrize log-normal olcek; Beta dagilimli dis ticaret ve veri olgunlugu";SYN-GEN-01
SYN-FRM-000242;True;Istanbul;tekstil;C13-C14;mikro;1-9;1987;Tekstil ve hazir giyim;plastik;0.5107;0.1938;0.5996;0.3111;2024;False;synthetic;"config.SECTORS + config.SIZE_BANDS ile parametrize log-normal olcek; Beta dagilimli dis ticaret ve veri olgunlugu";SYN-GEN-01
SYN-FRM-000243;True;Istanbul;ilac;C21;mikro;1-9;1986;Gida ve icecek urunleri;kompozit;0.3678;0.1884;0.4984;0.3883;2024;True;synthetic;"config.SECTORS + config.SIZE_BANDS ile parametrize log-normal olcek; Beta dagilimli dis ticaret ve veri olgunlugu";SYN-GEN-01
SYN-FRM-000244;True;Adana;gida_icecek;C10-C11;orta;50-249;1998;Gida ve icecek urunleri;plastik;0.2342;0.0823;0.5634;0.6629;2025;False;synthetic;"config.SECTORS + config.SIZE_BANDS ile parametrize log-normal olcek; Beta dagilimli dis ticaret ve veri olgunlugu";SYN-GEN-01
SYN-FRM-000245;True;Izmir;gida_icecek;C10-C11;mikro;1-9;2011;Gida ve icecek urunleri;metal;0.0581;0.1069;0.4793;0.1101;2026;False;synthetic;"config.SECTORS + config.SIZE_BANDS ile parametrize log-normal olcek; Beta dagilimli dis ticaret ve veri olgunlugu";SYN-GEN-01
SYN-FRM-000246;True;Izmir;gida_icecek;C10-C11;mikro;1-9;2004;Gida ve icecek urunleri;plastik;0.4063;0.1663;0.5166;0.2428;2024;False;synthetic;"config.SECTORS + config.SIZE_BANDS ile parametrize log-normal olcek; Beta dagilimli dis ticaret ve veri olgunlugu";SYN-GEN-01
SYN-FRM-000247;True;Ankara;gida_icecek;C10-C11;kucuk;10-49;1985;Gida ve icecek urunleri;kompozit;0.1242;0.1714;0.5116;0.0987;2023;False;synthetic;"config.SECTORS + config.SIZE_BANDS ile parametrize log-normal olcek; Beta dagilimli dis ticaret ve veri olgunlugu";SYN-GEN-01
SYN-FRM-000248;True;Ankara;ev_temizlik;C20.41;orta;50-249;1989;Ev temizlik urunleri;plastik;0.1838;0.0456;0.5536;0.2184;2019;False;synthetic;"config.SECTORS + config.SIZE_BANDS ile parametrize log-normal olcek; Beta dagilimli dis ticaret ve veri olgunlugu";SYN-GEN-01
SYN-FRM-000249;True;Ankara;ilac;C21;kucuk;10-49;1999;Ilac ve tibbi urunler;cam;0.1653;0.3726;0.139;0.3632;2023;False;synthetic;"config.SECTORS + config.SIZE_BANDS ile parametrize log-normal olcek; Beta dagilimli dis ticaret ve veri olgunlugu";SYN-GEN-01
SYN-FRM-000250;True;Konya;kozmetik;C20.42;mikro;1-9;2006;Kozmetik ve kisisel bakim;kagit_karton;0.0782;0.2787;0.02;0.3294;2019;False;synthetic;"config.SECTORS + config.SIZE_BANDS ile parametrize log-normal olcek; Beta dagilimli dis ticaret ve veri olgunlugu";SYN-GEN-01
SYN-FRM-000251;True;Istanbul;tekstil;C13-C14;orta;50-249;1986;Tekstil ve hazir giyim;metal;0.7177;0.294;0.5954;0.4561;2019;False;synthetic;"config.SECTORS + config.SIZE_BANDS ile parametrize log-normal olcek; Beta dagilimli dis ticaret ve veri olgunlugu";SYN-GEN-01
SYN-FRM-000252;True;Kocaeli;kozmetik;C20.42;kucuk;10-49;2008;Kozmetik ve kisisel bakim;kagit_karton;0.1121;0.4654;0.1161;0.2198;2023;False;synthetic;"config.SECTORS + config.SIZE_BANDS ile parametrize log-normal olcek; Beta dagilimli dis ticaret ve veri olgunlugu";SYN-GEN-01
SYN-FRM-000253;True;Ankara;tekstil;C13-C14;buyuk;250-5000;1985;Tekstil ve hazir giyim;kagit_karton;0.6425;0.0988;0.99;1.0;2021;False;synthetic;"config.SECTORS + config.SIZE_BANDS ile parametrize log-normal olcek; Beta dagilimli dis ticaret ve veri olgunlugu";SYN-GEN-01
SYN-FRM-000254;True;Sakarya;ilac;C21;mikro;1-9;1988;Ilac ve tibbi urunler;plastik;0.1734;0.2634;0.1294;0.4639;2026;False;synthetic;"config.SECTORS + config.SIZE_BANDS ile parametrize log-normal olcek; Beta dagilimli dis ticaret ve veri olgunlugu";SYN-GEN-01
SYN-FRM-000255;True;Tekirdag;tekstil;C13-C14;kucuk;10-49;1995;Tekstil ve hazir giyim;kagit_karton;0.5694;0.3424;0.249;0.4056;2024;False;synthetic;"config.SECTORS + config.SIZE_BANDS ile parametrize log-normal olcek; Beta dagilimli dis ticaret ve veri olgunlugu";SYN-GEN-01
SYN-FRM-000256;True;Denizli;gida_icecek;C10-C11;mikro;1-9;1993;Gida ve icecek urunleri;cam;0.3048;0.1603;0.3066;0.4501;2021;False;synthetic;"config.SECTORS + config.SIZE_BANDS ile parametrize log-normal olcek; Beta dagilimli dis ticaret ve veri olgunlugu";SYN-GEN-01
SYN-FRM-000257;True;Istanbul;tekstil;C13-C14;kucuk;10-49;1997;Tekstil ve hazir giyim;kagit_karton;0.4179;0.4229;0.6574;0.4239;2025;False;synthetic;"config.SECTORS + config.SIZE_BANDS ile parametrize log-normal olcek; Beta dagilimli dis ticaret ve veri olgunlugu";SYN-GEN-01
SYN-FRM-000258;True;Mersin;gida_icecek;C10-C11;orta;50-249;2016;Gida ve icecek urunleri;metal;0.5221;0.1339;0.875;0.2683;2026;False;synthetic;"config.SECTORS + config.SIZE_BANDS ile parametrize log-normal olcek; Beta dagilimli dis ticaret ve veri olgunlugu";SYN-GEN-01
SYN-FRM-000259;True;Kayseri;gida_icecek;C10-C11;orta;50-249;1985;Gida ve icecek urunleri;cam;0.37;0.0538;0.9106;0.5601;2024;False;synthetic;"config.SECTORS + config.SIZE_BANDS ile parametrize log-normal olcek; Beta dagilimli dis ticaret ve veri olgunlugu";SYN-GEN-01
SYN-FRM-000260;True;Ankara;tekstil;C13-C14;kucuk;10-49;1993;Tekstil ve hazir giyim;ahsap;0.4949;0.5028;0.3322;0.6137;2026;False;synthetic;"config.SECTORS + config.SIZE_BANDS ile parametrize log-normal olcek; Beta dagilimli dis ticaret ve veri olgunlugu";SYN-GEN-01
SYN-FRM-000261;True;Izmir;otomotiv_yan_sanayi;C29.3;orta;50-249;2019;Otomotiv yan sanayi parcalari;ahsap;0.2819;0.1934;0.7249;0.6423;2024;False;synthetic;"config.SECTORS + config.SIZE_BANDS ile parametrize log-normal olcek; Beta dagilimli dis ticaret ve veri olgunlugu";SYN-GEN-01
SYN-FRM-000262;True;Konya;otomotiv_yan_sanayi;C29.3;kucuk;10-49;2015;Otomotiv yan sanayi parcalari;kagit_karton;0.6101;0.5389;0.0738;0.3744;2024;False;synthetic;"config.SECTORS + config.SIZE_BANDS ile parametrize log-normal olcek; Beta dagilimli dis ticaret ve veri olgunlugu";SYN-GEN-01
SYN-FRM-000263;True;Kocaeli;elektronik;C26-C27;buyuk;250-5000;2003;Elektrikli ve elektronik esya;kagit_karton;0.4089;0.4453;0.7801;0.5747;2024;False;synthetic;"config.SECTORS + config.SIZE_BANDS ile parametrize log-normal olcek; Beta dagilimli dis ticaret ve veri olgunlugu";SYN-GEN-01
SYN-FRM-000264;True;Eskisehir;gida_icecek;C10-C11;kucuk;10-49;2006;Gida ve icecek urunleri;plastik;0.0603;0.1057;0.3062;0.1724;2026;False;synthetic;"config.SECTORS + config.SIZE_BANDS ile parametrize log-normal olcek; Beta dagilimli dis ticaret ve veri olgunlugu";SYN-GEN-01
SYN-FRM-000265;True;Ankara;kimya_boya;C20.3;mikro;1-9;2006;Kimyasal urunler ve boya;kagit_karton;0.358;0.3243;0.351;0.3648;2025;False;synthetic;"config.SECTORS + config.SIZE_BANDS ile parametrize log-normal olcek; Beta dagilimli dis ticaret ve veri olgunlugu";SYN-GEN-01
SYN-FRM-000266;True;Istanbul;ev_temizlik;C20.41;mikro;1-9;1995;Ev temizlik urunleri;plastik;0.1341;0.1578;0.3376;0.5528;2019;False;synthetic;"config.SECTORS + config.SIZE_BANDS ile parametrize log-normal olcek; Beta dagilimli dis ticaret ve veri olgunlugu";SYN-GEN-01
SYN-FRM-000267;True;Istanbul;ev_temizlik;C20.41;mikro;1-9;2004;Ev temizlik urunleri;plastik;0.2803;0.0858;0.2823;0.382;2025;False;synthetic;"config.SECTORS + config.SIZE_BANDS ile parametrize log-normal olcek; Beta dagilimli dis ticaret ve veri olgunlugu";SYN-GEN-01
SYN-FRM-000268;True;Istanbul;gida_icecek;C10-C11;kucuk;10-49;2013;Gida ve icecek urunleri;plastik;0.2884;0.2997;0.1791;0.3389;2023;False;synthetic;"config.SECTORS + config.SIZE_BANDS ile parametrize log-normal olcek; Beta dagilimli dis ticaret ve veri olgunlugu";SYN-GEN-01
SYN-FRM-000269;True;Istanbul;elektronik;C26-C27;kucuk;10-49;1987;Elektrikli ve elektronik esya;plastik;0.2833;0.5931;0.5083;0.7636;2023;False;synthetic;"config.SECTORS + config.SIZE_BANDS ile parametrize log-normal olcek; Beta dagilimli dis ticaret ve veri olgunlugu";SYN-GEN-01
SYN-FRM-000270;True;Adana;kozmetik;C20.42;orta;50-249;2003;Kozmetik ve kisisel bakim;plastik;0.1298;0.4339;0.4565;0.4067;2023;False;synthetic;"config.SECTORS + config.SIZE_BANDS ile parametrize log-normal olcek; Beta dagilimli dis ticaret ve veri olgunlugu";SYN-GEN-01
SYN-FRM-000271;True;Ankara;gida_icecek;C10-C11;orta;50-249;1994;Gida ve icecek urunleri;cam;0.3625;0.3563;0.2391;0.4527;2019;False;synthetic;"config.SECTORS + config.SIZE_BANDS ile parametrize log-normal olcek; Beta dagilimli dis ticaret ve veri olgunlugu";SYN-GEN-01
SYN-FRM-000272;True;Kocaeli;ev_temizlik;C20.41;kucuk;10-49;2020;Ev temizlik urunleri;kagit_karton;0.1429;0.0684;0.8053;0.798;2026;False;synthetic;"config.SECTORS + config.SIZE_BANDS ile parametrize log-normal olcek; Beta dagilimli dis ticaret ve veri olgunlugu";SYN-GEN-01
SYN-FRM-000273;True;Istanbul;tekstil;C13-C14;orta;50-249;2015;Tekstil ve hazir giyim;plastik;0.6065;0.1458;0.6809;0.0801;2024;False;synthetic;"config.SECTORS + config.SIZE_BANDS ile parametrize log-normal olcek; Beta dagilimli dis ticaret ve veri olgunlugu";SYN-GEN-01
SYN-FRM-000274;True;Ankara;ev_temizlik;C20.41;orta;50-249;2001;Ev temizlik urunleri;plastik;0.0949;0.035;0.99;1.0;2026;False;synthetic;"config.SECTORS + config.SIZE_BANDS ile parametrize log-normal olcek; Beta dagilimli dis ticaret ve veri olgunlugu";SYN-GEN-01
SYN-FRM-000275;True;Istanbul;otomotiv_yan_sanayi;C29.3;orta;50-249;2008;Otomotiv yan sanayi parcalari;kagit_karton;0.4486;0.1517;0.166;0.5532;2019;False;synthetic;"config.SECTORS + config.SIZE_BANDS ile parametrize log-normal olcek; Beta dagilimli dis ticaret ve veri olgunlugu";SYN-GEN-01
SYN-FRM-000276;True;Gaziantep;kimya_boya;C20.3;orta;50-249;2022;Kimyasal urunler ve boya;metal;0.3847;0.497;0.7371;0.7292;2023;False;synthetic;"config.SECTORS + config.SIZE_BANDS ile parametrize log-normal olcek; Beta dagilimli dis ticaret ve veri olgunlugu";SYN-GEN-01
SYN-FRM-000277;True;Ankara;otomotiv_yan_sanayi;C29.3;kucuk;10-49;2008;Otomotiv yan sanayi parcalari;kompozit;0.784;0.6687;0.3311;0.4019;2025;False;synthetic;"config.SECTORS + config.SIZE_BANDS ile parametrize log-normal olcek; Beta dagilimli dis ticaret ve veri olgunlugu";SYN-GEN-01
SYN-FRM-000278;True;Konya;ilac;C21;kucuk;10-49;2012;Ilac ve tibbi urunler;kagit_karton;0.1321;0.5626;0.6822;0.2279;2024;False;synthetic;"config.SECTORS + config.SIZE_BANDS ile parametrize log-normal olcek; Beta dagilimli dis ticaret ve veri olgunlugu";SYN-GEN-01
SYN-FRM-000279;True;Istanbul;elektronik;C26-C27;mikro;1-9;2000;Elektrikli ve elektronik esya;kagit_karton;0.4301;0.4975;0.5787;0.3476;2026;False;synthetic;"config.SECTORS + config.SIZE_BANDS ile parametrize log-normal olcek; Beta dagilimli dis ticaret ve veri olgunlugu";SYN-GEN-01
SYN-FRM-000280;True;Istanbul;otomotiv_yan_sanayi;C29.3;kucuk;10-49;2015;Otomotiv yan sanayi parcalari;kagit_karton;0.8272;0.5177;0.5743;0.8057;2023;False;synthetic;"config.SECTORS + config.SIZE_BANDS ile parametrize log-normal olcek; Beta dagilimli dis ticaret ve veri olgunlugu";SYN-GEN-01
SYN-FRM-000281;True;Istanbul;elektronik;C26-C27;orta;50-249;2022;Elektrikli ve elektronik esya;kagit_karton;0.6819;0.531;0.4454;0.1129;2021;False;synthetic;"config.SECTORS + config.SIZE_BANDS ile parametrize log-normal olcek; Beta dagilimli dis ticaret ve veri olgunlugu";SYN-GEN-01
SYN-FRM-000282;True;Istanbul;elektronik;C26-C27;buyuk;250-5000;2011;Elektrikli ve elektronik esya;kompozit;0.426;0.3588;0.7653;0.7487;2023;False;synthetic;"config.SECTORS + config.SIZE_BANDS ile parametrize log-normal olcek; Beta dagilimli dis ticaret ve veri olgunlugu";SYN-GEN-01
SYN-FRM-000283;True;Adana;gida_icecek;C10-C11;kucuk;10-49;2006;Gida ve icecek urunleri;plastik;0.0955;0.0582;0.6107;0.1439;2021;False;synthetic;"config.SECTORS + config.SIZE_BANDS ile parametrize log-normal olcek; Beta dagilimli dis ticaret ve veri olgunlugu";SYN-GEN-01
SYN-FRM-000284;True;Kocaeli;kozmetik;C20.42;mikro;1-9;2018;Kozmetik ve kisisel bakim;kagit_karton;0.0868;0.4719;0.5072;0.6098;2019;False;synthetic;"config.SECTORS + config.SIZE_BANDS ile parametrize log-normal olcek; Beta dagilimli dis ticaret ve veri olgunlugu";SYN-GEN-01
SYN-FRM-000285;True;Istanbul;tekstil;C13-C14;buyuk;250-5000;2009;Tekstil ve hazir giyim;kagit_karton;0.7356;0.4908;0.6683;0.5653;2026;False;synthetic;"config.SECTORS + config.SIZE_BANDS ile parametrize log-normal olcek; Beta dagilimli dis ticaret ve veri olgunlugu";SYN-GEN-01
SYN-FRM-000286;True;Denizli;ilac;C21;kucuk;10-49;2018;Ilac ve tibbi urunler;metal;0.3255;0.2159;0.2559;0.3614;2025;False;synthetic;"config.SECTORS + config.SIZE_BANDS ile parametrize log-normal olcek; Beta dagilimli dis ticaret ve veri olgunlugu";SYN-GEN-01
SYN-FRM-000287;True;Ankara;otomotiv_yan_sanayi;C29.3;orta;50-249;2023;Otomotiv yan sanayi parcalari;kagit_karton;0.7055;0.4299;0.5784;0.5754;2023;False;synthetic;"config.SECTORS + config.SIZE_BANDS ile parametrize log-normal olcek; Beta dagilimli dis ticaret ve veri olgunlugu";SYN-GEN-01
SYN-FRM-000288;True;Konya;ilac;C21;buyuk;250-5000;2013;Ilac ve tibbi urunler;kagit_karton;0.0342;0.7682;0.828;0.7357;2021;False;synthetic;"config.SECTORS + config.SIZE_BANDS ile parametrize log-normal olcek; Beta dagilimli dis ticaret ve veri olgunlugu";SYN-GEN-01
SYN-FRM-000289;True;Istanbul;otomotiv_yan_sanayi;C29.3;kucuk;10-49;2007;Otomotiv yan sanayi parcalari;kagit_karton;0.6593;0.4235;0.3487;0.1485;2019;False;synthetic;"config.SECTORS + config.SIZE_BANDS ile parametrize log-normal olcek; Beta dagilimli dis ticaret ve veri olgunlugu";SYN-GEN-01
SYN-FRM-000290;True;Ankara;elektronik;C26-C27;orta;50-249;1998;Elektrikli ve elektronik esya;kompozit;0.6261;0.7773;0.6847;0.1686;2024;False;synthetic;"config.SECTORS + config.SIZE_BANDS ile parametrize log-normal olcek; Beta dagilimli dis ticaret ve veri olgunlugu";SYN-GEN-01
SYN-FRM-000291;True;Eskisehir;gida_icecek;C10-C11;mikro;1-9;2015;Gida ve icecek urunleri;plastik;0.4688;0.1832;0.6498;0.5828;2019;False;synthetic;"config.SECTORS + config.SIZE_BANDS ile parametrize log-normal olcek; Beta dagilimli dis ticaret ve veri olgunlugu";SYN-GEN-01
SYN-FRM-000292;True;Hatay;kimya_boya;C20.3;mikro;1-9;1986;Kimyasal urunler ve boya;plastik;0.5472;0.1781;0.3884;0.6109;2025;False;synthetic;"config.SECTORS + config.SIZE_BANDS ile parametrize log-normal olcek; Beta dagilimli dis ticaret ve veri olgunlugu";SYN-GEN-01
SYN-FRM-000293;True;Gaziantep;ev_temizlik;C20.41;kucuk;10-49;2012;Gida ve icecek urunleri;plastik;0.1186;0.0488;0.1052;0.1579;2025;True;synthetic;"config.SECTORS + config.SIZE_BANDS ile parametrize log-normal olcek; Beta dagilimli dis ticaret ve veri olgunlugu";SYN-GEN-01
SYN-FRM-000294;True;Antalya;ev_temizlik;C20.41;kucuk;10-49;2003;Ev temizlik urunleri;plastik;0.4393;0.2963;0.6942;0.7208;2023;False;synthetic;"config.SECTORS + config.SIZE_BANDS ile parametrize log-normal olcek; Beta dagilimli dis ticaret ve veri olgunlugu";SYN-GEN-01
SYN-FRM-000295;True;Manisa;tekstil;C13-C14;mikro;1-9;2007;Tekstil ve hazir giyim;kagit_karton;0.3375;0.3476;0.02;0.176;2024;False;synthetic;"config.SECTORS + config.SIZE_BANDS ile parametrize log-normal olcek; Beta dagilimli dis ticaret ve veri olgunlugu";SYN-GEN-01
SYN-FRM-000296;True;Tekirdag;kozmetik;C20.42;kucuk;10-49;2020;Kozmetik ve kisisel bakim;plastik;0.2764;0.3858;0.547;0.4326;2025;False;synthetic;"config.SECTORS + config.SIZE_BANDS ile parametrize log-normal olcek; Beta dagilimli dis ticaret ve veri olgunlugu";SYN-GEN-01
SYN-FRM-000297;True;Gaziantep;otomotiv_yan_sanayi;C29.3;kucuk;10-49;2022;Otomotiv yan sanayi parcalari;kagit_karton;0.8356;0.0958;0.4929;0.0857;2024;False;synthetic;"config.SECTORS + config.SIZE_BANDS ile parametrize log-normal olcek; Beta dagilimli dis ticaret ve veri olgunlugu";SYN-GEN-01
SYN-FRM-000298;True;Antalya;gida_icecek;C10-C11;mikro;1-9;2001;Gida ve icecek urunleri;plastik;0.3437;0.0674;0.5198;0.1478;2021;False;synthetic;"config.SECTORS + config.SIZE_BANDS ile parametrize log-normal olcek; Beta dagilimli dis ticaret ve veri olgunlugu";SYN-GEN-01
SYN-FRM-000299;True;Adana;elektronik;C26-C27;kucuk;10-49;2005;Tekstil ve hazir giyim;kagit_karton;0.4715;0.0064;0.1345;0.4179;2019;True;synthetic;"config.SECTORS + config.SIZE_BANDS ile parametrize log-normal olcek; Beta dagilimli dis ticaret ve veri olgunlugu";SYN-GEN-01
SYN-FRM-000300;True;Istanbul;gida_icecek;C10-C11;kucuk;10-49;2001;Gida ve icecek urunleri;plastik;0.2822;0.1685;0.6144;0.6192;2024;False;synthetic;"config.SECTORS + config.SIZE_BANDS ile parametrize log-normal olcek; Beta dagilimli dis ticaret ve veri olgunlugu";SYN-GEN-01
SYN-FRM-000301;True;Manisa;ilac;C21;mikro;1-9;2003;Ilac ve tibbi urunler;plastik;0.3142;0.3805;0.2277;0.2303;2024;False;synthetic;"config.SECTORS + config.SIZE_BANDS ile parametrize log-normal olcek; Beta dagilimli dis ticaret ve veri olgunlugu";SYN-GEN-01
SYN-FRM-000302;True;Bursa;kozmetik;C20.42;kucuk;10-49;1986;Kozmetik ve kisisel bakim;cam;0.346;0.7121;0.5049;0.2803;2024;False;synthetic;"config.SECTORS + config.SIZE_BANDS ile parametrize log-normal olcek; Beta dagilimli dis ticaret ve veri olgunlugu";SYN-GEN-01
SYN-FRM-000303;True;Ankara;tekstil;C13-C14;mikro;1-9;2013;Tekstil ve hazir giyim;kagit_karton;0.7102;0.0425;0.1204;0.1849;2023;False;synthetic;"config.SECTORS + config.SIZE_BANDS ile parametrize log-normal olcek; Beta dagilimli dis ticaret ve veri olgunlugu";SYN-GEN-01
SYN-FRM-000304;True;Ankara;gida_icecek;C10-C11;kucuk;10-49;2014;Gida ve icecek urunleri;kagit_karton;0.2324;0.0553;0.6554;0.5092;2024;False;synthetic;"config.SECTORS + config.SIZE_BANDS ile parametrize log-normal olcek; Beta dagilimli dis ticaret ve veri olgunlugu";SYN-GEN-01
SYN-FRM-000305;True;Samsun;ev_temizlik;C20.41;mikro;1-9;1998;Ev temizlik urunleri;plastik;0.2588;0.1903;0.6017;0.4227;2023;False;synthetic;"config.SECTORS + config.SIZE_BANDS ile parametrize log-normal olcek; Beta dagilimli dis ticaret ve veri olgunlugu";SYN-GEN-01
SYN-FRM-000306;True;Istanbul;elektronik;C26-C27;buyuk;250-5000;2022;Elektrikli ve elektronik esya;ahsap;0.4222;0.7415;0.3857;0.4821;2021;False;synthetic;"config.SECTORS + config.SIZE_BANDS ile parametrize log-normal olcek; Beta dagilimli dis ticaret ve veri olgunlugu";SYN-GEN-01
SYN-FRM-000307;True;Izmir;otomotiv_yan_sanayi;C29.3;orta;50-249;2016;Otomotiv yan sanayi parcalari;kagit_karton;0.2712;0.0821;0.2579;0.299;2023;False;synthetic;"config.SECTORS + config.SIZE_BANDS ile parametrize log-normal olcek; Beta dagilimli dis ticaret ve veri olgunlugu";SYN-GEN-01
SYN-FRM-000308;True;Corum;gida_icecek;C10-C11;orta;50-249;2018;Gida ve icecek urunleri;plastik;0.1996;0.3105;0.6378;0.63;2025;False;synthetic;"config.SECTORS + config.SIZE_BANDS ile parametrize log-normal olcek; Beta dagilimli dis ticaret ve veri olgunlugu";SYN-GEN-01
SYN-FRM-000309;True;Kocaeli;otomotiv_yan_sanayi;C29.3;mikro;1-9;2000;Otomotiv yan sanayi parcalari;ahsap;0.4482;0.5151;0.02;0.4187;2026;False;synthetic;"config.SECTORS + config.SIZE_BANDS ile parametrize log-normal olcek; Beta dagilimli dis ticaret ve veri olgunlugu";SYN-GEN-01
SYN-FRM-000310;True;Istanbul;gida_icecek;C10-C11;buyuk;250-5000;1991;Gida ve icecek urunleri;kompozit;0.2536;0.0998;0.4059;0.4236;2021;False;synthetic;"config.SECTORS + config.SIZE_BANDS ile parametrize log-normal olcek; Beta dagilimli dis ticaret ve veri olgunlugu";SYN-GEN-01
SYN-FRM-000311;True;Izmir;gida_icecek;C10-C11;orta;50-249;2023;Gida ve icecek urunleri;kagit_karton;0.0702;0.0711;0.6047;0.6431;2025;False;synthetic;"config.SECTORS + config.SIZE_BANDS ile parametrize log-normal olcek; Beta dagilimli dis ticaret ve veri olgunlugu";SYN-GEN-01
SYN-FRM-000312;True;Istanbul;tekstil;C13-C14;mikro;1-9;2005;Tekstil ve hazir giyim;kagit_karton;0.3885;0.102;0.5758;0.6668;2026;False;synthetic;"config.SECTORS + config.SIZE_BANDS ile parametrize log-normal olcek; Beta dagilimli dis ticaret ve veri olgunlugu";SYN-GEN-01
SYN-FRM-000313;True;Mersin;gida_icecek;C10-C11;mikro;1-9;2009;Gida ve icecek urunleri;plastik;0.3966;0.1145;0.3872;0.5262;2019;False;synthetic;"config.SECTORS + config.SIZE_BANDS ile parametrize log-normal olcek; Beta dagilimli dis ticaret ve veri olgunlugu";SYN-GEN-01
SYN-FRM-000314;True;Mersin;otomotiv_yan_sanayi;C29.3;orta;50-249;2015;Otomotiv yan sanayi parcalari;plastik;0.8597;0.4701;0.5508;0.4129;2021;False;synthetic;"config.SECTORS + config.SIZE_BANDS ile parametrize log-normal olcek; Beta dagilimli dis ticaret ve veri olgunlugu";SYN-GEN-01
SYN-FRM-000315;True;Eskisehir;otomotiv_yan_sanayi;C29.3;kucuk;10-49;2024;Otomotiv yan sanayi parcalari;kagit_karton;0.8469;0.8774;0.7497;0.6009;2020;False;synthetic;"config.SECTORS + config.SIZE_BANDS ile parametrize log-normal olcek; Beta dagilimli dis ticaret ve veri olgunlugu";SYN-GEN-01
SYN-FRM-000316;True;Eskisehir;elektronik;C26-C27;orta;50-249;2020;Elektrikli ve elektronik esya;kagit_karton;0.4048;0.2643;0.5659;0.6063;2024;False;synthetic;"config.SECTORS + config.SIZE_BANDS ile parametrize log-normal olcek; Beta dagilimli dis ticaret ve veri olgunlugu";SYN-GEN-01
SYN-FRM-000317;True;Adana;tekstil;C13-C14;mikro;1-9;2000;Tekstil ve hazir giyim;kagit_karton;0.8163;0.2941;0.4448;0.3651;2024;False;synthetic;"config.SECTORS + config.SIZE_BANDS ile parametrize log-normal olcek; Beta dagilimli dis ticaret ve veri olgunlugu";SYN-GEN-01
SYN-FRM-000318;True;Kayseri;ilac;C21;mikro;1-9;2009;Ilac ve tibbi urunler;cam;0.2117;0.6078;0.4486;0.3505;2024;False;synthetic;"config.SECTORS + config.SIZE_BANDS ile parametrize log-normal olcek; Beta dagilimli dis ticaret ve veri olgunlugu";SYN-GEN-01
SYN-FRM-000319;True;Izmir;kozmetik;C20.42;kucuk;10-49;2016;Kozmetik ve kisisel bakim;plastik;0.2582;0.5392;0.6515;0.7053;2023;False;synthetic;"config.SECTORS + config.SIZE_BANDS ile parametrize log-normal olcek; Beta dagilimli dis ticaret ve veri olgunlugu";SYN-GEN-01
SYN-FRM-000320;True;Gaziantep;kozmetik;C20.42;mikro;1-9;1987;Kozmetik ve kisisel bakim;cam;0.333;0.3306;0.5276;0.1856;2023;False;synthetic;"config.SECTORS + config.SIZE_BANDS ile parametrize log-normal olcek; Beta dagilimli dis ticaret ve veri olgunlugu";SYN-GEN-01
SYN-FRM-000321;True;Ankara;gida_icecek;C10-C11;kucuk;10-49;2025;Gida ve icecek urunleri;plastik;0.092;0.2263;0.2141;0.5082;2026;False;synthetic;"config.SECTORS + config.SIZE_BANDS ile parametrize log-normal olcek; Beta dagilimli dis ticaret ve veri olgunlugu";SYN-GEN-01
SYN-FRM-000322;True;Mersin;ev_temizlik;C20.41;kucuk;10-49;2005;Ev temizlik urunleri;plastik;0.173;0.0663;0.1387;0.3994;2026;False;synthetic;"config.SECTORS + config.SIZE_BANDS ile parametrize log-normal olcek; Beta dagilimli dis ticaret ve veri olgunlugu";SYN-GEN-01
SYN-FRM-000323;True;Izmir;gida_icecek;C10-C11;kucuk;10-49;2005;Gida ve icecek urunleri;plastik;0.1703;0.0555;0.203;0.5711;2019;False;synthetic;"config.SECTORS + config.SIZE_BANDS ile parametrize log-normal olcek; Beta dagilimli dis ticaret ve veri olgunlugu";SYN-GEN-01
SYN-FRM-000324;True;Istanbul;ilac;C21;mikro;1-9;2001;Kimyasal urunler ve boya;plastik;0.9129;0.6201;0.1096;0.3445;2026;True;synthetic;"config.SECTORS + config.SIZE_BANDS ile parametrize log-normal olcek; Beta dagilimli dis ticaret ve veri olgunlugu";SYN-GEN-01
SYN-FRM-000325;True;Ankara;kozmetik;C20.42;mikro;1-9;2013;Kozmetik ve kisisel bakim;plastik;0.5199;0.2004;0.4953;0.5;2025;False;synthetic;"config.SECTORS + config.SIZE_BANDS ile parametrize log-normal olcek; Beta dagilimli dis ticaret ve veri olgunlugu";SYN-GEN-01
SYN-FRM-000326;True;Denizli;otomotiv_yan_sanayi;C29.3;orta;50-249;2024;Otomotiv yan sanayi parcalari;ahsap;0.494;0.4603;0.3765;0.2353;2026;False;synthetic;"config.SECTORS + config.SIZE_BANDS ile parametrize log-normal olcek; Beta dagilimli dis ticaret ve veri olgunlugu";SYN-GEN-01
SYN-FRM-000327;True;Istanbul;gida_icecek;C10-C11;orta;50-249;2011;Gida ve icecek urunleri;kagit_karton;0.2468;0.1371;0.9701;1.0;2024;False;synthetic;"config.SECTORS + config.SIZE_BANDS ile parametrize log-normal olcek; Beta dagilimli dis ticaret ve veri olgunlugu";SYN-GEN-01
SYN-FRM-000328;True;Samsun;kimya_boya;C20.3;kucuk;10-49;2008;Kimyasal urunler ve boya;kagit_karton;0.7375;0.2764;0.3483;0.6832;2023;False;synthetic;"config.SECTORS + config.SIZE_BANDS ile parametrize log-normal olcek; Beta dagilimli dis ticaret ve veri olgunlugu";SYN-GEN-01
SYN-FRM-000329;True;Istanbul;gida_icecek;C10-C11;kucuk;10-49;2011;Gida ve icecek urunleri;metal;0.1886;0.1976;0.4869;0.5141;2026;False;synthetic;"config.SECTORS + config.SIZE_BANDS ile parametrize log-normal olcek; Beta dagilimli dis ticaret ve veri olgunlugu";SYN-GEN-01
SYN-FRM-000330;True;Kocaeli;gida_icecek;C10-C11;mikro;1-9;1996;Gida ve icecek urunleri;metal;0.1274;0.0117;0.1753;0.4563;2020;False;synthetic;"config.SECTORS + config.SIZE_BANDS ile parametrize log-normal olcek; Beta dagilimli dis ticaret ve veri olgunlugu";SYN-GEN-01
SYN-FRM-000331;True;Ankara;ilac;C21;kucuk;10-49;2021;Ilac ve tibbi urunler;kompozit;0.3615;0.1002;0.5125;0.5557;2025;False;synthetic;"config.SECTORS + config.SIZE_BANDS ile parametrize log-normal olcek; Beta dagilimli dis ticaret ve veri olgunlugu";SYN-GEN-01
SYN-FRM-000332;True;Tekirdag;tekstil;C13-C14;kucuk;10-49;1999;Tekstil ve hazir giyim;kagit_karton;0.8387;0.0714;0.3422;0.1814;2021;False;synthetic;"config.SECTORS + config.SIZE_BANDS ile parametrize log-normal olcek; Beta dagilimli dis ticaret ve veri olgunlugu";SYN-GEN-01
SYN-FRM-000333;True;Istanbul;gida_icecek;C10-C11;buyuk;250-5000;1992;Gida ve icecek urunleri;ahsap;0.2487;0.2942;0.8484;0.4722;2025;False;synthetic;"config.SECTORS + config.SIZE_BANDS ile parametrize log-normal olcek; Beta dagilimli dis ticaret ve veri olgunlugu";SYN-GEN-01
SYN-FRM-000334;True;Kocaeli;ilac;C21;kucuk;10-49;2016;Ilac ve tibbi urunler;plastik;0.4616;0.7843;0.4617;0.5935;2024;False;synthetic;"config.SECTORS + config.SIZE_BANDS ile parametrize log-normal olcek; Beta dagilimli dis ticaret ve veri olgunlugu";SYN-GEN-01
SYN-FRM-000335;True;Ankara;gida_icecek;C10-C11;mikro;1-9;2002;Gida ve icecek urunleri;kompozit;0.2548;0.3078;0.0834;0.1262;2021;False;synthetic;"config.SECTORS + config.SIZE_BANDS ile parametrize log-normal olcek; Beta dagilimli dis ticaret ve veri olgunlugu";SYN-GEN-01
SYN-FRM-000336;True;Mersin;tekstil;C13-C14;kucuk;10-49;1993;Kozmetik ve kisisel bakim;kagit_karton;0.2775;0.3712;0.2921;0.434;2025;True;synthetic;"config.SECTORS + config.SIZE_BANDS ile parametrize log-normal olcek; Beta dagilimli dis ticaret ve veri olgunlugu";SYN-GEN-01
SYN-FRM-000337;True;Bursa;tekstil;C13-C14;buyuk;250-5000;1989;Tekstil ve hazir giyim;plastik;0.7834;0.2431;0.5489;0.1439;2026;False;synthetic;"config.SECTORS + config.SIZE_BANDS ile parametrize log-normal olcek; Beta dagilimli dis ticaret ve veri olgunlugu";SYN-GEN-01
SYN-FRM-000338;True;Antalya;kimya_boya;C20.3;orta;50-249;1992;Kimyasal urunler ve boya;kagit_karton;0.3293;0.5713;0.4351;0.2502;2026;False;synthetic;"config.SECTORS + config.SIZE_BANDS ile parametrize log-normal olcek; Beta dagilimli dis ticaret ve veri olgunlugu";SYN-GEN-01
SYN-FRM-000339;True;Istanbul;gida_icecek;C10-C11;kucuk;10-49;1987;Gida ve icecek urunleri;metal;0.0601;0.1294;0.5207;0.3222;2024;False;synthetic;"config.SECTORS + config.SIZE_BANDS ile parametrize log-normal olcek; Beta dagilimli dis ticaret ve veri olgunlugu";SYN-GEN-01
SYN-FRM-000340;True;Antalya;tekstil;C13-C14;kucuk;10-49;1992;Tekstil ve hazir giyim;kagit_karton;0.6564;0.2651;0.4083;0.4764;2020;False;synthetic;"config.SECTORS + config.SIZE_BANDS ile parametrize log-normal olcek; Beta dagilimli dis ticaret ve veri olgunlugu";SYN-GEN-01
SYN-FRM-000341;True;Istanbul;tekstil;C13-C14;orta;50-249;2001;Tekstil ve hazir giyim;kagit_karton;0.7909;0.5483;0.6251;0.5839;2025;False;synthetic;"config.SECTORS + config.SIZE_BANDS ile parametrize log-normal olcek; Beta dagilimli dis ticaret ve veri olgunlugu";SYN-GEN-01
SYN-FRM-000342;True;Konya;kimya_boya;C20.3;kucuk;10-49;1999;Kimyasal urunler ve boya;plastik;0.251;0.2491;0.5675;0.5757;2025;False;synthetic;"config.SECTORS + config.SIZE_BANDS ile parametrize log-normal olcek; Beta dagilimli dis ticaret ve veri olgunlugu";SYN-GEN-01
SYN-FRM-000343;True;Kocaeli;gida_icecek;C10-C11;orta;50-249;2003;Gida ve icecek urunleri;cam;0.0976;0.0703;0.2663;0.2303;2026;False;synthetic;"config.SECTORS + config.SIZE_BANDS ile parametrize log-normal olcek; Beta dagilimli dis ticaret ve veri olgunlugu";SYN-GEN-01
SYN-FRM-000344;True;Tekirdag;tekstil;C13-C14;mikro;1-9;2003;Tekstil ve hazir giyim;plastik;0.6627;0.2537;0.6515;0.5406;2025;False;synthetic;"config.SECTORS + config.SIZE_BANDS ile parametrize log-normal olcek; Beta dagilimli dis ticaret ve veri olgunlugu";SYN-GEN-01
SYN-FRM-000345;True;Denizli;ev_temizlik;C20.41;kucuk;10-49;1987;Ev temizlik urunleri;plastik;0.3739;0.0438;0.1187;0.4368;2024;False;synthetic;"config.SECTORS + config.SIZE_BANDS ile parametrize log-normal olcek; Beta dagilimli dis ticaret ve veri olgunlugu";SYN-GEN-01
SYN-FRM-000346;True;Istanbul;kimya_boya;C20.3;kucuk;10-49;1990;Kimyasal urunler ve boya;plastik;0.3463;0.6299;0.2227;0.1559;2024;False;synthetic;"config.SECTORS + config.SIZE_BANDS ile parametrize log-normal olcek; Beta dagilimli dis ticaret ve veri olgunlugu";SYN-GEN-01
SYN-FRM-000347;True;Ankara;tekstil;C13-C14;kucuk;10-49;1990;Tekstil ve hazir giyim;plastik;0.3502;0.388;0.3908;0.2723;2024;False;synthetic;"config.SECTORS + config.SIZE_BANDS ile parametrize log-normal olcek; Beta dagilimli dis ticaret ve veri olgunlugu";SYN-GEN-01
SYN-FRM-000348;True;Samsun;ev_temizlik;C20.41;orta;50-249;2005;Ev temizlik urunleri;kagit_karton;0.3683;0.2491;0.3003;0.6214;2026;False;synthetic;"config.SECTORS + config.SIZE_BANDS ile parametrize log-normal olcek; Beta dagilimli dis ticaret ve veri olgunlugu";SYN-GEN-01
SYN-FRM-000349;True;Gaziantep;elektronik;C26-C27;kucuk;10-49;1993;Elektrikli ve elektronik esya;kagit_karton;0.212;0.647;0.5229;0.4682;2024;False;synthetic;"config.SECTORS + config.SIZE_BANDS ile parametrize log-normal olcek; Beta dagilimli dis ticaret ve veri olgunlugu";SYN-GEN-01
SYN-FRM-000350;True;Kocaeli;ev_temizlik;C20.41;kucuk;10-49;2009;Ev temizlik urunleri;plastik;0.1334;0.2351;0.2383;0.3615;2024;False;synthetic;"config.SECTORS + config.SIZE_BANDS ile parametrize log-normal olcek; Beta dagilimli dis ticaret ve veri olgunlugu";SYN-GEN-01
SYN-FRM-000351;True;Bursa;tekstil;C13-C14;orta;50-249;2019;Tekstil ve hazir giyim;kagit_karton;0.8245;0.417;0.99;0.7694;2025;False;synthetic;"config.SECTORS + config.SIZE_BANDS ile parametrize log-normal olcek; Beta dagilimli dis ticaret ve veri olgunlugu";SYN-GEN-01
SYN-FRM-000352;True;Bursa;gida_icecek;C10-C11;mikro;1-9;1989;Gida ve icecek urunleri;kagit_karton;0.503;0.0678;0.5234;0.4866;2024;False;synthetic;"config.SECTORS + config.SIZE_BANDS ile parametrize log-normal olcek; Beta dagilimli dis ticaret ve veri olgunlugu";SYN-GEN-01
SYN-FRM-000353;True;Istanbul;otomotiv_yan_sanayi;C29.3;mikro;1-9;2019;Otomotiv yan sanayi parcalari;kompozit;0.7809;0.5291;0.6655;0.9459;2026;False;synthetic;"config.SECTORS + config.SIZE_BANDS ile parametrize log-normal olcek; Beta dagilimli dis ticaret ve veri olgunlugu";SYN-GEN-01
SYN-FRM-000354;True;Istanbul;kozmetik;C20.42;buyuk;250-5000;2006;Kozmetik ve kisisel bakim;plastik;0.2238;0.2472;0.7635;0.6782;2026;False;synthetic;"config.SECTORS + config.SIZE_BANDS ile parametrize log-normal olcek; Beta dagilimli dis ticaret ve veri olgunlugu";SYN-GEN-01
SYN-FRM-000355;True;Ankara;ilac;C21;orta;50-249;2016;Ilac ve tibbi urunler;kagit_karton;0.1217;0.2193;0.6869;0.0069;2019;False;synthetic;"config.SECTORS + config.SIZE_BANDS ile parametrize log-normal olcek; Beta dagilimli dis ticaret ve veri olgunlugu";SYN-GEN-01
SYN-FRM-000356;True;Eskisehir;kimya_boya;C20.3;mikro;1-9;2000;Kimyasal urunler ve boya;metal;0.2822;0.471;0.0854;0.3756;2024;False;synthetic;"config.SECTORS + config.SIZE_BANDS ile parametrize log-normal olcek; Beta dagilimli dis ticaret ve veri olgunlugu";SYN-GEN-01
SYN-FRM-000357;True;Adana;otomotiv_yan_sanayi;C29.3;mikro;1-9;2006;Otomotiv yan sanayi parcalari;kagit_karton;0.7267;0.3761;0.0933;0.2107;2025;False;synthetic;"config.SECTORS + config.SIZE_BANDS ile parametrize log-normal olcek; Beta dagilimli dis ticaret ve veri olgunlugu";SYN-GEN-01
SYN-FRM-000358;True;Istanbul;gida_icecek;C10-C11;mikro;1-9;1993;Gida ve icecek urunleri;ahsap;0.3783;0.1773;0.4911;0.5343;2023;False;synthetic;"config.SECTORS + config.SIZE_BANDS ile parametrize log-normal olcek; Beta dagilimli dis ticaret ve veri olgunlugu";SYN-GEN-01
SYN-FRM-000359;True;Corum;otomotiv_yan_sanayi;C29.3;kucuk;10-49;2011;Otomotiv yan sanayi parcalari;metal;0.6569;0.5563;0.2952;0.3973;2021;False;synthetic;"config.SECTORS + config.SIZE_BANDS ile parametrize log-normal olcek; Beta dagilimli dis ticaret ve veri olgunlugu";SYN-GEN-01
SYN-FRM-000360;True;Kayseri;kimya_boya;C20.3;kucuk;10-49;1985;Kimyasal urunler ve boya;kompozit;0.3039;0.5972;0.3153;0.2873;2021;False;synthetic;"config.SECTORS + config.SIZE_BANDS ile parametrize log-normal olcek; Beta dagilimli dis ticaret ve veri olgunlugu";SYN-GEN-01
SYN-FRM-000361;True;Istanbul;kozmetik;C20.42;orta;50-249;2003;Kozmetik ve kisisel bakim;plastik;0.3836;0.494;0.5379;0.1649;2021;False;synthetic;"config.SECTORS + config.SIZE_BANDS ile parametrize log-normal olcek; Beta dagilimli dis ticaret ve veri olgunlugu";SYN-GEN-01
SYN-FRM-000362;True;Antalya;otomotiv_yan_sanayi;C29.3;kucuk;10-49;2023;Otomotiv yan sanayi parcalari;kagit_karton;0.5596;0.6751;0.849;0.7611;2023;False;synthetic;"config.SECTORS + config.SIZE_BANDS ile parametrize log-normal olcek; Beta dagilimli dis ticaret ve veri olgunlugu";SYN-GEN-01
SYN-FRM-000363;True;Balikesir;elektronik;C26-C27;kucuk;10-49;2001;Elektrikli ve elektronik esya;kagit_karton;0.5786;0.831;0.2851;0.6307;2025;False;synthetic;"config.SECTORS + config.SIZE_BANDS ile parametrize log-normal olcek; Beta dagilimli dis ticaret ve veri olgunlugu";SYN-GEN-01
SYN-FRM-000364;True;Gaziantep;ev_temizlik;C20.41;kucuk;10-49;2021;Ev temizlik urunleri;plastik;0.1722;0.1059;0.389;0.5458;2020;False;synthetic;"config.SECTORS + config.SIZE_BANDS ile parametrize log-normal olcek; Beta dagilimli dis ticaret ve veri olgunlugu";SYN-GEN-01
SYN-FRM-000365;True;Ankara;kimya_boya;C20.3;buyuk;250-5000;2021;Kimyasal urunler ve boya;kagit_karton;0.6679;0.2951;0.8172;0.3404;2024;False;synthetic;"config.SECTORS + config.SIZE_BANDS ile parametrize log-normal olcek; Beta dagilimli dis ticaret ve veri olgunlugu";SYN-GEN-01
SYN-FRM-000366;True;Bursa;ev_temizlik;C20.41;buyuk;250-5000;1998;Ev temizlik urunleri;plastik;0.1806;0.278;0.4032;0.5203;2020;False;synthetic;"config.SECTORS + config.SIZE_BANDS ile parametrize log-normal olcek; Beta dagilimli dis ticaret ve veri olgunlugu";SYN-GEN-01
SYN-FRM-000367;True;Ankara;kimya_boya;C20.3;kucuk;10-49;2008;Kimyasal urunler ve boya;metal;0.6488;0.5985;0.3347;0.5438;2025;False;synthetic;"config.SECTORS + config.SIZE_BANDS ile parametrize log-normal olcek; Beta dagilimli dis ticaret ve veri olgunlugu";SYN-GEN-01
SYN-FRM-000368;True;Bursa;ilac;C21;mikro;1-9;1993;Ilac ve tibbi urunler;kagit_karton;0.348;0.475;0.0889;0.2982;2026;False;synthetic;"config.SECTORS + config.SIZE_BANDS ile parametrize log-normal olcek; Beta dagilimli dis ticaret ve veri olgunlugu";SYN-GEN-01
SYN-FRM-000369;True;Kayseri;elektronik;C26-C27;mikro;1-9;2010;Elektrikli ve elektronik esya;plastik;0.3456;0.5847;0.22;0.5395;2023;False;synthetic;"config.SECTORS + config.SIZE_BANDS ile parametrize log-normal olcek; Beta dagilimli dis ticaret ve veri olgunlugu";SYN-GEN-01
SYN-FRM-000370;True;Istanbul;elektronik;C26-C27;orta;50-249;2001;Elektrikli ve elektronik esya;kagit_karton;0.4095;0.7306;0.3442;0.2473;2025;False;synthetic;"config.SECTORS + config.SIZE_BANDS ile parametrize log-normal olcek; Beta dagilimli dis ticaret ve veri olgunlugu";SYN-GEN-01
SYN-FRM-000371;True;Balikesir;ilac;C21;mikro;1-9;1991;Ilac ve tibbi urunler;kagit_karton;0.2938;0.2565;0.7976;0.7245;2023;False;synthetic;"config.SECTORS + config.SIZE_BANDS ile parametrize log-normal olcek; Beta dagilimli dis ticaret ve veri olgunlugu";SYN-GEN-01
SYN-FRM-000372;True;Hatay;tekstil;C13-C14;mikro;1-9;1997;Tekstil ve hazir giyim;plastik;0.9705;0.1691;0.272;0.6185;2019;False;synthetic;"config.SECTORS + config.SIZE_BANDS ile parametrize log-normal olcek; Beta dagilimli dis ticaret ve veri olgunlugu";SYN-GEN-01
SYN-FRM-000373;True;Konya;kozmetik;C20.42;kucuk;10-49;1987;Kozmetik ve kisisel bakim;plastik;0.498;0.1802;0.1128;0.0768;2025;False;synthetic;"config.SECTORS + config.SIZE_BANDS ile parametrize log-normal olcek; Beta dagilimli dis ticaret ve veri olgunlugu";SYN-GEN-01
SYN-FRM-000374;True;Samsun;gida_icecek;C10-C11;mikro;1-9;2017;Gida ve icecek urunleri;kompozit;0.3053;0.1997;0.02;0.104;2026;False;synthetic;"config.SECTORS + config.SIZE_BANDS ile parametrize log-normal olcek; Beta dagilimli dis ticaret ve veri olgunlugu";SYN-GEN-01
SYN-FRM-000375;True;Bursa;tekstil;C13-C14;mikro;1-9;2019;Tekstil ve hazir giyim;kagit_karton;0.586;0.7854;0.1893;0.4488;2023;False;synthetic;"config.SECTORS + config.SIZE_BANDS ile parametrize log-normal olcek; Beta dagilimli dis ticaret ve veri olgunlugu";SYN-GEN-01
SYN-FRM-000376;True;Istanbul;kimya_boya;C20.3;mikro;1-9;2001;Kimyasal urunler ve boya;kagit_karton;0.2904;0.4131;0.444;0.4227;2020;False;synthetic;"config.SECTORS + config.SIZE_BANDS ile parametrize log-normal olcek; Beta dagilimli dis ticaret ve veri olgunlugu";SYN-GEN-01
SYN-FRM-000377;True;Izmir;gida_icecek;C10-C11;orta;50-249;1993;Gida ve icecek urunleri;plastik;0.6083;0.1815;0.3452;0.4172;2025;False;synthetic;"config.SECTORS + config.SIZE_BANDS ile parametrize log-normal olcek; Beta dagilimli dis ticaret ve veri olgunlugu";SYN-GEN-01
SYN-FRM-000378;True;Izmir;kimya_boya;C20.3;mikro;1-9;2006;Tekstil ve hazir giyim;plastik;0.5103;0.1719;0.5474;0.5409;2025;True;synthetic;"config.SECTORS + config.SIZE_BANDS ile parametrize log-normal olcek; Beta dagilimli dis ticaret ve veri olgunlugu";SYN-GEN-01
SYN-FRM-000379;True;Istanbul;otomotiv_yan_sanayi;C29.3;kucuk;10-49;2014;Otomotiv yan sanayi parcalari;metal;0.5758;0.3894;0.2664;0.285;2026;False;synthetic;"config.SECTORS + config.SIZE_BANDS ile parametrize log-normal olcek; Beta dagilimli dis ticaret ve veri olgunlugu";SYN-GEN-01
SYN-FRM-000380;True;Sakarya;gida_icecek;C10-C11;mikro;1-9;1985;Gida ve icecek urunleri;plastik;0.4902;0.1142;0.4528;0.3638;2024;False;synthetic;"config.SECTORS + config.SIZE_BANDS ile parametrize log-normal olcek; Beta dagilimli dis ticaret ve veri olgunlugu";SYN-GEN-01
SYN-FRM-000381;True;Istanbul;gida_icecek;C10-C11;kucuk;10-49;2006;Gida ve icecek urunleri;kompozit;0.5187;0.0783;0.3974;0.1983;2020;False;synthetic;"config.SECTORS + config.SIZE_BANDS ile parametrize log-normal olcek; Beta dagilimli dis ticaret ve veri olgunlugu";SYN-GEN-01
SYN-FRM-000382;True;Gaziantep;elektronik;C26-C27;kucuk;10-49;2021;Elektrikli ve elektronik esya;plastik;0.2696;0.4473;0.3414;0.3387;2024;False;synthetic;"config.SECTORS + config.SIZE_BANDS ile parametrize log-normal olcek; Beta dagilimli dis ticaret ve veri olgunlugu";SYN-GEN-01
SYN-FRM-000383;True;Kayseri;ilac;C21;kucuk;10-49;2018;Ilac ve tibbi urunler;kagit_karton;0.6585;0.3922;0.2759;0.5434;2020;False;synthetic;"config.SECTORS + config.SIZE_BANDS ile parametrize log-normal olcek; Beta dagilimli dis ticaret ve veri olgunlugu";SYN-GEN-01
SYN-FRM-000384;True;Konya;gida_icecek;C10-C11;mikro;1-9;2020;Gida ve icecek urunleri;kompozit;0.186;0.0343;0.1033;0.3163;2024;False;synthetic;"config.SECTORS + config.SIZE_BANDS ile parametrize log-normal olcek; Beta dagilimli dis ticaret ve veri olgunlugu";SYN-GEN-01
SYN-FRM-000385;True;Istanbul;ilac;C21;kucuk;10-49;2025;Ilac ve tibbi urunler;kagit_karton;0.2192;0.63;0.2108;0.1883;2025;False;synthetic;"config.SECTORS + config.SIZE_BANDS ile parametrize log-normal olcek; Beta dagilimli dis ticaret ve veri olgunlugu";SYN-GEN-01
SYN-FRM-000386;True;Izmir;tekstil;C13-C14;mikro;1-9;2010;Tekstil ve hazir giyim;kagit_karton;0.7238;0.2463;0.1075;0.027;2024;False;synthetic;"config.SECTORS + config.SIZE_BANDS ile parametrize log-normal olcek; Beta dagilimli dis ticaret ve veri olgunlugu";SYN-GEN-01
SYN-FRM-000387;True;Ankara;gida_icecek;C10-C11;mikro;1-9;2012;Gida ve icecek urunleri;cam;0.0498;0.4345;0.2258;0.5748;2025;False;synthetic;"config.SECTORS + config.SIZE_BANDS ile parametrize log-normal olcek; Beta dagilimli dis ticaret ve veri olgunlugu";SYN-GEN-01
SYN-FRM-000388;True;Denizli;otomotiv_yan_sanayi;C29.3;buyuk;250-5000;1993;Otomotiv yan sanayi parcalari;kagit_karton;0.5856;0.3269;0.7017;0.294;2024;False;synthetic;"config.SECTORS + config.SIZE_BANDS ile parametrize log-normal olcek; Beta dagilimli dis ticaret ve veri olgunlugu";SYN-GEN-01
SYN-FRM-000389;True;Bursa;tekstil;C13-C14;mikro;1-9;2010;Tekstil ve hazir giyim;plastik;0.8523;0.3341;0.1141;0.1788;2026;False;synthetic;"config.SECTORS + config.SIZE_BANDS ile parametrize log-normal olcek; Beta dagilimli dis ticaret ve veri olgunlugu";SYN-GEN-01
SYN-FRM-000390;True;Istanbul;otomotiv_yan_sanayi;C29.3;mikro;1-9;2012;Otomotiv yan sanayi parcalari;kagit_karton;0.4898;0.7272;0.4644;0.592;2023;False;synthetic;"config.SECTORS + config.SIZE_BANDS ile parametrize log-normal olcek; Beta dagilimli dis ticaret ve veri olgunlugu";SYN-GEN-01
SYN-FRM-000391;True;Eskisehir;elektronik;C26-C27;kucuk;10-49;2023;Elektrikli ve elektronik esya;kagit_karton;0.4255;0.9224;0.4554;0.4294;2026;False;synthetic;"config.SECTORS + config.SIZE_BANDS ile parametrize log-normal olcek; Beta dagilimli dis ticaret ve veri olgunlugu";SYN-GEN-01
SYN-FRM-000392;True;Gaziantep;ev_temizlik;C20.41;kucuk;10-49;1993;Ev temizlik urunleri;kagit_karton;0.2223;0.6707;0.2518;0.444;2023;False;synthetic;"config.SECTORS + config.SIZE_BANDS ile parametrize log-normal olcek; Beta dagilimli dis ticaret ve veri olgunlugu";SYN-GEN-01
SYN-FRM-000393;True;Balikesir;kimya_boya;C20.3;kucuk;10-49;1996;Kimyasal urunler ve boya;metal;0.8661;0.2728;0.6547;0.7966;2025;False;synthetic;"config.SECTORS + config.SIZE_BANDS ile parametrize log-normal olcek; Beta dagilimli dis ticaret ve veri olgunlugu";SYN-GEN-01
SYN-FRM-000394;True;Istanbul;ev_temizlik;C20.41;mikro;1-9;1987;Ev temizlik urunleri;plastik;0.1426;0.1097;0.5938;0.5604;2025;False;synthetic;"config.SECTORS + config.SIZE_BANDS ile parametrize log-normal olcek; Beta dagilimli dis ticaret ve veri olgunlugu";SYN-GEN-01
SYN-FRM-000395;True;Istanbul;gida_icecek;C10-C11;orta;50-249;1990;Gida ve icecek urunleri;metal;0.2601;0.1051;0.4561;0.3789;2020;False;synthetic;"config.SECTORS + config.SIZE_BANDS ile parametrize log-normal olcek; Beta dagilimli dis ticaret ve veri olgunlugu";SYN-GEN-01
SYN-FRM-000396;True;Sakarya;ev_temizlik;C20.41;mikro;1-9;2005;Ev temizlik urunleri;kagit_karton;0.1025;0.3803;0.5138;0.5385;2023;False;synthetic;"config.SECTORS + config.SIZE_BANDS ile parametrize log-normal olcek; Beta dagilimli dis ticaret ve veri olgunlugu";SYN-GEN-01
SYN-FRM-000397;True;Bursa;otomotiv_yan_sanayi;C29.3;kucuk;10-49;2007;Otomotiv yan sanayi parcalari;plastik;0.7108;0.3964;0.2634;0.1904;2026;False;synthetic;"config.SECTORS + config.SIZE_BANDS ile parametrize log-normal olcek; Beta dagilimli dis ticaret ve veri olgunlugu";SYN-GEN-01
SYN-FRM-000398;True;Mersin;elektronik;C26-C27;mikro;1-9;2011;Elektrikli ve elektronik esya;kagit_karton;0.7175;0.747;0.1562;0.5528;2023;False;synthetic;"config.SECTORS + config.SIZE_BANDS ile parametrize log-normal olcek; Beta dagilimli dis ticaret ve veri olgunlugu";SYN-GEN-01
SYN-FRM-000399;True;Bursa;kimya_boya;C20.3;kucuk;10-49;2022;Kimyasal urunler ve boya;metal;0.4211;0.2588;0.7115;0.6496;2023;False;synthetic;"config.SECTORS + config.SIZE_BANDS ile parametrize log-normal olcek; Beta dagilimli dis ticaret ve veri olgunlugu";SYN-GEN-01
SYN-FRM-000400;True;Izmir;kozmetik;C20.42;mikro;1-9;1999;Kozmetik ve kisisel bakim;plastik;0.7598;0.2781;0.6568;0.4852;2026;False;synthetic;"config.SECTORS + config.SIZE_BANDS ile parametrize log-normal olcek; Beta dagilimli dis ticaret ve veri olgunlugu";SYN-GEN-01
SYN-FRM-000401;True;Bursa;gida_icecek;C10-C11;mikro;1-9;2013;Gida ve icecek urunleri;kompozit;0.2753;0.158;0.4529;0.7032;2023;False;synthetic;"config.SECTORS + config.SIZE_BANDS ile parametrize log-normal olcek; Beta dagilimli dis ticaret ve veri olgunlugu";SYN-GEN-01
SYN-FRM-000402;True;Istanbul;ilac;C21;kucuk;10-49;2014;Ilac ve tibbi urunler;plastik;0.3533;0.3522;0.0665;0.4643;2026;False;synthetic;"config.SECTORS + config.SIZE_BANDS ile parametrize log-normal olcek; Beta dagilimli dis ticaret ve veri olgunlugu";SYN-GEN-01
SYN-FRM-000403;True;Istanbul;otomotiv_yan_sanayi;C29.3;kucuk;10-49;1989;Otomotiv yan sanayi parcalari;kagit_karton;0.5435;0.329;0.5728;0.5335;2025;False;synthetic;"config.SECTORS + config.SIZE_BANDS ile parametrize log-normal olcek; Beta dagilimli dis ticaret ve veri olgunlugu";SYN-GEN-01
SYN-FRM-000404;True;Bursa;gida_icecek;C10-C11;mikro;1-9;1994;Gida ve icecek urunleri;cam;0.3208;0.1369;0.432;0.1436;2024;False;synthetic;"config.SECTORS + config.SIZE_BANDS ile parametrize log-normal olcek; Beta dagilimli dis ticaret ve veri olgunlugu";SYN-GEN-01
SYN-FRM-000405;True;Eskisehir;elektronik;C26-C27;orta;50-249;2015;Kozmetik ve kisisel bakim;ahsap;0.1529;0.1172;0.4123;0.2005;2023;True;synthetic;"config.SECTORS + config.SIZE_BANDS ile parametrize log-normal olcek; Beta dagilimli dis ticaret ve veri olgunlugu";SYN-GEN-01
SYN-FRM-000406;True;Ankara;otomotiv_yan_sanayi;C29.3;kucuk;10-49;1989;Otomotiv yan sanayi parcalari;plastik;0.7554;0.3639;0.54;0.4163;2023;False;synthetic;"config.SECTORS + config.SIZE_BANDS ile parametrize log-normal olcek; Beta dagilimli dis ticaret ve veri olgunlugu";SYN-GEN-01
SYN-FRM-000407;True;Sakarya;kozmetik;C20.42;kucuk;10-49;2025;Kozmetik ve kisisel bakim;plastik;0.2847;0.2142;0.7648;0.6537;2025;False;synthetic;"config.SECTORS + config.SIZE_BANDS ile parametrize log-normal olcek; Beta dagilimli dis ticaret ve veri olgunlugu";SYN-GEN-01
SYN-FRM-000408;True;Istanbul;ilac;C21;kucuk;10-49;1998;Ilac ve tibbi urunler;kagit_karton;0.4989;0.6553;0.5673;0.6598;2026;False;synthetic;"config.SECTORS + config.SIZE_BANDS ile parametrize log-normal olcek; Beta dagilimli dis ticaret ve veri olgunlugu";SYN-GEN-01
SYN-FRM-000409;True;Bursa;otomotiv_yan_sanayi;C29.3;mikro;1-9;2006;Otomotiv yan sanayi parcalari;metal;0.8847;0.2133;0.2139;0.4934;2025;False;synthetic;"config.SECTORS + config.SIZE_BANDS ile parametrize log-normal olcek; Beta dagilimli dis ticaret ve veri olgunlugu";SYN-GEN-01
SYN-FRM-000410;True;Istanbul;otomotiv_yan_sanayi;C29.3;kucuk;10-49;2016;Otomotiv yan sanayi parcalari;plastik;0.5159;0.4122;0.7785;0.8289;2025;False;synthetic;"config.SECTORS + config.SIZE_BANDS ile parametrize log-normal olcek; Beta dagilimli dis ticaret ve veri olgunlugu";SYN-GEN-01
SYN-FRM-000411;True;Istanbul;tekstil;C13-C14;kucuk;10-49;2022;Tekstil ve hazir giyim;plastik;0.6275;0.1978;0.4645;0.4826;2023;False;synthetic;"config.SECTORS + config.SIZE_BANDS ile parametrize log-normal olcek; Beta dagilimli dis ticaret ve veri olgunlugu";SYN-GEN-01
SYN-FRM-000412;True;Mersin;kimya_boya;C20.3;mikro;1-9;2024;Kimyasal urunler ve boya;plastik;0.3874;0.3133;0.3253;0.2581;2024;False;synthetic;"config.SECTORS + config.SIZE_BANDS ile parametrize log-normal olcek; Beta dagilimli dis ticaret ve veri olgunlugu";SYN-GEN-01
SYN-FRM-000413;True;Sakarya;gida_icecek;C10-C11;kucuk;10-49;1990;Gida ve icecek urunleri;cam;0.2858;0.0916;0.4601;0.188;2023;False;synthetic;"config.SECTORS + config.SIZE_BANDS ile parametrize log-normal olcek; Beta dagilimli dis ticaret ve veri olgunlugu";SYN-GEN-01
SYN-FRM-000414;True;Corum;tekstil;C13-C14;kucuk;10-49;2005;Tekstil ve hazir giyim;kagit_karton;0.7852;0.2264;0.7534;0.5545;2023;False;synthetic;"config.SECTORS + config.SIZE_BANDS ile parametrize log-normal olcek; Beta dagilimli dis ticaret ve veri olgunlugu";SYN-GEN-01
SYN-FRM-000415;True;Konya;tekstil;C13-C14;kucuk;10-49;2011;Tekstil ve hazir giyim;plastik;0.6789;0.2222;0.5558;0.7634;2024;False;synthetic;"config.SECTORS + config.SIZE_BANDS ile parametrize log-normal olcek; Beta dagilimli dis ticaret ve veri olgunlugu";SYN-GEN-01
SYN-FRM-000416;True;Konya;ilac;C21;orta;50-249;1986;Ilac ve tibbi urunler;plastik;0.2924;0.4409;0.7256;0.2385;2024;False;synthetic;"config.SECTORS + config.SIZE_BANDS ile parametrize log-normal olcek; Beta dagilimli dis ticaret ve veri olgunlugu";SYN-GEN-01
SYN-FRM-000417;True;Istanbul;ev_temizlik;C20.41;mikro;1-9;1996;Ev temizlik urunleri;plastik;0.2771;0.2155;0.2857;0.0665;2026;False;synthetic;"config.SECTORS + config.SIZE_BANDS ile parametrize log-normal olcek; Beta dagilimli dis ticaret ve veri olgunlugu";SYN-GEN-01
SYN-FRM-000418;True;Istanbul;ilac;C21;mikro;1-9;1993;Ilac ve tibbi urunler;plastik;0.1743;0.2458;0.3829;0.2127;2024;False;synthetic;"config.SECTORS + config.SIZE_BANDS ile parametrize log-normal olcek; Beta dagilimli dis ticaret ve veri olgunlugu";SYN-GEN-01
SYN-FRM-000419;True;Ankara;tekstil;C13-C14;mikro;1-9;1985;Tekstil ve hazir giyim;kagit_karton;0.8274;0.1475;0.1913;0.4532;2025;False;synthetic;"config.SECTORS + config.SIZE_BANDS ile parametrize log-normal olcek; Beta dagilimli dis ticaret ve veri olgunlugu";SYN-GEN-01
SYN-FRM-000420;True;Istanbul;elektronik;C26-C27;kucuk;10-49;1993;Elektrikli ve elektronik esya;plastik;0.4373;0.5739;0.728;0.4169;2025;False;synthetic;"config.SECTORS + config.SIZE_BANDS ile parametrize log-normal olcek; Beta dagilimli dis ticaret ve veri olgunlugu";SYN-GEN-01
SYN-FRM-000421;True;Kocaeli;kimya_boya;C20.3;mikro;1-9;1991;Kimyasal urunler ve boya;kagit_karton;0.1866;0.5844;0.0791;0.1806;2026;False;synthetic;"config.SECTORS + config.SIZE_BANDS ile parametrize log-normal olcek; Beta dagilimli dis ticaret ve veri olgunlugu";SYN-GEN-01
SYN-FRM-000422;True;Adana;gida_icecek;C10-C11;kucuk;10-49;2025;Gida ve icecek urunleri;plastik;0.0892;0.0361;0.0616;0.2252;2026;False;synthetic;"config.SECTORS + config.SIZE_BANDS ile parametrize log-normal olcek; Beta dagilimli dis ticaret ve veri olgunlugu";SYN-GEN-01
SYN-FRM-000423;True;Bursa;ev_temizlik;C20.41;kucuk;10-49;1994;Ev temizlik urunleri;plastik;0.2021;0.0149;0.754;0.285;2021;False;synthetic;"config.SECTORS + config.SIZE_BANDS ile parametrize log-normal olcek; Beta dagilimli dis ticaret ve veri olgunlugu";SYN-GEN-01
SYN-FRM-000424;True;Corum;elektronik;C26-C27;kucuk;10-49;2002;Elektrikli ve elektronik esya;plastik;0.4347;0.8542;0.2672;0.3911;2025;False;synthetic;"config.SECTORS + config.SIZE_BANDS ile parametrize log-normal olcek; Beta dagilimli dis ticaret ve veri olgunlugu";SYN-GEN-01
SYN-FRM-000425;True;Manisa;otomotiv_yan_sanayi;C29.3;kucuk;10-49;2019;Otomotiv yan sanayi parcalari;metal;0.3617;0.6984;0.2937;0.4934;2023;False;synthetic;"config.SECTORS + config.SIZE_BANDS ile parametrize log-normal olcek; Beta dagilimli dis ticaret ve veri olgunlugu";SYN-GEN-01
SYN-FRM-000426;True;Ankara;elektronik;C26-C27;kucuk;10-49;2024;Elektrikli ve elektronik esya;kagit_karton;0.338;0.4047;0.4634;0.5495;2025;False;synthetic;"config.SECTORS + config.SIZE_BANDS ile parametrize log-normal olcek; Beta dagilimli dis ticaret ve veri olgunlugu";SYN-GEN-01
SYN-FRM-000427;True;Antalya;gida_icecek;C10-C11;kucuk;10-49;2017;Gida ve icecek urunleri;kagit_karton;0.1112;0.1168;0.5616;0.4709;2026;False;synthetic;"config.SECTORS + config.SIZE_BANDS ile parametrize log-normal olcek; Beta dagilimli dis ticaret ve veri olgunlugu";SYN-GEN-01
SYN-FRM-000428;True;Samsun;ilac;C21;kucuk;10-49;2004;Ilac ve tibbi urunler;kagit_karton;0.2634;0.1605;0.2969;0.6156;2026;False;synthetic;"config.SECTORS + config.SIZE_BANDS ile parametrize log-normal olcek; Beta dagilimli dis ticaret ve veri olgunlugu";SYN-GEN-01
SYN-FRM-000429;True;Tekirdag;ev_temizlik;C20.41;kucuk;10-49;2011;Ev temizlik urunleri;plastik;0.2434;0.2392;0.8209;0.656;2025;False;synthetic;"config.SECTORS + config.SIZE_BANDS ile parametrize log-normal olcek; Beta dagilimli dis ticaret ve veri olgunlugu";SYN-GEN-01
SYN-FRM-000430;True;Bursa;otomotiv_yan_sanayi;C29.3;mikro;1-9;1990;Otomotiv yan sanayi parcalari;kompozit;0.6277;0.5965;0.02;0.3215;2026;False;synthetic;"config.SECTORS + config.SIZE_BANDS ile parametrize log-normal olcek; Beta dagilimli dis ticaret ve veri olgunlugu";SYN-GEN-01
SYN-FRM-000431;True;Corum;gida_icecek;C10-C11;kucuk;10-49;2001;Gida ve icecek urunleri;plastik;0.1151;0.3709;0.8702;1.0;2025;False;synthetic;"config.SECTORS + config.SIZE_BANDS ile parametrize log-normal olcek; Beta dagilimli dis ticaret ve veri olgunlugu";SYN-GEN-01
SYN-FRM-000432;True;Gaziantep;ev_temizlik;C20.41;mikro;1-9;1998;Ev temizlik urunleri;plastik;0.4317;0.2088;0.4826;0.6758;2020;False;synthetic;"config.SECTORS + config.SIZE_BANDS ile parametrize log-normal olcek; Beta dagilimli dis ticaret ve veri olgunlugu";SYN-GEN-01
SYN-FRM-000433;True;Kocaeli;kimya_boya;C20.3;mikro;1-9;2017;Kimyasal urunler ve boya;metal;0.3812;0.3943;0.02;0.3633;2023;False;synthetic;"config.SECTORS + config.SIZE_BANDS ile parametrize log-normal olcek; Beta dagilimli dis ticaret ve veri olgunlugu";SYN-GEN-01
SYN-FRM-000434;True;Denizli;gida_icecek;C10-C11;kucuk;10-49;2019;Gida ve icecek urunleri;plastik;0.0718;0.0343;0.2695;0.2883;2026;False;synthetic;"config.SECTORS + config.SIZE_BANDS ile parametrize log-normal olcek; Beta dagilimli dis ticaret ve veri olgunlugu";SYN-GEN-01
SYN-FRM-000435;True;Adana;gida_icecek;C10-C11;orta;50-249;1993;Gida ve icecek urunleri;cam;0.1387;0.1711;0.3251;0.3478;2025;False;synthetic;"config.SECTORS + config.SIZE_BANDS ile parametrize log-normal olcek; Beta dagilimli dis ticaret ve veri olgunlugu";SYN-GEN-01
SYN-FRM-000436;True;Ankara;gida_icecek;C10-C11;mikro;1-9;2014;Gida ve icecek urunleri;kompozit;0.2693;0.0254;0.2984;0.1475;2026;False;synthetic;"config.SECTORS + config.SIZE_BANDS ile parametrize log-normal olcek; Beta dagilimli dis ticaret ve veri olgunlugu";SYN-GEN-01
SYN-FRM-000437;True;Istanbul;kozmetik;C20.42;mikro;1-9;2023;Kozmetik ve kisisel bakim;plastik;0.634;0.1255;0.0583;0.3873;2020;False;synthetic;"config.SECTORS + config.SIZE_BANDS ile parametrize log-normal olcek; Beta dagilimli dis ticaret ve veri olgunlugu";SYN-GEN-01
SYN-FRM-000438;True;Istanbul;otomotiv_yan_sanayi;C29.3;mikro;1-9;2004;Otomotiv yan sanayi parcalari;kagit_karton;0.4739;0.4426;0.5308;0.4966;2025;False;synthetic;"config.SECTORS + config.SIZE_BANDS ile parametrize log-normal olcek; Beta dagilimli dis ticaret ve veri olgunlugu";SYN-GEN-01
SYN-FRM-000439;True;Gaziantep;kimya_boya;C20.3;kucuk;10-49;1991;Kimyasal urunler ve boya;metal;0.2837;0.6557;0.2833;0.1746;2026;False;synthetic;"config.SECTORS + config.SIZE_BANDS ile parametrize log-normal olcek; Beta dagilimli dis ticaret ve veri olgunlugu";SYN-GEN-01
SYN-FRM-000440;True;Bursa;ilac;C21;mikro;1-9;2018;Ilac ve tibbi urunler;kagit_karton;0.1012;0.7361;0.4752;0.4993;2025;False;synthetic;"config.SECTORS + config.SIZE_BANDS ile parametrize log-normal olcek; Beta dagilimli dis ticaret ve veri olgunlugu";SYN-GEN-01
SYN-FRM-000441;True;Tekirdag;gida_icecek;C10-C11;orta;50-249;2017;Gida ve icecek urunleri;plastik;0.325;0.0318;0.9514;0.5442;2024;False;synthetic;"config.SECTORS + config.SIZE_BANDS ile parametrize log-normal olcek; Beta dagilimli dis ticaret ve veri olgunlugu";SYN-GEN-01
SYN-FRM-000442;True;Istanbul;elektronik;C26-C27;orta;50-249;2025;Elektrikli ve elektronik esya;metal;0.3809;0.6408;0.4707;0.6491;2019;False;synthetic;"config.SECTORS + config.SIZE_BANDS ile parametrize log-normal olcek; Beta dagilimli dis ticaret ve veri olgunlugu";SYN-GEN-01
SYN-FRM-000443;True;Sakarya;elektronik;C26-C27;orta;50-249;2002;Elektrikli ve elektronik esya;plastik;0.1659;0.57;0.6303;0.4889;2025;False;synthetic;"config.SECTORS + config.SIZE_BANDS ile parametrize log-normal olcek; Beta dagilimli dis ticaret ve veri olgunlugu";SYN-GEN-01
SYN-FRM-000444;True;Istanbul;otomotiv_yan_sanayi;C29.3;mikro;1-9;2014;Otomotiv yan sanayi parcalari;kagit_karton;0.5054;0.3845;0.7809;0.8804;2023;False;synthetic;"config.SECTORS + config.SIZE_BANDS ile parametrize log-normal olcek; Beta dagilimli dis ticaret ve veri olgunlugu";SYN-GEN-01
SYN-FRM-000445;True;Istanbul;otomotiv_yan_sanayi;C29.3;mikro;1-9;1998;Otomotiv yan sanayi parcalari;kagit_karton;0.4877;0.2625;0.0971;0.1969;2026;False;synthetic;"config.SECTORS + config.SIZE_BANDS ile parametrize log-normal olcek; Beta dagilimli dis ticaret ve veri olgunlugu";SYN-GEN-01
SYN-FRM-000446;True;Sakarya;kozmetik;C20.42;kucuk;10-49;1985;Kozmetik ve kisisel bakim;kagit_karton;0.2344;0.2544;0.4061;0.6256;2025;False;synthetic;"config.SECTORS + config.SIZE_BANDS ile parametrize log-normal olcek; Beta dagilimli dis ticaret ve veri olgunlugu";SYN-GEN-01
SYN-FRM-000447;True;Izmir;kimya_boya;C20.3;mikro;1-9;2021;Otomotiv yan sanayi parcalari;kagit_karton;0.6192;0.7799;0.5205;0.3834;2024;True;synthetic;"config.SECTORS + config.SIZE_BANDS ile parametrize log-normal olcek; Beta dagilimli dis ticaret ve veri olgunlugu";SYN-GEN-01
SYN-FRM-000448;True;Istanbul;elektronik;C26-C27;orta;50-249;2004;Elektrikli ve elektronik esya;metal;0.4193;0.6806;0.3202;0.2136;2024;False;synthetic;"config.SECTORS + config.SIZE_BANDS ile parametrize log-normal olcek; Beta dagilimli dis ticaret ve veri olgunlugu";SYN-GEN-01
SYN-FRM-000449;True;Tekirdag;gida_icecek;C10-C11;mikro;1-9;2012;Gida ve icecek urunleri;kompozit;0.1011;0.0784;0.7592;0.5863;2023;False;synthetic;"config.SECTORS + config.SIZE_BANDS ile parametrize log-normal olcek; Beta dagilimli dis ticaret ve veri olgunlugu";SYN-GEN-01
SYN-FRM-000450;True;Izmir;otomotiv_yan_sanayi;C29.3;mikro;1-9;1992;Otomotiv yan sanayi parcalari;metal;0.5329;0.3753;0.02;0.4125;2021;False;synthetic;"config.SECTORS + config.SIZE_BANDS ile parametrize log-normal olcek; Beta dagilimli dis ticaret ve veri olgunlugu";SYN-GEN-01
SYN-FRM-000451;True;Adana;tekstil;C13-C14;orta;50-249;2020;Tekstil ve hazir giyim;plastik;0.525;0.457;0.6793;0.583;2023;False;synthetic;"config.SECTORS + config.SIZE_BANDS ile parametrize log-normal olcek; Beta dagilimli dis ticaret ve veri olgunlugu";SYN-GEN-01
SYN-FRM-000452;True;Samsun;kimya_boya;C20.3;buyuk;250-5000;2005;Ilac ve tibbi urunler;kagit_karton;0.094;0.4869;0.8367;0.7534;2025;True;synthetic;"config.SECTORS + config.SIZE_BANDS ile parametrize log-normal olcek; Beta dagilimli dis ticaret ve veri olgunlugu";SYN-GEN-01
SYN-FRM-000453;True;Istanbul;kimya_boya;C20.3;buyuk;250-5000;2016;Kimyasal urunler ve boya;metal;0.7881;0.3847;0.99;0.5754;2024;False;synthetic;"config.SECTORS + config.SIZE_BANDS ile parametrize log-normal olcek; Beta dagilimli dis ticaret ve veri olgunlugu";SYN-GEN-01
SYN-FRM-000454;True;Kocaeli;gida_icecek;C10-C11;kucuk;10-49;1985;Gida ve icecek urunleri;plastik;0.0916;0.1803;0.3213;0.396;2020;False;synthetic;"config.SECTORS + config.SIZE_BANDS ile parametrize log-normal olcek; Beta dagilimli dis ticaret ve veri olgunlugu";SYN-GEN-01
SYN-FRM-000455;True;Istanbul;gida_icecek;C10-C11;mikro;1-9;1997;Gida ve icecek urunleri;plastik;0.0876;0.0893;0.7223;0.5374;2019;False;synthetic;"config.SECTORS + config.SIZE_BANDS ile parametrize log-normal olcek; Beta dagilimli dis ticaret ve veri olgunlugu";SYN-GEN-01
SYN-FRM-000456;True;Eskisehir;gida_icecek;C10-C11;kucuk;10-49;2001;Gida ve icecek urunleri;metal;0.5447;0.1992;0.8019;0.93;2026;False;synthetic;"config.SECTORS + config.SIZE_BANDS ile parametrize log-normal olcek; Beta dagilimli dis ticaret ve veri olgunlugu";SYN-GEN-01
SYN-FRM-000457;True;Istanbul;tekstil;C13-C14;orta;50-249;2008;Tekstil ve hazir giyim;kagit_karton;0.7459;0.1398;0.8571;0.8835;2026;False;synthetic;"config.SECTORS + config.SIZE_BANDS ile parametrize log-normal olcek; Beta dagilimli dis ticaret ve veri olgunlugu";SYN-GEN-01
SYN-FRM-000458;True;Denizli;gida_icecek;C10-C11;orta;50-249;2002;Gida ve icecek urunleri;plastik;0.1081;0.1334;0.5209;0.831;2024;False;synthetic;"config.SECTORS + config.SIZE_BANDS ile parametrize log-normal olcek; Beta dagilimli dis ticaret ve veri olgunlugu";SYN-GEN-01
SYN-FRM-000459;True;Ankara;otomotiv_yan_sanayi;C29.3;orta;50-249;1990;Otomotiv yan sanayi parcalari;metal;0.6302;0.3655;0.5575;0.5;2023;False;synthetic;"config.SECTORS + config.SIZE_BANDS ile parametrize log-normal olcek; Beta dagilimli dis ticaret ve veri olgunlugu";SYN-GEN-01
SYN-FRM-000460;True;Ankara;kozmetik;C20.42;buyuk;250-5000;2009;Kozmetik ve kisisel bakim;plastik;0.3638;0.5669;0.631;0.5611;2026;False;synthetic;"config.SECTORS + config.SIZE_BANDS ile parametrize log-normal olcek; Beta dagilimli dis ticaret ve veri olgunlugu";SYN-GEN-01
SYN-FRM-000461;True;Ankara;kozmetik;C20.42;mikro;1-9;2006;Kozmetik ve kisisel bakim;kagit_karton;0.158;0.2176;0.2743;0.5012;2026;False;synthetic;"config.SECTORS + config.SIZE_BANDS ile parametrize log-normal olcek; Beta dagilimli dis ticaret ve veri olgunlugu";SYN-GEN-01
SYN-FRM-000462;True;Kocaeli;otomotiv_yan_sanayi;C29.3;kucuk;10-49;2022;Otomotiv yan sanayi parcalari;kagit_karton;0.6469;0.3039;0.1922;0.5258;2023;False;synthetic;"config.SECTORS + config.SIZE_BANDS ile parametrize log-normal olcek; Beta dagilimli dis ticaret ve veri olgunlugu";SYN-GEN-01
SYN-FRM-000463;True;Bursa;elektronik;C26-C27;kucuk;10-49;2015;Elektrikli ve elektronik esya;plastik;0.4989;0.342;0.7079;0.33;2026;False;synthetic;"config.SECTORS + config.SIZE_BANDS ile parametrize log-normal olcek; Beta dagilimli dis ticaret ve veri olgunlugu";SYN-GEN-01
SYN-FRM-000464;True;Tekirdag;ilac;C21;kucuk;10-49;2009;Ilac ve tibbi urunler;plastik;0.3121;0.4083;0.8862;0.5362;2025;False;synthetic;"config.SECTORS + config.SIZE_BANDS ile parametrize log-normal olcek; Beta dagilimli dis ticaret ve veri olgunlugu";SYN-GEN-01
SYN-FRM-000465;True;Istanbul;ilac;C21;kucuk;10-49;2009;Ilac ve tibbi urunler;kagit_karton;0.4365;0.3662;0.6363;0.5741;2023;False;synthetic;"config.SECTORS + config.SIZE_BANDS ile parametrize log-normal olcek; Beta dagilimli dis ticaret ve veri olgunlugu";SYN-GEN-01
SYN-FRM-000466;True;Eskisehir;kozmetik;C20.42;buyuk;250-5000;2000;Kozmetik ve kisisel bakim;cam;0.3738;0.2128;0.6737;0.8979;2023;False;synthetic;"config.SECTORS + config.SIZE_BANDS ile parametrize log-normal olcek; Beta dagilimli dis ticaret ve veri olgunlugu";SYN-GEN-01
SYN-FRM-000467;True;Ankara;ilac;C21;mikro;1-9;2010;Ilac ve tibbi urunler;ahsap;0.732;0.6711;0.02;0.1209;2025;False;synthetic;"config.SECTORS + config.SIZE_BANDS ile parametrize log-normal olcek; Beta dagilimli dis ticaret ve veri olgunlugu";SYN-GEN-01
SYN-FRM-000468;True;Antalya;tekstil;C13-C14;mikro;1-9;2012;Tekstil ve hazir giyim;kagit_karton;0.7443;0.5316;0.4691;0.7719;2026;False;synthetic;"config.SECTORS + config.SIZE_BANDS ile parametrize log-normal olcek; Beta dagilimli dis ticaret ve veri olgunlugu";SYN-GEN-01
SYN-FRM-000469;True;Gaziantep;gida_icecek;C10-C11;kucuk;10-49;1989;Gida ve icecek urunleri;kagit_karton;0.3794;0.2305;0.6508;0.5464;2025;False;synthetic;"config.SECTORS + config.SIZE_BANDS ile parametrize log-normal olcek; Beta dagilimli dis ticaret ve veri olgunlugu";SYN-GEN-01
SYN-FRM-000470;True;Antalya;tekstil;C13-C14;kucuk;10-49;2003;Tekstil ve hazir giyim;kagit_karton;0.9869;0.5362;0.7575;0.8355;2025;False;synthetic;"config.SECTORS + config.SIZE_BANDS ile parametrize log-normal olcek; Beta dagilimli dis ticaret ve veri olgunlugu";SYN-GEN-01
SYN-FRM-000471;True;Konya;ev_temizlik;C20.41;buyuk;250-5000;2025;Ev temizlik urunleri;plastik;0.3436;0.1351;0.99;0.8985;2019;False;synthetic;"config.SECTORS + config.SIZE_BANDS ile parametrize log-normal olcek; Beta dagilimli dis ticaret ve veri olgunlugu";SYN-GEN-01
SYN-FRM-000472;True;Sakarya;kozmetik;C20.42;kucuk;10-49;2020;Kozmetik ve kisisel bakim;cam;0.129;0.5276;0.8183;0.5408;2024;False;synthetic;"config.SECTORS + config.SIZE_BANDS ile parametrize log-normal olcek; Beta dagilimli dis ticaret ve veri olgunlugu";SYN-GEN-01
SYN-FRM-000473;True;Kocaeli;gida_icecek;C10-C11;kucuk;10-49;1999;Gida ve icecek urunleri;ahsap;0.3293;0.0357;0.5371;0.654;2026;False;synthetic;"config.SECTORS + config.SIZE_BANDS ile parametrize log-normal olcek; Beta dagilimli dis ticaret ve veri olgunlugu";SYN-GEN-01
SYN-FRM-000474;True;Kocaeli;tekstil;C13-C14;kucuk;10-49;2011;Tekstil ve hazir giyim;metal;0.7557;0.3632;0.7698;0.8634;2024;False;synthetic;"config.SECTORS + config.SIZE_BANDS ile parametrize log-normal olcek; Beta dagilimli dis ticaret ve veri olgunlugu";SYN-GEN-01
SYN-FRM-000475;True;Samsun;gida_icecek;C10-C11;kucuk;10-49;2011;Gida ve icecek urunleri;plastik;0.0112;0.2451;0.9025;0.7203;2023;False;synthetic;"config.SECTORS + config.SIZE_BANDS ile parametrize log-normal olcek; Beta dagilimli dis ticaret ve veri olgunlugu";SYN-GEN-01
SYN-FRM-000476;True;Istanbul;ev_temizlik;C20.41;orta;50-249;2014;Ev temizlik urunleri;kagit_karton;0.2141;0.2974;0.9538;0.1583;2025;False;synthetic;"config.SECTORS + config.SIZE_BANDS ile parametrize log-normal olcek; Beta dagilimli dis ticaret ve veri olgunlugu";SYN-GEN-01
SYN-FRM-000477;True;Konya;tekstil;C13-C14;buyuk;250-5000;1999;Tekstil ve hazir giyim;kagit_karton;0.7324;0.1699;0.6263;0.8456;2023;False;synthetic;"config.SECTORS + config.SIZE_BANDS ile parametrize log-normal olcek; Beta dagilimli dis ticaret ve veri olgunlugu";SYN-GEN-01
SYN-FRM-000478;True;Ankara;gida_icecek;C10-C11;buyuk;250-5000;2002;Gida ve icecek urunleri;plastik;0.5698;0.0105;0.99;0.4453;2025;False;synthetic;"config.SECTORS + config.SIZE_BANDS ile parametrize log-normal olcek; Beta dagilimli dis ticaret ve veri olgunlugu";SYN-GEN-01
SYN-FRM-000479;True;Izmir;otomotiv_yan_sanayi;C29.3;kucuk;10-49;1999;Otomotiv yan sanayi parcalari;kagit_karton;0.7189;0.4086;0.0973;0.3869;2019;False;synthetic;"config.SECTORS + config.SIZE_BANDS ile parametrize log-normal olcek; Beta dagilimli dis ticaret ve veri olgunlugu";SYN-GEN-01
SYN-FRM-000480;True;Denizli;tekstil;C13-C14;mikro;1-9;1991;Tekstil ve hazir giyim;kagit_karton;0.7866;0.1545;0.0626;0.3727;2025;False;synthetic;"config.SECTORS + config.SIZE_BANDS ile parametrize log-normal olcek; Beta dagilimli dis ticaret ve veri olgunlugu";SYN-GEN-01
SYN-FRM-000481;True;Ankara;elektronik;C26-C27;kucuk;10-49;1993;Elektrikli ve elektronik esya;kompozit;0.4614;0.6523;0.7868;0.6374;2023;False;synthetic;"config.SECTORS + config.SIZE_BANDS ile parametrize log-normal olcek; Beta dagilimli dis ticaret ve veri olgunlugu";SYN-GEN-01
SYN-FRM-000482;True;Izmir;kimya_boya;C20.3;mikro;1-9;1994;Kimyasal urunler ve boya;plastik;0.144;0.6681;0.3009;0.1435;2025;False;synthetic;"config.SECTORS + config.SIZE_BANDS ile parametrize log-normal olcek; Beta dagilimli dis ticaret ve veri olgunlugu";SYN-GEN-01
SYN-FRM-000483;True;Mersin;kozmetik;C20.42;orta;50-249;1992;Kozmetik ve kisisel bakim;plastik;0.4605;0.3229;0.1678;0.4125;2026;False;synthetic;"config.SECTORS + config.SIZE_BANDS ile parametrize log-normal olcek; Beta dagilimli dis ticaret ve veri olgunlugu";SYN-GEN-01
SYN-FRM-000484;True;Istanbul;gida_icecek;C10-C11;kucuk;10-49;2003;Gida ve icecek urunleri;plastik;0.1734;0.3211;0.5798;0.3533;2024;False;synthetic;"config.SECTORS + config.SIZE_BANDS ile parametrize log-normal olcek; Beta dagilimli dis ticaret ve veri olgunlugu";SYN-GEN-01
SYN-FRM-000485;True;Konya;ev_temizlik;C20.41;mikro;1-9;2024;Ev temizlik urunleri;plastik;0.483;0.0896;0.1411;0.3645;2023;False;synthetic;"config.SECTORS + config.SIZE_BANDS ile parametrize log-normal olcek; Beta dagilimli dis ticaret ve veri olgunlugu";SYN-GEN-01
SYN-FRM-000486;True;Corum;gida_icecek;C10-C11;mikro;1-9;1998;Gida ve icecek urunleri;plastik;0.2974;0.277;0.02;0.3268;2025;False;synthetic;"config.SECTORS + config.SIZE_BANDS ile parametrize log-normal olcek; Beta dagilimli dis ticaret ve veri olgunlugu";SYN-GEN-01
SYN-FRM-000487;True;Antalya;ev_temizlik;C20.41;orta;50-249;1992;Ev temizlik urunleri;plastik;0.15;0.1265;0.7826;0.6214;2025;False;synthetic;"config.SECTORS + config.SIZE_BANDS ile parametrize log-normal olcek; Beta dagilimli dis ticaret ve veri olgunlugu";SYN-GEN-01
SYN-FRM-000488;True;Eskisehir;elektronik;C26-C27;orta;50-249;1995;Elektrikli ve elektronik esya;kagit_karton;0.2008;0.6405;0.3102;0.1998;2025;False;synthetic;"config.SECTORS + config.SIZE_BANDS ile parametrize log-normal olcek; Beta dagilimli dis ticaret ve veri olgunlugu";SYN-GEN-01
SYN-FRM-000489;True;Konya;gida_icecek;C10-C11;kucuk;10-49;1995;Gida ve icecek urunleri;plastik;0.1488;0.149;0.2252;0.3488;2023;False;synthetic;"config.SECTORS + config.SIZE_BANDS ile parametrize log-normal olcek; Beta dagilimli dis ticaret ve veri olgunlugu";SYN-GEN-01
SYN-FRM-000490;True;Izmir;ilac;C21;mikro;1-9;2007;Ilac ve tibbi urunler;plastik;0.2997;0.4435;0.3378;0.3918;2023;False;synthetic;"config.SECTORS + config.SIZE_BANDS ile parametrize log-normal olcek; Beta dagilimli dis ticaret ve veri olgunlugu";SYN-GEN-01
SYN-FRM-000491;True;Istanbul;gida_icecek;C10-C11;kucuk;10-49;2024;Gida ve icecek urunleri;plastik;0.0759;0.0834;0.0583;0.4312;2026;False;synthetic;"config.SECTORS + config.SIZE_BANDS ile parametrize log-normal olcek; Beta dagilimli dis ticaret ve veri olgunlugu";SYN-GEN-01
SYN-FRM-000492;True;Tekirdag;gida_icecek;C10-C11;kucuk;10-49;2012;Gida ve icecek urunleri;kompozit;0.3152;0.0305;0.564;0.6502;2023;False;synthetic;"config.SECTORS + config.SIZE_BANDS ile parametrize log-normal olcek; Beta dagilimli dis ticaret ve veri olgunlugu";SYN-GEN-01
SYN-FRM-000493;True;Balikesir;tekstil;C13-C14;orta;50-249;2009;Tekstil ve hazir giyim;plastik;0.6079;0.3739;0.8293;0.8232;2025;False;synthetic;"config.SECTORS + config.SIZE_BANDS ile parametrize log-normal olcek; Beta dagilimli dis ticaret ve veri olgunlugu";SYN-GEN-01
SYN-FRM-000494;True;Kayseri;tekstil;C13-C14;kucuk;10-49;2023;Tekstil ve hazir giyim;plastik;0.8958;0.2319;0.4921;0.3039;2023;False;synthetic;"config.SECTORS + config.SIZE_BANDS ile parametrize log-normal olcek; Beta dagilimli dis ticaret ve veri olgunlugu";SYN-GEN-01
SYN-FRM-000495;True;Tekirdag;elektronik;C26-C27;orta;50-249;1989;Elektrikli ve elektronik esya;ahsap;0.6831;0.5205;0.6479;0.7748;2021;False;synthetic;"config.SECTORS + config.SIZE_BANDS ile parametrize log-normal olcek; Beta dagilimli dis ticaret ve veri olgunlugu";SYN-GEN-01
SYN-FRM-000496;True;Izmir;tekstil;C13-C14;mikro;1-9;1992;Tekstil ve hazir giyim;kagit_karton;0.5719;0.2905;0.447;0.5802;2019;False;synthetic;"config.SECTORS + config.SIZE_BANDS ile parametrize log-normal olcek; Beta dagilimli dis ticaret ve veri olgunlugu";SYN-GEN-01
SYN-FRM-000497;True;Istanbul;elektronik;C26-C27;kucuk;10-49;2023;Elektrikli ve elektronik esya;ahsap;0.3298;0.567;0.8132;0.8088;2024;False;synthetic;"config.SECTORS + config.SIZE_BANDS ile parametrize log-normal olcek; Beta dagilimli dis ticaret ve veri olgunlugu";SYN-GEN-01
SYN-FRM-000498;True;Eskisehir;gida_icecek;C10-C11;orta;50-249;2014;Gida ve icecek urunleri;plastik;0.1047;0.3605;0.8655;0.4963;2025;False;synthetic;"config.SECTORS + config.SIZE_BANDS ile parametrize log-normal olcek; Beta dagilimli dis ticaret ve veri olgunlugu";SYN-GEN-01
SYN-FRM-000499;True;Bursa;kozmetik;C20.42;mikro;1-9;1987;Kozmetik ve kisisel bakim;kagit_karton;0.3394;0.5581;0.1657;0.5046;2026;False;synthetic;"config.SECTORS + config.SIZE_BANDS ile parametrize log-normal olcek; Beta dagilimli dis ticaret ve veri olgunlugu";SYN-GEN-01
SYN-FRM-000500;True;Istanbul;kozmetik;C20.42;mikro;1-9;1991;Kozmetik ve kisisel bakim;cam;0.5604;0.1059;0.2341;0.1696;2026;False;synthetic;"config.SECTORS + config.SIZE_BANDS ile parametrize log-normal olcek; Beta dagilimli dis ticaret ve veri olgunlugu";SYN-GEN-01
SYN-FRM-000501;True;Eskisehir;gida_icecek;C10-C11;orta;50-249;1987;Gida ve icecek urunleri;plastik;0.081;0.2047;0.8695;0.4518;2026;False;synthetic;"config.SECTORS + config.SIZE_BANDS ile parametrize log-normal olcek; Beta dagilimli dis ticaret ve veri olgunlugu";SYN-GEN-01
SYN-FRM-000502;True;Bursa;elektronik;C26-C27;buyuk;250-5000;2014;Elektrikli ve elektronik esya;metal;0.785;0.7202;0.8313;0.7743;2024;False;synthetic;"config.SECTORS + config.SIZE_BANDS ile parametrize log-normal olcek; Beta dagilimli dis ticaret ve veri olgunlugu";SYN-GEN-01
SYN-FRM-000503;True;Tekirdag;gida_icecek;C10-C11;kucuk;10-49;1997;Gida ve icecek urunleri;plastik;0.1944;0.0528;0.8442;0.8682;2025;False;synthetic;"config.SECTORS + config.SIZE_BANDS ile parametrize log-normal olcek; Beta dagilimli dis ticaret ve veri olgunlugu";SYN-GEN-01
SYN-FRM-000504;True;Adana;gida_icecek;C10-C11;mikro;1-9;2018;Gida ve icecek urunleri;plastik;0.3887;0.3442;0.2808;0.4735;2023;False;synthetic;"config.SECTORS + config.SIZE_BANDS ile parametrize log-normal olcek; Beta dagilimli dis ticaret ve veri olgunlugu";SYN-GEN-01
SYN-FRM-000505;True;Izmir;tekstil;C13-C14;kucuk;10-49;2002;Tekstil ve hazir giyim;kagit_karton;0.7199;0.2761;0.1006;0.2679;2023;False;synthetic;"config.SECTORS + config.SIZE_BANDS ile parametrize log-normal olcek; Beta dagilimli dis ticaret ve veri olgunlugu";SYN-GEN-01
SYN-FRM-000506;True;Mersin;ilac;C21;mikro;1-9;2009;Ilac ve tibbi urunler;kagit_karton;0.1689;0.3853;0.3082;0.2967;2025;False;synthetic;"config.SECTORS + config.SIZE_BANDS ile parametrize log-normal olcek; Beta dagilimli dis ticaret ve veri olgunlugu";SYN-GEN-01
SYN-FRM-000507;True;Izmir;tekstil;C13-C14;kucuk;10-49;2010;Tekstil ve hazir giyim;plastik;0.2587;0.2107;0.1285;0.3099;2024;False;synthetic;"config.SECTORS + config.SIZE_BANDS ile parametrize log-normal olcek; Beta dagilimli dis ticaret ve veri olgunlugu";SYN-GEN-01
SYN-FRM-000508;True;Kocaeli;kimya_boya;C20.3;kucuk;10-49;1993;Kimyasal urunler ve boya;plastik;0.5728;0.4038;0.3307;0.5416;2024;False;synthetic;"config.SECTORS + config.SIZE_BANDS ile parametrize log-normal olcek; Beta dagilimli dis ticaret ve veri olgunlugu";SYN-GEN-01
SYN-FRM-000509;True;Antalya;gida_icecek;C10-C11;orta;50-249;1996;Gida ve icecek urunleri;kompozit;0.2281;0.1125;0.8752;0.3298;2025;False;synthetic;"config.SECTORS + config.SIZE_BANDS ile parametrize log-normal olcek; Beta dagilimli dis ticaret ve veri olgunlugu";SYN-GEN-01
SYN-FRM-000510;True;Izmir;gida_icecek;C10-C11;mikro;1-9;2020;Gida ve icecek urunleri;plastik;0.2578;0.1774;0.6947;0.4548;2019;False;synthetic;"config.SECTORS + config.SIZE_BANDS ile parametrize log-normal olcek; Beta dagilimli dis ticaret ve veri olgunlugu";SYN-GEN-01
SYN-FRM-000511;True;Izmir;gida_icecek;C10-C11;kucuk;10-49;1985;Gida ve icecek urunleri;metal;0.1254;0.191;0.5711;0.3351;2024;False;synthetic;"config.SECTORS + config.SIZE_BANDS ile parametrize log-normal olcek; Beta dagilimli dis ticaret ve veri olgunlugu";SYN-GEN-01
SYN-FRM-000512;True;Izmir;kimya_boya;C20.3;kucuk;10-49;2017;Kimyasal urunler ve boya;metal;0.6655;0.6789;0.2021;0.5725;2026;False;synthetic;"config.SECTORS + config.SIZE_BANDS ile parametrize log-normal olcek; Beta dagilimli dis ticaret ve veri olgunlugu";SYN-GEN-01
SYN-FRM-000513;True;Kocaeli;kimya_boya;C20.3;kucuk;10-49;2022;Kimyasal urunler ve boya;metal;0.6386;0.4061;0.2659;0.574;2025;False;synthetic;"config.SECTORS + config.SIZE_BANDS ile parametrize log-normal olcek; Beta dagilimli dis ticaret ve veri olgunlugu";SYN-GEN-01
SYN-FRM-000514;True;Antalya;tekstil;C13-C14;orta;50-249;2010;Tekstil ve hazir giyim;plastik;0.737;0.1164;0.4679;0.6859;2025;False;synthetic;"config.SECTORS + config.SIZE_BANDS ile parametrize log-normal olcek; Beta dagilimli dis ticaret ve veri olgunlugu";SYN-GEN-01
SYN-FRM-000515;True;Samsun;gida_icecek;C10-C11;kucuk;10-49;1988;Gida ve icecek urunleri;metal;0.4265;0.1845;0.6137;0.4042;2024;False;synthetic;"config.SECTORS + config.SIZE_BANDS ile parametrize log-normal olcek; Beta dagilimli dis ticaret ve veri olgunlugu";SYN-GEN-01
SYN-FRM-000516;True;Istanbul;kozmetik;C20.42;mikro;1-9;2022;Kozmetik ve kisisel bakim;plastik;0.2268;0.2816;0.1188;0.2427;2025;False;synthetic;"config.SECTORS + config.SIZE_BANDS ile parametrize log-normal olcek; Beta dagilimli dis ticaret ve veri olgunlugu";SYN-GEN-01
SYN-FRM-000517;True;Izmir;kozmetik;C20.42;kucuk;10-49;2005;Kozmetik ve kisisel bakim;kagit_karton;0.2375;0.5082;0.285;0.5791;2023;False;synthetic;"config.SECTORS + config.SIZE_BANDS ile parametrize log-normal olcek; Beta dagilimli dis ticaret ve veri olgunlugu";SYN-GEN-01
SYN-FRM-000518;True;Kocaeli;kimya_boya;C20.3;kucuk;10-49;2015;Kimyasal urunler ve boya;ahsap;0.369;0.5772;0.6041;0.6066;2019;False;synthetic;"config.SECTORS + config.SIZE_BANDS ile parametrize log-normal olcek; Beta dagilimli dis ticaret ve veri olgunlugu";SYN-GEN-01
SYN-FRM-000519;True;Istanbul;kimya_boya;C20.3;buyuk;250-5000;2019;Kimyasal urunler ve boya;ahsap;0.294;0.5101;0.6916;0.4584;2020;False;synthetic;"config.SECTORS + config.SIZE_BANDS ile parametrize log-normal olcek; Beta dagilimli dis ticaret ve veri olgunlugu";SYN-GEN-01
SYN-FRM-000520;True;Ankara;ilac;C21;kucuk;10-49;2002;Ilac ve tibbi urunler;kagit_karton;0.0419;0.6476;0.5265;0.4818;2025;False;synthetic;"config.SECTORS + config.SIZE_BANDS ile parametrize log-normal olcek; Beta dagilimli dis ticaret ve veri olgunlugu";SYN-GEN-01
SYN-FRM-000521;True;Istanbul;ilac;C21;mikro;1-9;2008;Ilac ve tibbi urunler;cam;0.1219;0.7328;0.0503;0.1141;2025;False;synthetic;"config.SECTORS + config.SIZE_BANDS ile parametrize log-normal olcek; Beta dagilimli dis ticaret ve veri olgunlugu";SYN-GEN-01
SYN-FRM-000522;True;Ankara;elektronik;C26-C27;kucuk;10-49;1998;Elektrikli ve elektronik esya;kagit_karton;0.1871;0.8264;0.5962;0.6074;2024;False;synthetic;"config.SECTORS + config.SIZE_BANDS ile parametrize log-normal olcek; Beta dagilimli dis ticaret ve veri olgunlugu";SYN-GEN-01
SYN-FRM-000523;True;Izmir;gida_icecek;C10-C11;orta;50-249;1992;Gida ve icecek urunleri;cam;0.1475;0.1417;0.2959;0.3646;2025;False;synthetic;"config.SECTORS + config.SIZE_BANDS ile parametrize log-normal olcek; Beta dagilimli dis ticaret ve veri olgunlugu";SYN-GEN-01
SYN-FRM-000524;True;Sakarya;kimya_boya;C20.3;kucuk;10-49;2018;Kimyasal urunler ve boya;kagit_karton;0.7084;0.6052;0.2154;0.3298;2026;False;synthetic;"config.SECTORS + config.SIZE_BANDS ile parametrize log-normal olcek; Beta dagilimli dis ticaret ve veri olgunlugu";SYN-GEN-01
SYN-FRM-000525;True;Istanbul;otomotiv_yan_sanayi;C29.3;mikro;1-9;2017;Otomotiv yan sanayi parcalari;kagit_karton;0.3806;0.5434;0.5064;0.5653;2023;False;synthetic;"config.SECTORS + config.SIZE_BANDS ile parametrize log-normal olcek; Beta dagilimli dis ticaret ve veri olgunlugu";SYN-GEN-01
SYN-FRM-000526;True;Eskisehir;gida_icecek;C10-C11;mikro;1-9;2017;Gida ve icecek urunleri;kagit_karton;0.1159;0.1452;0.1203;0.1714;2023;False;synthetic;"config.SECTORS + config.SIZE_BANDS ile parametrize log-normal olcek; Beta dagilimli dis ticaret ve veri olgunlugu";SYN-GEN-01
SYN-FRM-000527;True;Ankara;tekstil;C13-C14;kucuk;10-49;1996;Tekstil ve hazir giyim;kagit_karton;0.509;0.0589;0.4166;0.3602;2024;False;synthetic;"config.SECTORS + config.SIZE_BANDS ile parametrize log-normal olcek; Beta dagilimli dis ticaret ve veri olgunlugu";SYN-GEN-01
SYN-FRM-000528;True;Gaziantep;elektronik;C26-C27;kucuk;10-49;2018;Elektrikli ve elektronik esya;metal;0.0951;0.6048;0.5264;0.2802;2025;False;synthetic;"config.SECTORS + config.SIZE_BANDS ile parametrize log-normal olcek; Beta dagilimli dis ticaret ve veri olgunlugu";SYN-GEN-01
SYN-FRM-000529;True;Sakarya;gida_icecek;C10-C11;orta;50-249;2018;Gida ve icecek urunleri;plastik;0.2046;0.0136;0.3847;0.5252;2025;False;synthetic;"config.SECTORS + config.SIZE_BANDS ile parametrize log-normal olcek; Beta dagilimli dis ticaret ve veri olgunlugu";SYN-GEN-01
SYN-FRM-000530;True;Eskisehir;tekstil;C13-C14;kucuk;10-49;2012;Tekstil ve hazir giyim;kagit_karton;0.5411;0.2775;0.4873;0.5462;2024;False;synthetic;"config.SECTORS + config.SIZE_BANDS ile parametrize log-normal olcek; Beta dagilimli dis ticaret ve veri olgunlugu";SYN-GEN-01
SYN-FRM-000531;True;Adana;gida_icecek;C10-C11;orta;50-249;2022;Gida ve icecek urunleri;kagit_karton;0.3194;0.1536;0.4145;0.4481;2026;False;synthetic;"config.SECTORS + config.SIZE_BANDS ile parametrize log-normal olcek; Beta dagilimli dis ticaret ve veri olgunlugu";SYN-GEN-01
SYN-FRM-000532;True;Izmir;gida_icecek;C10-C11;kucuk;10-49;1992;Gida ve icecek urunleri;plastik;0.5353;0.1998;0.6531;0.6465;2023;False;synthetic;"config.SECTORS + config.SIZE_BANDS ile parametrize log-normal olcek; Beta dagilimli dis ticaret ve veri olgunlugu";SYN-GEN-01
SYN-FRM-000533;True;Istanbul;kimya_boya;C20.3;buyuk;250-5000;2023;Kimyasal urunler ve boya;metal;0.5176;0.3256;0.9376;1.0;2025;False;synthetic;"config.SECTORS + config.SIZE_BANDS ile parametrize log-normal olcek; Beta dagilimli dis ticaret ve veri olgunlugu";SYN-GEN-01
SYN-FRM-000534;True;Istanbul;gida_icecek;C10-C11;buyuk;250-5000;2024;Gida ve icecek urunleri;metal;0.3279;0.2245;0.6409;0.0728;2025;False;synthetic;"config.SECTORS + config.SIZE_BANDS ile parametrize log-normal olcek; Beta dagilimli dis ticaret ve veri olgunlugu";SYN-GEN-01
SYN-FRM-000535;True;Kocaeli;kimya_boya;C20.3;kucuk;10-49;1985;Kimyasal urunler ve boya;kagit_karton;0.2834;0.3064;0.3539;0.3659;2025;False;synthetic;"config.SECTORS + config.SIZE_BANDS ile parametrize log-normal olcek; Beta dagilimli dis ticaret ve veri olgunlugu";SYN-GEN-01
SYN-FRM-000536;True;Adana;kozmetik;C20.42;kucuk;10-49;1991;Kozmetik ve kisisel bakim;plastik;0.6194;0.1104;0.4263;0.471;2024;False;synthetic;"config.SECTORS + config.SIZE_BANDS ile parametrize log-normal olcek; Beta dagilimli dis ticaret ve veri olgunlugu";SYN-GEN-01
SYN-FRM-000537;True;Bursa;gida_icecek;C10-C11;orta;50-249;1998;Gida ve icecek urunleri;metal;0.2467;0.1969;0.7865;0.8264;2025;False;synthetic;"config.SECTORS + config.SIZE_BANDS ile parametrize log-normal olcek; Beta dagilimli dis ticaret ve veri olgunlugu";SYN-GEN-01
SYN-FRM-000538;True;Adana;elektronik;C26-C27;kucuk;10-49;2004;Elektrikli ve elektronik esya;kagit_karton;0.1725;0.6517;0.4426;0.689;2026;False;synthetic;"config.SECTORS + config.SIZE_BANDS ile parametrize log-normal olcek; Beta dagilimli dis ticaret ve veri olgunlugu";SYN-GEN-01
SYN-FRM-000539;True;Eskisehir;ilac;C21;kucuk;10-49;2000;Ilac ve tibbi urunler;plastik;0.2006;0.3988;0.1999;0.3076;2026;False;synthetic;"config.SECTORS + config.SIZE_BANDS ile parametrize log-normal olcek; Beta dagilimli dis ticaret ve veri olgunlugu";SYN-GEN-01
SYN-FRM-000540;True;Istanbul;tekstil;C13-C14;orta;50-249;1996;Tekstil ve hazir giyim;plastik;0.7024;0.2943;0.9239;0.8344;2021;False;synthetic;"config.SECTORS + config.SIZE_BANDS ile parametrize log-normal olcek; Beta dagilimli dis ticaret ve veri olgunlugu";SYN-GEN-01
SYN-FRM-000541;True;Adana;tekstil;C13-C14;orta;50-249;2005;Tekstil ve hazir giyim;kagit_karton;0.6576;0.1061;0.9456;0.9004;2026;False;synthetic;"config.SECTORS + config.SIZE_BANDS ile parametrize log-normal olcek; Beta dagilimli dis ticaret ve veri olgunlugu";SYN-GEN-01
SYN-FRM-000542;True;Tekirdag;tekstil;C13-C14;kucuk;10-49;1994;Tekstil ve hazir giyim;plastik;0.4993;0.5217;0.578;0.1649;2026;False;synthetic;"config.SECTORS + config.SIZE_BANDS ile parametrize log-normal olcek; Beta dagilimli dis ticaret ve veri olgunlugu";SYN-GEN-01
SYN-FRM-000543;True;Istanbul;gida_icecek;C10-C11;kucuk;10-49;2014;Gida ve icecek urunleri;kagit_karton;0.106;0.2188;0.5749;0.2845;2021;False;synthetic;"config.SECTORS + config.SIZE_BANDS ile parametrize log-normal olcek; Beta dagilimli dis ticaret ve veri olgunlugu";SYN-GEN-01
SYN-FRM-000544;True;Antalya;kozmetik;C20.42;orta;50-249;1996;Kozmetik ve kisisel bakim;kagit_karton;0.5554;0.3947;0.9623;0.1838;2026;False;synthetic;"config.SECTORS + config.SIZE_BANDS ile parametrize log-normal olcek; Beta dagilimli dis ticaret ve veri olgunlugu";SYN-GEN-01
SYN-FRM-000545;True;Sakarya;gida_icecek;C10-C11;mikro;1-9;2009;Gida ve icecek urunleri;plastik;0.0273;0.0065;0.5622;0.1349;2024;False;synthetic;"config.SECTORS + config.SIZE_BANDS ile parametrize log-normal olcek; Beta dagilimli dis ticaret ve veri olgunlugu";SYN-GEN-01
SYN-FRM-000546;True;Istanbul;gida_icecek;C10-C11;mikro;1-9;1985;Gida ve icecek urunleri;plastik;0.0048;0.2528;0.1266;0.4682;2024;False;synthetic;"config.SECTORS + config.SIZE_BANDS ile parametrize log-normal olcek; Beta dagilimli dis ticaret ve veri olgunlugu";SYN-GEN-01
SYN-FRM-000547;True;Bursa;otomotiv_yan_sanayi;C29.3;kucuk;10-49;2011;Otomotiv yan sanayi parcalari;kagit_karton;0.8608;0.5505;0.5267;0.3325;2024;False;synthetic;"config.SECTORS + config.SIZE_BANDS ile parametrize log-normal olcek; Beta dagilimli dis ticaret ve veri olgunlugu";SYN-GEN-01
SYN-FRM-000548;True;Balikesir;gida_icecek;C10-C11;mikro;1-9;2010;Gida ve icecek urunleri;kagit_karton;0.2568;0.0598;0.4539;0.4292;2020;False;synthetic;"config.SECTORS + config.SIZE_BANDS ile parametrize log-normal olcek; Beta dagilimli dis ticaret ve veri olgunlugu";SYN-GEN-01
SYN-FRM-000549;True;Tekirdag;gida_icecek;C10-C11;mikro;1-9;2001;Gida ve icecek urunleri;metal;0.1059;0.2771;0.02;0.3591;2023;False;synthetic;"config.SECTORS + config.SIZE_BANDS ile parametrize log-normal olcek; Beta dagilimli dis ticaret ve veri olgunlugu";SYN-GEN-01
SYN-FRM-000550;True;Adana;kimya_boya;C20.3;orta;50-249;2011;Kimyasal urunler ve boya;plastik;0.5652;0.4834;0.6644;0.032;2026;False;synthetic;"config.SECTORS + config.SIZE_BANDS ile parametrize log-normal olcek; Beta dagilimli dis ticaret ve veri olgunlugu";SYN-GEN-01
SYN-FRM-000551;True;Kayseri;tekstil;C13-C14;mikro;1-9;1992;Tekstil ve hazir giyim;plastik;0.3693;0.0732;0.2463;0.3736;2019;False;synthetic;"config.SECTORS + config.SIZE_BANDS ile parametrize log-normal olcek; Beta dagilimli dis ticaret ve veri olgunlugu";SYN-GEN-01
SYN-FRM-000552;True;Istanbul;gida_icecek;C10-C11;mikro;1-9;1989;Gida ve icecek urunleri;kompozit;0.3212;0.0607;0.6042;0.8417;2026;False;synthetic;"config.SECTORS + config.SIZE_BANDS ile parametrize log-normal olcek; Beta dagilimli dis ticaret ve veri olgunlugu";SYN-GEN-01
SYN-FRM-000553;True;Istanbul;tekstil;C13-C14;mikro;1-9;2024;Gida ve icecek urunleri;kagit_karton;0.1196;0.0645;0.4296;0.3741;2021;True;synthetic;"config.SECTORS + config.SIZE_BANDS ile parametrize log-normal olcek; Beta dagilimli dis ticaret ve veri olgunlugu";SYN-GEN-01
SYN-FRM-000554;True;Istanbul;tekstil;C13-C14;mikro;1-9;2010;Tekstil ve hazir giyim;plastik;0.1982;0.1125;0.3005;0.2872;2024;False;synthetic;"config.SECTORS + config.SIZE_BANDS ile parametrize log-normal olcek; Beta dagilimli dis ticaret ve veri olgunlugu";SYN-GEN-01
SYN-FRM-000555;True;Istanbul;ev_temizlik;C20.41;kucuk;10-49;1993;Ev temizlik urunleri;plastik;0.6272;0.0422;0.3863;0.3135;2026;False;synthetic;"config.SECTORS + config.SIZE_BANDS ile parametrize log-normal olcek; Beta dagilimli dis ticaret ve veri olgunlugu";SYN-GEN-01
SYN-FRM-000556;True;Corum;elektronik;C26-C27;mikro;1-9;2025;Elektrikli ve elektronik esya;plastik;0.3031;0.4674;0.7323;0.8815;2026;False;synthetic;"config.SECTORS + config.SIZE_BANDS ile parametrize log-normal olcek; Beta dagilimli dis ticaret ve veri olgunlugu";SYN-GEN-01
SYN-FRM-000557;True;Izmir;gida_icecek;C10-C11;mikro;1-9;2024;Gida ve icecek urunleri;plastik;0.2313;0.1043;0.4406;0.1855;2025;False;synthetic;"config.SECTORS + config.SIZE_BANDS ile parametrize log-normal olcek; Beta dagilimli dis ticaret ve veri olgunlugu";SYN-GEN-01
SYN-FRM-000558;True;Kocaeli;tekstil;C13-C14;kucuk;10-49;2013;Tekstil ve hazir giyim;plastik;0.8873;0.4385;0.6945;0.8678;2026;False;synthetic;"config.SECTORS + config.SIZE_BANDS ile parametrize log-normal olcek; Beta dagilimli dis ticaret ve veri olgunlugu";SYN-GEN-01
SYN-FRM-000559;True;Samsun;gida_icecek;C10-C11;kucuk;10-49;2005;Gida ve icecek urunleri;cam;0.1535;0.2574;0.5831;0.8095;2025;False;synthetic;"config.SECTORS + config.SIZE_BANDS ile parametrize log-normal olcek; Beta dagilimli dis ticaret ve veri olgunlugu";SYN-GEN-01
SYN-FRM-000560;True;Istanbul;ilac;C21;kucuk;10-49;2010;Ilac ve tibbi urunler;plastik;0.4348;0.4461;0.5075;0.7467;2025;False;synthetic;"config.SECTORS + config.SIZE_BANDS ile parametrize log-normal olcek; Beta dagilimli dis ticaret ve veri olgunlugu";SYN-GEN-01
SYN-FRM-000561;True;Balikesir;ilac;C21;orta;50-249;1999;Ilac ve tibbi urunler;kagit_karton;0.258;0.6955;0.8715;0.6356;2025;False;synthetic;"config.SECTORS + config.SIZE_BANDS ile parametrize log-normal olcek; Beta dagilimli dis ticaret ve veri olgunlugu";SYN-GEN-01
SYN-FRM-000562;True;Istanbul;elektronik;C26-C27;buyuk;250-5000;2016;Kozmetik ve kisisel bakim;plastik;0.307;0.4135;0.8429;0.9774;2026;True;synthetic;"config.SECTORS + config.SIZE_BANDS ile parametrize log-normal olcek; Beta dagilimli dis ticaret ve veri olgunlugu";SYN-GEN-01
SYN-FRM-000563;True;Izmir;tekstil;C13-C14;kucuk;10-49;2002;Tekstil ve hazir giyim;ahsap;0.7511;0.3558;0.3853;0.5893;2025;False;synthetic;"config.SECTORS + config.SIZE_BANDS ile parametrize log-normal olcek; Beta dagilimli dis ticaret ve veri olgunlugu";SYN-GEN-01
SYN-FRM-000564;True;Gaziantep;gida_icecek;C10-C11;orta;50-249;1993;Gida ve icecek urunleri;kagit_karton;0.2976;0.1315;0.7284;0.2306;2025;False;synthetic;"config.SECTORS + config.SIZE_BANDS ile parametrize log-normal olcek; Beta dagilimli dis ticaret ve veri olgunlugu";SYN-GEN-01
SYN-FRM-000565;True;Izmir;ilac;C21;kucuk;10-49;2009;Gida ve icecek urunleri;plastik;0.5308;0.5959;0.191;0.4632;2026;True;synthetic;"config.SECTORS + config.SIZE_BANDS ile parametrize log-normal olcek; Beta dagilimli dis ticaret ve veri olgunlugu";SYN-GEN-01
SYN-FRM-000566;True;Bursa;elektronik;C26-C27;orta;50-249;2023;Elektrikli ve elektronik esya;kagit_karton;0.3949;0.5063;0.5912;0.7936;2023;False;synthetic;"config.SECTORS + config.SIZE_BANDS ile parametrize log-normal olcek; Beta dagilimli dis ticaret ve veri olgunlugu";SYN-GEN-01
SYN-FRM-000567;True;Istanbul;ilac;C21;mikro;1-9;2022;Ilac ve tibbi urunler;kagit_karton;0.4327;0.2193;0.3998;0.6979;2023;False;synthetic;"config.SECTORS + config.SIZE_BANDS ile parametrize log-normal olcek; Beta dagilimli dis ticaret ve veri olgunlugu";SYN-GEN-01
SYN-FRM-000568;True;Istanbul;otomotiv_yan_sanayi;C29.3;kucuk;10-49;2007;Otomotiv yan sanayi parcalari;metal;0.6346;0.5856;0.2584;0.513;2023;False;synthetic;"config.SECTORS + config.SIZE_BANDS ile parametrize log-normal olcek; Beta dagilimli dis ticaret ve veri olgunlugu";SYN-GEN-01
SYN-FRM-000569;True;Ankara;tekstil;C13-C14;kucuk;10-49;2008;Tekstil ve hazir giyim;kagit_karton;0.9041;0.3612;0.5235;0.7186;2026;False;synthetic;"config.SECTORS + config.SIZE_BANDS ile parametrize log-normal olcek; Beta dagilimli dis ticaret ve veri olgunlugu";SYN-GEN-01
SYN-FRM-000570;True;Bursa;ev_temizlik;C20.41;orta;50-249;2008;Ev temizlik urunleri;plastik;0.1335;0.042;0.8478;0.5648;2019;False;synthetic;"config.SECTORS + config.SIZE_BANDS ile parametrize log-normal olcek; Beta dagilimli dis ticaret ve veri olgunlugu";SYN-GEN-01
SYN-FRM-000571;True;Kayseri;kozmetik;C20.42;buyuk;250-5000;2000;Kozmetik ve kisisel bakim;kagit_karton;0.3373;0.1736;0.8714;0.5127;2024;False;synthetic;"config.SECTORS + config.SIZE_BANDS ile parametrize log-normal olcek; Beta dagilimli dis ticaret ve veri olgunlugu";SYN-GEN-01
SYN-FRM-000572;True;Bursa;tekstil;C13-C14;kucuk;10-49;2002;Tekstil ve hazir giyim;kagit_karton;0.6781;0.2012;0.611;0.6259;2023;False;synthetic;"config.SECTORS + config.SIZE_BANDS ile parametrize log-normal olcek; Beta dagilimli dis ticaret ve veri olgunlugu";SYN-GEN-01
SYN-FRM-000573;True;Kocaeli;kimya_boya;C20.3;mikro;1-9;2018;Kimyasal urunler ve boya;plastik;0.4949;0.3723;0.078;0.115;2020;False;synthetic;"config.SECTORS + config.SIZE_BANDS ile parametrize log-normal olcek; Beta dagilimli dis ticaret ve veri olgunlugu";SYN-GEN-01
SYN-FRM-000574;True;Eskisehir;elektronik;C26-C27;kucuk;10-49;1998;Elektrikli ve elektronik esya;plastik;0.0991;0.5296;0.7518;0.8715;2026;False;synthetic;"config.SECTORS + config.SIZE_BANDS ile parametrize log-normal olcek; Beta dagilimli dis ticaret ve veri olgunlugu";SYN-GEN-01
SYN-FRM-000575;True;Istanbul;kimya_boya;C20.3;kucuk;10-49;2003;Kimyasal urunler ve boya;plastik;0.4742;0.2745;0.6144;0.3301;2026;False;synthetic;"config.SECTORS + config.SIZE_BANDS ile parametrize log-normal olcek; Beta dagilimli dis ticaret ve veri olgunlugu";SYN-GEN-01
SYN-FRM-000576;True;Istanbul;otomotiv_yan_sanayi;C29.3;kucuk;10-49;1995;Otomotiv yan sanayi parcalari;kagit_karton;0.629;0.3697;0.409;0.5046;2024;False;synthetic;"config.SECTORS + config.SIZE_BANDS ile parametrize log-normal olcek; Beta dagilimli dis ticaret ve veri olgunlugu";SYN-GEN-01
SYN-FRM-000577;True;Manisa;ev_temizlik;C20.41;mikro;1-9;1999;Ev temizlik urunleri;kagit_karton;0.4613;0.2479;0.3549;0.3464;2025;False;synthetic;"config.SECTORS + config.SIZE_BANDS ile parametrize log-normal olcek; Beta dagilimli dis ticaret ve veri olgunlugu";SYN-GEN-01
SYN-FRM-000578;True;Kocaeli;otomotiv_yan_sanayi;C29.3;orta;50-249;1999;Otomotiv yan sanayi parcalari;kagit_karton;0.4313;0.2578;0.7901;0.5866;2023;False;synthetic;"config.SECTORS + config.SIZE_BANDS ile parametrize log-normal olcek; Beta dagilimli dis ticaret ve veri olgunlugu";SYN-GEN-01
SYN-FRM-000579;True;Ankara;otomotiv_yan_sanayi;C29.3;mikro;1-9;1997;Otomotiv yan sanayi parcalari;metal;0.5934;0.1289;0.6218;0.1181;2023;False;synthetic;"config.SECTORS + config.SIZE_BANDS ile parametrize log-normal olcek; Beta dagilimli dis ticaret ve veri olgunlugu";SYN-GEN-01
SYN-FRM-000580;True;Adana;gida_icecek;C10-C11;kucuk;10-49;1987;Gida ve icecek urunleri;kagit_karton;0.1524;0.0482;0.2679;0.4701;2025;False;synthetic;"config.SECTORS + config.SIZE_BANDS ile parametrize log-normal olcek; Beta dagilimli dis ticaret ve veri olgunlugu";SYN-GEN-01
SYN-FRM-000581;True;Istanbul;elektronik;C26-C27;mikro;1-9;2011;Elektrikli ve elektronik esya;kompozit;0.3411;0.2752;0.02;0.3868;2024;False;synthetic;"config.SECTORS + config.SIZE_BANDS ile parametrize log-normal olcek; Beta dagilimli dis ticaret ve veri olgunlugu";SYN-GEN-01
SYN-FRM-000582;True;Eskisehir;tekstil;C13-C14;mikro;1-9;2007;Tekstil ve hazir giyim;kagit_karton;0.8722;0.5302;0.6214;0.4557;2026;False;synthetic;"config.SECTORS + config.SIZE_BANDS ile parametrize log-normal olcek; Beta dagilimli dis ticaret ve veri olgunlugu";SYN-GEN-01
SYN-FRM-000583;True;Istanbul;kozmetik;C20.42;kucuk;10-49;2002;Kozmetik ve kisisel bakim;plastik;0.3903;0.2133;0.1073;0.3018;2024;False;synthetic;"config.SECTORS + config.SIZE_BANDS ile parametrize log-normal olcek; Beta dagilimli dis ticaret ve veri olgunlugu";SYN-GEN-01
SYN-FRM-000584;True;Izmir;gida_icecek;C10-C11;kucuk;10-49;2012;Gida ve icecek urunleri;plastik;0.0986;0.3044;0.4474;0.3699;2024;False;synthetic;"config.SECTORS + config.SIZE_BANDS ile parametrize log-normal olcek; Beta dagilimli dis ticaret ve veri olgunlugu";SYN-GEN-01
SYN-FRM-000585;True;Kocaeli;gida_icecek;C10-C11;mikro;1-9;2018;Gida ve icecek urunleri;kompozit;0.3484;0.1152;0.3733;0.2583;2019;False;synthetic;"config.SECTORS + config.SIZE_BANDS ile parametrize log-normal olcek; Beta dagilimli dis ticaret ve veri olgunlugu";SYN-GEN-01
SYN-FRM-000586;True;Manisa;otomotiv_yan_sanayi;C29.3;kucuk;10-49;1997;Otomotiv yan sanayi parcalari;plastik;0.5257;0.4137;0.2926;0.439;2023;False;synthetic;"config.SECTORS + config.SIZE_BANDS ile parametrize log-normal olcek; Beta dagilimli dis ticaret ve veri olgunlugu";SYN-GEN-01
SYN-FRM-000587;True;Eskisehir;ev_temizlik;C20.41;orta;50-249;1990;Kozmetik ve kisisel bakim;kagit_karton;0.3695;0.4749;0.378;0.4984;2026;True;synthetic;"config.SECTORS + config.SIZE_BANDS ile parametrize log-normal olcek; Beta dagilimli dis ticaret ve veri olgunlugu";SYN-GEN-01
SYN-FRM-000588;True;Izmir;gida_icecek;C10-C11;kucuk;10-49;1985;Gida ve icecek urunleri;plastik;0.1929;0.0146;0.4839;0.7077;2024;False;synthetic;"config.SECTORS + config.SIZE_BANDS ile parametrize log-normal olcek; Beta dagilimli dis ticaret ve veri olgunlugu";SYN-GEN-01
SYN-FRM-000589;True;Istanbul;gida_icecek;C10-C11;mikro;1-9;1991;Gida ve icecek urunleri;plastik;0.4075;0.0501;0.58;0.5935;2026;False;synthetic;"config.SECTORS + config.SIZE_BANDS ile parametrize log-normal olcek; Beta dagilimli dis ticaret ve veri olgunlugu";SYN-GEN-01
SYN-FRM-000590;True;Istanbul;otomotiv_yan_sanayi;C29.3;orta;50-249;2022;Otomotiv yan sanayi parcalari;kagit_karton;0.8227;0.2945;0.5861;0.7001;2021;False;synthetic;"config.SECTORS + config.SIZE_BANDS ile parametrize log-normal olcek; Beta dagilimli dis ticaret ve veri olgunlugu";SYN-GEN-01
SYN-FRM-000591;True;Eskisehir;tekstil;C13-C14;kucuk;10-49;1990;Tekstil ve hazir giyim;cam;0.916;0.1705;0.3538;0.5467;2025;False;synthetic;"config.SECTORS + config.SIZE_BANDS ile parametrize log-normal olcek; Beta dagilimli dis ticaret ve veri olgunlugu";SYN-GEN-01
SYN-FRM-000592;True;Istanbul;elektronik;C26-C27;kucuk;10-49;2013;Elektrikli ve elektronik esya;cam;0.7356;0.4243;0.5994;0.2901;2023;False;synthetic;"config.SECTORS + config.SIZE_BANDS ile parametrize log-normal olcek; Beta dagilimli dis ticaret ve veri olgunlugu";SYN-GEN-01
SYN-FRM-000593;True;Bursa;gida_icecek;C10-C11;orta;50-249;2001;Gida ve icecek urunleri;cam;0.1646;0.1848;0.6634;0.3053;2023;False;synthetic;"config.SECTORS + config.SIZE_BANDS ile parametrize log-normal olcek; Beta dagilimli dis ticaret ve veri olgunlugu";SYN-GEN-01
SYN-FRM-000594;True;Kayseri;gida_icecek;C10-C11;mikro;1-9;2007;Gida ve icecek urunleri;plastik;0.1466;0.082;0.6466;0.5041;2025;False;synthetic;"config.SECTORS + config.SIZE_BANDS ile parametrize log-normal olcek; Beta dagilimli dis ticaret ve veri olgunlugu";SYN-GEN-01
SYN-FRM-000595;True;Kayseri;otomotiv_yan_sanayi;C29.3;mikro;1-9;2020;Otomotiv yan sanayi parcalari;ahsap;0.911;0.4238;0.42;0.5862;2024;False;synthetic;"config.SECTORS + config.SIZE_BANDS ile parametrize log-normal olcek; Beta dagilimli dis ticaret ve veri olgunlugu";SYN-GEN-01
SYN-FRM-000596;True;Istanbul;gida_icecek;C10-C11;mikro;1-9;2002;Gida ve icecek urunleri;plastik;0.5767;0.4512;0.333;0.5519;2026;False;synthetic;"config.SECTORS + config.SIZE_BANDS ile parametrize log-normal olcek; Beta dagilimli dis ticaret ve veri olgunlugu";SYN-GEN-01
SYN-FRM-000597;True;Istanbul;gida_icecek;C10-C11;kucuk;10-49;2009;Gida ve icecek urunleri;kagit_karton;0.5395;0.2871;0.4672;0.4636;2023;False;synthetic;"config.SECTORS + config.SIZE_BANDS ile parametrize log-normal olcek; Beta dagilimli dis ticaret ve veri olgunlugu";SYN-GEN-01
SYN-FRM-000598;True;Ankara;gida_icecek;C10-C11;mikro;1-9;2021;Ilac ve tibbi urunler;cam;0.2712;0.4543;0.2526;0.4577;2026;True;synthetic;"config.SECTORS + config.SIZE_BANDS ile parametrize log-normal olcek; Beta dagilimli dis ticaret ve veri olgunlugu";SYN-GEN-01
SYN-FRM-000599;True;Kocaeli;gida_icecek;C10-C11;kucuk;10-49;2020;Gida ve icecek urunleri;kagit_karton;0.8522;0.0208;0.4669;0.2388;2025;False;synthetic;"config.SECTORS + config.SIZE_BANDS ile parametrize log-normal olcek; Beta dagilimli dis ticaret ve veri olgunlugu";SYN-GEN-01
SYN-FRM-000600;True;Istanbul;gida_icecek;C10-C11;mikro;1-9;2019;Gida ve icecek urunleri;kagit_karton;0.4585;0.1932;0.731;0.0861;2023;False;synthetic;"config.SECTORS + config.SIZE_BANDS ile parametrize log-normal olcek; Beta dagilimli dis ticaret ve veri olgunlugu";SYN-GEN-01
