tree
version=v4
num_class=1
num_tree_per_iteration=1
label_index=0
max_feature_idx=35
objective=quantile
feature_names=production_qty f_s4_prod_lag1 f_s4_prod_lag4 f_s4_prod_qoq f_s4_prod_yoy f_s5_export_share f_s5_import_share f_s5_return_share f_s5_domestic_derived f_s5_export_share_lag1 f_s5_export_share_delta f_s5_exemption_flag f_s5_exempt_share f_s5_correction_qty f_s5_trade_data_missing f_s6_quarter f_s7_matrix_age_years f_s7_matrix_stale_flag f_firm_age_years f_data_quality_score f_missing_field_count sector size_band f_s1_decl_lag1 f_s1_decl_lag2 f_s1_decl_lag3 f_s1_decl_lag4 f_s1_hist_median f_s1_hist_std f_s1_hist_p10 f_s1_history_len f_s1_ratio_hist_median f_s1_ratio_hist_std f_s5_dpd_hist_median f_s5_dpd_hist_std f_s6_own_quarter_mean_prev
feature_infos=[7.145401161296455:14.564719245148021] [7.2097174044086447:14.564719245148021] [7.1456692091997969:14.564719245148021] [-0.55166851143189144:1.1485300343409306] [-0.52668932022020643:1.0695389907822099] [0:0.99285239990955509] [0.004662244764218575:0.60646678843360002] [1.6101292713061326e-05:0.13933537862383175] [0:14.447287388096308] [0:0.99285239990955509] [-0.28378749457722374:0.34752325482559604] [0:1] [0:0.3488] [0:7.9420386245496646] [0:1] [1:4] [-2:6] [0:1] [0:40] [0.1346:1] [0:4] -1:2:7:6:5:4:0:3:1 -1:1:2:3:0 [0:9.6078497503577935] [0:9.6078497503577935] [0:9.6078497503577935] [0.0068763039394321565:9.6078497503577935] [0.012224969622568971:9.2629509528607805] [0.0030605546616233555:8.0789204729899406] [0.0078689583786951799:8.9984013040933526] [0:9] [3.7520350972995417e-06:0.019830507004087505] [1.0479797056964681e-06:0.0044166088976126108] [-0.01362445320151:0.018373157770166751] [7.3826367859445561e-07:0.091766443413435816] [2.7171364046200448e-06:0.021972204967929954]
tree_sizes=2212 2214 2208 2233 2248 2235 2263 2232 2260 2249 2241 2238 2256 2262 2261 2250 2280 2289 2252 2275 2273 2253 2275 2279 2258 2266 2299 2325 2304 2288 2296 2249 2293 2299 2278 2314 2298 2298 2295 2355 2281 2299 2310 2310 2326 2310 2315 2301 2309 2315 2299 2320 2319 2334 2301 2322 2323 2307 2332 2322 2312 2351 2311 2350 2308 2316 2331 2325 2311 2309 2311 2321 2314 2322 2338 2362 2343 2325 2318 2340 2362 2321 2333 2339 2341 2320 2354 2332

Tree=0
num_leaves=24
num_cat=0
split_feature=10 12 5 7 7 1 10 6 5 3 2 10 34 32 6 18 10 12 6 3 25 5 5
split_gain=17.9091 12.5819 11.1512 5.74062 5.59034 3.10438 2.86585 2.26129 2.22605 2.20028 1.98074 1.65624 1.96981 3.15959 2.06703 1.56261 1.08702 1.07636 1.01964 1.86657 1.00686 0.868997 2.1492
threshold=-0.023539217930406014 0.11760000000000002 0.51033630373862338 0.018880034640169654 0.031317652612930812 11.104240791491351 0.019730382471783995 0.27318452317143022 0.12626518183601751 0.23015218603283924 10.730018875364008 0.05163678580071699 0.0010945444051979763 0.0003121830610270815 0.30408012996483652 25.500000000000004 0.0042925300740006079 0.27005000000000007 0.29430168350706892 0.28237712077795141 3.3685967068318505 0.14150601783701697 0.28001218757486462
decision_type=8 2 10 10 10 8 10 10 8 10 8 10 8 10 10 2 10 2 8 10 10 10 10
left_child=9 2 3 5 11 8 7 21 -2 -1 18 12 13 -4 -15 -14 -6 -3 19 -10 -11 -5 -23
right_child=1 17 4 6 16 -7 -8 -9 10 20 -12 -13 15 14 -16 -17 -18 -19 -20 -21 -22 22 -24
leaf_value=0.023390113100516686 0.014917825308237591 0.012644129910969156 0.019665933083851225 0.011584396297158786 0.011038129598028102 0.0230967268186896 0.015893228939415919 0.016801304656933913 0.017208658182952457 0.024179554180802785 0.017149876390098757 0.0074150402378499068 0.03301501292249473 0.0066472078811048267 0.013846924671906836 0.019470880656392259 0.0011320574200687562 -0.0032652161026160142 0.024184264650694471 0.0092036195990580945 0.021058834967264378 0.0081856379918869102 0.013677970697267981
leaf_weight=383 77 51 152 205 70 408 130 111 162 59 109 69 93 58 44 48 69 48 231 40 79 50 83
leaf_count=383 77 51 152 205 70 408 130 111 162 59 109 69 93 58 44 48 69 48 231 40 79 50 83
internal_value=0.0202047 0.0184518 0.0191545 0.0211352 0.0138007 0.0232274 0.0173235 0.0190702 0.020912 0.0278201 0.0196431 0.0161692 0.0173273 0.0145856 0.0081 0.0218594 0.00572007 0.00266912 0.0210912 0.017978 0.021734 0.0169047 0.0133511
internal_weight=2829 2308 2209 1606 603 1027 579 449 619 521 542 464 395 254 102 141 139 99 433 202 138 338 133
internal_count=2829 2308 2209 1606 603 1027 579 449 619 521 542 464 395 254 102 141 139 99 433 202 138 338 133
is_linear=0
shrinkage=0.045


Tree=1
num_leaves=24
num_cat=0
split_feature=10 5 11 7 7 23 23 29 23 2 10 34 8 1 33 34 26 5 7 34 25 2 34
split_gain=14.9012 11.2556 10.0628 5.89069 4.25261 3.55159 3.21385 3.4372 2.72727 2.27369 1.88161 2.28492 1.77125 2.17581 2.24862 1.61592 1.61084 1.56824 1.33323 1.30866 1.27662 1.53461 1.10845
threshold=-0.023539217930406014 0.51033630373862338 1.0000000180025095e-35 0.025482135658424217 0.031317652612930812 2.2234548584756291 3.2158105928232148 4.0598862139895378 1.2003101283275754 10.819137038148526 0.0090112561738418719 0.00033938784616221671 9.9216846430149968 11.588644277883724 0.006113755894948599 0.001784487445576454 1.62810383492402 0.23553902951304703 0.0080772608959784106 0.0008522069541968449 1.782238110677514 9.5231381366112657 0.00080746042290935583
decision_type=8 10 2 10 10 8 10 10 10 8 8 8 10 8 8 10 10 10 10 8 8 10 8
left_child=8 2 3 5 6 20 16 9 -1 19 11 -5 -9 -14 -15 22 -3 -10 -19 -8 21 -2 -7
right_child=1 4 -4 10 -6 15 7 12 17 -11 -12 -13 13 14 -16 -17 -18 18 -20 -21 -22 -23 -24
leaf_value=0.010279397371969696 0.011194302367554084 0.010282655240242565 0.0065229962281746576 0.011363730339461463 0.0041262915422237709 0.016192480777366139 0.006331709944201261 0.0067542744873495507 0.020177904656959556 0.04057570315821394 0.012995367840098783 0.015288817639457686 0.021241814943255801 0.0029051415661066025 0.012058527635998632 0.021596078595132698 0.012961037334760084 0.021808780876807377 0.024478407428193127 0.021197031125276586 0.0095386253138506766 0.012034381810097486 0.051811470893402434
leaf_weight=67 70 58 83 57 146 604 40 48 157 44 303 58 47 42 49 77 113 90 228 42 70 76 279
leaf_count=67 70 58 83 57 146 604 40 48 157 44 303 58 47 42 49 77 113 90 228 42 70 76 279
internal_value=0.0181452 0.0165208 0.0184594 0.0192539 0.0112892 0.0209237 0.0133194 0.0160571 0.0249275 0.0218721 0.0144406 0.0195445 0.0118333 0.0143936 0.00978989 0.0221495 0.00813362 0.0261951 0.0237056 0.0163588 0.0152466 0.0177282 0.0227463
internal_weight=2848 2306 1677 1594 629 1176 483 312 542 126 418 115 186 138 91 960 171 475 318 82 216 146 883
internal_count=2848 2306 1677 1594 629 1176 483 312 542 126 418 115 186 138 91 960 171 475 318 82 216 146 883
is_linear=0
shrinkage=0.045


Tree=2
num_leaves=24
num_cat=0
split_feature=11 7 0 33 33 23 26 3 18 3 6 0 34 34 18 27 0 27 4 23 27 23 23
split_gain=11.6453 6.67882 4.41173 4.83962 3.3793 2.09504 2.2268 1.64067 1.68889 1.49651 1.47681 1.35734 1.97747 1.49784 1.23952 1.19356 1.82244 1.16506 1.61797 1.4379 1.92641 1.2692 1.16003
threshold=1.0000000180025095e-35 0.02253651796180502 10.247451259033138 0.0020873050623508287 6.8404224694795448e-05 3.3664084742170886 3.9253709484364583 -0.24674723287252534 5.5000000000000009 -0.14936079558291629 0.16600857902747998 9.1692640089571444 2.5110170073224728e-05 9.5179654047169564e-05 35.500000000000007 4.6440752227786204 9.9041497580223687 4.2575940423082494 0.2142051647990125 2.2234548584756291 2.8165277682185339 3.2158105928232148 4.2508602763063195
decision_type=2 10 10 10 10 8 10 8 2 10 8 10 8 10 2 10 8 10 8 10 10 10 10
left_child=1 2 4 9 -1 11 -7 -6 -9 -4 -5 -3 -13 -14 17 16 -2 19 -19 -10 -21 -22 -12
right_child=15 5 3 10 7 6 -8 8 14 -11 22 12 13 -15 -16 -17 -18 18 -20 20 21 -23 -24
leaf_value=0.0082224043229776889 -0.00056756736167422848 0.0083121910807311024 0.10095237632071176 0.015535615949945847 0.018979331089607258 0.020343058870469902 0.011159437068394534 0.014836178533521066 0.017326766214373353 0.01923244770597966 0.03532263266302569 0.0036328975444039073 0.01403423169361066 0.028474423200166566 0.011120275750371129 -0.0020905975171182844 0.013084091602275239 0.0088132143206777827 0.017688100472135249 0.015183676429191856 0.014396721051856898 0.02083980366302934 0.017173800370162855
leaf_weight=53 43 114 100 167 64 103 449 69 190 283 74 75 40 75 76 44 50 50 50 59 58 175 366
leaf_count=53 43 114 100 167 64 103 449 69 190 283 74 75 40 75 76 44 50 50 50 59 58 175 366
internal_value=0.0168019 0.0174536 0.0190166 0.0211405 0.0164593 0.0140501 0.0157622 0.017198 0.0164373 0.0252804 0.0184168 0.0108176 0.0131736 0.016875 0.0171626 0.00390536 0.00672656 0.0179154 0.0126699 0.0189186 0.0211119 0.0187532 0.0199097
internal_weight=2827 2690 1834 990 844 856 552 791 727 383 607 304 190 115 658 137 93 582 100 482 292 233 440
internal_count=2827 2690 1834 990 844 856 552 791 727 383 607 304 190 115 658 137 93 582 100 482 292 233 440
is_linear=0
shrinkage=0.045


Tree=3
num_leaves=24
num_cat=1
split_feature=13 11 8 9 21 0 7 33 34 8 29 27 23 25 33 25 8 32 0 34 27 9 23
split_gain=10.5619 8.04937 6.86413 3.16826 4.55513 3.15046 2.84976 2.76506 3.77302 2.66067 3.81295 2.31895 3.19888 3.16602 2.31419 2.13837 2.66491 2.11658 2.10907 2.0589 1.94333 1.4763 1.38956
threshold=0.38190219713034684 1.0000000180025095e-35 7.3159249702246925 0.11959199886841322 0 12.211466611534521 0.012607667501171557 0.007325043012970091 2.1884274404046739e-05 10.330539754489898 3.0697103719485814 6.0478977958970335 5.5928857258285847 5.3585639079553529 0.0064876294749484798 3.9099999428965302 10.603366896007676 0.00022852633030280038 9.6203364876859006 0.0010046028243053567 5.5872772674267557 0.64075717311524927 3.5973903003076519
decision_type=2 2 8 8 1 8 10 10 8 8 10 10 10 10 8 10 8 10 8 10 10 8 8
left_child=1 2 -1 18 5 9 7 8 -6 10 17 12 13 -8 20 22 -17 -5 -4 -13 -7 -18 -10
right_child=-2 -3 3 4 6 14 11 -9 15 -11 -12 19 -14 -15 -16 16 21 -19 -20 -21 -22 -23 -24
leaf_value=0.0083362146447459179 0.029485998997569408 0.0065330721593231077 0.014209668573676146 0.026549786608375137 0.0084112872445150002 0.01602542679241702 0.012602325704286025 0.0096093213396120682 0.01762764470451026 0.025136584781771353 0.0097636961044711024 0.00022445696971370245 0.020272222362911946 -0.00044672038221995269 0.029322406325493749 0.0087373147245875787 0.0206945685846062 0.037132373456902547 0.014207991251653881 0.0096679399731696355 0.012093355859046823 0.015302486339658319 0.086094350805781997
leaf_weight=80 63 127 66 62 105 50 643 102 229 180 167 73 68 47 42 84 132 55 241 48 48 53 71
leaf_count=80 63 127 66 62 105 50 643 102 229 180 167 73 68 47 42 84 132 55 241 48 48 53 71
internal_value=0.0145858 0.0141411 0.0146721 0.0150765 0.014444 0.0183647 0.0127945 0.0149153 0.0159727 0.0205054 0.0173728 0.011023 0.0119507 0.0109416 0.0122727 0.0174296 0.0141535 0.0236812 0.019546 0.0050625 0.00806436 0.0171742 0.020198
internal_weight=2836 2773 2646 2566 2259 604 1655 776 674 464 284 879 758 690 140 569 269 117 307 121 98 185 300
internal_count=2836 2773 2646 2566 2259 604 1655 776 674 464 284 879 758 690 140 569 269 117 307 121 98 185 300
cat_boundaries=0 1
cat_threshold=129
is_linear=0
shrinkage=0.045


Tree=4
num_leaves=24
num_cat=1
split_feature=10 13 10 12 8 23 5 3 23 27 6 6 27 35 23 21 7 23 35 27 5 23 33
split_gain=16.709 7.95739 5.83401 5.39291 4.39482 2.66992 2.54761 2.45455 2.40664 1.95112 2.26093 1.71446 2.10879 2.35561 1.72451 1.55326 1.50184 1.58879 1.39089 1.38744 1.35887 1.56666 1.37625
threshold=-0.023539217930406014 0.38190219713034684 0.020568787231472294 1.0000000180025095e-35 8.1957087548625562 1.0371143894041852 0.023132418762125236 -0.072743983638082543 1.4996565139970011 4.2008336676426996 0.33086412843709956 0.081871249253160791 5.9840752814259623 0.007256718479120676 2.9892222382042184 0 0.025482135658424217 3.3131563838593254 0.004067002532612737 3.9657736810935247 0.59596898921116181 5.2479178195643152 0.004416049467292832
decision_type=8 2 10 2 8 10 8 10 8 10 10 8 10 10 10 1 10 10 10 10 10 10 8
left_child=5 2 3 4 -2 -1 -6 8 -8 -7 -11 -9 13 14 -13 -4 17 -17 -14 -10 21 22 -21
right_child=1 -3 15 -5 6 9 7 11 19 10 -12 12 18 -15 -16 16 -18 -19 -20 20 -22 -23 -24
leaf_value=0.0043919843404033971 0.010257764739710754 0.029774004432013067 0.0019967079225942826 0.0066108073575207585 0.014380324253126055 0.022729793472927109 0.0065848008789431969 0.0066784952764060686 0.022773209283237148 0.015286555830674503 0.012973122973470233 0.0085393336309947509 -0.00055771409257844866 0.0078860717142583362 0.013947782397701973 0.005115297351738787 0.0074005241215823747 0.009834598960733713 0.01024146414527808 0.012449494939707366 0.0054466618826558323 0.01579822790205445 0.0094757786578028459
leaf_weight=47 99 54 109 97 61 269 63 74 258 160 62 174 42 46 360 97 132 192 70 83 55 174 45
leaf_count=47 99 54 109 97 61 269 63 74 258 160 62 174 42 46 360 97 132 192 70 83 55 174 45
internal_value=0.0135645 0.0118548 0.0114101 0.0127011 0.0133236 0.02072 0.0139282 0.0134907 0.0155352 0.0217212 0.01798 0.0116274 0.0123281 0.0134305 0.0142709 0.00721857 0.00839343 0.0104101 0.00641739 0.0164017 0.0142687 0.015477 0.0111985
internal_weight=2823 2285 2231 1701 1604 538 1505 1444 678 491 222 766 692 580 534 530 421 289 112 615 357 302 128
internal_count=2823 2285 2231 1701 1604 538 1505 1444 678 491 222 766 692 580 534 530 421 289 112 615 357 302 128
cat_boundaries=0 1
cat_threshold=40
is_linear=0
shrinkage=0.045


Tree=5
num_leaves=24
num_cat=0
split_feature=10 13 11 5 23 23 29 18 31 6 26 23 5 31 10 10 31 35 5 27 6 24 7
split_gain=16.6963 8.29924 5.28195 4.52293 3.75341 3.5484 5.30865 2.9332 2.81883 3.53998 2.39941 2.35382 2.34138 2.09947 1.94681 1.76009 1.66283 1.63681 1.63413 1.55198 1.41274 1.78947 1.70546
threshold=-0.023539217930406014 0.38190219713034684 1.0000000180025095e-35 0.24204012303164199 0.93642658144191515 3.2158105928232148 3.1206877312006349 27.500000000000004 0.0051733430433751589 0.28865241889315152 5.2128389796692813 2.3472516877418887 0.11856432364471063 0.0024225604597807779 0.076668439084327897 0.0029364099951367244 0.0068566818661359901 0.004715305394166096 0.55188310396256679 3.2417258564918252 0.3835275200827058 6.3217946015891071 0.033073610150484614
decision_type=8 2 2 10 10 8 10 2 10 10 10 8 8 10 10 10 8 10 10 10 10 10 10
left_child=4 2 3 8 -1 15 -7 -6 9 11 -10 -2 -12 -9 16 18 17 20 -5 -13 21 22 -8
right_child=1 -3 -4 5 7 6 14 13 10 -11 12 19 -14 -15 -16 -17 -18 -19 -20 -21 -22 -23 -24
leaf_value=0.0039174941175297157 0.0070587880044155997 0.026488755233046328 0.00034762002760333215 0.010302173994433943 0.018723381909657919 0.1459687268732075 0.0092306836723798722 0.016783288768287913 0.0018815869567741464 0.018015755352024338 0.0091372252884193341 0.053189914935106976 0.0064376661684360419 0.011284474270963721 -0.0013668039855077678 0.0028236796101832316 0.0053419627933869304 0.014446021552705539 0.0091558036883991212 0.015006983552667951 0.011941951165183956 0.0013512983583483544 0.003616284673061325
leaf_weight=41 187 54 109 112 334 68 333 78 60 68 53 91 89 71 41 196 85 79 90 360 60 59 70
leaf_count=41 187 54 109 112 334 68 333 78 60 68 53 91 89 71 41 196 85 79 90 360 60 59 70
internal_value=0.0124568 0.0107547 0.0102994 0.0107998 0.0197078 0.00893039 0.010672 0.0208194 0.0132184 0.014579 0.00831951 0.0134158 0.0114517 0.0149655 0.00947157 0.00539776 0.0100385 0.0108738 0.00831951 0.0152098 0.00984857 0.00889355 0.00995874
internal_weight=2788 2264 2210 2101 524 1193 795 483 908 706 202 638 142 149 727 398 686 601 202 451 522 462 403
internal_count=2788 2264 2210 2101 524 1193 795 483 908 706 202 638 142 149 727 398 686 601 202 451 522 462 403
is_linear=0
shrinkage=0.045


Tree=6
num_leaves=24
num_cat=0
split_feature=10 13 32 12 10 23 8 18 31 35 31 6 10 34 6 27 32 32 31 6 35 31 32
split_gain=12.9258 6.28973 3.99741 3.70446 3.91145 3.16775 2.96848 2.94814 2.79791 2.84226 2.08727 3.10003 1.89647 1.82442 1.82264 1.64606 2.70859 1.58926 2.83045 1.7039 1.5132 1.74416 1.45729
threshold=-0.019825295974322695 0.38190219713034684 1.7597016884253071e-05 1.0000000180025095e-35 0.031750946628247116 1.2003101283275754 9.5069495985066688 27.500000000000004 0.00013865844779438149 0.00012702666196382902 0.010108739018895247 0.3835275200827058 -0.042044004593402247 0.0010308383215306019 0.21345921143346808 5.9840752814259623 0.0009199778776014416 0.00040853739418085299 0.0049972497267417029 0.29430168350706892 0.0029569301330025894 0.0024225604597807779 0.00034251934850095027
decision_type=8 2 8 2 10 10 8 2 10 8 10 10 10 10 10 10 8 10 10 8 8 10 8
left_child=5 2 -2 4 6 -1 13 12 9 -8 11 15 -7 -4 -9 17 -17 22 20 -20 21 -19 -10
right_child=1 -3 3 -5 -6 7 8 14 10 -11 -12 -13 -14 -15 -16 16 -18 18 19 -21 -22 -23 -24
leaf_value=0.0069660437195059521 0.003189545752292008 0.025477057840365809 0.0095255951235525167 0.00064042997270378251 0.010636016617836488 0.026076155264553428 0.0091816978417294855 0.0079062523049330761 0.0091934187134569464 0.14642553463865945 0.0043121483163327066 0.012884893779354844 0.017009485069694248 0.013604346776968815 0.016208813615532693 0.0050698222731029351 0.0097874622355869096 0.024027575038911633 0.0082171519712792192 0.0038378544592508486 0.017944234957428428 0.0070191399241720659 0.0067653105206047287
leaf_weight=70 224 48 255 95 320 161 52 80 385 41 67 75 182 105 71 118 65 73 40 55 104 40 60
leaf_count=70 224 48 255 95 320 161 52 80 385 41 67 75 182 105 71 118 65 73 40 55 104 40 60
internal_value=0.0110314 0.00946315 0.00908061 0.00973502 0.0101783 0.017127 0.0111256 0.0184074 0.0122337 0.0198516 0.0115258 0.0120346 0.0207897 0.00743802 0.0126964 0.0112619 0.00722177 0.0122062 0.0147714 0.00792092 0.0176216 0.0133254 0.0103209
internal_weight=2786 2222 2174 1950 1855 564 1535 494 1175 93 1082 1015 343 360 151 940 183 757 312 95 217 113 445
internal_count=2786 2222 2174 1950 1855 564 1535 494 1175 93 1082 1015 343 360 151 940 183 757 312 95 217 113 445
is_linear=0
shrinkage=0.045


Tree=7
num_leaves=24
num_cat=1
split_feature=32 21 9 2 0 16 34 8 1 35 34 6 1 24 9 6 18 4 2 6 6 0 19
split_gain=4.76582 3.55049 2.43907 3.31261 3.93513 2.3897 2.86625 2.13951 2.23805 2.10033 2.346 1.94646 1.75735 1.75598 1.66514 1.77793 1.57216 1.46069 1.38542 1.22306 1.10134 0.983841 0.969775
threshold=1.0409339100542002e-05 0 0.17461915874115017 11.795359501732454 10.604282377580285 1.5000000000000002 0.0024165680923226786 8.3480414512762131 8.9261747720521765 0.0080800802742629768 0.0011458368659502457 0.37010083484915307 10.789652282589742 4.5973968517586643 0.60737904452647118 0.28865241889315152 11.500000000000002 0.21969512374923791 11.181669004746743 0.22376807065700283 0.20900002701059359 11.219140538316037 0.77445000000000008
decision_type=8 1 8 10 8 2 8 8 8 10 8 10 10 8 8 10 2 8 10 10 10 8 2
left_child=22 7 -3 4 13 6 12 8 -2 10 11 14 -6 -4 15 -9 -12 -5 -14 -16 -20 -7 -1
right_child=1 2 3 17 5 21 -8 9 -10 -11 16 -13 18 -15 19 -17 -18 -19 20 -21 -22 -23 -24
leaf_value=0.0018517460879133472 0.018397733054914121 0.011992959398437942 0.010410226043363884 0.0036422435772946599 0.014166999639815173 0.018470162951483647 0.096449708478626328 0.010740257065544895 -0.00055612432965561115 0.0065988927483827198 0.051683530375177922 0.01339848134799531 0.0098501329139706485 0.0032309412406003766 0.0099082192571689261 0.0081388450253776067 0.02127127961303997 0.0075510347964136632 0.0076209533530483247 0.017940375235862744 0.024573648547643934 0.015491780880598353 0.0061298488192368149
leaf_weight=161 49 372 699 214 104 56 61 130 45 43 62 64 127 93 87 41 111 70 58 71 42 59 46
leaf_count=161 49 372 699 214 104 56 61 130 45 43 62 64 127 93 87 41 111 70 58 71 42 59 46
internal_value=0.00999085 0.0105034 0.00926639 0.00850772 0.00947177 0.0125868 0.0107544 0.013566 0.00709794 0.0147463 0.0154772 0.0133352 0.00895284 0.00743774 0.0117312 0.0148578 0.0200327 0.0040453 0.0065837 0.00813354 0.0104854 0.0184004 0.00335357
internal_weight=2865 2658 1955 1583 1299 507 392 703 94 609 566 393 331 792 329 171 173 284 227 158 100 115 207
internal_count=2865 2658 1955 1583 1299 507 392 703 94 609 566 393 331 792 329 171 173 284 227 158 100 115 207
cat_boundaries=0 1
cat_threshold=129
is_linear=0
shrinkage=0.045


Tree=8
num_leaves=24
num_cat=1
split_feature=13 6 12 24 31 33 5 18 1 8 31 20 29 18 33 5 18 18 6 21 5 31 0
split_gain=13.607 3.72939 3.0643 2.98212 2.80644 4.2048 3.89427 3.78466 3.5126 2.38148 3.76124 1.95829 1.74595 1.69508 1.92339 1.59578 1.49613 2.28991 1.72011 1.42324 2.71344 2.35849 1.52476
threshold=0.72654937380978157 0.37792043632761047 0.15890000000000001 0.59111062254754787 0.0068566818661359901 0.0066121362260259352 0.22329590721980594 13.500000000000002 10.482006697055438 9.0541682354096853 0.0087554986280631349 2.5000000000000004 5.9291027958841065 17.500000000000004 0.0077401788307645113 0.15052463162541826 28.500000000000004 21.500000000000004 0.16866286194388416 0 0.57207179688848331 0.00062529672102837515 10.980079472884023
decision_type=2 10 2 8 10 8 10 2 10 10 10 2 10 2 10 10 2 2 8 1 10 10 10
left_child=1 2 3 -1 5 6 11 8 -7 -3 -11 16 19 -9 -15 -6 17 -5 -18 -8 22 -22 -21
right_child=-2 9 -4 4 15 7 12 13 -10 10 -12 -13 -14 14 -16 -17 18 -19 -20 20 21 -23 -24
leaf_value=0.0024139765798477258 0.023081632008853836 0.0047847492829526271 -0.0015272885219727438 0.0089630369556394918 0.0070927248155613744 0.055716983279304994 0.0058543481839361229 0.0026865643506140935 0.055789587078395611 0.026055555081845042 0.0042460234449851258 0.0080259335920781615 -0.0010435666255689832 0.019844934879581555 0.0060370780667263497 -0.001431521011853472 0.0075360449451994686 0.016071668880480432 0.015926810668965397 0.0094667940488241103 0.017884446649120544 0.0022137371213737139 0.014488873707027875
leaf_weight=123 65 50 82 316 105 72 449 40 69 145 52 200 64 67 84 87 80 73 93 200 108 156 61
leaf_count=123 65 50 82 316 105 72 449 40 69 145 52 200 64 67 84 87 80 73 93 200 108 156 61
internal_value=0.00898655 0.0084883 0.00795409 0.00824051 0.00860163 0.00907166 0.00818636 0.0137552 0.0193594 0.013797 0.0160087 0.0106412 0.00635879 0.00938273 0.0115276 0.00332308 0.0120186 0.0136091 0.00827131 0.0068306 0.00851069 0.00535955 0.0119233
internal_weight=2841 2776 2529 2447 2324 2132 1800 332 141 247 197 762 1038 191 151 192 562 389 173 974 525 264 261
internal_count=2841 2776 2529 2447 2324 2132 1800 332 141 247 197 762 1038 191 151 192 562 389 173 974 525 264 261
cat_boundaries=0 1
cat_threshold=44
is_linear=0
shrinkage=0.045


Tree=9
num_leaves=24
num_cat=0
split_feature=13 12 23 7 6 31 5 5 1 5 1 26 3 32 35 5 0 23 3 23 27 4 3
split_gain=11.0731 3.64183 3.25048 2.77952 2.253 2.44709 2.65206 2.43988 1.79493 1.72456 1.3359 1.29953 1.17041 1.70099 1.68532 1.69808 1.13731 1.08879 0.99063 0.986903 3.45618 2.03695 1.84457
threshold=0.38190219713034684 0.15890000000000001 0.74619011207484809 0.031317652612930812 0.18508233214817407 0.0076089754378210091 0.14150601783701697 0.21320597686886142 12.063849162887546 0.39836832825739188 12.009990006903363 2.305844534511917 0.18271940470686809 2.8142621462775879e-05 0.0011479976365332261 0.42545518160357093 10.63099165896403 5.4000283097584889 0.15736137690787619 4.2132908792591719 4.6440752227786204 -0.087226137592827213 -0.12137460673832463
decision_type=2 2 8 10 8 10 8 8 10 10 8 10 10 8 10 10 10 10 10 8 10 10 10
left_child=1 2 -1 4 8 7 -7 10 12 11 -6 -5 13 -4 -15 -16 -14 -11 -13 22 -21 -22 -9
right_child=-2 -3 3 9 5 6 -8 19 -10 17 -12 18 16 14 15 -17 -18 -19 -20 20 21 -23 -24
leaf_value=0.0018717241167942654 0.025782523260421155 -0.001461479806931953 0.0015469047533711207 0.0073423335178907949 0.013564495440730392 0.011617163079738592 0.0027798222694322243 0.0089265369756500266 0.0021360675935047616 0.0013595411144623755 0.021662319134365542 0.0053937931023991959 0.0028196219913607951 0.013276857216742032 0.012689238189966073 0.0059010480201282123 0.0087867537550429756 0.0091067447819713661 0.0047571721627263936 0.081549287429227305 0.015010023330693843 0.0092968629246511277 0.012254930877471577
leaf_weight=157 62 84 46 63 112 49 108 241 108 157 40 177 104 84 142 89 71 44 76 112 124 245 343
leaf_count=157 62 84 46 63 112 49 108 241 108 157 40 177 104 84 142 89 71 44 76 112 124 245 343
internal_value=0.00849155 0.0080511 0.00833877 0.00872784 0.00948763 0.0105327 0.00510469 0.0112186 0.00721947 0.00572452 0.0166645 0.00778683 0.008282 0.0097603 0.0109316 0.00874038 0.00511938 0.00241544 0.00621387 0.0103968 0.0119892 0.00974395 0.00903066
internal_weight=2838 2776 2692 2535 2018 1374 157 1217 644 517 152 316 536 361 315 231 175 201 253 1065 481 369 584
internal_count=2838 2776 2692 2535 2018 1374 157 1217 644 517 152 316 536 361 315 231 175 201 253 1065 481 369 584
is_linear=0
shrinkage=0.045


Tree=10
num_leaves=24
num_cat=0
split_feature=10 13 6 10 23 33 32 4 4 31 0 10 18 34 25 0 6 5 4 0 2 7 19
split_gain=10.1563 8.58607 3.33408 2.49292 2.17253 2.53171 3.64136 1.99118 1.95426 1.65648 1.5903 1.58493 1.42855 1.48213 1.74749 1.46644 2.13032 1.35535 1.61524 1.34068 1.73512 1.13962 1.07314
threshold=-0.026178660127708333 0.38190219713034684 0.37792043632761047 -0.074207584137347432 1.6598172693897193 0.0063722195453855086 0.00073921414142463782 0.17613837672007546 -0.036288688201741658 0.0068566818661359901 10.08331850292342 0.055824150842543975 14.500000000000002 0.00075318116943587365 5.117398414583282 10.056549122141329 0.22642999867807104 0.53034597606987177 0.11317554964747006 11.658620594715922 10.269006644516933 0.019733817756017614 0.45240000000000008
decision_type=8 2 8 10 8 10 8 8 10 10 10 10 2 8 10 10 10 10 10 10 10 10 2
left_child=3 2 11 -1 -4 6 7 -6 -5 -7 -8 12 13 14 17 -15 -17 18 -2 20 -10 -14 -9
right_child=1 -3 4 8 5 9 10 22 19 -11 -12 -13 21 15 -16 16 -18 -19 -20 -21 -22 -23 -24
leaf_value=0.020571347365612724 0.0045000001567157572 0.021314941035471279 0.0020646751713378885 0.0077006285764392194 0.0064011503562114314 0.01015835046609535 0.013529679720699765 0.012542027652700445 0.011325258064714067 0.001546472048119981 0.10698051062216461 -0.00022924651553840752 0.0064475895661163674 0.0069874229222842369 -0.00085791308025647266 0.028261039148764357 0.010862410691237697 0.007496071088047008 0.0049341154649156305 0.0067546622896971749 0.016603168271631778 0.0038671135240049975 0.014055124599375088
leaf_weight=76 129 52 81 131 191 74 51 42 125 94 49 123 564 83 66 80 79 80 58 77 81 351 126
leaf_count=76 129 52 81 131 191 74 51 42 125 94 49 123 564 83 66 80 79 80 58 77 81 351 126
internal_value=0.00765989 0.00642708 0.00600161 0.0135548 0.00858228 0.009475 0.0112062 0.00895649 0.0120108 0.00463158 0.0187864 0.00485504 0.00525954 0.00702638 0.00500223 0.00971633 0.0122361 0.00660833 0.00868026 0.0141372 0.0160837 0.0041299 0.0125263
internal_weight=2863 2373 2321 490 708 627 459 359 414 168 100 1613 1490 575 333 242 159 267 187 283 206 915 168
internal_count=2863 2373 2321 490 708 627 459 359 414 168 100 1613 1490 575 333 242 159 267 187 283 206 915 168
is_linear=0
shrinkage=0.045


Tree=11
num_leaves=24
num_cat=0
split_feature=13 10 10 10 34 28 12 26 28 5 0 0 2 6 5 34 26 1 5 18 33 7 4
split_gain=12.3031 9.2479 3.83069 2.90281 3.29655 1.77075 1.66181 1.51914 1.48015 1.4463 1.3656 1.94369 1.89497 1.23983 1.58437 1.33348 1.03956 0.955628 1.17891 1.63211 0.953558 1.24826 1.36823
threshold=0.38190219713034684 -0.027052270572306591 0.0042925300740006079 -0.084386906691325009 0.0011186361839474323 6.9733217909813723 0.11760000000000002 6.8566664659924497 0.1705948087781553 0.38923713688771627 10.011372306972495 10.576887750332544 10.899927549761609 0.1959008943445491 0.22329590721980594 0.0018958337621035703 5.6291986187970364 11.286581853732201 0.096925328966237539 19.500000000000004 0.00017650265237412094 0.028327654481363321 0.13738884605579238
decision_type=2 8 10 10 10 8 2 8 10 10 10 10 8 10 10 8 10 8 10 2 8 10 8
left_child=1 3 5 -1 16 6 7 8 -3 10 17 -12 -13 -4 -15 -16 20 18 -10 -20 -5 22 -22
right_child=-2 2 13 4 -6 -7 -8 -9 9 -11 11 12 -14 14 15 -17 -18 -19 19 -21 21 -23 -24
leaf_value=0.020552000915068931 0.019525036783191823 -0.00027133903601696995 0.0021819463422871185 0.0035647258149323676 0.023535571135514625 0.098461574919812167 -0.0014927176900756745 0.0011794679370878229 0.010921547821621181 0.0089747652040533758 0.0017366405156111304 0.011415178499812826 0.0058327567083667643 0.0080203457385777666 0.0037462143678633378 0.015395021917191703 0.0045526762058081061 0.016538830631537722 0.010593647580063573 0.00882706294816233 0.0083802315983377545 0.0031121555530031274 0.01137463542714358
leaf_weight=43 69 51 362 72 96 57 63 79 205 419 121 67 270 93 345 45 53 53 47 50 96 45 54
leaf_count=43 69 51 362 72 96 57 63 79 205 419 121 67 270 93 345 45 53 53 47 50 96 45 54
internal_value=0.00693186 0.00644909 0.00528509 0.0122776 0.0109761 0.00666364 0.00632615 0.00665604 0.00702819 0.00733846 0.0084568 0.00674512 0.00849044 0.0028523 0.00433796 0.00303435 0.00863777 0.0105901 0.00942787 0.0135675 0.009775 0.0114205 0.0133824
internal_weight=2855 2786 2327 459 416 1482 1425 1362 1283 1232 813 458 337 845 483 390 320 355 302 97 267 195 150
internal_count=2855 2786 2327 459 416 1482 1425 1362 1283 1232 813 458 337 845 483 390 320 355 302 97 267 195 150
is_linear=0
shrinkage=0.045


Tree=12
num_leaves=24
num_cat=1
split_feature=34 33 5 12 26 28 21 4 33 6 5 28 29 34 7 20 33 7 6 6 19 7 9
split_gain=2.5567 2.52114 2.41207 2.15347 1.61583 2.9452 1.64942 1.98394 1.75662 1.70003 1.68006 1.69955 2.20911 1.57673 1.47522 1.46338 1.3393 1.26935 1.24009 1.15029 1.06794 1.00939 1.44279
threshold=0.0017113688386354989 0.0075145217298089179 0.76746326457489811 0.14815000000000003 7.380471300567903 5.8589064596088525 0 0.21969512374923791 0.0018914856002485768 0.20444140124112467 0.23553902951304703 0.5218273584225358 4.5712779759156748 7.5192516933177803e-05 0.019733817756017614 2.5000000000000004 0.00065435650951434731 0.0055596435444776248 0.25840455922847322 0.16866286194388416 0.71800000000000008 0.016067103199226326 0.12714616333732745
decision_type=10 10 10 2 10 8 1 8 10 10 10 10 10 10 10 2 8 10 10 10 2 8 8
left_child=2 14 3 4 5 6 7 8 16 13 11 -8 15 -9 -2 21 -1 -14 -18 -3 -21 22 -13
right_child=1 19 -4 -5 -6 -7 10 9 -10 -11 -12 12 17 -15 -16 -17 18 -19 -20 20 -22 -23 -24
leaf_value=0.0047426457304925963 0.021291971677880845 0.0047355591711298372 0.0040552420110220519 -0.0014874425967376719 0.0011322044567109656 0.090164256972945417 0.0033348281485708021 0.0031073740831932071 0.006402650331884651 0.017027805307923385 0.0040495319306109853 0.009015180364016169 0.010016516554009359 0.014801969108287938 0.019616138573245442 0.0058504698841661687 0.00982121166652534 0.0032381308909723442 0.017187506431556043 0.0090866146085855862 0.016216231699188653 0.0085071651081433126 0.014460579745790573
leaf_weight=91 62 82 180 84 98 65 95 41 439 68 665 49 50 110 41 76 55 150 40 44 45 127 85
leaf_count=91 62 82 180 84 98 65 95 41 439 68 665 49 50 110 41 76 55 150 40 44 45 127 85
internal_value=0.00597733 0.0101209 0.00552392 0.00590213 0.00615995 0.00641082 0.00610669 0.00776079 0.00650279 0.0115642 0.00491737 0.0066189 0.00759583 0.00860552 0.0156439 0.00981397 0.0101667 0.00376847 0.0138903 0.0065819 0.0100516 0.0114119 0.0142226
internal_weight=2842 274 2568 2388 2304 2206 2141 844 625 219 1297 632 537 151 103 337 186 200 95 171 89 261 134
internal_count=2842 274 2568 2388 2304 2206 2141 844 625 219 1297 632 537 151 103 337 186 200 95 171 89 261 134
cat_boundaries=0 1
cat_threshold=210
is_linear=0
shrinkage=0.045


Tree=13
num_leaves=24
num_cat=0
split_feature=13 10 3 28 2 9 5 30 24 32 10 32 27 23 9 24 34 5 35 9 34 32 33
split_gain=9.19555 4.68265 2.1483 1.81456 1.72144 1.56097 1.49125 1.33593 1.55495 1.61793 1.28084 1.18343 0.976888 2.93085 1.26091 1.24017 1.02867 1.11928 1.19354 1.00405 0.976091 0.871843 0.957157
threshold=0.72654937380978157 -0.027052270572306591 -0.32974407917865955 0.5218273584225358 11.288675617193034 0.75092262790976494 0.42545518160357093 8.5000000000000018 3.2018334242881941 0.00037481147449925772 0.018944376486428868 0.00095969906477817377 4.6853945755261117 4.6379708336233545 0.14316951465190247 3.0799400496920715 1.4782742741730206e-05 0.38923713688771627 0.0028920209884842145 0.34704179125301998 5.1036992927087716e-05 0.00017544497514002195 0.00023158520823017681
decision_type=2 8 10 8 8 10 10 2 10 10 10 8 10 10 8 10 10 8 10 8 10 10 10
left_child=1 4 3 -3 5 11 7 8 -5 -10 12 20 13 14 15 -4 -16 18 19 -18 -1 22 -19
right_child=-2 2 10 6 -6 -7 -8 -9 9 -11 -12 -13 -14 -15 16 -17 17 21 -20 -21 -22 -23 -24
leaf_value=0.0041798304786892148 0.018977994378733341 -0.0016813094680391645 0.0069930579894070975 0.082751178142897508 0.0066888392996597807 0.027268825418303826 0.0061932089558976687 0.01413461357833957 -0.00033577466498696453 0.0073791900710930359 0.0024492490624179568 0.0069533770862369761 0.0039382257840031784 0.079667382241611018 0.00026409222089270414 0.010383867716873616 0.0030490488259359112 0.0033933565024135246 0.010492601422745631 0.0063035893718673972 0.011121657123331519 0.0048745770814656577 0.010636901569754173
leaf_weight=62 61 42 46 55 167 46 79 42 51 76 545 53 517 43 122 41 74 59 44 57 138 296 109
leaf_count=62 61 42 46 55 167 46 79 42 51 76 545 53 517 43 122 41 74 59 44 57 138 296 109
internal_value=0.00556533 0.00516841 0.00432399 0.00759698 0.00927825 0.011332 0.00880147 0.0106652 0.00873243 0.00576346 0.00373505 0.00972949 0.00445216 0.00535822 0.00473795 0.009825 0.00412009 0.00483995 0.00790028 0.00552425 0.0113054 0.0036424 0.00621053
internal_weight=2825 2764 2298 345 466 299 303 224 182 127 1953 253 1408 891 848 87 761 639 175 131 200 464 168
internal_count=2825 2764 2298 345 466 299 303 224 182 127 1953 253 1408 891 848 87 761 639 175 131 200 464 168
is_linear=0
shrinkage=0.045


Tree=14
num_leaves=24
num_cat=0
split_feature=13 10 10 10 31 34 19 11 0 25 0 25 34 1 7 1 8 34 1 0 10 27 9
split_gain=10.9251 5.78098 2.45541 1.68018 1.35891 1.25973 1.15678 1.06499 1.10269 1.77452 1.50818 1.26986 1.31271 0.938274 1.0732 1.34522 0.908663 1.14555 1.19355 0.912893 1.19886 0.872011 0.850101
threshold=0.72654937380978157 -0.027052270572306591 -0.084386906691325009 0.055824150842543975 4.4037091622803981e-05 0.00097597821159231427 0.77695000000000014 1.0000000180025095e-35 9.2923361027615172 0.82377100216045474 8.2584934847910407 0.51210132935627783 0.0018958337621035703 11.689754254851673 0.020428813032514048 8.983386327796131 10.35386246865489 0.0015755823577304983 10.143494575495643 12.166660436599768 -0.01431237659103393 3.9183973537580874 0.27837696091346381
decision_type=2 8 10 10 8 10 2 2 10 10 8 10 8 8 8 10 10 10 10 10 8 10 8
left_child=1 2 -1 4 -3 6 -4 8 10 -10 -6 -12 13 14 15 -13 17 -11 -19 20 -18 -7 -21
right_child=-2 3 5 -5 7 21 -8 -9 9 16 11 12 -14 -15 -16 -17 19 18 -20 22 -22 -23 -24
leaf_value=0.017860286146462918 0.021004659955194745 -0.0016417879057137404 0.0047911305562890593 -0.0010257230508469864 -0.0014811594771279059 0.026482537242183649 0.0080529898797506144 6.2981114828857244e-06 0.078226360864626962 0.0030269303848498067 -0.0012516045460804362 0.0086195486121912 0.013569136853993746 0.016777177185009397 0.0036894461618531024 0.0094759831377517218 0.012015875453742726 0.0014761643188254952 0.017974763888929858 0.0024545109347364653 0.0056944336994140931 0.0089088890401721899 0.0015833884902272893
leaf_weight=42 66 59 224 149 43 42 87 106 45 678 40 81 52 51 144 62 63 47 66 70 373 70 177
leaf_count=42 66 59 224 149 43 42 87 106 45 678 40 81 52 51 144 62 63 47 66 70 373 70 177
internal_value=0.005564 0.00511725 0.0096875 0.00418428 0.00450312 0.00854049 0.00694347 0.00469276 0.00492632 0.00431817 0.00683981 0.00763857 0.00841603 0.00727126 0.00615259 0.00889212 0.00403081 0.00297261 0.00711853 0.00523797 0.00647836 0.0126783 0.002997
internal_weight=2837 2771 465 2306 2157 423 311 2098 1992 1519 473 430 390 338 287 143 1474 791 113 683 436 112 247
internal_count=2837 2771 465 2306 2157 423 311 2098 1992 1519 473 430 390 338 287 143 1474 791 113 683 436 112 247
is_linear=0
shrinkage=0.045


Tree=15
num_leaves=24
num_cat=0
split_feature=13 10 24 10 23 25 2 7 10 23 25 2 8 4 7 31 32 2 2 24 19 9 8
split_gain=6.13045 5.72829 2.89875 2.6793 1.70686 1.60136 1.3539 1.06192 0.97861 0.774937 0.96351 0.773818 0.84759 0.751699 0.703778 1.95342 1.54025 0.99383 0.895034 1.92499 0.66758 1.39019 1.73223
threshold=0.72654937380978157 -0.026178660127708333 1.0000000180025095e-35 -0.084386906691325009 2.0881348942686508 2.5456678661242198 9.5677747864114924 0.015343818523871676 0.05369839530572771 3.640934268865863 4.7084092889235771 9.4793136698917859 9.6532569126107131 0.31370284776700186 0.018880034640169654 0.0039305254774960096 0.00038572021211394277 11.181669004746743 10.334284244639013 3.9335025936427779 0.63125000000000009 0.44615400417707712 9.086240362186734
decision_type=2 8 10 10 10 8 8 10 10 10 8 10 10 10 10 10 8 8 8 10 2 8 10
left_child=1 3 -3 -1 -4 6 -6 8 20 -9 11 -11 -13 -12 15 16 18 -16 -5 -20 -7 22 -22
right_child=-2 2 4 14 5 7 -8 9 -10 10 13 12 -14 -15 17 -17 -18 -19 19 -21 21 -23 -24
leaf_value=0.020008130923677418 0.018295449979060151 0.11212213643750089 0.0014105063206714791 0.0031175828905307631 0.012168271900351886 0.011598671000542803 0.0046451037396169348 -0.00016224479487275418 -0.00093809820594481323 0.0075000516862655459 0.00067110579348336568 -0.00044422132132974099 0.0057416118991476441 0.0072881466331970665 0.0084344183310152109 0.0038508202047899897 0.019909426231508532 0.0017797158673491448 0.012760800558826235 0.0018468165302690125 0.017954497131869702 0.0048747143779638256 0.0045823070191251623
leaf_weight=45 55 41 408 54 67 234 79 171 60 56 336 73 106 46 94 50 74 72 56 45 46 324 252
leaf_count=45 55 41 408 54 67 234 79 171 60 56 336 73 106 46 94 50 74 72 56 45 46 324 252
internal_value=0.0050706 0.00476352 0.00381288 0.00917343 0.00358448 0.00416487 0.00866778 0.0037645 0.00480849 0.00253729 0.00327702 0.00553046 0.00396841 0.00185844 0.0080106 0.00942287 0.0111627 0.00551183 0.0083307 0.0107957 0.00519674 0.0043848 0.00659302
internal_weight=2844 2789 2299 490 2258 1850 146 1704 916 788 617 235 179 382 445 279 229 166 155 101 856 622 298
internal_count=2844 2789 2299 490 2258 1850 146 1704 916 788 617 235 179 382 445 279 229 166 155 101 856 622 298
is_linear=0
shrinkage=0.045


Tree=16
num_leaves=24
num_cat=0
split_feature=13 10 34 33 24 10 35 0 1 7 10 3 3 4 26 7 0 33 2 19 4 19 2
split_gain=7.1232 5.3416 2.89095 4.24267 2.42154 2.18899 1.34864 1.10693 1.06573 0.97579 1.25718 0.904453 1.71901 0.830917 0.858526 0.888689 0.825415 0.802931 0.839636 0.749185 0.695109 0.85916 0.684814
threshold=0.72654937380978157 -0.084386906691325009 0.0019885954423760296 0.0076314784917047504 1.0000000180025095e-35 -0.023539217930406014 0.00038023779847961566 12.617716551286508 9.2550032856809832 0.021316607035642868 1.0000000180025095e-35 0.085648276804151421 0.23015218603283924 -0.18531341367474927 5.2128389796692813 0.0063530792234721151 10.63099165896403 0.009510463203741687 9.9486036860023983 0.71800000000000008 -0.066172732313628718 0.75130000000000008 11.329607037458649
decision_type=2 8 10 10 10 8 10 10 10 10 10 10 10 10 10 10 10 8 10 2 10 2 10
left_child=1 -1 4 -4 -3 8 -7 9 -6 13 16 -10 -13 14 15 -8 -11 18 20 -5 -15 -22 -20
right_child=-2 2 3 19 5 6 7 -9 11 10 -12 12 -14 17 -16 -17 -18 -19 22 -21 21 -23 -24
leaf_value=0.016147605717686794 0.020200282391980063 0.12287837832899556 0.022660915281493541 -4.6868062381252222e-05 0.0023987748890927502 0.0011268619656761676 0.0072346248361221032 -0.00102845535958352 0.0070192076820724276 0.0026164500866473627 -0.00072408314104229767 0.0087010168689520585 0.0071499933952259079 0.0034257177069743003 0.011316107469820067 0.0071919118152884223 0.0049896655355130574 0.010724166058757685 0.0014399159556921859 0.010540021067988018 0.0092944304309049847 0.0040760318733977629 0.0065349903533166893
leaf_weight=43 59 42 72 58 96 506 102 145 193 145 222 74 83 69 55 59 95 43 295 54 132 46 155
leaf_count=43 59 42 72 58 96 506 102 145 193 145 222 74 83 69 55 59 95 43 295 54 132 46 155
internal_value=0.00451976 0.00417869 0.00391864 0.0093369 0.00351826 0.00332853 0.00270499 0.00335776 0.00618374 0.00373997 0.00202258 0.00733003 0.00988594 0.004561 0.0070274 0.00519969 0.00425926 0.00381561 0.00341679 0.00367826 0.005517 0.00698619 0.0022351
internal_weight=2843 2784 2741 184 2557 2515 2069 1563 446 1418 462 350 157 956 216 161 240 740 697 112 247 178 450
internal_count=2843 2784 2741 184 2557 2515 2069 1563 446 1418 462 350 157 956 216 161 240 740 697 112 247 178 450
is_linear=0
shrinkage=0.045


Tree=17
num_leaves=24
num_cat=1
split_feature=32 27 28 8 34 34 32 5 12 18 5 3 5 24 33 7 21 32 15 34 34 7 6
split_gain=1.94721 1.90257 2.76593 1.99147 2.55098 1.27799 1.31213 1.12201 1.01949 0.825163 0.77749 0.679339 0.883258 1.26622 1.34098 1.97949 1.22348 1.29914 1.76791 1.13379 0.855667 0.974194 0.858012
threshold=1.1588334665478799e-05 5.2108183614011621 3.4617874576956686 10.863774218867119 0.0008522069541968449 0.002087519111356182 0.00064555117737047818 0.7580655899467148 0.19875000000000001 36.500000000000007 0.26298262994707117 0.15262055330662852 0.39836832825739188 4.2704974834948013 0.0022231317204984349 0.012305404401376464 0 0.00019199090936011237 2.5000000000000004 0.00058704007206247886 0.0003961943469954654 0.012305404401376464 0.24121524460914959
decision_type=8 10 8 8 10 10 10 10 2 2 8 10 8 10 8 10 1 10 2 10 8 10 8
left_child=10 2 5 4 -4 7 -7 8 9 11 -1 12 13 14 -2 -16 17 18 -14 -19 21 22 -13
right_child=1 -3 3 -5 -6 6 -8 -9 -10 -11 -12 20 16 -15 15 -17 -18 19 -20 -21 -22 -23 -24
leaf_value=0.0028030685839718914 0.0051330326340716919 0.0043330309137191462 0.0051929988957119082 0.09303929075056612 0.013488696500272648 0.021696067843744355 0.0065722248014534823 0.00062605670186107539 -0.0021275417562394601 0.0036394475238068092 -0.00052660053484416083 0.0030352632642481302 0.010625909976987633 0.0047841495252271098 0.01200455689782232 0.011836241051617253 0.0037767355796666353 0.0032718011005270515 0.0048923590537202633 0.0088351735775451731 0.0025592302003816488 0.0023412015462799607 0.007133738370135769
leaf_weight=70 148 752 69 77 79 40 41 143 41 89 152 61 79 101 44 45 223 100 53 92 152 141 40
leaf_count=70 148 752 69 77 79 40 41 143 41 89 152 61 79 101 44 45 223 100 53 92 152 141 40
internal_value=0.00422857 0.00457233 0.00534632 0.0100164 0.0067351 0.00468567 0.0101518 0.00438135 0.00476611 0.00497593 0.000179999 0.00526697 0.00596706 0.00779912 0.00959062 0.0139647 0.00479864 0.00651632 0.0101333 0.00424615 0.00366121 0.00530816 0.00863221
internal_weight=2832 2610 1858 225 148 1633 81 1552 1409 1368 222 1279 885 338 237 89 547 324 132 192 394 242 101
internal_count=2832 2610 1858 225 148 1633 81 1552 1409 1368 222 1279 885 338 237 89 547 324 132 192 394 242 101
cat_boundaries=0 1
cat_threshold=212
is_linear=0
shrinkage=0.045


Tree=18
num_leaves=24
num_cat=0
split_feature=10 13 24 32 10 0 8 19 34 19 27 9 10 4 2 4 34 10 27 8 2 2 6
split_gain=5.92087 2.9886 2.26586 1.8711 1.17154 1.14102 1.10686 1.03301 1.31634 1.03103 0.942216 0.938979 0.807563 0.772716 1.16392 1.08973 0.714947 1.85678 1.36878 0.927563 0.503135 0.541738 0.811152
threshold=-0.084386906691325009 0.72654937380978157 inf 1.1588334665478799e-05 -0.023539217930406014 9.3378954725358039 8.4136587562216807 0.79630000000000012 0.0010046028243053567 0.82915000000000016 4.2008336676426996 0.26209619667089129 0.063889709279473697 0.018573532335914748 12.045284582608609 -0.047504726142666258 0.0010945444051979763 -0.0084391842506751618 5.1206477760634224 9.2068461846300149 13.38754933795979 10.819137038148526 0.12105611573626408
decision_type=8 2 8 10 8 10 8 2 10 2 10 10 10 8 8 10 10 8 10 10 10 10 10
left_child=-1 2 3 -2 7 6 -6 8 11 -9 -10 -5 16 15 -15 -8 20 -18 19 -19 21 -7 -23
right_child=1 -3 -4 4 5 12 13 9 10 -11 -12 -13 -14 14 -16 -17 17 18 -20 -21 -22 22 -24
leaf_value=0.019037998847190391 -6.3985616700788382e-05 0.013262245074477538 0.11233041290184702 0.0062822514985680982 0.0048631486580313719 0.0021555069770158525 0.0048483753469963642 0.011372374692151421 0.021254321930600943 0.0034322898799448503 0.0067334342966218572 0.0011854405066187182 -0.0026382684768723932 0.0043559775877105951 0.015126003474982065 0.011255018316465609 0.010498401640873451 0.0078942647347548696 0.0013403948084278559 0.011790284384197651 -0.0014447030757099891 0.0022593335534920574 0.0053206978714040896
leaf_weight=47 239 56 43 72 143 551 84 41 46 60 47 153 80 193 44 41 40 74 155 45 62 180 340
leaf_count=47 239 56 43 72 143 551 84 41 46 60 47 153 80 193 44 41 40 74 155 45 62 180 340
internal_value=0.00410849 0.00382871 0.00360773 0.0034339 0.00380409 0.00334791 0.00520423 0.0059769 0.00464019 0.00993029 0.00907031 0.00271382 0.002725 0.00652192 0.00490312 0.0094043 0.00296845 0.00486908 0.00346029 0.00702664 0.00243024 0.00265852 0.00369981
internal_weight=2836 2789 2733 2690 2451 2032 505 419 318 101 93 225 1527 362 237 125 1447 314 274 119 1133 1071 520
internal_count=2836 2789 2733 2690 2451 2032 505 419 318 101 93 225 1527 362 237 125 1447 314 274 119 1133 1071 520
is_linear=0
shrinkage=0.045


Tree=19
num_leaves=24
num_cat=0
split_feature=10 7 27 23 34 5 34 9 5 4 10 19 34 2 26 7 23 19 34 4 19 8 26
split_gain=3.28994 1.50324 1.11981 2.3831 1.53865 1.40747 1.28079 1.20807 0.973438 0.996141 1.33187 0.701041 1.07039 1.04144 0.987476 0.753629 0.756588 0.665605 1.91474 0.664523 0.605037 0.590754 0.575756
threshold=-0.078904695624663082 0.021316607035642868 5.5413430858874966 5.6676437666005395 2.5110170073224728e-05 0.21814205815846391 0.0027774913051762189 0.053491973196116455 0.41596736918247312 0.32678200511009808 -0.026178660127708333 0.64275000000000015 0.0010710267858681168 11.463867649500353 4.230771663084707 0.0048828282208484182 3.8632662556503683 0.75960000000000016 0.0008522069541968449 0.06343880491032465 0.72005000000000008 12.026964595093281 4.8587330672581226
decision_type=8 10 10 8 10 8 10 8 10 10 8 2 10 8 10 8 10 2 10 10 2 10 10
left_child=-1 2 3 4 21 7 11 -6 9 10 -3 12 -7 14 15 20 -17 -4 -19 -9 -13 -2 -12
right_child=1 8 17 -5 5 6 -8 19 -10 -11 22 13 -14 -15 -16 16 -18 18 -20 -21 -22 -23 -24
leaf_value=0.018218993693869288 0.0014019053335326073 0.0056852933790534901 0.0007500238032849307 0.063048755534462209 0.0028635752923891924 0.0044201227545469608 0.015018602830566424 0.0096372766587429961 0.00025138365149251162 0.010063563099954214 0.0044727061539202298 0.0089614088677620902 0.011693402592669965 0.0063550898933798271 -0.00067344665552700092 0.0022393015899775338 0.0059687004661975029 -8.291910786193951e-05 0.0080573940367464035 0.0073731690406089257 0.0028471139372616828 0.0013400173470160999 -0.00020397789230720874
leaf_weight=59 264 72 266 42 40 252 51 65 406 44 276 42 49 66 149 224 57 79 52 52 53 47 163
leaf_count=59 264 72 266 42 40 252 51 65 406 44 276 42 49 66 149 224 57 79 52 52 53 47 163
internal_value=0.00354768 0.00331743 0.00406773 0.00464681 0.00431064 0.00509973 0.00441675 0.00904219 0.00186489 0.00308468 0.00249076 0.00399218 0.00576562 0.00306439 0.00236506 0.00358575 0.00236884 0.00192937 0.00451679 0.0113062 0.00700255 0.00149761 0.00153224
internal_weight=2870 2811 1850 1453 1411 1100 943 157 961 555 511 892 301 591 525 376 281 397 131 117 95 311 439
internal_count=2870 2811 1850 1453 1411 1100 943 157 961 555 511 892 301 591 525 376 281 397 131 117 95 311 439
is_linear=0
shrinkage=0.045


Tree=20
num_leaves=24
num_cat=0
split_feature=10 10 13 31 3 3 32 0 18 32 23 27 26 23 2 0 10 7 16 34 9 9 31
split_gain=4.73052 2.61866 2.58654 2.07505 1.31574 1.6713 1.12606 1.14626 1.00832 0.998017 1.37869 0.986784 0.958797 0.889012 0.766152 0.901974 0.912939 0.714633 0.753846 0.76816 0.888928 0.636348 0.575715
threshold=-0.023539217930406014 -0.084386906691325009 1.1863266703616551 1.0000000180025095e-35 0.27516134537823772 0.085648276804151421 1.1588334665478799e-05 9.2923361027615172 11.500000000000002 0.00068790791942272358 2.3472516877418887 2.7696214388647493 4.0926964426560621 3.1648692707049824 12.140193240681375 10.604282377580285 0.05369839530572771 0.0057807254157007147 1.5000000000000002 0.0010308383215306019 0.25176328581362167 0.89367900255775312 0.00054450979419257302
decision_type=8 10 2 10 10 10 10 10 2 10 10 10 10 10 8 10 10 10 2 10 10 8 10
left_child=1 -1 3 -2 5 17 -5 9 -7 10 21 -12 -10 -13 15 -9 -17 -3 19 20 -19 22 -8
right_child=2 4 -4 6 -6 8 7 14 12 -11 11 13 -14 -15 -16 16 -18 18 -20 -21 -22 -23 -24
leaf_value=0.01736661990837874 0.089468292761546053 0.0094986092164113314 0.013280681088364183 -0.00077007026281617212 0.0014661053204608043 0.014009897834772574 0.0027060305306967126 0.0026122600706907722 0.0061432610600873436 0.0018452842948103729 0.015941900431432655 0.0012432880170689068 0.0064432210157988031 0.010847315548608114 0.00012516520057716889 0.0057615849584975358 -0.0027607907544366711 0.0041274789084113968 -0.00039516513891646465 0.012165158421020046 0.00034526354966366279 0.0054887132185262892 -0.0011307778312891642
leaf_weight=45 41 59 44 185 87 44 51 603 61 140 40 42 42 100 352 554 47 40 46 40 73 52 72
leaf_count=45 41 59 44 185 87 44 51 603 61 140 40 42 42 100 352 554 47 40 46 40 73 52 72
internal_value=0.00363081 0.00742917 0.0027443 0.00252509 0.0064 0.00747243 0.00233132 0.00263412 0.011295 0.0045135 0.00576875 0.00848919 0.00842689 0.00648621 0.0020263 0.00256504 0.00379594 0.00518965 0.00379827 0.00529327 0.00323922 0.0028441 0.00101786
internal_weight=2860 537 2323 2279 492 405 2238 2053 147 497 357 182 103 142 1556 1204 601 258 199 153 113 175 123
internal_count=2860 537 2323 2279 492 405 2238 2053 147 497 357 182 103 142 1556 1204 601 258 199 153 113 175 123
is_linear=0
shrinkage=0.045


Tree=21
num_leaves=24
num_cat=0
split_feature=10 24 10 34 26 10 34 26 4 5 33 0 25 8 28 34 2 32 3 28 33 10 18
split_gain=3.82752 2.62214 1.45673 1.43393 1.64237 1.20474 1.12609 1.39052 1.20741 1.08256 1.31126 1.05685 1.23892 1.04593 1.25516 1.17677 1.14929 1.01499 0.877523 1.39537 0.717077 1.41333 0.751411
threshold=-0.030818037639022824 inf -0.084386906691325009 2.7171775194957512e-05 4.5396836780389114 -0.0084391842506751618 0.0010710267858681168 3.8566307909092354 -0.12516850095329488 0.38923713688771627 0.004416049467292832 10.271333100350633 4.0842472379249406 9.5447176367806623 3.1581237912253646 0.0018958337621035703 8.7110100895280116 0.00036617514263226862 0.12760359073127028 2.1183001577703524 0.0076314784917047504 -0.0088325561151845738 27.500000000000004
decision_type=8 8 10 8 8 10 10 10 10 8 8 10 10 8 10 10 10 8 10 10 10 8 2
left_child=2 3 -1 -2 9 20 8 -8 -4 10 18 -10 -13 15 16 -11 -15 -14 19 -5 22 -22 -6
right_child=1 -3 6 4 5 -7 7 -9 11 13 -12 12 17 14 -16 -17 -18 -19 -20 -21 21 -23 -24
leaf_value=0.015163495502935193 -0.00022007771293945977 0.10208556525843988 -0.00089153350304064496 0.0066887296538656518 0.00070766999283034481 -7.9248055142126797e-05 0.020523932124850975 0.0063090076349275196 0.0020747965122925758 0.00050353394009356811 0.0086851042247826447 0.0088702358293904805 -0.00027200061487113328 0.0098167855135854586 0.011278691831231032 0.014918416615475164 0.0040194463016058569 0.00888610580477661 0.0041392558889429536 0.0038288748117848441 0.0098434592357275769 0.0025553621547030753 0.0071265388234913246
leaf_weight=49 321 40 56 82 223 467 48 69 79 360 40 59 45 44 47 53 339 40 103 87 40 85 112
leaf_count=49 321 40 56 82 223 467 48 69 79 360 40 59 45 44 47 53 339 40 103 87 40 85 112
internal_value=0.0032781 0.00257287 0.00710658 0.00237251 0.0028036 0.00138629 0.00611278 0.00980625 0.00447606 0.00393458 0.0062 0.00594358 0.00820408 0.00307713 0.00462471 0.00144411 0.00371308 0.00447443 0.00497454 0.00694622 0.00301296 0.00588867 0.00189719
internal_weight=2888 2443 445 2403 2082 927 396 117 279 1155 312 223 144 843 430 413 383 85 272 169 460 125 335
internal_count=2888 2443 445 2403 2082 927 396 117 279 1155 312 223 144 843 430 413 383 85 272 169 460 125 335
is_linear=0
shrinkage=0.045


Tree=22
num_leaves=24
num_cat=1
split_feature=13 10 33 0 18 23 7 4 26 7 34 26 34 23 2 0 4 1 7 6 7 21 8
split_gain=2.96612 2.42026 1.35413 1.71395 0.954386 1.28296 1.08599 1.3448 1.13778 0.930316 1.49456 1.22199 0.884647 0.883688 0.903376 0.751178 0.745222 0.653052 0.637595 0.626391 0.50702 0.637851 1.09841
threshold=0.72654937380978157 -0.024614966902761489 0.013649435367762716 10.949555325688424 25.500000000000004 1.3035089820881451 0.026465241236310652 0.14994496781529901 3.8566307909092354 0.021316607035642868 1.4782742741730206e-05 4.5396836780389114 0.00060601711959482366 4.3852451984117087 8.9416285542736897 10.271333100350633 0.29957309071164745 8.5917632301940401 0.020428813032514048 0.27318452317143022 0.004282531638415449 0 9.8245008900169815
decision_type=2 8 8 8 2 10 10 10 10 10 10 8 8 10 10 10 10 8 8 10 8 1 8
left_child=1 4 9 -4 5 -1 7 8 -7 10 -3 13 -8 14 17 -15 -11 -12 -13 -6 -16 22 -22
right_child=-2 2 3 -5 19 6 12 -9 -10 16 11 18 -14 15 20 -17 -18 -19 -20 -21 21 -23 -24
leaf_value=-0.00062913894663698896 0.014162948333965643 -0.0010677189086802652 0.0033817561948456375 0.078896143255461432 0.0012882488202206536 0.010829157311063221 -0.0010158476821445397 0.016079335934038975 0.0047347216704526221 0.00045733129624107811 0.0022150805960907088 0.0016943330127567955 0.0061718695872822723 0.0029862794222668709 0.0071855127410885939 0.010503832953122976 0.0081232987015067773 0.0085984910727629638 0.0061686593863811015 0.0081681241030517431 0.00033456441817705465 0.0015427397058293327 0.0090629364725348296
leaf_weight=42 60 171 61 46 111 70 40 60 72 677 45 466 41 41 90 42 63 86 66 52 48 324 58
leaf_count=42 60 171 61 46 111 70 40 60 72 677 45 466 41 41 90 42 63 86 66 52 48 324 58
internal_value=0.00318095 0.00295784 0.00233756 0.00722045 0.00582892 0.00723704 0.00831556 0.0100756 0.00741724 0.00208796 0.00275469 0.00328723 0.00372321 0.00447558 0.00388417 0.00881686 0.000787348 0.00720336 0.00163178 0.00294126 0.00301147 0.00233834 0.00518067
internal_weight=2832 2772 2284 107 488 325 283 202 142 2177 1437 1266 81 734 651 83 740 131 532 163 520 430 106
internal_count=2832 2772 2284 107 488 325 283 202 142 2177 1437 1266 81 734 651 83 740 131 532 163 520 430 106
cat_boundaries=0 1
cat_threshold=50
is_linear=0
shrinkage=0.045


Tree=23
num_leaves=24
num_cat=0
split_feature=13 10 24 10 34 25 5 6 7 31 23 3 3 29 5 31 33 9 32 0 32 6 7
split_gain=3.27907 2.87159 1.59054 1.23508 1.34022 1.47042 1.19385 1.0496 0.702623 1.03547 0.931403 0.656014 0.857029 0.728185 0.64171 0.616489 1.07519 0.920968 0.74508 1.02452 0.753236 1.00805 0.709692
threshold=1.0000000180025095e-35 -0.084386906691325009 inf 0.018944376486428868 0.0010046028243053567 3.2676895708488698 0.10883662396485873 0.3835275200827058 0.01326041284658197 0.0053000180499897416 4.2868027825995823 0.39443695624401626 0.34540842505635871 0.57214538495157208 0.49346678636932706 0.00012019635032724016 0.00011930259512980082 0.17461915874115017 6.7091333311007252e-05 12.465887976828483 0.00010227724038581908 0.17958347253822848 0.02762561182825481
decision_type=2 8 8 10 10 10 8 10 10 10 10 10 10 10 10 8 10 10 10 10 10 10 10
left_child=1 -1 3 4 7 -6 -7 11 9 10 -8 12 13 -3 -9 16 17 -15 -17 20 -20 22 -22
right_child=-2 2 -4 -5 5 6 8 14 -10 -11 -12 -13 -14 15 -16 18 -18 -19 19 -21 21 -23 -24
leaf_value=0.014364121573764032 0.010969051956223714 -0.001247283805358016 0.093099770583386296 0.0006062647735052255 0.019323109799975154 0.0064103414304409754 0.0092989642002778983 0.0087772320170329213 0.0014915837020642445 0.001466483899627806 0.0098535705480462827 -0.00085553625602559325 0.004572564886860594 0.0028185240272963138 0.0038034881764370553 -0.00038529488876797762 0.011612920393753862 -0.0023887010724817086 0.003563281927569043 -0.0037803388729207152 0.005932675734365382 0.00038014453435631913 0.00043704766667943651
leaf_weight=46 72 100 42 551 79 48 45 82 186 66 57 94 46 58 45 170 48 51 69 91 345 351 100
leaf_count=46 72 100 42 551 79 48 45 82 186 66 57 94 46 58 45 170 48 51 69 91 345 351 100
internal_value=0.00294042 0.00268572 0.00248845 0.00234469 0.00283517 0.00492304 0.00376667 0.00221869 0.00281092 0.00489474 0.00767143 0.00188286 0.00212273 0.00191071 0.00610961 0.00219926 0.00482344 0.00222991 0.00182152 0.00230865 0.00278658 0.00237672 0.00379185
internal_weight=2842 2770 2724 2682 2131 481 402 1650 354 168 102 1523 1429 1383 127 1283 157 109 1126 956 865 796 445
internal_count=2842 2770 2724 2682 2131 481 402 1650 354 168 102 1523 1429 1383 127 1283 157 109 1126 956 865 796 445
is_linear=0
shrinkage=0.045


Tree=24
num_leaves=24
num_cat=2
split_feature=13 10 24 21 18 0 30 24 5 19 7 1 21 18 33 34 29 23 26 5 18 26 34
split_gain=2.13712 1.64849 1.23574 0.845733 0.969643 1.25148 1.34077 0.916428 1.82841 0.902548 0.861378 0.766778 1.19862 1.41265 0.779504 0.872866 0.648108 0.691895 0.716892 0.642609 1.01967 1.11557 0.526683
threshold=0.72654937380978157 -0.078904695624663082 inf 0 21.500000000000004 8.5989934170972919 4.5000000000000009 3.9030236257708926 0.57207179688848331 0.73935000000000006 0.0055596435444776248 13.333252133596451 1 21.500000000000004 0.0043449102497903494 0.00038034393166476145 6.3811538177477489 1.4996565139970011 1.7896641179131472 0.63163110161059988 4.5000000000000009 4.7168184412877627 0.0001838525548519374
decision_type=2 8 8 1 2 10 2 10 8 2 10 8 1 2 10 10 8 10 8 10 2 8 10
left_child=1 -1 3 4 5 -3 -7 9 -9 -8 11 12 13 -5 15 -14 17 -12 -19 20 21 -20 -6
right_child=-2 2 -4 10 22 6 7 8 -10 -11 16 -13 14 -15 -16 -17 -18 18 19 -21 -22 -23 -24
leaf_value=0.01211800306883635 0.013584698945609966 -0.0016025432502654278 0.063170626804433347 0.0043971584359300906 -0.00090047066678167209 -0.0012088125640247712 0.011066949260384599 0.0061839786624249427 -0.0023624910458193275 0.017681104049814711 -0.00096554852517188774 0.0077297503219627686 0.0012947973852186949 0.011829930460470078 -0.0032297088792568669 0.0083205877701195419 -0.0012704711905020159 0.0056913622069113164 0.0080529744949798844 -0.00098272845348089063 0.0022438311283634106 0.0024999231398961661 0.0033000357039569763
leaf_weight=57 54 65 43 77 70 45 50 65 55 41 171 47 181 45 97 40 148 45 65 186 928 46 227
leaf_count=57 54 65 43 77 70 45 50 65 55 41 171 47 181 45 97 40 148 45 65 186 928 46 227
internal_value=0.00264539 0.00246639 0.00230173 0.00217408 0.00364422 0.00540972 0.00681081 0.00829556 0.0054878 0.0117048 0.00170608 0.00336582 0.00274266 0.0063 0.00110121 0.00260156 0.00120273 0.00149429 0.00185585 0.00163986 0.0020751 0.00609868 0.0018225
internal_weight=2848 2794 2737 2694 618 321 256 211 120 91 2076 487 440 122 318 221 1589 1441 1270 1225 1039 111 297
internal_count=2848 2794 2737 2694 618 321 256 211 120 91 2076 487 440 122 318 221 1589 1441 1270 1225 1039 111 297
cat_boundaries=0 1 2
cat_threshold=130 72
is_linear=0
shrinkage=0.045


Tree=25
num_leaves=24
num_cat=0
split_feature=13 10 0 0 28 5 0 9 0 0 9 9 28 0 2 26 7 7 10 30 6 7 7
split_gain=2.07613 1.88789 1.22074 1.58522 1.21323 0.850086 0.895443 0.921167 0.843497 0.682046 1.41153 0.605332 0.553372 0.69003 0.531536 0.70902 0.522225 0.484589 0.369895 0.400787 0.361203 0.453261 0.469201
threshold=1.1863266703616551 -0.025380052242294223 11.595354538207008 10.271333100350633 1.0000000180025095e-35 0.53034597606987177 9.3378954725358039 0.15208123735692167 8.9650828450336792 10.759452647225983 0.50930833046912605 0.32426228444652122 0.47195561666737529 12.342675201073599 8.466052414077339 2.2484291441976496 0.0055596435444776248 0.0027951915893831779 0.012667707595721613 6.5000000000000009 0.3835275200827058 0.001996472673684383 0.0046661352026310101
decision_type=2 8 10 10 10 10 10 10 10 10 10 10 10 10 10 10 10 10 8 2 10 10 10
left_child=1 2 3 14 -3 6 7 8 16 -5 -11 -9 -8 20 -1 -16 -6 -7 -13 -20 21 -14 -23
right_child=-2 4 -4 9 5 17 12 11 -10 10 -12 18 13 -15 15 -17 -18 -19 19 -21 -22 22 -24
leaf_value=-0.0011868262044265961 0.012697042180706093 0.086067602700934415 0.0013245783145366479 0.010828484037537852 0.0042482816205007606 0.008544131586761412 -0.0010996683056941328 -0.00019319714741695209 0.0051533493648484429 0.002877062264680048 0.014533894564377271 0.005328647927528617 -0.0033618014687125304 -0.00061408159564368861 0.010026794146061252 0.0030827520321629323 0.003240107156594724 -0.00029075405432580969 -0.00054788799547829403 0.0092875170444511896 0.0090926964234993649 0.0052692799419725156 0.0024595073230750109
leaf_weight=43 57 42 130 70 57 58 83 94 47 46 46 40 53 194 57 110 48 532 65 77 79 74 714
leaf_count=43 57 42 130 70 57 58 83 94 47 46 46 40 53 194 57 110 48 532 65 77 79 74 714
internal_value=0.00231784 0.00213514 0.00462475 0.005928 0.001576 0.00142527 0.00195562 0.00371694 0.00650323 0.00924545 0.00634737 0.00212903 0.00131812 0.00158326 0.00327465 0.00440735 0.0040625 -3.79432e-05 0.00362432 0.00245172 0.00209642 0.00181013 0.00208217
internal_weight=2816 2759 502 372 2257 2215 1625 428 152 162 92 276 1197 1114 210 167 105 590 182 142 920 841 788
internal_count=2816 2759 502 372 2257 2215 1625 428 152 162 92 276 1197 1114 210 167 105 590 182 142 920 841 788
is_linear=0
shrinkage=0.045


Tree=26
num_leaves=24
num_cat=0
split_feature=10 10 10 3 3 7 34 18 4 28 25 32 4 4 19 27 10 19 27 23 32 8 10
split_gain=2.69268 1.30951 1.19761 1.11782 1.10892 0.708516 0.771095 0.700537 0.6386 0.595873 0.541104 0.551363 0.537201 0.530194 0.434988 0.719777 0.424712 0.444955 0.735658 0.914341 0.602829 0.503693 0.420018
threshold=-0.084386906691325009 -0.026178660127708333 -0.043079037177672357 -0.13249140633478682 0.037723319331596387 0.037099333762213783 0.0013048986994650062 25.500000000000004 -0.18531341367474927 4.3812116234009535 6.7689351161617859 1.3028647856428648e-05 0.10635346496093068 -0.12000550377962933 0.67540000000000011 3.3685967068318505 0.072692442428078735 0.73935000000000006 5.4662944427602795 4.8490054450272169 0.00099146448247474967 8.6882376840661468 -0.0097009765155480748
decision_type=8 10 10 10 10 10 8 2 10 8 10 10 8 10 2 10 10 2 10 10 10 10 10
left_child=-1 2 5 -4 -5 8 -7 -6 9 14 11 -10 16 -13 15 -2 17 18 19 22 21 -19 -3
right_child=1 12 3 4 7 6 -8 -9 10 -11 -12 13 -14 -15 -16 -17 -18 20 -20 -21 -22 -23 -24
leaf_value=0.010364389027697025 0.0053889199160089534 -0.0012371197431189052 0.014260480635477538 -0.00036409210938875467 0.0056323446537851008 -0.00068322446799541625 0.004909824247631471 0.0057611205259902884 -0.0012277455673933382 0.02828931902680408 -0.0011281520599494758 -0.0024381356747083189 -0.00011675166513587527 0.0060736004613667792 0.00056805237251557328 0.0017728581930677519 -0.0027397942775292312 0.0025081602964389946 -0.0012472807502627848 0.0093453867307612803 0.0056940669836912823 -0.00025771342391537439 0.0043843584358607083
leaf_weight=41 74 69 53 62 77 136 42 43 47 71 54 54 538 536 68 72 52 47 90 53 53 268 249
leaf_count=41 74 69 53 62 77 136 42 43 47 71 54 54 538 536 68 72 52 47 90 53 53 268 249
internal_value=0.0021861 0.00201067 0.00299192 0.00590861 0.00411081 0.00238418 -0.000223757 0.00658537 0.00285904 0.00464844 0.00210411 0.00247148 0.00104589 0.0028457 0.00338018 0.00474161 0.00172822 0.00197686 0.00290463 0.00378409 0.000800539 3.53768e-05 0.00281776
internal_weight=2849 2808 1389 235 182 1154 178 120 976 285 691 637 1419 590 214 146 881 829 461 371 368 315 318
internal_count=2849 2808 1389 235 182 1154 178 120 976 285 691 637 1419 590 214 146 881 829 461 371 368 315 318
is_linear=0
shrinkage=0.045


Tree=27
num_leaves=24
num_cat=1
split_feature=13 24 10 32 24 6 31 19 31 34 10 18 2 21 5 32 10 19 10 33 34 26 33
split_gain=2.56605 2.35191 1.98556 0.87868 1.05456 0.755852 0.965092 1.25038 1.77703 1.04024 0.783778 1.699 0.794723 0.609599 1.22001 1.04574 0.933521 0.570742 0.551303 0.524187 0.421383 0.397988 0.653963
threshold=1.0000000180025095e-35 1.0000000180025095e-35 -0.084386906691325009 5.9168984245900351e-05 1.5559316128580503 0.3835275200827058 0.0068566818661359901 0.58210000000000017 0.0033466811896380438 0.00019918479780894397 -0.030818037639022824 23.500000000000004 10.752706513540142 0 0.57207179688848331 0.00054430321864866774 -0.0066362851341243414 0.45240000000000008 0.0069942582597067047 0.003899712065171848 9.5179654047169564e-05 2.305844534511917 0.00012868561480458267
decision_type=2 10 8 10 10 8 10 2 10 10 8 2 8 1 10 10 10 2 8 10 8 8 10
left_child=1 -1 -3 18 -5 10 7 17 9 -9 11 12 -6 14 15 -12 -17 -7 21 -11 -15 22 -4
right_child=-2 2 3 4 5 6 -8 8 -10 19 13 -13 -14 20 -16 16 -18 -19 -20 -21 -22 -23 -24
leaf_value=0.065951479454669282 0.012346518874663863 0.0096115172713119833 0.00025275364683596552 0.0079489208779227119 0.010752358707917848 0.0081556362802190484 -0.00056836827870606753 0.011173441728132817 0.0080699879853795512 -0.0022414911284845021 0.0055334071386617242 -0.0010571094733817978 0.0036643522199499025 0.0012345154886109898 -0.00099474668150433508 0.0057731702451900855 -0.0023182084618729635 -1.7447362071938889e-05 -0.00042635088636040134 0.0053765424305433499 9.1902108632483816e-05 -0.0001941757543263971 0.0093784310661785986
leaf_weight=40 71 45 74 47 74 120 112 41 49 52 65 94 65 44 137 49 47 119 375 47 874 91 55
leaf_count=40 71 45 74 47 74 120 112 41 49 52 65 94 65 44 137 49 47 119 375 47 874 91 55
internal_value=0.00233306 0.00210519 0.00193505 0.00176737 0.00221138 0.00204556 0.00348066 0.0044478 0.00716016 0.00440559 0.00150465 0.0038803 0.00698768 0.00104102 0.00276367 0.00547408 0.00236364 0.0022407 0.000244565 0.00178676 0.000439849 0.00201794 0.00359659
internal_weight=2787 2716 2676 2631 2036 1989 540 428 189 140 1449 233 139 1216 298 161 96 239 595 99 918 220 129
internal_count=2787 2716 2676 2631 2036 1989 540 428 189 140 1449 233 139 1216 298 161 96 239 595 99 918 220 129
cat_boundaries=0 1
cat_threshold=130
is_linear=0
shrinkage=0.045


Tree=28
num_leaves=24
num_cat=0
split_feature=10 27 34 27 7 34 10 30 8 29 35 7 35 31 2 2 31 34 9 0 9 34 8
split_gain=2.61934 1.10797 0.914806 0.912864 0.874699 0.641004 0.862196 1.79691 1.68086 1.1138 0.790704 0.588533 0.632671 0.619481 0.870607 1.51413 0.546856 0.789097 0.756946 0.696031 0.537192 0.484038 0.574283
threshold=-0.084386906691325009 1.0000000180025095e-35 2.5110170073224728e-05 6.6861939468642406 0.030685809170690772 0.0010046028243053567 0.025588019391902809 7.5000000000000009 9.5721295584210058 3.7768292096992604 0.00012026422168173774 0.010296307036838597 0.00062232863639514883 0.0010841076007518404 10.649238414598083 11.704890581524365 0.0011649955117269395 0.00019103659364247007 0.35934138474237259 9.4178933036531944 0.4524996679784406 0.00027205156860951059 10.603366896007676
decision_type=8 10 10 10 10 10 8 2 10 10 8 8 10 10 8 10 10 10 10 10 8 10 10
left_child=-1 -2 -3 4 5 10 7 9 -9 -7 -4 13 -13 14 -12 -16 17 -14 19 -18 -6 -21 -23
right_child=1 2 3 -5 20 6 -8 8 -10 -11 11 12 16 -15 15 -17 18 -19 -20 21 -22 22 -24
leaf_value=0.010214349635500187 0.034109624439670166 -0.00011175460135673402 0.0085894266889566598 -0.00087280208391147238 0.0036140199311250091 0.01262563323520469 0.0067774061977724682 0.0086214381611862609 0.0089320522214541374 7.2790598952761008e-06 -0.00025585392668453386 1.5627315885897373e-05 0.0080897823912107984 -0.00014622293543080348 0.00734950742893253 -8.9879969888990015e-05 0.0074708196348726892 0.0067891524036669581 0.0015541887437247458 -0.00076932977300449442 -0.0010587997069142626 0.00054415925482563933 0.0066079887306646559
leaf_weight=47 42 483 72 220 195 66 203 43 40 95 62 120 47 334 42 41 71 46 173 44 229 72 58
leaf_count=47 42 483 72 220 195 66 203 43 40 95 62 120 47 334 42 41 71 46 173 44 229 72 58
internal_value=0.00206592 0.00188129 0.00176477 0.00214224 0.00243713 0.00291039 0.004365 0.00615789 0.0114331 0.00327896 0.00235063 0.00204178 0.00294203 0.000844916 0.00326858 0.00620058 0.00362889 0.00672656 0.00289667 0.00449093 0.000611241 0.00287288 0.00422932
internal_weight=2845 2798 2756 2273 2053 1629 447 244 83 161 1182 1110 631 479 145 83 511 93 418 245 424 174 130
internal_count=2845 2798 2756 2273 2053 1629 447 244 83 161 1182 1110 631 479 145 83 511 93 418 245 424 174 130
is_linear=0
shrinkage=0.045


Tree=29
num_leaves=24
num_cat=1
split_feature=24 32 10 9 4 21 33 7 5 15 9 9 27 32 28 33 5 9 2 26 28 4 29
split_gain=1.96524 1.15803 0.94695 0.842609 0.907154 0.93536 0.800726 0.677478 0.654818 0.648858 0.626731 1.10556 0.623812 1.32156 1.12744 0.59105 0.506664 0.490957 0.487439 0.731334 0.713536 0.475775 0.427712
threshold=inf 1.3028647856428648e-05 -0.0076067684663847215 0.87685035718828164 -0.055358677934261503 0 0.0038236912713675917 0.016067103199226326 0.39336051159265173 2.5000000000000004 0.32426228444652122 0.49172679394216173 5.4662944427602795 0.00053435576875032265 3.3467093099839507 0.00016983160913722144 0.37142845059497515 0.18146403671996822 10.649238414598083 5.2128389796692813 2.9346957002434286 0.06343880491032465 3.1619527238189491
decision_type=8 10 8 10 8 1 10 10 10 2 10 10 10 10 10 8 10 10 8 8 10 8 10
left_child=1 -1 3 4 -3 17 16 8 10 -8 12 -12 13 15 -15 -4 -7 -6 -10 20 -20 -19 -13
right_child=-2 2 7 -5 5 6 9 -9 18 -11 11 22 -14 14 -16 -17 -18 21 19 -21 -22 -23 -24
leaf_value=-0.00050531615258249602 0.077250461866509176 7.476667651856008e-05 0.002802049390137072 0.016795393599291188 0.0049303915459429359 0.0090719066150038753 0.014155869686053814 0.00056842997163239202 -0.0021536501208201508 0.0085516949752616894 0.0091918768887726283 0.0092171460896529594 -0.00030585204926943273 0.0040986182911401806 0.0080525114352135944 -0.00028572972225896003 -6.2009017799071782e-06 0.0060617213160789173 0.0027703661595659813 -0.00064750485305803841 0.014056999706294692 -0.00073817937393901858 -0.0023055368925908866
leaf_weight=265 41 175 44 40 64 57 70 833 184 52 70 41 141 77 43 171 56 74 59 90 41 145 44
leaf_count=265 41 175 44 40 64 57 70 833 184 52 70 41 141 77 43 171 56 74 59 90 41 145 44
internal_value=0.00175234 0.00160409 0.00189598 0.00326189 0.00286746 0.00380902 0.00585181 0.00134682 0.0021317 0.008604 0.00301301 0.00548259 0.00217954 0.00322855 0.00695122 0.00108372 0.00323922 0.00180152 0.000632625 0.00221503 0.00480582 0.000820945 0.00191761
internal_weight=2877 2836 2571 733 693 518 235 1838 1005 122 631 155 476 335 120 215 113 283 374 190 100 219 85
internal_count=2877 2836 2571 733 693 518 235 1838 1005 122 631 155 476 335 120 215 113 283 374 190 100 219 85
cat_boundaries=0 1
cat_threshold=92
is_linear=0
shrinkage=0.045


Tree=30
num_leaves=24
num_cat=1
split_feature=7 32 21 3 20 18 15 3 2 31 9 5 9 18 32 27 7 28 27 31 33 5 5
split_gain=1.37988 1.07948 1.04797 1.08943 1.03389 0.979526 0.898375 1.28945 1.24518 0.849153 0.644705 0.720401 0.625431 0.642812 0.594765 0.927989 0.553628 0.689216 1.93947 0.54347 0.413523 0.34983 0.799412
threshold=0.015746362436860211 1.3028647856428648e-05 0 -0.22553214465979585 1.0000000180025095e-35 14.500000000000002 1.5000000000000002 0.11459479359570444 12.318817205225168 0.00012019635032724016 0.20148922534346927 0.053491973196116455 0.80357494617056069 26.500000000000004 0.00020578590157300985 4.0445755507559582 0.0025189581689516152 3.0304249586602707 5.3086306435122044 0.0012320040508658461 0.0029741274312940331 0.40395985863404915 0.35833160054378133
decision_type=10 8 1 8 2 2 2 8 8 8 8 10 8 2 10 10 10 10 10 8 10 10 10
left_child=1 -1 4 -4 -2 -6 7 12 14 -8 11 -5 13 20 -9 -16 17 19 -19 -11 -3 22 -18
right_child=2 6 3 10 5 -7 9 8 -10 16 -12 -13 -14 -15 15 -17 21 18 -20 -21 -22 -23 -24
leaf_value=-0.00033849029146502697 0.014893258059337456 0.0040796112700063761 0.0074771850944029845 0.0037506559149975138 0.0052748489386075514 0.00028189319517266478 0.0068889309744883317 -0.00078619405881065181 0.019037279393127611 0.0049124423763952851 -0.0007446522499094994 -0.00017157756027978094 0.0037837162687409257 0.0080056218774955199 0.0076343130362580905 -0.00035899189587331267 0.0023489147585206253 0.012740764025097372 0.00099012783782013937 -0.0042576632765802458 0.014170576051907422 0.00041972167671997543 0.0063362706018988977
leaf_weight=140 44 42 77 75 71 169 45 74 51 57 746 114 51 43 48 84 336 43 55 59 71 280 42
leaf_count=140 44 42 77 75 71 169 45 74 51 57 746 114 51 43 48 84 336 43 55 59 71 280 42
internal_value=0.00188537 0.00280364 0.000803695 0.000105365 0.00315151 0.00203704 0.00318479 0.00479871 0.00262211 0.00235516 -0.000323828 0.00200391 0.007425 0.00883019 0.00101196 0.0028 0.00202629 0.0040023 0.00672772 0.00158823 0.0067306 0.00136838 0.0022559
internal_weight=2817 1521 1296 1012 284 240 1381 464 257 917 935 189 207 156 206 132 872 214 98 116 113 658 378
internal_count=2817 1521 1296 1012 284 240 1381 464 257 917 935 189 207 156 206 132 872 214 98 116 113 658 378
cat_boundaries=0 1
cat_threshold=130
is_linear=0
shrinkage=0.045


Tree=31
num_leaves=24
num_cat=0
split_feature=24 13 6 35 33 7 9 32 26 9 7 9 30 19 23 0 24 19 19 9 5 4 0
split_gain=1.3439 0.937133 0.757158 0.840317 0.75728 0.678131 0.759226 0.720866 0.697116 1.49868 0.699184 1.24135 0.662754 1.12565 0.655353 0.571771 0.565985 0.56012 0.510902 0.459793 0.559807 0.377136 0.354295
threshold=inf 2.035254669384297 0.3835275200827058 0.0080800802742629768 0.0031597556790856404 0.019733817756017614 0.33132023419301765 1.6218670766939777e-05 1.8628311107242763 0.53538390598226304 0.010526387596488261 0.09266768752325856 6.5000000000000009 0.63125000000000009 4.3115544029131208 9.0599998781169955 4.3363942605884791 0.7067500000000001 0.59880000000000011 0.67854068016150604 0.76746326457489811 -0.01357895108368609 11.865325807781462
decision_type=8 2 10 8 8 10 8 10 8 10 8 8 2 2 10 10 10 2 2 10 10 10 8
left_child=1 2 5 4 -4 7 18 -1 9 -9 19 -12 17 15 -15 -14 -6 -13 -7 -10 -21 -19 -16
right_child=-2 -3 3 -5 16 6 -8 8 10 -11 11 12 13 14 22 -17 -18 21 -20 20 -22 -23 -24
leaf_value=-0.00036005842008501079 0.054900372447582675 0.011045655752923524 0.0076021974116645442 -0.00056558141681802227 0.0081363206765586935 0.0040295316610471791 -0.00056580438056368575 0.0013767916744290543 0.00058472938995188088 0.0083914642168944065 0.0043862475704524312 -0.0015993202406590099 0.0085169492586907834 -0.00090289601925142872 0.0054922412982238329 0.0017424439173381523 0.0050784522148299488 0.00014185276984860401 0.0011121360986658532 0.013898815075593611 -0.0033089676266843861 0.003828462428928669 0.0034691304602690923
leaf_weight=191 45 48 87 60 41 69 612 73 600 42 46 154 43 83 61 42 46 52 247 46 41 55 42
leaf_count=191 45 48 87 60 41 69 612 73 600 42 46 154 43 83 61 42 46 52 247 46 41 55 42
internal_value=0.00166543 0.00153475 0.00142023 0.00385443 0.00541525 0.00118795 0.000222341 0.00175683 0.00211497 0.00543432 0.00180106 0.00295095 0.00230467 0.00385128 0.00183333 0.00805398 0.008325 0.000673295 0.00200313 0.000824999 0.003825 0.00312954 0.0041816
internal_weight=2826 2781 2733 234 174 2499 928 1571 1380 115 1265 578 532 271 186 85 87 261 316 687 87 107 103
internal_count=2826 2781 2733 234 174 2499 928 1571 1380 115 1265 578 532 271 186 85 87 261 316 687 87 107 103
is_linear=0
shrinkage=0.045


Tree=32
num_leaves=24
num_cat=1
split_feature=13 10 28 0 2 0 27 28 35 0 6 5 19 19 6 21 7 0 16 9 4 2 27
split_gain=2.00765 0.922066 0.819167 1.02954 0.996886 0.868597 0.804359 0.945692 0.863546 0.654154 0.593832 0.585461 0.527503 0.526702 0.48647 0.602018 0.93047 0.424421 0.529366 0.495617 0.624078 0.432461 0.587881
threshold=1.5274830287724659 -0.030818037639022824 2.0218822543312189 11.658620594715922 10.090914250625504 10.730868582564398 6.5554498601952913 4.3812116234009535 0.004715305394166096 10.890481586527526 0.3835275200827058 0.17088762901072987 0.79630000000000012 0.67540000000000011 0.17684680484004467 0 0.010804985364303412 9.1359400352796793 -1.0000000180025095e-35 1.0000000180025095e-35 -0.043314436556788634 10.649238414598083 4.5357444433580856
decision_type=2 8 8 10 8 10 10 8 8 10 10 10 2 2 10 1 10 10 2 10 8 10 10
left_child=1 2 12 4 -4 -6 7 10 11 -10 14 -9 -1 -12 15 16 -3 19 21 -17 -21 -19 -23
right_child=-2 6 3 -5 5 -7 -8 8 9 -11 13 -13 -14 -15 -16 17 -18 18 -20 20 -22 22 -24
leaf_value=-0.00024455680532564904 0.012153535675832607 -0.0027049495513593921 0.0025220771836847755 0.0013796456771628346 0.0089731786593645699 0.0063808236889926224 -0.0008980282267299621 0.009744394640563708 0.00066349354543512764 0.043094852090417336 0.01085331063815026 -6.0679973140416427e-05 0.0046454940241539401 0.0046383478600212974 -3.1164877228563642e-05 0.0059355211211317054 0.0041106737786237076 0.00085559155057547676 -0.0002931708764242494 0.0058628028326560512 0.00041551879132396358 0.0072521364650906311 1.3561805089195256e-05
leaf_weight=130 52 43 55 86 48 72 226 40 40 44 42 100 40 96 770 56 61 128 446 40 151 46 44
leaf_count=130 52 43 55 86 48 72 226 40 40 44 42 100 40 96 770 56 61 128 446 40 151 46 44
internal_value=0.00162434 0.00145565 0.00336463 0.00493466 0.00688904 0.00914634 0.00110511 0.00137407 0.00412335 0.00765517 0.0010479 0.00188811 0.000910404 0.0038617 0.000824244 0.00146979 0.00453846 0.00104464 0.00045877 0.002637 0.00149613 0.00226018 0.00459677
internal_weight=2856 2804 431 261 175 120 2373 2147 224 84 1923 140 170 138 1785 1015 104 911 664 247 191 218 90
internal_count=2856 2804 431 261 175 120 2373 2147 224 84 1923 140 170 138 1785 1015 104 911 664 247 191 218 90
cat_boundaries=0 1
cat_threshold=2
is_linear=0
shrinkage=0.045


Tree=33
num_leaves=24
num_cat=0
split_feature=34 24 34 29 18 23 8 31 32 4 34 33 25 1 8 26 23 34 0 1 33 2 8
split_gain=0.985001 0.968207 0.92599 0.775095 0.787548 0.741692 0.618464 0.780274 0.791247 0.570632 0.890882 1.10884 0.800343 0.625791 0.555492 1.12653 1.42587 0.732282 0.639316 1.18884 0.414136 0.41039 0.34677
threshold=0.0038338456329117202 1.0000000180025095e-35 2.0071365034255584e-05 6.2814645742092265 1.5000000000000002 6.3217946015891071 8.4136587562216807 0.00012019635032724016 2.1534612011319808e-05 0.2142051647990125 0.00027205156860951059 0.0082372879222594175 4.1840953770551517 10.117200918058179 10.330539754489898 4.6373439555676788 4.2132908792591719 0.0008522069541968449 9.3378954725358039 9.2550032856809832 0.0062446672514232379 9.0324336379383627 10.863774218867119
decision_type=10 10 10 10 2 10 8 10 10 8 10 10 10 8 10 10 10 10 10 8 10 10 8
left_child=1 -1 -3 4 -4 6 20 8 -8 14 -11 12 13 -12 18 16 -16 -17 19 21 -6 -9 -14
right_child=-2 2 3 -5 5 -7 7 9 -10 10 11 -13 22 -15 15 17 -18 -19 -20 -21 -22 -23 -24
leaf_value=0.068507728405615517 0.0079466887552891354 -0.00026395158183650146 0.0090249963267933289 -0.00031426480428759315 -0.0021738388353700847 0.0089006714145144963 0.0016131777345825011 0.0036314764334171384 0.0095067542096818353 0.00077910963309802469 0.0085156658754480825 -0.004261543984168943 0.00013945042377271776 0.011750659980033403 0.0036819104343291499 -0.0001416927729895508 0.0097930004371972121 0.0039433428697642119 -6.857312321084716e-05 0.005685687075250502 0.0055393758079135876 -0.00093096917398468768 0.0066020107505613138
leaf_weight=41 40 439 75 280 181 44 45 74 45 143 72 52 51 42 69 218 43 73 612 46 62 73 77
leaf_count=41 40 439 75 280 181 44 45 74 45 143 72 52 51 42 69 218 43 73 612 46 62 73 77
internal_value=0.0016006 0.00149711 0.00139198 0.00174233 0.00203893 0.00186444 0.00172867 0.00202604 0.00604839 0.00179536 0.00318579 0.00459091 0.00585918 0.00857692 0.00128571 0.00264347 0.00641739 0.00114031 0.0005987 0.00283546 -0.000393293 0.000794999 0.00329771
internal_weight=2897 2857 2816 2377 2097 2022 1978 1735 90 1645 437 294 242 114 1208 403 112 291 805 193 243 147 128
internal_count=2897 2857 2816 2377 2097 2022 1978 1735 90 1645 437 294 242 114 1208 403 112 291 805 193 243 147 128
is_linear=0
shrinkage=0.045


Tree=34
num_leaves=24
num_cat=2
split_feature=10 5 9 2 21 2 0 8 9 9 5 30 18 6 18 32 5 6 5 24 21 27 2
split_gain=1.04744 0.901475 0.94752 0.821622 0.650429 0.543975 0.671742 0.616792 0.457025 0.817432 0.5664 0.440636 0.432168 0.625471 0.439247 0.417822 0.346031 0.328497 0.353883 0.511756 0.558974 0.956321 0.325337
threshold=-0.023539217930406014 0.79588006283065649 0.17461915874115017 10.787544616020597 0 10.383493442975345 11.658620594715922 10.470161263072958 0.2652689672218117 0.40118223791731034 0.40395985863404915 6.5000000000000009 30.500000000000004 0.069763133268084379 1.5000000000000002 0.0009199778776014416 0.24740864239337557 0.35359877671851081 0.83090678586471023 1.5559316128580503 1 3.815007467449242 9.3772481051084338
decision_type=8 10 10 10 1 10 10 10 8 8 8 2 2 10 2 10 10 10 10 10 1 10 10
left_child=1 2 3 -1 8 22 7 -7 -2 -10 -11 -8 14 -14 16 -15 -6 18 19 -12 21 -21 -4
right_child=4 -3 5 -5 12 6 11 -9 9 10 17 -13 13 15 -16 -17 -18 -19 -20 20 -22 -23 -24
leaf_value=0.0036311947206637287 -0.00063780941967844036 0.0096104490726520372 0.0030050451835967979 0.0018573956179444206 -0.00077693393840905115 0.0042752959525206415 -0.00096470519089083195 0.0074227469433898437 0.007228359987851909 0.0046725701208234901 0.011898999330369182 0.0034012750755234326 0.0062259526570555314 -0.0010611529586796976 -0.00015971705402326804 0.0047797778933575657 0.02295121685258961 0.0052068572339510188 -0.0032333299700429748 0.0096244905195052178 -0.00094574726870902577 0.00057290210054665154 -0.00095604927034693044
leaf_weight=41 98 40 120 40 40 47 55 66 65 43 47 43 102 197 1096 47 43 48 97 64 194 115 81
leaf_count=41 98 40 120 40 40 47 55 66 65 43 47 43 102 197 1096 47 43 48 97 64 194 115 81
internal_value=0.00134348 0.00313573 0.00257208 0.0069375 0.000923879 0.00166988 0.00324883 0.00556681 0.00197736 0.00241975 0.00188543 0.000490098 0.000373049 0.00176648 -3.6168e-05 0.000510121 0.00306105 0.00148547 0.00113798 0.00170213 0.00111902 0.00282422 -1.10299e-05
internal_weight=2829 533 493 81 2296 412 211 113 771 673 608 98 1525 346 1179 244 83 565 517 420 373 179 201
internal_count=2829 533 493 81 2296 412 211 113 771 673 608 98 1525 346 1179 244 83 565 517 420 373 179 201
cat_boundaries=0 1 2
cat_threshold=194 128
is_linear=0
shrinkage=0.045


Tree=35
num_leaves=24
num_cat=1
split_feature=18 27 1 34 7 7 3 9 19 34 21 35 6 35 10 10 5 23 27 1 10 16 8
split_gain=1.11012 1.4754 1.77228 0.846672 1.52814 0.604604 0.576066 0.745196 0.793438 0.535476 0.473483 0.758608 0.6297 0.506058 0.440842 0.438642 1.11959 0.383311 1.14864 0.62713 0.413649 0.461347 0.363892
threshold=1.5000000000000002 4.7180190711230408 10.518881006801385 0.0027774913051762189 0.013811100711894021 0.030685809170690772 -0.20448538904901545 0.44195181857501725 0.69655000000000011 7.4356521080759494e-06 0 0.004715305394166096 0.33744342511936171 0.0018657020512072324 -0.025380052242294223 -0.0084391842506751618 0.76746326457489811 2.9439150177461335 4.141581528212174 8.9261747720521765 0.0083576883879799297 1.0000000180025095e-35 10.409755202791748
decision_type=2 10 8 10 10 10 8 8 2 10 1 10 10 8 10 8 8 10 10 10 8 2 8
left_child=1 2 -1 5 -5 6 7 8 -2 -7 11 12 13 15 -9 -8 -17 -12 19 -19 21 -21 -20
right_child=3 -3 -4 4 -6 9 10 14 -10 -11 17 -13 -14 -15 -16 16 -18 18 22 20 -22 -23 -24
leaf_value=0.0035357663610859828 0.0066322492051204664 -0.0040679056162782612 0.045337127340068305 0.011567063907789651 0.00017904098995452235 0.0033314441401752219 -0.00040286517424596968 0.0090207151257443805 0.0025290333329878326 -0.00059086310977813738 -0.00047070908667478869 0.0069964747686834146 0.0078799114315618417 -0.00099093549404371791 -0.0025720517721179647 0.011109223934677207 0.00030087036629085633 0.0067656853289224037 -0.0029489078376967633 0.0016666075815651889 0.00043298564388035408 0.0077267825712929884 0.00066182442933433131
leaf_weight=53 50 42 48 41 58 52 56 61 68 502 390 44 62 132 74 53 102 41 146 59 141 49 487
leaf_count=53 50 42 48 41 58 52 56 61 68 502 390 44 62 132 74 53 102 41 146 59 141 49 487
internal_value=0.00106263 0.00488527 0.00776683 0.000852489 0.004875 0.000691971 0.00105364 0.0030498 0.0056157 -0.000622083 0.000762322 0.00200162 0.00140625 0.00063078 0.000733695 0.00198715 0.00320411 0.000317307 0.000818844 0.00314846 0.00224107 0.0042973 -0.000258255
internal_weight=2811 143 101 2668 99 2569 2015 253 118 554 1762 449 405 343 135 211 155 1313 923 290 249 108 633
internal_count=2811 143 101 2668 99 2569 2015 253 118 554 1762 449 405 343 135 211 155 1313 923 290 249 108 633
cat_boundaries=0 1
cat_threshold=192
is_linear=0
shrinkage=0.045


Tree=36
num_leaves=24
num_cat=2
split_feature=7 33 29 21 3 10 10 27 21 23 27 33 27 7 19 7 1 9 27 7 3 32 9
split_gain=1.05205 0.986918 1.51331 0.639461 1.20724 0.68923 0.609708 0.531003 0.425646 0.900969 2.08819 0.664732 0.655096 0.544928 0.866565 0.549422 0.510683 0.497257 0.443831 0.399978 0.490027 0.539521 0.345782
threshold=0.018880034640169654 0.00017650265237412094 1.2996050173563134 0 0.032192293518011734 -0.002374438432327652 0.049636617047257962 1.2995156530861935 1 3.1648692707049824 3.5918327386098019 0.012053752023487786 3.4786397844029273 0.0046661352026310101 0.66380000000000006 0.010526387596488261 12.882106142743826 0.46709759621635449 5.5413430858874966 0.0080772608959784106 0.037723319331596387 0.00081963623031086716 0.38697487402532943
decision_type=10 8 10 1 10 10 10 8 1 10 10 8 8 10 2 10 10 10 10 10 10 10 8
left_child=1 -1 7 4 -2 -6 8 -3 9 -4 -11 13 22 14 -12 -15 19 18 -17 -14 21 -21 -10
right_child=3 2 6 -5 5 -7 -8 -9 12 10 11 -13 16 15 -16 17 -18 -19 -20 20 -22 -23 -24
leaf_value=-0.00032744664461131252 -4.928230804271519e-05 0.0031623443321932431 0.00026120996420930781 -0.00051879231146041347 0.0091712906718893015 0.0009765349922098845 -0.0013011314200104486 0.041966520806342861 0.0065294045660367582 0.01291913620908094 0.0070864677288351666 0.0048958477837051408 -0.0010671521768724408 -0.00075702858170308889 0.0012525870372558348 0.0037827445905879538 0.0050073235835802902 -0.0010535221016831063 0.0066059143745067373 -0.00056025733146781694 -0.0013490919563210664 0.0045323861253690166 0.0042809386259865445
leaf_weight=267 253 42 201 764 66 42 89 44 41 55 79 41 195 152 89 74 44 55 43 46 72 50 91
leaf_count=267 253 42 201 764 66 42 89 44 41 55 79 41 195 152 89 74 44 55 43 46 72 50 91
internal_value=0.00110637 0.00178934 0.00223655 2.99197e-05 0.00155815 0.00551351 0.00187447 0.0079382 0.00211645 0.00278024 0.00370051 0.00279991 0.00106386 0.00230909 0.00436842 0.00121101 0.000181097 0.00293143 0.00455625 -0.000387296 0.00121053 0.00327273 0.0038
internal_weight=2895 1770 1503 1125 361 108 1417 86 1328 789 588 533 539 492 168 324 407 172 117 363 168 96 132
internal_count=2895 1770 1503 1125 361 108 1417 86 1328 789 588 533 539 492 168 324 407 172 117 363 168 96 132
cat_boundaries=0 1 2
cat_threshold=131 198
is_linear=0
shrinkage=0.045


Tree=37
num_leaves=24
num_cat=0
split_feature=7 34 27 10 34 15 7 18 34 1 19 2 15 25 34 0 10 5 4 5 18 8 7
split_gain=1.04622 1.05701 0.758252 0.72308 0.61542 0.40752 0.546719 0.600432 0.457243 0.429048 0.385574 0.700319 0.566028 0.768475 1.28872 0.487616 0.399131 0.474332 0.667388 0.510366 0.422392 0.619524 0.627439
threshold=0.020866214522028897 0.0027774913051762189 8.6657523940616823 -0.074207584137347432 1.4782742741730206e-05 2.5000000000000004 0.043674758328546524 18.500000000000004 3.4186752715847667e-06 10.546293612708453 0.71800000000000008 10.787544616020597 2.5000000000000004 5.9490917192976811 0.00024336806323082614 12.24661132576828 0.044695387732689502 0.51033630373862338 0.039558921699198023 0.15052463162541826 19.500000000000004 9.684756398349279 0.0070358460475477549
decision_type=10 10 8 8 10 2 10 2 10 10 2 8 2 10 10 10 10 10 8 8 2 10 8
left_child=1 2 3 -1 -5 8 7 -7 -2 -9 15 -12 13 14 -13 16 17 19 -19 -6 -21 22 -22
right_child=5 -3 -4 4 10 6 -8 9 -10 -11 11 12 -14 -15 -16 -17 -18 18 -20 20 21 -23 -24
leaf_value=0.005847551302646482 0.0045278543691633592 0.010597346228036653 0.044702806188057338 -0.00078395748289405097 0.0037263553865729071 -4.5580724315668838e-05 -0.0018545953321711505 0.0067079607247480721 -0.00055768793380206742 0.0040569270573201201 -0.00047764703288289973 0.0042178551405841558 -0.00040347414309594007 -0.00048032704284564637 0.010633704930604559 -0.0016356349436743968 -0.0013036174322193859 0.0063126994978506832 0.0041373628989772732 0.0001014783609317545 0.0085232279418755077 -0.00085502824651189084 0.0049764886485909017
leaf_weight=42 60 58 40 228 80 133 75 56 627 54 307 67 122 81 64 83 51 66 65 224 42 65 128
leaf_count=42 60 58 40 228 80 133 75 56 627 54 307 67 122 81 64 83 51 66 65 224 42 65 128
internal_value=0.000974654 0.00161936 0.00141425 0.00126382 0.00111023 -0.000189733 0.00113551 0.00216768 -0.000805435 0.00457965 0.00145287 0.000625388 0.00204303 0.00343256 0.00552425 0.00210781 0.00248308 0.00277489 0.00518843 0.00216282 0.00156331 0.0028834 0.00429191
internal_weight=2818 1813 1755 1715 1673 1005 318 243 687 110 1445 641 334 212 131 804 721 670 131 539 459 235 170
internal_count=2818 1813 1755 1715 1673 1005 318 243 687 110 1445 641 334 212 131 804 721 670 131 539 459 235 170
is_linear=0
shrinkage=0.045


Tree=38
num_leaves=24
num_cat=0
split_feature=10 34 24 28 10 6 19 19 34 4 3 15 19 4 19 2 30 10 6 1 24 1 24
split_gain=1.55791 0.72313 1.99784 0.712602 0.470517 0.696509 0.504585 0.354248 0.299303 0.297434 0.552242 0.731331 0.846471 0.686681 0.487969 0.718218 0.417009 0.321679 0.321025 0.321997 0.568872 0.272569 0.656188
threshold=-0.084386906691325009 0.002087519111356182 4.4104640297507842 2.6567251407389874 0.0051721361123469459 0.37792043632761047 0.70090000000000008 0.61185000000000012 0.00044318400994981712 -0.066172732313628718 -0.040360490798283057 1.5000000000000002 0.70425000000000015 -0.026610648384183002 0.68125000000000013 9.9899264804879397 8.5000000000000018 -0.016354222521170671 0.18873008363273255 10.449126422319649 3.8071000011131164 12.504982575792338 5.6619106203661849
decision_type=8 10 10 10 10 10 2 2 8 8 8 2 2 10 2 8 2 10 8 8 10 8 10
left_child=-1 4 3 -3 5 9 -7 -6 -8 17 11 12 -11 16 15 -13 18 -2 -12 -20 -21 22 -15
right_child=1 2 -4 -5 7 6 8 -9 -10 10 13 14 -14 21 -16 -17 -18 -19 19 20 -22 -23 -24
leaf_value=0.0080377266264599848 -0.00076212620979424178 0.013192044728290673 -0.0017854663459165952 0.011930178654817948 0.0018571480493598271 0.006179737817913554 0.0065937471912597837 -0.00038067699689785093 -0.00084522873041985855 0.0014226368696574857 0.0030482087531195782 0.0064521991496465604 0.0082166269367863164 -0.00032425635322104517 -0.00063207489406879474 3.9843562762406294e-05 0.005840571313739165 0.0019236409679064478 -0.001775787263620533 0.0070504848260865439 -0.0026227888798312058 -0.001872557548399211 0.0032487599603823348
leaf_weight=41 264 42 102 40 76 63 41 736 44 46 53 50 40 443 141 82 48 90 83 42 61 146 60
leaf_count=41 264 42 102 40 76 63 41 736 44 46 53 50 40 443 141 82 48 90 83 42 61 146 60
internal_value=0.000750264 0.00061722 0.00332086 0.00841765 0.000422951 0.000828749 0.00375497 -0.000474847 0.00140625 0.000559775 0.000875385 0.00236809 0.00591573 0.000297124 0.00119837 0.00313333 0.0021181 -0.000592438 0.00131095 0.000404761 0.00205896 -0.000514188 -1.33405e-05
internal_weight=2834 2793 184 82 2609 1797 148 812 85 1649 1295 359 86 936 273 132 287 354 239 186 103 649 503
internal_count=2834 2793 184 82 2609 1797 148 812 85 1649 1295 359 86 936 273 132 287 354 239 186 103 649 503
is_linear=0
shrinkage=0.045


Tree=39
num_leaves=24
num_cat=1
split_feature=10 32 31 34 6 7 7 34 10 6 34 21 27 23 34 31 31 4 8 4 28 10 9
split_gain=0.666978 0.47607 0.567566 0.470877 0.365138 0.534806 0.440922 0.430501 0.548123 0.256082 0.273852 0.333296 0.472174 0.823316 0.376008 0.713384 0.668719 0.711009 0.487906 0.618703 0.609514 0.888988 0.42087
threshold=-0.078904695624663082 1.1588334665478799e-05 5.1355231253312864e-05 0.0032705540049629022 0.3835275200827058 0.035069222257603595 0.037813004813392621 0.00066211424520666953 -0.0058614407917569463 0.35359877671851081 1.4782742741730206e-05 0 5.1206477760634224 4.5030322350901599 0.00029862033375826022 0.00077211086695002848 0.00038985359896643879 0.12471389461944977 10.603366896007676 0.12175636235639681 2.478829108496063 -0.0088325561151845738 0.29467036612957997
decision_type=8 8 10 10 10 10 10 8 10 10 10 1 10 10 10 10 10 8 8 10 10 10 10
left_child=-1 -2 -3 4 6 7 9 8 -6 10 -4 14 13 -13 16 -16 17 22 20 -20 21 -17 -12
right_child=1 2 3 -5 5 -7 -8 -9 -10 -11 11 12 -14 -15 15 18 -18 -19 19 -21 -22 -23 -24
leaf_value=0.0074920157753052925 -0.0006007838811198749 0.016734728525227859 -0.00098004380641016357 0.0054416634922688344 0.0044108386223680705 0.0069568093632927331 -0.00076631029706547928 -0.00085795428393541789 -0.00047841987940278627 -0.0023290657124109926 0.0039752853832880552 6.1321727757340574e-05 -0.0011699339416724101 0.0057530772670652559 0.010445545544148572 -0.0025773122840047993 -0.00033953915001201456 -0.0023820613191575103 0.0027005406333672735 0.005186870396018492 -0.00059316387975101202 0.0081227619970502488 0.00056058246509792123
leaf_weight=64 208 59 126 56 49 43 290 97 45 108 44 386 227 76 43 45 262 62 186 67 184 49 41
leaf_count=64 208 59 126 56 49 43 290 97 45 108 44 386 227 76 43 45 262 62 186 67 184 49 41
internal_value=0.000800265 0.000691491 0.000860969 0.000753917 0.000656596 0.00233544 0.000474761 0.00126417 0.0033866 0.000723677 0.000852026 0.00100478 0.000227564 0.00105484 0.00152937 0.00228509 0.000496965 0.002895 0.00180758 0.00322559 0.000496441 0.0033866 0.00549716
internal_weight=2817 2753 2545 2486 2430 234 2196 191 94 1906 1798 1672 689 462 983 574 409 147 531 253 278 94 85
internal_count=2817 2753 2545 2486 2430 234 2196 191 94 1906 1798 1672 689 462 983 574 409 147 531 253 278 94 85
cat_boundaries=0 1
cat_threshold=141
is_linear=0
shrinkage=0.045


Tree=40
num_leaves=24
num_cat=0
split_feature=10 24 10 33 29 2 24 29 15 7 32 33 2 0 18 18 3 23 4 8 9 4 3
split_gain=1.53839 0.7865 0.506671 0.716408 2.27306 0.472742 0.748846 0.529826 0.428261 0.698952 0.792259 0.549691 0.797125 0.785613 0.708041 0.496907 0.82586 0.474213 0.387982 0.454529 0.341537 0.318772 0.295408
threshold=-0.084386906691325009 inf 0.020568787231472294 0.0068141891556219051 2.9143914969079554 11.571640828760559 5.9356248083898722 3.7561194670748206 2.5000000000000004 0.014618372838895334 0.00054430321864866774 0.0018914856002485768 10.383493442975345 10.949555325688424 18.500000000000004 25.500000000000004 -0.051571560746821031 4.6379708336233545 0.10284873310658027 9.9453048851874097 0.41909395740874616 0.36628657460864938 0.2511788762675829
decision_type=8 8 10 10 8 8 10 10 2 10 10 8 8 8 2 2 8 10 10 8 8 8 8
left_child=-1 2 3 8 -5 6 7 -6 9 10 11 12 -2 -14 -15 22 -17 -12 -11 -20 -13 -4 -10
right_child=1 -3 21 4 5 -7 -8 -9 15 18 17 20 13 14 -16 16 -18 -19 19 -21 -22 -23 -24
leaf_value=0.0076307018820407557 -0.00070446460591562456 0.040467338075314517 -0.00042631435930149612 0.015237064658918796 0.0056834024182843626 -0.0011004796892258471 0.0048453629968312015 0.00031191063005667251 -0.00056729045581860825 -0.00073252684318904457 0.0037468351003038338 0.0019721696940066093 0.0037759691151327784 -0.00096751436631868973 0.0049827320304752596 0.0028537708668063457 -0.00062350526967915921 0.004552446167084891 0.0099944232693556217 -0.00020435229457788152 -0.0015288033833438669 0.0036806887454666993 0.00086863480445997765
leaf_weight=46 101 43 486 40 43 119 48 162 298 394 81 70 43 52 67 89 114 64 72 121 146 66 100
leaf_count=46 101 43 486 40 43 119 48 162 298 394 81 70 43 52 67 89 114 64 72 121 146 66 100
internal_value=0.00100026 0.000861888 0.000764303 0.00106691 0.00275422 0.001608 0.00269824 0.00146034 0.000679338 0.00116577 0.00221053 0.00131172 0.00268139 0.00460909 0.00260041 -0.000301739 0.00149636 0.0050929 4.95757e-05 0.0016875 -0.000369864 -0.000454055 -0.00122319
internal_weight=2865 2819 2776 2224 412 372 253 205 1812 1211 624 479 263 162 119 601 203 145 587 193 216 552 398
internal_count=2865 2819 2776 2224 412 372 253 205 1812 1211 624 479 263 162 119 601 203 145 587 193 216 552 398
is_linear=0
shrinkage=0.045


Tree=41
num_leaves=24
num_cat=2
split_feature=28 27 7 7 5 9 9 31 21 15 32 31 25 2 3 9 8 5 5 17 9 6 21
split_gain=0.671754 0.94901 0.625643 0.945328 0.580012 0.873597 0.717437 0.631737 0.548983 1.02507 0.990346 0.488939 0.415757 0.341419 0.462149 0.549173 0.464981 1.01223 0.230547 0.202628 0.336689 0.286915 0.189752
threshold=0.96888077262642558 1.8811811270512717 0.014887246978587529 0.010526387596488261 0.41596736918247312 0.32426228444652122 0.18146403671996822 0.001049727867809681 0 1.5000000000000002 0.00035834239784976533 0.0032897011365713353 3.411377026455094 11.704890581524365 -0.22553214465979585 0.41909395740874616 10.409755202791748 0.37649307547367811 0.11856432364471063 1.0000000180025095e-35 0.15208123735692167 0.16866286194388416 1
decision_type=8 10 10 8 8 10 8 8 1 2 10 10 10 8 8 10 10 10 8 2 8 10 1
left_child=-1 -2 3 8 5 6 -5 -6 9 10 -3 -9 -11 14 15 -4 19 -18 -15 20 -16 -21 -22
right_child=1 2 13 4 7 -7 -8 11 -10 12 -12 -13 -14 18 16 -17 17 -19 -20 21 22 -23 -24
leaf_value=-0.0003279610997797392 0.014950398854376974 0.00019752967214881124 0.0076372690338506657 0.0034921356684610408 0.0094433774512057249 0.0056592277120386053 -0.00030056363061791081 -0.00066747298302708878 -0.0001579533026822839 0.004897088083413585 0.0088798235126703925 0.0026696466313032583 -0.0013883981473919078 0.0015151028011898193 0.0032546831714945755 -0.0006184321868173097 -0.00023883042532666575 0.0030167482341480617 -0.0010380853864455238 0.0036511344629187635 0.0026041322522464029 -0.0014022156624937825 -0.00089111092511225056
leaf_weight=454 75 41 40 46 65 42 52 118 511 40 47 77 134 41 42 40 106 48 306 40 122 40 272
leaf_count=454 75 41 40 46 65 42 52 118 511 40 47 77 134 41 42 40 106 48 306 40 122 40 272
internal_value=0.000723501 0.00103013 0.000861196 0.00158227 0.00334988 0.00566434 0.00316337 0.00205323 0.000658182 0.00227454 0.00623077 0.000738636 0.000330508 8.7954e-05 0.00062749 0.00379518 0.000234026 0.00237898 -0.00107357 -0.000416186 -0.000799545 0.00162651 -0.00121285
internal_weight=2799 2345 2270 1173 400 140 98 260 773 262 88 195 174 1097 750 80 670 154 347 516 436 80 394
internal_count=2799 2345 2270 1173 400 140 98 260 773 262 88 195 174 1097 750 80 670 154 347 516 436 80 394
cat_boundaries=0 1 2
cat_threshold=200 129
is_linear=0
shrinkage=0.045


Tree=42
num_leaves=24
num_cat=0
split_feature=34 10 27 7 23 31 1 1 3 31 18 25 23 33 6 16 10 25 2 4 31 6 6
split_gain=1.00686 0.963009 0.99696 0.619266 0.43656 0.668433 0.576811 0.70979 0.416579 0.539377 0.556758 0.507844 0.621938 0.588871 0.737599 0.610314 0.577097 0.738728 0.470832 0.386709 0.323495 0.25078 0.222855
threshold=0.0032705540049629022 -0.074207584137347432 1.0000000180025095e-35 0.014887246978587529 1.3946215850242236 8.357434651265945e-05 11.588644277883724 11.412233063091982 -0.22553214465979585 0.0025095572386216315 21.500000000000004 3.8802524357278108 3.9302302310841339 0.0053903798970138346 0.20179725356850409 3.5000000000000004 -0.011601207828509262 5.3585639079553529 10.626006983172495 0.13738884605579238 0.0017933830595857159 0.39187696428765489 0.16600857902747998
decision_type=10 8 10 10 10 8 8 10 10 10 2 8 10 10 10 2 8 10 8 8 10 8 8
left_child=1 3 -3 -1 -4 -6 7 8 9 18 -11 12 13 15 -15 21 17 19 -7 -13 -18 -10 -8
right_child=-2 2 4 -5 5 6 22 -9 11 10 -12 16 -14 14 -16 -17 20 -19 -20 -21 -22 -23 -24
leaf_value=0.0056773524894211426 0.0052722318623006975 0.03813349009525676 -0.00047233198373735898 0.0019669756298202334 0.0031849897661929698 -0.002904076223488216 -0.0019574025934634117 0.0068657931745595936 -0.00060666313335482405 0.0030422634630448342 0.0067987692668020367 -0.0015501800744586727 0.0059308424205887448 0.014389381426766493 -0.00059600003759260921 0.0065703777629008775 0.00091287110224721546 0.0049630503775302138 0.0053666453505655702 0.0033156672638178929 -0.00099788316054360204 0.0017248395770203344 -0.00016769579752880153
leaf_weight=43 55 42 296 41 61 85 177 73 343 58 45 76 56 41 43 41 77 45 41 40 428 94 529
leaf_count=43 55 42 296 41 61 85 177 73 343 58 45 76 56 41 43 41 77 45 41 40 428 94 529
internal_value=0.000532121 0.000409017 0.000258073 0.00506896 0.000145079 0.000350488 0.000223529 0.000699496 0.000485323 0.0022403 0.00460613 0.000167832 0.0010942 0.000629203 0.00403448 9.35498e-06 -0.000692826 0.00163262 0.000244186 -0.000302522 -0.00143947 -0.000496023 -0.000844147
internal_weight=2830 2775 2691 84 2649 2353 2292 1586 1513 229 103 1284 618 562 84 478 666 161 126 116 505 437 706
internal_count=2830 2775 2691 84 2649 2353 2292 1586 1513 229 103 1284 618 562 84 478 666 161 126 116 505 437 706
is_linear=0
shrinkage=0.045


Tree=43
num_leaves=24
num_cat=0
split_feature=10 7 34 34 31 7 10 4 15 3 2 35 1 2 9 9 1 3 15 18 26 3 18
split_gain=0.741152 0.640224 0.896294 0.527575 0.834043 0.446703 0.409712 0.446274 0.368829 0.642629 0.476425 0.75358 0.378017 0.350343 0.557128 0.5202 0.406734 0.325128 0.478488 0.321461 0.275961 0.263646 0.262839
threshold=-0.074207584137347432 0.018880034640169654 0.0027774913051762189 2.5110170073224728e-05 8.357434651265945e-05 0.018172373328449953 0.0051721361123469459 -0.059104615519409029 1.5000000000000002 0.15262055330662852 10.626006983172495 0.0029569301330025894 9.9761802778470727 11.664688945234262 0.18146403671996822 0.080959000723672667 11.286581853732201 0.085648276804151421 1.5000000000000002 22.500000000000004 4.6373439555676788 -0.0054667363862404292 3.5000000000000004
decision_type=8 10 10 8 10 8 8 10 2 8 8 10 10 8 8 10 10 10 2 2 10 10 2
left_child=-1 2 3 -2 -5 8 7 -3 9 10 12 21 -6 14 15 -10 22 20 -19 -7 -9 -12 -16
right_child=1 6 -4 4 5 19 -8 17 13 -11 11 -13 -14 -15 16 -17 -18 18 -20 -21 -22 -23 -24
leaf_value=0.0058581507588284457 -0.00085809845921843461 -0.0010303424715904751 0.0042732884359583841 0.015872122336159391 0.0047989931225488128 0.0024442963061767531 -0.00057466951883550861 0.0013657224426747237 -0.00041252462209792943 -0.00051178008334827965 -0.00090296538487666519 0.0042626224015646476 -0.00062123366542600879 -0.00093101647604016725 0.00096476565905049606 0.0082928042756575671 0.007840227602252333 0.00059749255922320966 0.0090565814103507718 0.0076749383773123403 -0.0019325531024061043 0.0023074752695925816 -0.00048225730156292783
leaf_weight=73 226 124 62 63 66 87 670 87 40 159 43 43 46 207 42 47 40 55 71 61 56 43 440
leaf_count=73 226 124 62 63 66 87 670 87 40 159 43 43 46 207 42 47 40 55 71 61 56 43 440
internal_value=0.000558952 0.000438511 0.000975698 0.00077038 0.00109038 0.000849305 -0.000428471 0.00072159 0.000561115 0.00167494 0.00312602 0.00496023 0.00093913 1.09885e-05 0.000555147 0.003825 -8.57196e-06 0.0017454 0.00338372 0.00315894 0.000261986 0.0023764 -0.000380413
internal_weight=2851 2778 1715 1653 1427 1364 1063 393 1216 400 241 129 112 816 609 87 522 269 126 148 143 86 482
internal_count=2851 2778 1715 1653 1427 1364 1063 393 1216 400 241 129 112 816 609 87 522 269 126 148 143 86 482
is_linear=0
shrinkage=0.045


Tree=44
num_leaves=24
num_cat=1
split_feature=34 6 4 10 2 0 0 6 24 18 5 0 28 9 4 34 35 26 9 21 35 4 28
split_gain=0.932653 0.559038 0.635835 0.346233 0.309901 0.342349 0.512878 0.811181 0.491171 0.331633 0.640136 0.378602 0.447336 0.855333 1.09502 0.378214 0.284157 0.452983 0.587544 0.309382 0.472103 0.240243 0.632836
threshold=0.0038338456329117202 0.37344116728644478 0.33677911192423532 -0.074207584137347432 10.592888691442974 10.844630431850591 10.576887750332544 0.17958347253822848 3.8071000011131164 4.5000000000000009 0.24740864239337557 12.24661132576828 4.0395740962498943 0.46709759621635449 0.087535292839094933 0.00048656882399898595 0.0014946431695526626 3.8566307909092354 0.26209619667089129 0 0.0026110390371615493 -0.059104615519409029 3.5889958022755075
decision_type=10 10 8 8 8 10 8 8 10 2 10 10 10 8 10 8 10 10 8 1 10 10 10
left_child=1 3 21 -1 16 6 -6 -8 -9 10 -7 12 -11 14 -14 -12 -5 18 -18 20 -20 -3 -23
right_child=-2 2 -4 4 5 9 7 8 -10 11 15 -13 13 -15 -16 -17 17 -19 19 -21 -22 22 -24
leaf_value=0.0039997682520944875 0.0048706865540422521 -0.00054570304715350747 0.026282087981628659 -0.0006008831641268513 -0.00080068400475279643 -0.0013104987127662191 0.0027505559239078678 0.0050331125393280711 -0.0002629378537054287 -0.00019243901668609189 0.00094475066107381326 -0.00099611008125078402 0.0012628087339391291 -0.00077911052772734583 0.0082915201938511991 0.0098352638854124746 0.0044410337475639843 -0.00045951393093743238 0.0074768906681886215 -0.0014510541944415113 -0.001622892184326887 0.010626663110574102 -0.0012206811814839422
leaf_weight=64 43 73 48 544 131 47 45 56 100 349 41 296 68 73 41 47 57 360 54 111 60 71 82
leaf_count=64 43 73 48 544 131 47 45 56 100 349 41 296 68 73 41 47 57 360 54 111 60 71 82
internal_value=0.000344884 0.000240871 0.00216065 3.18016e-05 -5.43702e-05 0.000426754 0.00166567 0.00307721 0.0014717 -4.66375e-06 0.00203804 -0.000344278 0.000374999 0.00216486 0.00464062 0.00425275 -0.000579059 6.27902e-05 0.00140526 0.000345394 0.00187795 0.00112009 0.00212019
internal_weight=2861 2818 274 2544 2480 1294 332 201 156 962 135 827 531 182 109 88 1186 642 282 225 114 226 153
internal_count=2861 2818 274 2544 2480 1294 332 201 156 962 135 827 531 182 109 88 1186 642 282 225 114 226 153
cat_boundaries=0 1
cat_threshold=165
is_linear=0
shrinkage=0.045


Tree=45
num_leaves=24
num_cat=1
split_feature=34 0 26 23 34 2 4 21 6 24 25 29 23 2 32 5 6 8 29 5 18 3 5
split_gain=0.706449 0.582493 0.700203 1.88695 1.03301 0.778156 0.489101 0.428016 0.640824 0.81377 0.402516 0.669453 0.428351 0.610446 0.607541 0.889403 0.882129 0.409421 0.397331 0.437872 0.363739 0.352691 0.282426
threshold=0.0032705540049629022 10.576887750332544 4.6373439555676788 4.7711582392453842 0.00095731662718804309 13.168084344008513 0.10635346496093068 0 0.22642999867807104 6.0423081340876861 4.1460089453857476 3.8861642934431475 2.2234548584756291 9.7875434475424559 0.00062933467741193422 0.30271977837144487 0.1959008943445491 8.9413312717039819 3.6862106440636935 0.1315384018392137 15.500000000000002 0.0058768496335920919 0.069013995919707319
decision_type=10 8 10 10 10 8 10 1 10 10 8 10 10 10 8 10 10 8 10 10 2 8 8
left_child=1 10 3 4 5 6 18 8 9 -4 11 12 -1 14 15 -14 -17 -16 19 20 -3 -21 -9
right_child=-2 2 7 -5 -6 -7 -8 22 -10 -11 -12 -13 13 -15 17 16 -18 -19 -20 21 -22 -23 -24
leaf_value=-0.00042470449618650153 0.0040551619498674363 -0.00079486475379544972 -2.9265688542097018e-05 0.01989279167469404 0.010620174397515496 0.0035948473669075776 -0.0010297800763317015 0.002168780238591577 -0.00042691990464309725 0.005259263459742973 -0.001072653522507071 0.0049491565739400722 -0.00021807929725639892 -0.00061795826685945158 -0.0034008660687552092 0.010034339759878703 0.0019995197159439087 0.0044530060388727156 -0.00077292260895762911 0.0027021496280023511 0.0047333212434144201 0.0042033147776312863 -0.00050856092881737276
leaf_weight=432 57 58 52 41 41 61 141 68 119 54 342 45 85 147 93 47 73 67 91 56 62 52 564
leaf_count=432 57 58 52 41 41 61 141 68 119 54 342 45 85 147 93 47 73 67 91 56 62 52 564
internal_value=0.00053034 0.000426002 0.0010458 0.00221658 0.00150531 0.000940362 0.000291576 0.000217151 0.00184349 0.00441743 -0.000254686 0.000206401 -5.70227e-05 0.000821359 0.00180367 0.00340745 0.00585366 -0.000276074 0.00126475 0.00225974 0.000365853 0.0042973 -0.000390698
internal_weight=2848 2791 1460 603 562 521 460 857 225 106 1331 989 944 512 365 205 120 160 319 228 120 108 632
internal_count=2848 2791 1460 603 562 521 460 857 225 106 1331 989 944 512 365 205 120 160 319 228 120 108 632
cat_boundaries=0 1
cat_threshold=129
is_linear=0
shrinkage=0.045


Tree=46
num_leaves=24
num_cat=0
split_feature=10 34 6 3 33 4 25 23 27 7 9 32 16 9 4 7 10 9 28 25 0 9 4
split_gain=0.841291 0.520811 0.411407 0.507455 0.501495 0.594118 0.376557 0.725154 0.993559 0.392441 0.50284 0.364019 0.404308 0.573672 0.452059 0.394206 0.626253 0.683876 0.67064 0.600982 0.307295 0.294699 0.285957
threshold=-0.084386906691325009 0.0038338456329117202 0.38774689525175215 -0.19838431830042499 0.0046304976430008972 0.10284873310658027 6.6830029941764701 5.8943269735493402 5.9258128611590175 0.029753855809748837 0.89367900255775312 0.00034907114471642581 2.5000000000000004 0.061417702536852269 -0.18531341367474927 0.0088983598679218626 -0.0076067684663847215 0.40118223791731034 2.9652420197413325 4.5729395871149414 10.820836704407791 0.38028657159530194 -0.0066521228274107362
decision_type=8 10 10 10 10 8 10 8 10 10 10 10 2 10 8 8 8 8 10 10 8 8 10
left_child=-1 2 6 -4 5 -5 7 9 -9 10 11 12 14 -14 -2 -13 18 19 -17 -18 -19 -11 -10
right_child=1 -3 3 4 -6 -7 -8 8 22 21 -12 15 13 -15 -16 16 17 20 -20 -21 -22 -23 -24
leaf_value=0.0047097189722571263 0.0018485412966226175 0.0033236113308189297 0.0080440518784317301 -0.00044300400911317467 -0.0010299470025517926 0.0051196906568575047 -0.0013438561567460188 0.010820115313288366 -0.0031257666528996969 0.00095130216523000145 0.010142266549627302 -0.00021780103079206513 0.0036502351404321034 -0.00014596436793423099 -0.0005371857707435814 0.008178334279866346 0.0066388246017078491 -0.0015876282446290046 0.00046258903705272158 8.7375867099867584e-05 0.0024242843206271373 -0.0015962215117046785 0.0019647090437722439
leaf_weight=45 59 40 46 47 80 42 201 71 51 179 41 243 41 117 759 47 67 119 42 59 54 281 82
leaf_count=45 59 40 46 47 80 42 201 71 51 179 41 243 41 117 759 47 67 119 42 59 54 281 82
internal_value=0.000421075 0.000318296 0.000240571 0.00211583 0.000928779 0.0032038 7.78015e-05 0.000241036 0.00278261 -8.5273e-06 0.000316171 0.000185869 -0.00035853 0.00170497 -0.000761876 0.00102563 0.00191049 0.00090149 0.00516033 0.00338372 -0.000933239 -0.00116631 0.000446691
internal_weight=2813 2768 2728 215 169 89 2513 2312 204 2108 1648 1607 976 158 818 631 388 299 89 126 173 460 133
internal_count=2813 2768 2728 215 169 89 2513 2312 204 2108 1648 1607 976 158 818 631 388 299 89 126 173 460 133
is_linear=0
shrinkage=0.045


Tree=47
num_leaves=24
num_cat=0
split_feature=34 34 31 0 25 0 0 10 34 31 29 9 5 25 5 9 3 3 5 19 25 9 3
split_gain=0.73345 0.561928 0.899651 1.21639 0.8315 0.399444 0.742097 1.09736 1.01029 0.883445 0.895374 0.757051 0.703844 0.668116 0.56722 0.41696 0.262354 0.467378 0.440848 0.216828 0.318534 0.338643 0.191531
threshold=0.0038338456329117202 1.4782742741730206e-05 0.00010283190925472188 12.008260273029538 0.41683337879829951 11.809922029771721 10.576887750332544 -0.01431237659103393 0.0010710267858681168 0.0010841076007518404 3.5308562469471334 0.18728183226518766 0.48599050449224807 4.5729395871149414 0.10883662396485873 0.75092262790976494 0.11459479359570444 0.043180583044664843 0.43817022319889048 0.60730000000000006 4.8420191542034283 0.38028657159530194 -0.27095147275260739
decision_type=10 8 10 8 10 10 8 8 10 10 10 8 10 10 8 8 8 10 8 2 10 8 10
left_child=1 -1 3 4 -3 6 11 8 12 10 15 13 -8 14 -4 -9 17 22 -19 20 -11 -22 -13
right_child=-2 2 5 -5 -6 -7 7 9 -10 19 -12 16 -14 -15 -16 -17 -18 18 -20 -21 21 -23 -24
leaf_value=-0.00084142275931249166 0.0044046528199427329 -0.0034162964071707096 0.00098182710019285684 0.03387845137010137 0.0029155023946177269 -0.00058681527162068934 0.0055852403836320428 -0.00067345145730852301 0.0067443973132119955 -0.0026210233393500286 0.008269348935950268 0.0035314495315450912 -0.0012970740010314404 -0.00048713687172692436 0.0082559692722672332 0.0045444875818451188 -0.0010652553944910975 0.0017504964400744242 -0.00050160853831239896 -0.00074123948796351387 -0.00013761613849138296 0.0024413699548957307 -0.00067660275589723857
leaf_weight=238 41 68 60 42 69 488 63 69 43 62 42 54 40 57 51 62 378 41 45 279 44 46 454
leaf_count=238 41 68 60 42 69 488 63 69 43 62 42 54 40 57 51 62 378 41 45 279 44 46 454
internal_value=0.000320183 0.000229181 0.000424511 0.0034739 0.00133393 0.000190886 0.000487321 0.00158366 0.00504362 0.000726523 0.00341335 -0.000236221 0.00248349 0.00252632 0.00451974 0.0014944 -0.000720001 -0.000128141 0.00288202 -0.000368088 0.000987096 0.00266129 -0.000651664
internal_weight=2836 2795 2557 179 137 2378 1890 750 146 604 173 1140 103 168 111 131 972 594 86 431 152 90 508
internal_count=2836 2795 2557 179 137 2378 1890 750 146 604 173 1140 103 168 111 131 972 594 86 431 152 90 508
is_linear=0
shrinkage=0.045


Tree=48
num_leaves=24
num_cat=0
split_feature=10 34 7 1 26 23 2 34 35 9 24 26 7 35 31 2 23 35 7 9 7 9 4
split_gain=0.854521 0.797621 1.29813 0.556831 0.544098 1.37805 0.50688 0.500614 0.940705 0.661908 0.359008 0.617585 0.334249 0.337297 1.05375 0.313832 0.39391 0.717754 0.314738 0.341846 0.291776 0.289083 0.209755
threshold=-0.084386906691325009 0.0027774913051762189 0.013811100711894021 10.165038569209008 4.6373439555676788 4.8081860847980895 13.036236935637726 0.00028866437307769791 0.0010257621072169184 0.39547088950463882 2.1889683556012902 1.3230746396640218 0.019733817756017614 0.0037774391376109687 0.0046495619109556312 9.2063969127589189 2.39675353468692 0.0023387338457148388 0.0022607214532457671 0.0368621249038339 0.010804985364303412 0.43590966070249776 -0.12000550377962933
decision_type=8 10 10 10 10 10 8 10 10 8 10 10 10 10 10 8 10 8 10 10 10 8 10
left_child=-1 3 -3 15 5 6 7 10 -9 -10 11 -5 13 22 -15 16 -2 -18 19 -17 -16 -19 -6
right_child=1 2 -4 4 12 -7 -8 8 9 -11 -12 -13 -14 14 20 18 17 21 -20 -21 -22 -23 -24
leaf_value=0.0059248479396849458 -0.0006450370128901463 0.0077968255375066757 -0.0010920305549185518 -0.00065994563091976814 0.003837428287391561 0.01414577029288871 0.0033701009152985332 0.0080227180198381449 0.0017702209724451416 -0.001475209157569779 -0.00070058460516793657 0.0040057000131714666 -0.00082321149004140537 0.0056744502921354601 -0.0010082902417841502 0.00525979697014726 0.011527289760055263 0.003092793684308127 -0.00094939928421888353 -0.00064347286265024678 0.0017205240758795125 -0.00097833849766943326 -0.00051593000462467039
leaf_weight=45 217 42 63 52 84 40 70 54 40 106 248 76 316 48 118 40 43 80 615 49 75 78 212
leaf_count=45 217 42 63 52 84 40 70 54 40 106 248 76 316 48 118 40 43 80 615 49 75 78 212
internal_value=0.000374999 0.000271397 0.0040625 0.000117398 0.000672665 0.00161321 0.0010886 0.000637305 0.00243842 0.000513422 -0.000332454 0.00158015 -8.67412e-05 0.000595833 0.00183504 -0.000644001 0.000331353 0.00175368 -0.00122207 0.00124728 0.000309948 0.000307453 -0.000421405
internal_weight=2811 2766 105 2661 1539 686 646 576 200 146 376 128 853 537 241 1122 418 201 704 89 193 158 296
internal_count=2811 2766 105 2661 1539 686 646 576 200 146 376 128 853 537 241 1122 418 201 704 89 193 158 296
is_linear=0
shrinkage=0.045


Tree=49
num_leaves=24
num_cat=0
split_feature=34 29 8 34 34 1 6 9 4 32 9 33 4 25 8 20 32 0 27 32 18 16 4
split_gain=0.551581 0.498043 1.50813 1.13531 0.597293 0.873554 0.589257 0.527401 0.542957 0.498338 0.359884 0.987829 0.277455 0.483442 0.415628 0.315093 0.268837 0.467341 0.307305 0.24759 0.241949 0.266207 0.324934
threshold=1.8466669674006887e-05 4.0048230735574792 11.690635243825726 0.002087519111356182 0.00027969326367948685 10.518881006801385 0.27057980200098747 0.40118223791731034 -0.059104615519409029 0.00095969906477817377 0.33132023419301765 0.0020194416176863759 -0.11558496776148101 3.4535948818142344 8.6385059419144721 1.0000000180025095e-35 0.0009199778776014416 10.445609891301251 6.2075643829943052 0.00018380267363307678 36.500000000000007 -1.4999999999999998 0.093915859811925281
decision_type=8 10 10 10 10 10 8 8 8 10 10 10 10 8 10 2 10 8 10 10 2 2 8
left_child=-1 2 3 4 12 7 -5 8 -6 -10 20 -12 13 14 -2 -14 -13 -18 -19 -9 21 22 -3
right_child=1 10 -4 6 5 -7 -8 19 9 -11 11 16 15 -15 -16 -17 17 18 -20 -21 -22 -23 -24
leaf_value=-0.00082794990942069275 0.0005967052303847781 0.00066093712327143853 0.050637311884005658 0.0088503979148966145 -0.0016245373039120846 0.0061290527161031181 0.0028150966256146577 0.0038745143199268211 0.0063456990601205446 0.00066465583749777371 0.0058685021980249162 -0.00040864333005995667 0.0029534153562008909 -0.0026858089975136919 0.0019708167344888554 -0.00083429105330474508 -0.0034794349761411787 0.0040378457666844503 0.00088051045220894763 -0.00061544994455940444 0.0032550732791899722 -0.00071071989786571283 -0.0025678156984490423
leaf_weight=277 74 58 41 40 48 69 43 42 67 54 58 357 55 73 51 350 42 40 43 339 53 550 40
leaf_count=277 74 58 41 40 48 69 43 42 67 54 58 357 55 73 51 350 42 40 43 339 53 550 40
internal_value=0.000153819 0.000358783 0.000957375 0.000679472 0.000326938 0.00130587 0.00567733 0.000691681 0.00276017 0.00433669 -0.000291198 0.00058011 -0.000679456 0.000694029 0.00237305 -0.0013511 -0.000102062 0.00166992 0.0035843 -0.000240235 -0.000962003 -0.00120277 0.000935643
internal_weight=2864 2587 1346 1305 1222 619 83 550 169 121 1241 540 603 198 125 405 482 125 83 381 701 648 98
internal_count=2864 2587 1346 1305 1222 619 83 550 169 121 1241 540 603 198 125 405 482 125 83 381 701 648 98
is_linear=0
shrinkage=0.045


Tree=50
num_leaves=24
num_cat=0
split_feature=23 26 23 34 2 16 34 7 9 9 5 7 34 7 28 2 3 25 34 4 3 16 6
split_gain=0.397953 0.773278 2.12547 1.02198 0.497277 0.669125 0.892825 0.370026 0.319292 0.834593 0.326582 0.687293 0.31606 0.284282 0.255189 0.242811 0.398555 0.23993 0.263787 0.529308 0.522005 0.290062 0.535327
threshold=2.1560026114960977 4.5396836780389114 4.8490054450272169 0.002087519111356182 9.0715724351495464 1.0000000180025095e-35 0.00033938784616221671 0.020866214522028897 0.40118223791731034 0.46709759621635449 0.10252279280892672 0.010296307036838597 0.0007917008212639311 0.0052892305305745112 3.2241061807000695 10.406633316563282 0.19739048246391874 4.2947044682801181 0.00058704007206247886 -0.066172732313628718 0.11459479359570444 2.5000000000000004 0.15508551807625762
decision_type=8 10 10 10 10 2 10 10 10 10 8 10 8 10 10 10 8 10 10 10 8 2 10
left_child=15 2 3 4 5 12 -7 8 10 -10 11 -3 -2 -11 17 -1 -17 18 21 -20 -21 -6 -23
right_child=1 7 -4 -5 14 6 -8 -9 9 13 -12 -13 -14 -15 -16 16 -18 -19 19 20 -22 22 -24
leaf_value=-0.000696030953201535 0.0058858762702217651 -0.00051884465360225388 0.026765388693059177 0.0089053396380148562 -0.00055254853815425785 0.010855786826397045 0.00043927411620204465 -0.00055050122087514132 0.0062327557201170671 0.0056288500426741701 -0.0010335578674459038 0.0035520764061795196 -0.0022433355109101895 -0.00045019017763015939 0.0037560725456293321 -0.0017695803695265909 0.0032880970689634901 -0.001320608972155538 -0.0020072038980522059 0.003205226265248929 0.0011223569000395064 0.0049372890287869694 -0.0016018443444342661
leaf_weight=434 63 56 42 67 441 42 60 395 48 77 371 41 76 121 48 59 49 96 67 62 55 46 51
leaf_count=434 63 56 42 67 441 42 60 395 48 77 371 41 76 121 48 59 49 96 67 62 55 46 51
internal_value=0.000261062 0.000517074 0.00129943 0.000929056 0.000593918 0.00238832 0.0051 -0.000341952 0.000269874 0.00157229 -0.000420383 0.0018675 0.000332746 0.000246268 8.80317e-05 -0.000833945 0.00105405 -0.000104142 0.000179999 0.00163636 0.00343125 -0.0003244 0.0018675
internal_weight=2867 2325 1216 1174 1107 241 102 1109 714 246 468 97 139 198 866 542 108 818 722 184 117 538 97
internal_count=2867 2325 1216 1174 1107 241 102 1109 714 246 468 97 139 198 866 542 108 818 722 184 117 538 97
is_linear=0
shrinkage=0.045


Tree=51
num_leaves=24
num_cat=0
split_feature=13 6 31 23 10 9 26 2 5 2 8 0 33 10 0 9 15 30 9 28 31 32 3
split_gain=0.574172 0.410199 0.476096 0.584165 0.891006 0.434053 0.245697 0.258001 0.700295 0.739829 0.346651 0.275669 0.26385 0.597287 0.221427 0.429792 0.340172 0.23906 0.216898 0.462579 0.251751 0.839516 0.232747
threshold=2.035254669384297 0.38774689525175215 0.0053000180499897416 4.0449220061861224 -0.0041099469252759277 0.89367900255775312 0.51491722560127162 9.2063969127589189 0.40395985863404915 8.7110100895280116 8.8934319461747879 9.5607254118988294 0.009510463203741687 0.020568787231472294 9.8617549626122045 0.32426228444652122 1.5000000000000002 6.5000000000000009 0.085998354024931764 4.2983714359775904 0.0010841076007518404 0.00023958666613574134 0.34540842505635871
decision_type=2 10 10 10 10 10 8 8 8 10 10 8 8 8 10 8 2 2 8 10 10 10 10
left_child=1 5 3 -3 -5 6 -1 8 9 -8 -11 -9 14 -14 15 -13 -17 -18 19 -16 21 22 -20
right_child=-2 2 -4 4 -6 -7 7 11 -10 10 -12 12 13 -15 18 16 17 -19 20 -21 -22 -23 -24
leaf_value=-0.0015037445371660655 0.0082907320991545599 -0.00038718050715236653 -0.0011015683771054563 0.0050519882665203348 0.0058478199488879445 0.0067753922318753096 -0.00057240531459112984 -0.00065914390170973113 -0.00016915768591009656 0.0028636144210775309 0.0055826058885404557 -0.00088504928557693943 0.0026714945446621764 -0.0014757995778395163 -0.00039493823507485716 -0.0017662138005376435 0.0010044301194454632 0.0066428169425472835 -0.00040275381843690142 0.00084885920878081185 -0.00093273691101302672 0.0063157377777232357 0.0031916473838469023
leaf_weight=109 48 58 71 40 40 70 42 204 223 42 42 101 79 95 101 65 54 45 443 41 774 41 45
leaf_count=109 48 58 71 40 40 70 42 204 223 42 42 101 79 95 101 65 54 45 443 41 774 41 45
internal_value=0.000208883 0.00012332 0.00202712 0.00354255 0.00596385 -3.09284e-05 -0.000128875 -3.41194e-05 0.00109304 0.00373256 0.00610345 -0.000223817 -5.24648e-05 0.00160169 -0.000223293 0.000965485 0.00237126 0.00399265 -0.000442853 0.00121034 -0.000625383 0.000131108 -0.000403259
internal_weight=2873 2825 209 138 80 2616 2546 2437 349 126 84 2088 1884 174 1710 265 164 99 1445 142 1303 529 488
internal_count=2873 2825 209 138 80 2616 2546 2437 349 126 84 2088 1884 174 1710 265 164 99 1445 142 1303 529 488
is_linear=0
shrinkage=0.045


Tree=52
num_leaves=24
num_cat=1
split_feature=10 21 7 28 27 19 24 31 32 6 0 23 2 34 7 23 19 7 7 5 19 26 24
split_gain=0.503907 0.314378 0.376699 0.682296 0.587744 0.732365 0.729013 0.410364 0.56832 0.342901 0.380374 0.50549 0.289006 0.247 0.330556 0.246001 0.202559 0.407795 0.726703 0.323206 0.26251 0.171539 0.166637
threshold=-0.084386906691325009 0 0.01326041284658197 2.9346957002434286 5.153657191157281 0.79630000000000012 4.701601554927703 0.0038050814008988966 0.00072368217146203393 0.21345921143346808 10.662315832795601 2.2234548584756291 11.329607037458649 0.00030910229844114518 0.023606967464018139 6.3217946015891071 0.70090000000000008 0.0046661352026310101 0.0032637708613763314 0.069013995919707319 0.68970000000000009 1.62810383492402 5.6994077388130036
decision_type=8 1 10 8 8 2 10 10 8 8 10 10 8 8 10 10 2 8 10 8 2 10 8
left_child=-1 2 3 12 6 15 -5 8 9 10 11 -4 21 14 -11 -6 17 18 -3 -19 -21 -2 -18
right_child=1 16 7 4 5 -7 -8 -9 -10 13 -12 -13 -14 -15 -16 -17 22 19 -20 20 -22 -23 -24
leaf_value=0.0052431417894161468 0.0021301702186285027 -0.00025931485645842053 -0.001314536400376922 0.0019425764189398064 -0.0038332491123664368 0.0058548481524602096 0.0040768934208340593 -0.0015773327601876265 0.003258956353036432 -0.00085255287161761903 -0.0008029461536260648 0.0099620991618399931 0.0017798733356473976 -0.0010176395679662434 0.0027871981073249344 0.0036191793075377242 -0.00049721577847219173 0.0038854853325133395 0.0043872276971334227 -0.00055164967078602653 0.0017696579514124781 -0.00077731068660833466 -0.0016100107059468399
leaf_weight=43 47 69 45 67 92 47 42 154 58 51 73 51 40 163 63 50 627 49 41 565 45 184 162
leaf_count=43 47 69 45 67 92 47 42 154 58 51 73 51 40 163 63 50 627 49 41 565 45 184 162
internal_value=7.31185e-05 -4.03569e-06 0.000531653 0.00138068 0.00285548 0.00130078 0.0054442 -0.000197429 0.000426035 -0.00013029 0.00145203 0.00327273 -0.000254563 -0.00110089 0.000499999 -0.00034138 -0.000426799 9.03492e-05 0.0025885 -0.000336481 -0.000623981 -0.000875001 -0.00093466
internal_weight=2828 2785 1227 569 298 189 109 658 504 446 169 96 271 277 114 142 1558 769 110 659 610 231 789
internal_count=2828 2785 1227 569 298 189 109 658 504 446 169 96 271 277 114 142 1558 769 110 659 610 231 789
cat_boundaries=0 1
cat_threshold=195
is_linear=0
shrinkage=0.045


Tree=53
num_leaves=24
num_cat=1
split_feature=13 19 8 21 26 19 33 16 18 34 3 18 2 30 1 2 16 19 3 34 20 25 5
split_gain=0.400584 0.253457 0.255842 0.405354 0.565772 0.422565 0.790698 0.370941 0.597445 0.724567 0.415536 0.300347 0.377073 0.253292 0.256689 0.22417 0.60513 0.199041 0.159895 0.282108 0.239931 0.345201 0.215197
threshold=1.0000000180025095e-35 0.35555000000000009 8.5366748501811731 0 2.4355237777883625 0.61185000000000012 0.0040051716498438975 -1.4999999999999998 15.500000000000002 0.0008522069541968449 1.0000000180025095e-35 18.500000000000004 11.181669004746743 7.5000000000000009 8.8926003760664027 8.8956760564941497 1.0000000180025095e-35 0.75385000000000013 -0.20786978082116139 0.00017090735248329739 1.0000000180025095e-35 2.4174321409804538 0.37649307547367811
decision_type=2 2 10 1 10 2 10 2 2 10 10 2 10 2 10 10 2 2 8 10 2 10 10
left_child=1 -1 11 4 -4 6 -5 -6 9 17 -11 -3 13 -13 -15 16 -7 -9 19 -17 21 -20 -21
right_child=-2 2 3 5 7 15 -8 8 -10 10 -12 12 -14 14 -16 18 -18 -19 20 22 -22 -23 -24
leaf_value=0.0029407453612687135 0.0062147897691282455 -0.00093195624761172979 0.0079895067838779438 -0.00024142473135537504 0.002426445627045715 -0.0017011825624813873 0.0056129192246723442 0.0020914907193035526 -0.00074331578359311491 0.00072026627445228556 0.005399938220489852 -0.0012020474587341873 0.0021394241122074374 0.012049277140659087 -0.0006836893190789793 -0.00050160339029845229 0.019819578173403664 -0.0019761194072750289 0.002478363579707708 0.0027055375053764356 -0.000599623705770691 -0.00080666563618270138 -0.00013673145003166966
leaf_weight=49 71 391 49 76 75 80 41 58 256 42 40 225 78 43 59 44 46 55 41 47 799 153 43
leaf_count=49 71 391 49 76 75 80 41 58 256 42 40 225 78 43 59 44 46 55 41 47 799 153 43
internal_value=4.63507e-05 -4.02798e-05 -9.9217e-05 0.000179029 0.00116709 -0.000244035 0.00230625 0.000740075 0.000242841 0.00210227 0.00524118 -0.000777222 8.27201e-05 -0.000593182 0.00124286 -0.000489053 0.0012907 -0.000252156 -0.00069093 0.000755474 -0.000887802 0.00052538 0.00217742
internal_weight=2861 2790 2741 1945 575 1370 117 526 451 195 82 796 405 327 102 1253 126 113 1127 134 993 194 90
internal_count=2861 2790 2741 1945 575 1370 117 526 451 195 82 796 405 327 102 1253 126 113 1127 134 993 194 90
cat_boundaries=0 1
cat_threshold=194
is_linear=0
shrinkage=0.045


Tree=54
num_leaves=24
num_cat=0
split_feature=9 32 25 23 27 9 9 2 34 26 29 7 28 29 23 1 32 7 1 4 6 6 30
split_gain=0.510836 0.461457 0.513102 0.785158 1.3354 0.455336 0.750783 1.32361 0.555141 0.382405 0.436222 0.437941 0.354303 0.346031 0.329646 0.327819 0.279744 0.249958 0.242822 0.240157 0.239668 0.417473 0.424289
threshold=0.89367900255775312 0.0001471087270763105 6.7689351161617859 6.3875728441946409 6.5554498601952913 0.47255933585619331 0.37322237642446104 10.952328748689293 0.002087519111356182 3.9878036962850287 3.0266922458134569 0.020428813032514048 4.2097436063495932 3.7768292096992604 4.1462279632562051 11.009948867856798 0.00017544497514002195 0.001996472673684383 10.314839920857297 0.13336022980398263 0.16866286194388416 0.078395045809638644 6.5000000000000009
decision_type=10 8 10 10 10 8 10 8 10 8 10 8 10 10 10 10 8 10 10 10 10 10 2
left_child=1 19 3 5 -5 6 9 14 16 10 -3 -12 -11 -10 -8 -14 -7 18 -18 20 21 -1 -23
right_child=-2 2 -4 4 -6 8 7 -9 13 12 11 -13 15 -15 -16 -17 17 -19 -20 -21 -22 22 -24
leaf_value=-0.00050830220524789439 0.0059703780873175856 -0.00041535336173254694 -0.00078965648484679999 0.025946634429324007 -0.00040241943664381182 0.0019101205004684349 0.0050294820880661187 0.010354603923892414 0.010046106409579515 -0.00047804089465592356 0.0039383199609799805 0.0024842141363881037 0.0036341890082606642 -0.00084131072189066374 -0.0033314444225990706 -0.00043220959984255298 -0.0019227466393600963 -0.00084819430145446429 0.0035117259200527565 -0.0013143803309391929 -0.00053805294201518246 0.0029034135443814935 -0.00044146934157710373
leaf_weight=225 74 86 202 40 59 45 72 63 43 319 45 42 43 40 46 66 44 619 46 210 282 70 55
leaf_count=225 74 86 202 40 59 45 72 63 43 319 45 42 43 40 46 66 44 619 46 210 282 70 55
internal_value=6.65722e-05 -3.41778e-05 0.000351014 0.000604009 0.00443382 0.000362052 0.00114076 0.00365625 -0.000366965 0.000368791 0.00213494 0.004325 -0.000354989 0.00306105 0.000780991 0.00182812 -0.000754954 -0.000976475 0.00120968 -0.000910651 -0.000467717 0.000318696 0.00237305
internal_weight=2836 2762 1920 1718 99 1619 782 181 837 601 173 87 428 83 118 109 754 709 90 842 632 350 125
internal_count=2836 2762 1920 1718 99 1619 782 181 837 601 173 87 428 83 118 109 754 709 90 842 632 350 125
is_linear=0
shrinkage=0.045


Tree=55
num_leaves=24
num_cat=1
split_feature=10 34 24 5 0 15 32 3 8 32 35 7 32 18 18 19 6 9 6 5 25 8 21
split_gain=0.47985 0.407158 1.01183 0.395068 0.282607 0.416028 0.354833 0.294803 0.4065 0.551262 0.689951 0.249135 0.452099 0.412907 1.04209 0.902183 0.352153 0.366826 0.543499 0.283873 0.261367 0.291052 0.343936
threshold=-0.084386906691325009 0.002087519111356182 4.4104640297507842 0.88179025123519905 14.044754594669492 1.5000000000000002 0.00023958666613574134 0.11459479359570444 10.603366896007676 0.0009199778776014416 0.0080800802742629768 0.015746362436860211 0.00034907114471642581 22.500000000000004 7.5000000000000009 0.70255000000000012 0.22642999867807104 0.3106421441538228 0.2966968889926011 0.22329590721980594 4.5729395871149414 8.5366748501811731 0
decision_type=8 10 10 8 8 2 10 8 8 8 8 10 8 2 2 2 10 8 10 8 8 10 1
left_child=-1 4 3 -3 7 -6 -7 11 -9 -10 -11 12 16 14 -14 -16 -2 -18 -19 -15 21 -13 -23
right_child=1 2 -4 -5 5 6 -8 8 9 10 -12 20 13 19 15 -17 17 18 -20 -21 -22 22 -24
leaf_value=0.0035612447355819437 -0.00084599129447901109 0.0094723426108616598 -0.0018002573849660081 0.0036514035874060779 -0.0022660014144066797 0.0068570072842052965 0.0010570122533318353 -0.0008969363544601911 -0.00032297364683016332 0.0038448133140198998 -0.0003470087015643383 -0.0013148999645417345 -0.00086741931823512014 0.0023368812836125972 0.013257288755208313 0.0010815894911987637 -0.00050140840221604417 0.0044461026161598076 -0.00014540409490198294 -0.00089244461287274468 -0.00051079355085623308 0.0025458237841675612 -0.0004484367835448382
leaf_weight=45 218 45 94 41 59 55 50 554 406 40 50 157 91 42 59 73 43 46 51 105 250 121 135
leaf_count=45 218 45 94 41 59 55 50 554 406 40 50 157 91 42 59 73 43 46 51 105 250 121 135
internal_value=-7.94265e-06 -8.47387e-05 0.00196721 0.00541011 -0.000228624 0.00156287 0.00322917 -0.000350757 -0.000918804 1.80355e-05 0.00314516 7.90884e-05 0.00065253 0.00174933 0.00295686 0.00546667 -0.00048615 0.00125874 0.0027675 -0.000105001 -0.000550676 0.000146033 0.00107722
internal_weight=2830 2785 180 86 2605 164 105 2441 1050 496 90 1391 728 370 223 132 358 140 97 147 663 413 256
internal_count=2830 2785 180 86 2605 164 105 2441 1050 496 90 1391 728 370 223 132 358 140 97 147 663 413 256
cat_boundaries=0 1
cat_threshold=134
is_linear=0
shrinkage=0.045


Tree=56
num_leaves=24
num_cat=0
split_feature=10 9 23 27 0 34 32 10 4 19 4 16 2 19 16 18 34 26 4 19 26 4 34
split_gain=0.7219 0.366075 0.285384 0.540041 1.08755 0.260654 0.40654 0.381121 0.323601 0.318536 0.625781 0.43048 0.623869 0.317765 0.296229 0.56051 0.527357 0.265676 0.2544 0.188689 0.115792 0.193252 0.313125
threshold=-0.084386906691325009 0.91215413122788569 1.4996565139970011 1.8279427091183564 10.519880146465242 0.00027205156860951059 0.00017544497514002195 -0.0076067684663847215 -0.05115460291587335 0.52690000000000003 0.16030212404269564 -1.4999999999999998 10.269006644516933 0.85585000000000011 -1.0000000180025095e-35 10.500000000000002 0.0011186361839474323 3.0215349587173859 -0.15724634162878082 0.72965000000000013 2.305844534511917 -0.02991068108790192 0.00013227366767857109
decision_type=8 10 8 10 8 10 10 8 10 2 8 2 10 2 2 2 10 8 8 2 8 8 8
left_child=-1 2 -2 4 -4 13 -7 8 18 10 -9 12 -11 20 19 -16 -17 -13 -8 -10 -5 22 -22
right_child=1 -3 3 5 -6 6 7 9 14 11 -12 17 -14 -15 15 16 -18 -19 -20 -21 21 -23 -24
leaf_value=0.0047972331355586335 -0.00043921706851833152 0.0048205240028716184 -0.0019547566144814195 -1.1580646007762725e-05 0.034431661514284451 0.0027260663822517841 0.0012320390793151669 -0.00097739872377151688 0.001882749980807265 0.0052588331007039114 0.0034881393289653319 0.0030047055971544356 -0.0014554419595304705 0.0019543686792277567 0.0045925071084890953 -0.00047931593984755554 0.0081987057262783193 -0.00088795889612212106 -0.0014519676455993877 -0.00062930784380406629 -0.00074852133145657794 -0.0010931211153588265 0.0021419809716314974
leaf_weight=45 314 54 57 84 54 70 40 100 41 63 62 75 65 59 45 84 46 707 81 44 84 460 109
leaf_count=45 314 54 57 84 54 70 40 100 41 63 62 75 65 59 45 84 46 707 81 44 84 460 109
internal_value=-8.14306e-05 -0.000175117 -0.000248999 -8.32311e-05 0.00294079 -0.00023159 0.000113532 -5.09964e-05 0.00116602 -0.000485582 0.00133636 -0.000813254 0.00158015 -0.000889863 0.00205323 0.00309691 0.00152256 -0.00120955 -0.000743952 -0.000127841 -0.00114628 -0.00134794 -0.000149235
internal_weight=2843 2798 2744 2430 111 2319 1523 1453 381 1072 162 910 128 796 260 175 130 782 121 85 737 653 193
internal_count=2843 2798 2744 2430 111 2319 1523 1453 381 1072 162 910 128 796 260 175 130 782 121 85 737 653 193
is_linear=0
shrinkage=0.045


Tree=57
num_leaves=24
num_cat=0
split_feature=9 24 34 9 34 9 2 2 9 19 23 31 24 3 2 19 7 9 6 6 3 18 15
split_gain=0.426176 0.389559 0.289378 0.273281 0.346566 0.316068 0.423935 0.559817 0.439345 0.349602 0.603706 0.28959 0.454146 0.263004 0.29574 0.230156 0.201838 0.365309 0.434485 0.829756 0.190959 0.305954 0.401347
threshold=0.91215413122788569 1.0000000180025095e-35 0.0032705540049629022 0.5820744804047987 0.002087519111356182 0.35253036859324655 10.819137038148526 11.664688945234262 0.4524996679784406 0.75545000000000007 3.4110949054919613 0.0021312633199750846 5.432225023080492 -0.22553214465979585 10.678084861636348 0.84945000000000015 0.010526387596488261 0.17461915874115017 0.31628698717132803 0.33368954521120736 0.11459479359570444 21.500000000000004 2.5000000000000004
decision_type=10 10 10 8 10 10 10 10 10 2 10 10 10 8 8 2 10 10 8 10 8 2 2
left_child=1 -1 3 5 15 13 9 8 -8 -7 -11 12 -9 14 -3 20 -15 18 -18 -20 21 22 -5
right_child=-2 2 -4 4 -6 6 7 11 -10 10 -12 -13 -14 16 -16 -17 17 -19 19 -21 -22 -23 -24
leaf_value=0.042274973091972888 0.0038019855055029393 0.0047772439485594025 0.002120820357051259 0.0018413269815987226 0.0064444354039610661 -0.00052773390855375747 0.0032950080000428614 -0.0044418605227300586 0.0014100387084637351 0.0028999000134480551 -0.0011600525590631486 -0.0010456851334868871 0.0029498922242414943 -0.00081868623181323809 -0.00035727827235444579 0.0001643342749016686 -7.0656992896224734e-05 -0.0011003652938070079 0.0033520016516122341 -0.00044577535428511528 -0.001441991844460164 -0.0019576197804046578 -0.00053964081705991569
leaf_weight=42 50 48 50 159 57 288 61 45 50 51 53 57 40 352 40 79 149 313 42 51 444 199 80
leaf_count=42 50 48 50 159 57 288 61 45 50 51 53 57 40 352 40 79 149 313 42 51 444 199 80
internal_value=-0.000176597 -0.000253361 -0.000322022 -0.000387261 -0.000965231 -2.73895e-05 0.000746527 0.0021709 0.00451974 -0.000182279 0.00201869 0.00027931 0.00191761 -0.00052981 0.00178022 -0.00116935 -0.000759066 -0.000221775 0.00108367 0.00344531 -0.00137797 -0.000704082 0.000381198
internal_weight=2800 2750 2708 2658 1018 1640 645 253 111 392 104 142 85 995 88 961 907 555 242 93 882 438 239
internal_count=2800 2750 2708 2658 1018 1640 645 253 111 392 104 142 85 995 88 961 907 555 242 93 882 438 239
is_linear=0
shrinkage=0.045


Tree=58
num_leaves=24
num_cat=1
split_feature=10 21 33 7 9 26 19 9 18 1 1 10 18 27 32 16 33 10 3 25 3 1 9
split_gain=0.731552 0.320805 0.706548 0.274427 0.29931 0.297552 0.271688 0.516312 0.348767 0.248235 0.567055 0.411687 0.297677 0.278457 0.550104 0.387062 0.245254 0.187415 0.234489 0.184365 0.162528 0.161039 0.108369
threshold=-0.074207584137347432 0 0.014357959846301749 0.001996472673684383 0.65843657057087812 4.1213602945376087 0.66105000000000014 0.085998354024931764 33.500000000000007 11.286581853732201 11.731452560109942 -0.011601207828509262 10.500000000000002 4.2008336676426996 0.00081963623031086716 2.5000000000000004 0.0057823923942293557 -0.027052270572306591 0.6008923130699102 3.8802524357278108 -0.25431216061585893 13.428533945117096 0.17461915874115017
decision_type=8 1 8 10 10 10 2 8 2 10 10 10 2 10 8 2 10 8 8 10 8 10 8
left_child=-1 2 3 4 5 -2 7 -3 17 13 11 -11 -12 14 15 16 -5 -9 -19 -20 -8 -14 -22
right_child=1 6 -4 9 -6 -7 20 8 -10 10 12 -13 21 -15 -16 -17 -18 18 19 -21 22 -23 -24
leaf_value=0.0042992213458656458 -0.0013966628588215014 0.0038124080259658976 0.0403725993028341 -0.00075280332894767489 0.0060612647790474249 0.0020519733825234039 0.00155226101742993 0.0012397773138134111 0.0055938297504739215 0.0052988405673455056 0.00041360130877596377 -0.00038035204353521534 -0.00043506705100064379 -0.00061861441957628005 0.0027299614615825364 0.0014458808052932079 0.0084632643953593198 -0.00059978009048645726 0.0030673684341777619 -0.002223061365148393 -9.3438114459131215e-05 0.0017692455003560125 -0.00079942333316432464
leaf_weight=74 46 53 42 322 50 53 67 40 60 49 57 46 116 232 65 63 40 297 40 40 206 40 738
leaf_count=74 46 53 42 322 50 53 67 40 60 49 57 46 116 232 65 63 40 297 40 40 206 40 738
internal_value=-6.0233e-05 -0.000180652 0.000362844 0.000154187 0.00193914 0.000463235 -0.000609557 0.000211069 -0.000267188 -0.000108907 0.000954983 0.00378826 -0.000343751 -0.000564828 4.56384e-05 -0.000551987 -0.00112192 -0.000733929 -0.00104803 0.00108434 -0.00104512 -0.00135849 -0.00119747
internal_weight=2836 2762 1221 1179 149 99 1541 530 477 1030 308 95 213 722 490 425 362 417 377 80 1011 156 944
internal_count=2836 2762 1221 1179 149 99 1541 530 477 1030 308 95 213 722 490 425 362 417 377 80 1011 156 944
cat_boundaries=0 1
cat_threshold=195
is_linear=0
shrinkage=0.045


Tree=59
num_leaves=24
num_cat=2
split_feature=9 25 34 8 31 5 34 21 2 7 28 5 18 21 6 9 34 18 10 28 26 9 19
split_gain=0.439781 0.35998 0.393931 0.718544 0.486424 0.566711 0.442126 0.437101 0.949007 0.515275 0.595938 0.398878 0.364343 0.398647 0.420069 0.867677 0.250756 0.350039 0.244758 0.294464 0.50285 0.159597 0.181449
threshold=0.89367900255775312 6.7689351161617859 0.00025348177599238863 11.804056002272405 0.00073721440933316635 0.41596736918247312 0.00030910229844114518 0 9.2063969127589189 0.017837050576126685 3.6815522999598755 0.81855929108860603 20.500000000000004 1 0.2804545749305109 0.33132023419301765 3.2538459950345239e-05 28.500000000000004 -0.042044004593402247 3.7561750005370826 4.0561662959894429 0.37322237642446104 0.81520000000000004
decision_type=10 10 8 10 8 10 8 1 8 10 10 8 2 1 8 10 10 2 10 8 8 10 2
left_child=1 2 12 4 11 6 -6 8 -8 10 -10 -4 21 14 16 -16 17 -14 19 20 -9 -1 -23
right_child=-2 -3 3 -5 5 -7 7 18 9 -11 -12 -13 13 -15 15 -17 -18 -19 -20 -21 -22 22 -24
leaf_value=-0.00057600497361974231 0.0052939898238520324 -0.0010479324740523552 0.0065344534003382122 0.018965996921389405 0.0019801296643860941 -0.00060499813606432629 0.0053427634562344404 -0.0011807277769079983 -6.6641872008321794e-05 -0.0009528193626055306 0.0028069198280150486 0.00010693915010200335 0.0015327640704986833 -0.001096445609193664 -0.0010558244664006383 0.0039976814627170872 -0.0010270719966657023 -0.0015711276079081104 -0.00080701221464548223 -0.0011621728144827388 0.0029204259970769218 -0.00052038322387230895 0.0032692316094269924
leaf_weight=311 71 205 55 68 59 590 58 64 102 113 62 54 47 212 52 47 91 46 191 78 54 146 41
leaf_count=311 71 205 55 68 59 590 58 64 102 113 62 54 47 212 52 47 91 46 191 78 54 146 41
internal_value=-0.000109309 -0.000201346 -5.3951e-05 0.000394584 0.000182063 -5.07647e-05 0.000743303 0.000428275 0.00158405 0.000506249 0.0021018 0.00303348 -0.00075226 0.000112951 0.00119341 0.00355147 -4.81289e-05 0.00157031 -0.000601876 0.000497487 0.00189669 -0.00160778 -0.000556579
internal_weight=2817 2746 2541 1548 1480 1371 781 722 335 277 164 109 993 495 283 99 184 93 387 196 118 498 187
internal_count=2817 2746 2541 1548 1480 1371 781 722 335 277 164 109 993 495 283 99 184 93 387 196 118 498 187
cat_boundaries=0 1 2
cat_threshold=140 69
is_linear=0
shrinkage=0.045


Tree=60
num_leaves=24
num_cat=0
split_feature=9 23 26 9 7 9 9 32 28 10 1 7 19 28 31 4 28 2 7 18 10 35 1
split_gain=0.478599 0.337117 0.815054 0.597774 0.341132 0.489686 0.392413 0.331041 0.433132 0.678739 0.351187 0.336495 0.528015 0.321813 0.318384 0.338516 0.28887 0.24002 0.336333 0.461853 0.327565 0.189609 0.168041
threshold=0.89367900255775312 2.1560026114960977 2.4355237777883625 0.71853126049018468 0.0017205213292538798 0.61560716057601883 0.47255933585619331 0.00015373578117150918 2.6176490850818301 0.046094344804384596 10.188261899752685 0.017837050576126685 0.62570000000000014 3.0629551485338156 0.00062529672102837515 -0.059104615519409029 2.4156708846339421 12.428523507093034 0.0088983598679218626 22.500000000000004 -0.0097009765155480748 0.0032919259747429147 12.984718960989353
decision_type=10 8 8 8 10 8 8 8 10 8 10 10 2 8 10 8 8 8 10 2 10 10 10
left_child=1 -1 3 -3 5 21 7 22 9 16 -10 17 -13 -7 15 -8 -9 18 20 -20 -12 -4 -6
right_child=-2 2 4 -5 6 13 14 8 10 -11 11 12 -14 -15 -16 -17 -18 -19 19 -21 -22 -23 -24
leaf_value=-0.00040496664397817399 0.0032610819891023528 0.00069198165383732319 0.0034926812137580864 0.010611423220814591 -0.00058641257686450302 0.0025704118196909552 0.0024366062738224929 -0.0003755926099834411 -0.0014365822951172846 0.0055272954301345432 0.0027024919717814205 0.0011858486736969623 -0.0013407054507877656 0.0058343601039186578 -0.00068799768410173553 -0.00061576446825248831 0.0051370165509014784 -0.0012331165754981281 0.0027230642046941248 -0.000847782475060182 -0.0011711251806791243 -0.00071416549406516595 2.577181881365424e-05
leaf_weight=522 71 71 79 44 154 41 41 104 153 47 40 49 145 44 772 111 43 47 67 49 51 61 41
leaf_count=522 71 71 79 44 154 41 41 104 153 47 40 49 145 44 772 111 43 47 67 49 51 61 41
internal_value=-0.000258158 -0.000353005 -0.000113647 0.00352754 -0.000314076 0.00133224 -0.00050939 0.000113293 0.000521616 0.00235279 -7.8229e-05 0.000558758 -0.000845178 0.00396307 -0.00117476 0.000696774 0.000794999 0.0016284 0.00228214 0.00385714 0.000215425 -0.000314686 -0.00153409
internal_weight=2847 2776 2254 115 2139 225 1914 990 795 194 601 448 194 85 924 152 147 254 207 116 91 140 195
internal_count=2847 2776 2254 115 2139 225 1914 990 795 194 601 448 194 85 924 152 147 254 207 116 91 140 195
is_linear=0
shrinkage=0.045


Tree=61
num_leaves=24
num_cat=1
split_feature=10 33 31 0 21 25 25 4 7 32 18 19 10 4 7 23 19 10 33 4 33 10 32
split_gain=0.443519 0.316307 0.644475 0.921266 0.308283 0.667622 0.7472 0.68883 0.464381 0.996925 0.256372 0.534772 0.421641 0.384566 0.549321 0.357396 0.498508 0.250753 0.303346 0.235562 0.195542 0.184919 0.255848
threshold=-0.074207584137347432 0.00023158520823017681 0.00014902028748424681 10.789022062481886 0 3.4535948818142344 2.0934899851422428 0.035358557725320025 0.01326041284658197 0.0012614525384602785 27.500000000000004 0.62570000000000014 -0.019825295974322695 0.13738884605579238 0.0061042847172055612 3.3131563838593254 0.71800000000000008 0.029183924137461941 0.0053903798970138346 0.032084730043532766 0.0031597556790856404 -0.017962985090924085 0.0009199778776014416
decision_type=8 8 10 10 1 10 10 8 10 10 2 2 8 10 10 10 2 10 10 8 10 10 10
left_child=-1 -2 3 -3 5 6 -4 -8 9 -7 12 13 15 14 -12 -6 -17 -14 19 -19 -18 -13 -23
right_child=1 2 4 -5 10 8 7 -9 -10 -11 11 21 17 -15 -16 16 20 18 -20 -21 -22 22 -24
leaf_value=0.0030870642704501289 -0.00065510703467526173 -0.0036741513861639815 -0.0010946839445327076 0.038400682947232249 -0.00097040099262027846 -0.00070820075579220961 0.0081933535724880956 0.0017114398304203075 -0.0010508184595888106 0.0026867483137479066 0.0028478953490097617 -0.0017956890975592671 -0.00069760233964494603 0.0051279242772086925 -0.0017187584674772625 0.0034208048651347056 0.0023125238214379952 -0.0003395672439694367 -0.0019856823221818592 0.0089367835196733844 -0.00096951074362846678 -0.0007479475633003069 0.0033455242545805909
leaf_weight=73 469 40 51 40 52 133 56 50 203 40 42 142 773 41 66 58 40 55 68 62 44 172 51
leaf_count=73 469 40 51 40 52 133 56 50 203 40 42 142 773 41 66 58 40 55 68 62 44 172 51
internal_value=-0.000223885 -0.00031734 -9.76123e-05 0.00379518 -0.00024421 0.000688186 0.00313594 0.00524312 -0.000332454 0.0013679 -0.000544074 0.000287234 -0.000919481 0.00253125 0.00105405 0.000982233 0.00214138 -0.00130645 0.000179521 0.00155625 -0.000103449 -0.000641984 0.000169247
internal_weight=2821 2748 2279 80 2199 533 157 106 376 173 1666 514 1152 149 108 194 142 958 185 117 84 365 223
internal_count=2821 2748 2279 80 2199 533 157 106 376 173 1666 514 1152 149 108 194 142 958 185 117 84 365 223
cat_boundaries=0 1
cat_threshold=136
is_linear=0
shrinkage=0.045


Tree=62
num_leaves=24
num_cat=0
split_feature=25 23 27 18 4 34 34 4 7 25 3 4 15 1 29 35 16 3 25 4 35 9 9
split_gain=0.391271 0.383131 0.79355 0.696485 0.368557 0.338205 0.544381 0.482795 0.47263 0.60575 0.474371 0.41418 0.289621 0.276381 0.477105 0.247435 0.305272 0.482552 0.418775 0.500871 0.217201 0.232255 0.2137
threshold=6.7689351161617859 2.1560026114960977 2.3430018361491927 18.500000000000004 -0.087226137592827213 0.00026419753670835487 0.00032233616542153481 -0.0032615366789014856 0.004282531638415449 3.8468762967498784 -0.010958118804628663 0.13738884605579238 2.5000000000000004 9.3161691214325675 3.0697103719485814 0.0020066949264874599 1.0000000180025095e-35 0.30281673150328298 5.0547539178188048 0.10635346496093068 0.003874651036673143 0.39547088950463882 0.49898124188950793
decision_type=10 8 10 2 8 10 10 8 8 10 8 8 2 10 10 10 2 8 10 8 10 8 10
left_child=1 22 3 -3 20 7 11 12 9 -8 -11 -7 -6 -10 -15 -16 17 18 19 -17 -4 -22 -1
right_child=-2 2 4 -5 5 6 8 -9 13 10 -12 -13 -14 14 15 16 -18 -19 -20 -21 21 -23 -24
leaf_value=-0.00092004044946876907 -0.00097263309799773773 0.0023494497434471602 -0.00072073096246935264 0.01044681339621188 0.0026811382821753651 0.0021418825335866639 0.0045462903462500414 -0.00098716622705429078 -0.0011475364039338291 0.0044081729263271158 -0.001710030957798706 0.0031786239524863582 -0.0032055609429452445 0.0061463521611843756 -0.001063284219312139 0.0044770679202276332 -0.00051790510087637673 0.0013823923475861336 -0.00025623429667758011 -0.00036060734304644996 0.00086676852893022933 -0.0018682699641960885 -0.000307344194789475
leaf_weight=380 216 71 311 41 81 43 41 394 171 40 52 41 46 43 146 48 191 43 105 51 59 40 180
leaf_count=380 216 71 311 41 81 43 41 394 171 40 52 41 46 43 146 48 191 43 105 51 59 40 180
internal_value=-0.000391788 -0.00023865 4.5851e-05 0.00367826 -0.000168549 0.000152046 0.000629911 -0.000777195 0.00031076 0.00276287 0.000663157 0.00403448 0.00160961 -0.000106742 0.000332142 -1.53327e-05 0.000520408 0.001557 0.000608695 0.00266912 -0.00136199 0.000463235 -0.00127886
internal_weight=2834 2618 2058 112 1946 1536 1015 521 931 133 92 84 127 798 627 584 438 247 204 99 410 99 560
internal_count=2834 2618 2058 112 1946 1536 1015 521 931 133 92 84 127 798 627 584 438 247 204 99 410 99 560
is_linear=0
shrinkage=0.045


Tree=63
num_leaves=24
num_cat=1
split_feature=25 6 0 16 13 33 27 33 35 6 25 7 7 9 7 8 21 6 31 3 8 0 34
split_gain=0.29944 0.388317 0.627648 0.271165 0.252741 0.244175 0.881426 0.223523 0.547514 0.447425 0.262292 0.194477 0.184112 0.176466 0.252798 0.370306 0.221513 0.555418 0.209269 0.271841 0.420781 0.201375 0.190906
threshold=5.2131523658429018 0.37344116728644478 10.730868582564398 1.0000000180025095e-35 0.38190219713034684 0.0068141891556219051 3.8806339553300471 0.004416049467292832 0.0028098811656297571 0.10719863697830553 4.7950141666947079 0.0099376115646273942 0.0096244710685056498 0.50930833046912605 0.0044726054100106801 8.7412842772987176 0 0.16261881508395223 0.0024225604597807779 0.28237712077795141 10.278244967940596 11.135815976642933 0.00025348177599238863
decision_type=10 10 10 2 2 10 10 8 10 10 10 10 8 8 10 10 1 8 10 10 8 10 10
left_child=1 4 3 -3 5 7 -7 8 10 -10 13 -8 -11 18 15 22 -16 -18 19 -1 -21 -19 -15
right_child=-2 2 -4 -5 -6 6 11 -9 9 12 -12 -13 -14 14 16 -17 17 21 -20 20 -22 -23 -24
leaf_value=-0.00051814296680632464 -0.00040441068025548048 -0.00052605174318175814 0.016983539327998644 0.0023931282581252556 0.0059559877272716112 0.0066136430904494437 0.0017110823021220293 -0.0014962938905931341 0.0017634714380042309 0.0043417072806687879 0.00041567483601773236 -0.0023077711597295986 -0.0015117043700756427 -0.0023951690580067833 -0.00079733376167578592 0.0029091598955791483 0.0013557378330866625 -0.001754456867115369 0.0036404031911914845 -0.00098817779614192194 0.0027629332463579709 0.00078975059028249626 0.0024835223759188739
leaf_weight=500 769 67 44 53 51 61 49 277 40 41 56 81 62 42 240 41 41 103 43 52 54 43 40
leaf_count=500 769 67 44 53 51 61 49 277 40 41 56 81 62 42 240 41 41 103 43 52 54 43 40
internal_value=-0.000260253 2.05129e-05 0.0021018 0.000365853 -0.000160547 -0.000247994 0.00126417 -0.000422378 -0.000189508 0.00241952 -0.000491853 -0.000845865 0.000785377 -0.000634568 -4.06877e-05 0.00173214 -0.000559884 0.000596249 -0.00113535 -0.00135222 0.000701834 -0.000694631 -5.29417e-05
internal_weight=2850 2081 164 120 1917 1866 191 1675 1398 143 1255 130 103 1199 550 123 427 187 649 606 106 146 82
internal_count=2850 2081 164 120 1917 1866 191 1675 1398 143 1255 130 103 1199 550 123 427 187 649 606 106 146 82
cat_boundaries=0 1
cat_threshold=86
is_linear=0
shrinkage=0.045


Tree=64
num_leaves=24
num_cat=0
split_feature=10 19 18 8 8 34 0 31 1 27 1 5 29 23 25 34 24 10 25 7 32 34 29
split_gain=0.395995 0.389502 0.534495 0.408644 0.96264 0.448893 0.414034 0.424246 0.600957 0.39525 0.308643 0.23257 0.217357 0.2527 0.428721 0.269046 0.25906 0.437087 0.306201 0.206967 0.197205 0.470575 0.189809
threshold=-0.074207584137347432 0.66380000000000006 13.500000000000002 8.6385059419144721 9.1767881649961129 8.3205025384137826e-05 11.263361836802472 0.0014575257727716901 11.588644277883724 0.24842134632950466 10.546293612708453 0.71901706980912539 5.6026600960432527 2.2234548584756291 2.4852243398118925 0.0019885954423760296 5.0277233873071987 -0.036538387767641588 5.2131523658429018 0.013811100711894021 0.00095969906477817377 0.00073228549729515162 3.9334043138344108
decision_type=8 2 2 8 8 8 8 10 8 10 8 10 8 8 10 10 10 10 10 8 10 8 10
left_child=-1 2 11 -4 -5 -6 10 -8 -9 -3 20 -2 13 -11 -15 16 22 -18 -19 -17 21 -7 -16
right_child=1 9 3 4 5 6 7 8 -10 12 -12 -13 -14 14 15 19 17 18 -20 -21 -22 -23 -24
leaf_value=0.0024976591877875791 -0.0007214260577101271 0.030937833412777754 -0.0018201391264393288 0.0066478844393910684 -0.00048074838270393796 5.1891841163370615e-05 0.0031423863512139534 0.0028541825487324716 -0.0019979666094169638 -0.001220341148452363 -0.0007434533028739742 0.0025303351981341331 -0.0006953377537996943 0.0084016685125793897 -0.00027506258476175271 0.0038467166437903227 0.0010132784816499275 0.0022536376932705657 -0.0013432635976173496 -0.0010077205862098495 -0.0011621173717593781 0.0094677313012741949 -0.0010218370397851615
leaf_weight=76 291 47 64 42 115 71 68 46 60 312 84 40 326 63 497 40 55 46 109 44 55 47 250
leaf_count=76 291 47 64 42 115 71 68 46 60 312 84 40 326 63 497 40 55 46 109 44 55 47 250
internal_value=-0.000179937 -0.00026919 0.000449543 0.00119542 0.00156853 0.00104098 0.00170564 0.00338136 0.00152752 -0.000664203 0.000545192 -0.00101722 -0.000776218 -0.00053277 -0.000211383 -0.00043319 -0.000649219 0.000739436 -0.000498418 0.00196552 0.00162358 0.0026405 -0.001041
internal_weight=2848 2772 983 652 588 546 431 174 106 1789 257 331 1742 1416 1104 1041 957 210 155 84 173 118 747
internal_count=2848 2772 983 652 588 546 431 174 106 1789 257 331 1742 1416 1104 1041 957 210 155 84 173 118 747
is_linear=0
shrinkage=0.045


Tree=65
num_leaves=24
num_cat=0
split_feature=31 31 18 34 4 29 33 9 5 32 5 19 31 26 7 4 31 5 19 1 27 28 0
split_gain=0.296915 0.397365 0.367948 0.302242 0.522545 0.459358 0.605018 0.512469 1.50889 0.904959 0.42918 0.424337 0.384261 0.233602 0.224946 0.204206 0.142902 0.141608 0.267598 0.119502 0.329853 0.463362 0.163661
threshold=0.0038050814008988966 0.0036421239700591876 36.500000000000007 0.00025348177599238863 -0.06244830720735093 4.0291637831932476 0.0058627714266544844 0.40118223791731034 0.33206659613335526 0.00016736914106114397 0.53672644179480722 0.85585000000000011 0.0020760590792942629 3.6019150551053238 0.0078358410678262477 0.10635346496093068 0.0029372378620570482 0.11856432364471063 0.6986500000000001 10.188261899752685 1.9429962584403584 0.64151758379880974 13.245130169614406
decision_type=10 10 2 8 8 10 10 8 8 8 8 2 10 8 10 8 10 8 2 8 10 10 8
left_child=1 3 17 11 -5 6 7 8 15 -9 12 19 -7 -11 -15 -6 -14 18 -2 -1 21 -21 -22
right_child=2 -3 -4 4 5 10 -8 9 -10 13 -12 -13 16 14 -16 -17 -18 -19 -20 20 22 -23 -24
leaf_value=-0.00049216638393218882 0.0039750237551061844 0.00097926307664810168 0.0010095177421527149 -0.0010232850349961313 0.0025098361594700059 0.0037598183376947067 0.0074597023596937343 0.0023293216597002862 0.01391133949225391 -0.00184295561953857 -0.0022580051667929024 0.001131809693384991 -0.00096517791749410544 0.01085584603633368 -0.0010603266044517693 -0.0011465297204382397 0.0004234613792783723 -0.0013066815987270045 -0.00081313097898392628 -0.00021591139103307341 -0.00066818696582997673 0.00096974816305831749 0.00053408625560255444
leaf_weight=331 45 40 44 268 40 43 75 61 47 152 175 75 43 41 75 48 49 504 81 80 393 40 98
leaf_count=331 45 40 44 268 40 43 75 61 47 152 175 75 43 41 75 48 49 504 81 80 393 40 98
internal_value=-0.000353561 -9.71526e-05 -0.00117651 -0.000183201 0.000327455 0.000874119 0.00166467 0.00104068 0.00334239 7.45477e-05 -0.000503195 -0.000743383 0.00138587 -0.00106273 0.000453781 -0.000197803 -0.000284211 -0.00145735 -0.000104652 -0.00100476 -0.000626629 0.00146341 -0.00114322
internal_weight=2848 2174 674 2134 1117 849 539 464 135 329 310 1017 135 268 116 88 92 630 126 942 611 120 491
internal_count=2848 2174 674 2134 1117 849 539 464 135 329 310 1017 135 268 116 88 92 630 126 942 611 120 491
is_linear=0
shrinkage=0.045


Tree=66
num_leaves=24
num_cat=2
split_feature=10 19 21 33 10 33 33 2 3 16 34 1 0 3 5 19 18 18 7 21 4 10 0
split_gain=0.615359 0.373326 0.426068 0.525944 0.719691 0.377871 0.991542 0.226649 0.179725 0.226634 0.171237 0.143164 0.271893 0.475594 0.850209 0.245818 0.148618 0.139455 0.124299 0.336691 0.37307 0.194505 0.327565
threshold=-0.074207584137347432 0.35555000000000009 0 0.0069335591187530713 -0.003037665536171671 0.0017835017257204417 0.00024970590576408642 10.060072623135556 -0.22553214465979585 4.5000000000000009 8.1131956630634052e-06 10.057598073874768 9.5234901606175395 0.10871676335244244 0.28001218757486462 0.51660000000000006 33.500000000000007 25.500000000000004 0.012305404401376464 1 0.039558921699198023 -0.030818037639022824 11.180786960685488
decision_type=8 2 1 10 10 8 10 10 8 2 8 10 10 10 10 2 2 2 10 1 8 8 10
left_child=-1 -2 3 5 -5 6 -3 8 -4 11 -9 12 15 14 -14 -10 -17 -15 19 -12 -21 22 -20
right_child=1 2 7 4 -6 -7 -8 10 9 -11 18 -13 13 17 -16 16 -18 -19 21 20 -22 -23 -24
leaf_value=0.0027164167399968439 0.002096494911605574 -0.00096191943407277544 0.0012723775347981544 0.0057836910661285077 -0.001109660382771109 -0.0008025024972978731 0.0059156106412400003 0.0011444950107381293 0.00097216226978708703 0.00060139931924556766 -0.00077796846858154886 -0.001476299017731371 -0.0012721566054681324 -0.0013929939492680963 0.0071164574376947421 -0.0010099410124782635 0.00078398209955028947 0.00020421178938097591 0.0021409641209963718 0.0027342952962219084 -0.00060682465206647075 -0.0009343487556876805 -0.0035497200802567623
leaf_weight=76 46 56 77 67 43 202 50 69 55 60 380 105 55 75 43 360 62 40 40 73 147 592 51
leaf_count=76 46 56 77 67 43 202 50 69 55 60 380 105 55 75 43 360 62 40 40 73 147 592 51
internal_value=-0.000385215 -0.000497274 -0.000567283 0.000741299 0.00338496 -0.000202573 0.00194037 -0.00080714 -0.000269519 -0.000458917 -0.00118229 -0.000662595 -0.000422078 0.000906249 0.00316337 -0.00101719 -0.00138706 -0.00104873 -0.00129996 -0.000820896 0.000579399 -0.00171538 0.000215425
internal_weight=2824 2748 2702 418 110 308 106 2284 932 855 1352 795 690 213 98 477 422 115 1283 600 220 683 91
internal_count=2824 2748 2702 418 110 308 106 2284 932 855 1352 795 690 213 98 477 422 115 1283 600 220 683 91
cat_boundaries=0 1 2
cat_threshold=128 46
is_linear=0
shrinkage=0.045


Tree=67
num_leaves=24
num_cat=1
split_feature=10 19 21 27 23 3 19 25 25 19 7 7 4 19 10 2 1 3 6 2 24 23 6
split_gain=0.437102 0.282585 0.243224 0.310461 1.1702 0.390127 0.66871 0.275666 0.968577 0.373357 0.21362 0.339745 0.193265 0.161311 0.222344 0.484747 0.689951 0.202651 0.145385 0.140719 0.109693 0.484101 0.091205
threshold=-0.074207584137347432 0.35555000000000009 0 3.6670504230923453 3.4588088296026931 1.0000000180025095e-35 0.64275000000000015 2.4174321409804538 1.955497741253617 0.76235000000000008 0.015746362436860211 0.0078358410678262477 inf 0.71800000000000008 -1.0000000180025095e-35 10.592888691442974 11.323652453342145 -0.23221752854534669 0.1443858122115789 13.168084344008513 2.1161346682939137 1.7401677170523351 0.3223837050451635
decision_type=8 2 1 10 8 10 2 8 10 2 10 10 8 2 8 10 10 8 10 10 10 10 8
left_child=-1 -2 3 4 7 12 -7 8 9 -3 11 -8 -5 14 15 18 -17 -16 -4 -15 21 -19 -22
right_child=1 2 13 5 -6 6 10 -9 -10 -11 -12 -13 -14 19 17 16 -18 20 -20 -21 22 -23 -24
leaf_value=0.0023866091953887404 0.0021680733267868697 -0.0008093830882311457 0.00062310682110097498 -0.00083030698553457772 0.008767575784970132 0.0034782304287838722 -0.0017517634746362766 -0.00072108819237059845 0.0084501413004163077 0.00010077659912493265 -0.00088188858554193118 0.0016343890244505995 0.00064114923410070023 -0.00088433374842876423 0.00075457848520106259 0.0042441907859150632 -0.00020675490418366272 -0.001484654269635605 -0.00069857788627395822 4.8153070362972567e-05 -0.00092728128704806258 0.006299726598321607 -0.00057041284157767806
leaf_weight=79 41 128 40 377 59 64 45 147 43 42 92 59 56 671 41 40 50 103 84 40 205 43 280
leaf_count=79 41 128 40 377 59 64 45 147 43 42 92 59 56 671 41 40 50 103 84 40 205 43 280
internal_value=-0.000467956 -0.000563931 -0.000621405 -0.000104001 0.000858412 -0.000688578 0.00068441 -0.000123967 0.000906249 -0.00065029 -0.000633166 0.000757009 -0.00151204 -0.000974069 -0.000571992 0.000684331 0.00314516 -0.000973334 -0.00113386 -0.00148424 -0.00117469 -9.06046e-05 -0.00149846
internal_weight=2829 2750 2709 1112 419 693 260 360 213 170 196 104 433 1597 886 214 90 672 124 711 631 146 485
internal_count=2829 2750 2709 1112 419 693 260 360 213 170 196 104 433 1597 886 214 90 672 124 711 631 146 485
cat_boundaries=0 1
cat_threshold=139
is_linear=0
shrinkage=0.045


Tree=68
num_leaves=24
num_cat=0
split_feature=19 23 27 18 28 29 2 34 31 23 8 10 19 24 29 1 2 2 24 7 1 1 8
split_gain=0.407515 0.319955 0.788263 0.864222 0.297773 0.246273 0.379616 0.407262 0.389392 0.963385 0.400383 0.39961 0.340652 0.315385 0.696599 0.305884 0.213163 0.632589 0.224495 0.232345 0.249672 0.161231 0.143995
threshold=0.35555000000000009 2.1560026114960977 2.3430018361491927 18.500000000000004 0.7161339631642355 6.2814645742092265 13.168084344008513 0.00013227366767857109 0.00069720584901471444 3.2158105928232148 10.565970060424535 -0.035617512618382911 0.66105000000000014 3.3016642710301523 2.9507437740932834 9.2550032856809832 9.2063969127589189 9.0324336379383627 5.8377945522929258 0.0017205213292538798 10.631817470046977 9.7783079034421743 10.603366896007676
decision_type=2 8 10 2 10 8 10 10 10 10 10 8 2 10 10 8 8 10 10 10 8 10 10
left_child=-1 22 3 4 -3 6 7 21 9 -9 13 -12 -13 14 15 -10 17 -15 19 20 -18 -4 -2
right_child=1 2 5 -5 -6 -7 -8 8 10 -11 11 12 -14 16 -16 -17 18 -19 -20 -21 -22 -23 -24
leaf_value=0.0020041417526000505 -0.00071925845996540232 0.033411305080447665 0.00027098502487073433 0.0091598965995128099 -0.0012086445190259392 -0.00056185847675653436 0.0039248896687285864 -0.00059306429425218482 -0.0013163928426305591 0.0030645011422668071 0.002644303096540384 0.0027482504609675313 -7.8077704394836166e-05 -0.00060245321842360947 0.0050437706396160922 0.000435773755629895 -0.00087482645413759601 0.0030710347232615126 0.00016745384126329576 -0.00074235771551889979 0.0025346155904780445 -0.0012424025826393546 9.2080192505996684e-05
leaf_weight=43 498 40 47 40 42 271 55 42 95 46 50 52 235 58 52 51 56 42 44 633 40 283 40
leaf_count=43 498 40 47 40 42 271 55 42 95 46 50 52 235 58 52 51 56 42 44 633 40 283 40
internal_value=-0.000436932 -0.000505152 -0.000270752 0.003204 0.00047647 -0.000471926 -0.000287819 -0.000401039 -8.40566e-05 0.00276923 -0.000267896 0.00107868 0.000411206 -0.000693436 0.00091791 -0.000694631 -0.00106079 0.000873786 -0.00131347 -0.00150307 0.000545454 -0.00182432 -0.00148891
internal_weight=2855 2812 2274 122 82 2152 1881 1826 1496 88 1408 337 287 1071 198 146 873 100 773 729 96 330 538
internal_count=2855 2812 2274 122 82 2152 1881 1826 1496 88 1408 337 287 1071 198 146 873 100 773 729 96 330 538
is_linear=0
shrinkage=0.045


Tree=69
num_leaves=24
num_cat=0
split_feature=19 24 5 7 1 7 4 32 10 24 25 23 5 7 32 4 1 4 10 2 6 19 3
split_gain=0.372225 0.94708 0.237868 0.438251 0.594575 0.204597 0.335863 0.230032 0.21253 0.291695 0.948617 0.990046 0.370616 0.569863 0.231422 0.33792 0.182677 0.158818 0.149447 0.13113 0.108272 0.305455 0.0840572
threshold=0.79195000000000015 1.8696151288545206 0.36358030521469037 0.014618372838895334 11.777108560571332 0.0017205213292538798 -0.01669265143713718 0.00095969906477817377 0.058216129788960326 2.7676985704885877 3.3142726586573938 3.1648692707049824 0.10252279280892672 0.011456804601018415 0.00028114884047645075 -0.082374288239055821 11.689754254851673 0.3477661538208357 -0.017048125020379109 11.894627854934575 0.13082626427449609 0.70935000000000015 0.023931571541025421
decision_type=2 10 8 10 8 10 8 8 8 10 8 10 10 10 8 8 8 10 8 8 8 2 10
left_child=5 -2 -3 4 -4 6 -1 16 9 -7 11 -11 13 -12 15 -14 -8 -16 -5 -17 21 -10 -15
right_child=1 2 3 18 -6 8 7 -9 20 10 12 -13 14 22 17 19 -18 -19 -20 -21 -22 -23 -24
leaf_value=0.0034983805045403185 0.0078207075872362315 -0.00057069378625957475 -0.00016015809477140912 0.0021888876854914839 0.0038857230411876833 -0.0008885801059865967 -0.0016155052525146151 0.0023738944259805721 -0.00027813045768842635 -0.00010258540996401022 -0.00050886299449488185 0.0060395032982278937 0.001243280087624109 0.0011758725166932935 -0.00084285885526398034 -7.6426800456894086e-06 0.003470835774558991 0.00048049558176403359 -0.001472189157814719 -0.0022028969203603485 -0.00062749248175476228 0.0011775471100317332 0.0023301824290230489
leaf_weight=42 79 187 77 40 44 343 138 47 67 59 52 42 45 40 460 62 51 40 91 71 662 46 40
leaf_count=42 79 187 77 40 44 343 138 47 67 59 52 42 45 40 460 62 51 40 91 71 662 46 40
internal_value=-0.000560909 0.000526871 -0.00030034 0.000599999 0.00252218 -0.00080552 0.000336298 -0.000338913 -0.00096223 -0.000597853 -0.000174782 0.0038726 -0.000691882 0.00146667 -0.00111674 0.00027348 -0.00104297 -0.00161034 -0.00119216 -0.000876839 -0.00154724 -0.000252156 0.00379518
internal_weight=2825 518 439 252 121 2307 278 236 2029 1254 911 101 810 132 678 178 189 500 131 133 775 113 80
internal_count=2825 518 439 252 121 2307 278 236 2029 1254 911 101 810 132 678 178 189 500 131 133 775 113 80
is_linear=0
shrinkage=0.045


Tree=70
num_leaves=24
num_cat=0
split_feature=33 25 34 25 10 34 3 15 2 25 8 8 4 7 7 33 16 7 19 19 4 30 9
split_gain=0.234857 0.505358 0.552521 0.287358 0.344657 0.494024 0.390189 0.506446 0.487318 0.23541 0.173991 0.391125 0.746165 0.204954 0.498194 0.202393 0.226246 0.257126 0.184023 0.184062 0.172806 0.151572 0.490871
threshold=0.00012868561480458267 3.8802524357278108 0.002087519111356182 3.8196335528411152 0.038478195498035835 0.00027205156860951059 0.30281673150328298 1.5000000000000002 10.592888691442974 1.0994942303893798 10.565970060424535 10.984642043621445 0.045956510225510477 0.014618372838895334 0.012037212221729427 0.007325043012970091 1.0000000180025095e-35 0.015746362436860211 0.79630000000000012 0.45240000000000008 0.13060297218857941 7.5000000000000009 0.61560716057601883
decision_type=8 10 10 10 10 8 8 2 8 8 8 8 8 10 10 10 2 8 2 2 8 2 10
left_child=-1 2 3 4 6 -6 9 -8 20 -2 15 12 -12 14 18 -3 17 -17 19 -13 -9 -11 -23
right_child=1 10 -4 -5 5 -7 7 8 -10 21 11 13 -14 -15 -16 16 -18 -19 -20 -21 -22 22 -24
leaf_value=-0.00032448375753791199 0.00029937084928208089 -0.00080784913137310914 0.0054516976268395266 0.0036570562479838475 -0.0028826630801399998 0.0063096497447981065 -0.0017683962849399781 -0.00011939082782611692 0.013786876851579073 -0.00059793622338741141 0.0030231225038899554 0.0013848197976500947 -0.00017109985019338815 -0.00070792730528698245 0.0024733587135297363 0.0032351712441964029 -0.0029398833577460232 -0.00097583290335077595 0.0040927552394557079 -0.0009407242425091151 0.0035144018792674855 -0.0016052260507072734 0.0018771316212205279
leaf_weight=292 52 345 66 44 44 60 92 40 42 409 65 51 67 393 60 58 71 50 59 254 52 115 40
leaf_count=292 52 345 66 44 44 60 92 40 42 409 65 51 67 393 60 58 71 50 59 254 52 115 40
internal_value=-0.000415103 -0.000274586 0.00047592 0.000203927 3.31923e-05 0.00243925 -0.000271598 0.00131659 0.00305474 -0.000857836 -0.000812501 -0.000446692 0.0018 -0.00081494 -0.000126464 -0.00146869 -0.000234891 0.00105405 -0.000760219 -0.00120536 0.00113684 -0.00112698 7.1202e-05
internal_weight=2821 2529 1056 990 946 104 842 226 134 616 1473 949 132 817 424 524 179 108 364 305 92 564 155
internal_count=2821 2529 1056 990 946 104 842 226 134 616 1473 949 132 817 424 524 179 108 364 305 92 564 155
is_linear=0
shrinkage=0.045


Tree=71
num_leaves=24
num_cat=0
split_feature=10 19 8 8 9 31 4 30 1 31 16 19 8 7 7 35 7 5 25 16 7 26 8
split_gain=0.47681 0.364273 0.298293 0.938919 0.373978 0.879133 0.357973 0.290145 0.324669 0.23224 0.906486 0.200845 0.196782 0.43401 0.267733 0.266653 0.117201 0.162142 0.369384 0.407127 0.148904 0.133285 0.231375
threshold=-0.084386906691325009 0.66620000000000013 8.5931610447255053 9.0154287364152932 0.10323596575128856 0.0025695248739045664 0.28874848555503529 6.5000000000000009 11.009948867856798 9.6272548585874483e-05 2.5000000000000004 0.61485000000000012 10.565970060424535 0.020428813032514048 0.0070358460475477549 0.00093210584952873232 0.02762561182825481 0.64966391148248792 4.3733957355039736 -1.0000000180025095e-35 0.0063530792234721151 3.6449074902193952 9.5069495985066688
decision_type=8 2 8 8 8 10 8 2 8 10 2 2 10 10 10 10 10 10 8 2 8 10 8
left_child=-1 2 -2 -4 5 -5 12 11 -9 10 -3 -8 14 -14 15 -6 17 20 19 -19 -11 -22 -23
right_child=1 9 3 4 6 -7 7 8 -10 16 -12 -13 13 -15 -16 -17 -18 18 -20 -21 21 22 -24
leaf_value=0.0031121636330329202 -0.0015465487291164393 -0.00039553785000567604 0.0057886634650503336 -0.00020375543825562452 -0.00052140363131483465 0.0068569625565737379 -0.001773418591258881 -4.6564503183186697e-05 0.0037133755059642636 -0.0012047939807469849 0.031059155846575679 0.002672497104753758 -0.00097321290460061804 0.00081685397393103801 -0.0010410291420428154 0.0035939307014730558 -0.0011131295213361605 -0.00015903408463944062 -0.00083423243190521934 0.0044268980554642212 -0.00050259164572241915 0.0018859570055205421 -0.0001688854010515345
leaf_weight=41 110 168 53 52 40 40 85 63 44 260 41 40 69 40 334 54 357 73 93 74 231 47 421
leaf_count=41 110 168 53 52 40 40 85 63 44 260 41 40 69 40 334 54 357 73 93 74 231 47 421
internal_value=-0.000611543 -0.000684187 -8.76392e-06 0.000260087 -0.000106771 0.00255789 -0.000434262 0.00103404 0.00272045 -0.00107537 0.000329009 -0.000439454 -0.00107083 0.000622767 -0.00150348 0.000603092 -0.00126427 -0.00104638 -5.29819e-10 0.001395 -0.00130743 -0.000958334 -0.000515924
internal_weight=2830 2789 1024 914 861 92 769 232 107 1765 209 125 537 109 428 94 1556 1199 240 147 959 699 468
internal_count=2830 2789 1024 914 861 92 769 232 107 1765 209 125 537 109 428 94 1556 1199 240 147 959 699 468
is_linear=0
shrinkage=0.045


Tree=72
num_leaves=24
num_cat=0
split_feature=7 9 23 33 13 18 6 9 9 6 6 18 6 32 32 33 18 5 9 9 19 7 4
split_gain=0.452667 0.479477 0.505009 0.541866 0.340959 0.179552 0.437124 0.515702 0.246289 0.26957 0.210575 0.19043 0.236698 0.410546 0.28654 0.204939 0.217347 0.419142 0.229124 0.175179 0.145507 0.131076 0.12045
threshold=0.0017205213292538798 0.39041269663435346 3.8632662556503683 0.0046304976430008972 2.035254669384297 5.5000000000000009 0.18193283788418121 0.70310379615254537 0.75963912917030973 0.17419028279845097 0.39187696428765489 12.500000000000002 0.33368954521120736 0.0009199778776014416 0.0017799266968804787 0.0063722195453855086 26.500000000000004 0.24740864239337557 0.22572296945612474 0.75092262790976494 0.63735000000000008 0.0085560038932139277 0.042727460548580412
decision_type=10 8 8 8 2 2 8 8 8 8 10 2 10 10 10 10 2 10 10 8 2 10 10
left_child=1 -1 19 -4 5 6 7 -2 9 -7 -8 21 13 15 22 16 -13 18 -18 -3 -14 -11 -15
right_child=4 2 3 -5 -6 8 10 -9 -10 11 -12 12 20 14 -16 -17 17 -19 -20 -21 -22 -23 -24
leaf_value=-0.00093527651843363681 -0.00038065749172540238 -0.00075670806066225889 0.0035631250878477168 0.0014649856462080957 0.0035739142598348703 -0.00047172211892461082 -0.00059765662164237311 0.0013296166114404096 -0.00110904022688306 0.00011257036280761269 0.0025878538915220049 -0.00028099438150354334 0.0056432126240609747 0.0004617560056127561 -0.00021670505044446266 0.0036642375121174993 -2.4794301072418262e-06 -0.00031538136849959883 0.00384119617794848 0.00072575186925178813 -0.0011230918541058302 -0.00072555506286919131 0.0028139110346370325
leaf_weight=114 66 44 47 52 41 548 250 41 534 51 43 212 41 40 46 46 48 109 41 58 171 165 43
leaf_count=114 66 44 47 52 41 548 250 41 534 51 43 212 41 40 46 46 48 109 41 58 171 165 43
internal_value=-0.000718203 0.000884433 0.00219485 0.00443382 -0.000918079 -0.00098629 -0.000111663 0.00231136 -0.00115288 -0.000864611 -0.00101098 -0.000427412 -0.000104063 0.00036352 0.00257386 -0.00027451 -0.000599274 0.000470149 0.00271467 -4.28577e-05 -0.0013814 -0.00160274 0.00410756
internal_weight=2851 315 201 99 2536 2495 400 107 2095 1561 293 1013 797 585 129 456 410 198 89 102 212 216 83
internal_count=2851 315 201 99 2536 2495 400 107 2095 1561 293 1013 797 585 129 456 410 198 89 102 212 216 83
is_linear=0
shrinkage=0.045


Tree=73
num_leaves=24
num_cat=1
split_feature=9 27 8 28 13 23 1 4 3 0 15 30 3 3 0 19 21 8 25 8 8 15 3
split_gain=0.363582 0.242099 0.501498 0.31902 0.304104 0.209995 0.732743 0.319332 0.305564 0.248434 0.277273 0.440903 0.254606 0.215667 0.146622 0.163445 0.257649 0.261523 0.293646 0.378446 0.289756 0.151672 0.224
threshold=0.89367900255775312 6.34372570022449 12.963513053723535 4.6698925138837355 2.035254669384297 2.39675353468692 8.8926003760664027 0.028290537430097622 -0.22553214465979585 9.6696332821534643 1.5000000000000002 6.5000000000000009 -0.28864468648407743 0.34540842505635871 9.4866113303738437 0.70090000000000008 0 10.565970060424535 3.8802524357278108 8.7784843525504304 11.090396207037955 1.5000000000000002 0.15736137690787619
decision_type=10 10 10 10 2 8 8 8 10 10 2 2 10 10 10 2 1 10 8 10 10 2 10
left_child=1 2 3 4 5 13 7 -7 9 10 -8 -12 -11 -1 -10 16 -16 18 19 -18 -19 22 -17
right_child=-2 -3 -4 -5 -6 6 8 -9 14 12 11 -13 -14 -15 15 21 17 20 -20 -21 -22 -23 -24
leaf_value=-0.00073718556790457093 0.0021305057978724391 -0.00044982455534324338 0.00222671170035595 0.0017057968626769261 0.0055764036502275686 0.0065931356179024757 -0.00077196628279209575 5.879503230240465e-05 -0.0011179182261967331 -0.00077175227220957466 -0.00011234819266522827 0.0050595658978752666 0.00089656696697539885 0.0018264154985216732 -0.00072126467224783108 0.00047411510771905004 -0.0008079890999768771 0.0027794128644048899 -0.00089122802562097408 0.0050285572491206004 -0.0011320852778625133 -0.00086317780945689032 -0.00081110884060545617
leaf_weight=523 75 324 50 66 41 40 58 44 184 123 52 45 71 74 174 111 42 40 182 43 41 381 75
leaf_count=523 75 324 50 66 41 40 58 44 184 123 52 45 71 74 174 111 42 40 182 43 41 381 75
internal_value=-0.000580975 -0.000665232 -0.000511572 -0.000606093 -0.000694078 -0.000763986 -0.000508192 0.00351724 -0.00072277 0.000453835 0.00178006 0.0032175 -0.000616752 -0.00148875 -0.00104565 -0.00084272 -0.000265715 0.000448753 -0.000225001 0.00191761 0.00265179 -0.00136974 -0.000309524
internal_weight=2859 2784 2460 2410 2344 2303 1706 84 1622 349 155 97 194 597 1273 1089 522 348 267 85 81 567 186
internal_count=2859 2784 2460 2410 2344 2303 1706 84 1622 349 155 97 194 597 1273 1089 522 348 267 85 81 567 186
cat_boundaries=0 1
cat_threshold=6
is_linear=0
shrinkage=0.045


Tree=74
num_leaves=24
num_cat=1
split_feature=10 7 9 8 25 34 5 8 27 10 10 35 35 28 34 22 4 9 5 4 6 6 6
split_gain=0.615487 0.43195 0.563687 0.455558 0.292832 0.500872 0.474589 0.871292 0.258745 0.25089 0.388621 0.26814 0.33826 0.222209 0.175772 0.175519 0.284228 0.143372 0.252288 0.107203 0.0994575 0.0788469 0.209992
threshold=-0.084386906691325009 0.0017205213292538798 0.63387992017184958 8.6385059419144721 4.2302301522169765 0.002087519111356182 0.35057066525507563 8.5366748501811731 3.2662895291727323 0.0069942582597067047 -0.0097009765155480748 0.0015660378723169181 0.00016997350743204649 4.16199741772839 0.00058704007206247886 0 -0.038912662111669896 0.085998354024931764 0.044535665973375146 -0.33900137512428968 0.1443858122115789 0.1443858122115789 0.10037168680080633
decision_type=8 10 8 10 10 8 8 8 10 8 10 10 10 8 8 1 10 8 10 10 10 8 10
left_child=-1 2 13 14 5 9 -7 -8 -9 10 15 12 -12 -2 -4 16 -3 18 -6 -11 -17 22 -21
right_child=1 4 3 -5 17 6 7 8 -10 19 11 -13 -14 -15 -16 20 -18 -19 -20 21 -22 -23 -24
leaf_value=0.0024447786710542858 -0.00059872516860965232 -0.00247219931584207 0.00084984057947003601 0.0074642647090378189 -0.00078386782803102444 -0.0025259390640508333 -0.0017355777115975316 0.029817458571671583 0.0041725299993733075 6.8609083007685069e-05 0.00071864502585490238 0.0034868003724378852 -0.0036011609061041847 0.0023593820433837434 -0.004965225449783759 -0.00011805844058629785 0.0040898264933993634 -0.00046547138855623869 0.0021379961507562721 -0.0010897224816187971 -0.00065303575476581869 -0.0006343422597688594 0.00080293412452973575
leaf_weight=46 144 43 41 43 78 48 55 40 41 45 49 43 47 40 40 63 65 984 46 113 162 516 60
leaf_count=46 144 43 41 43 78 48 55 40 41 45 49 43 47 40 40 63 65 984 46 113 162 516 60
internal_value=-0.000687216 -0.000773763 0.000810289 0.00311811 -0.000969813 -0.000533023 0.00163636 0.00297842 0.00586607 -0.000867246 -5.68426e-05 0.00191725 0.000545454 -0.000770054 0.00104464 -0.000890626 0.000595041 -0.00151485 -7.08667e-05 -0.00138602 -0.00155987 -0.00152493 -0.000677557
internal_weight=2852 2806 308 124 2498 1390 184 136 81 1206 472 139 96 184 81 333 108 1108 124 734 225 689 173
internal_count=2852 2806 308 124 2498 1390 184 136 81 1206 472 139 96 184 81 333 108 1108 124 734 225 689 173
cat_boundaries=0 1
cat_threshold=2
is_linear=0
shrinkage=0.045


Tree=75
num_leaves=24
num_cat=1
split_feature=19 3 34 4 7 24 16 34 31 3 35 24 18 9 0 7 0 7 33 21 3 4 16
split_gain=0.261407 0.161765 0.282337 0.365544 0.621613 0.189739 0.12404 0.170435 0.528728 0.829614 1.39968 0.30139 0.252773 0.575375 0.226063 0.179785 0.258443 0.166982 0.312356 0.338736 0.457771 0.383014 0.495761
threshold=0.35555000000000009 -0.23221752854534669 0.00016315227253334719 -0.14156003358056435 0.014351773859836428 1.0000000180025095e-35 2.5000000000000004 5.1036992927087716e-05 0.00069720584901471444 0.085648276804151421 0.00055811620263946564 1.8696151288545206 33.500000000000007 0.23141363562334236 9.3765499489423476 0.026465241236310652 10.604282377580285 0.018880034640169654 0.012053752023487786 0 0.11459479359570444 -0.087226137592827213 1.0000000180025095e-35
decision_type=2 8 8 10 10 10 2 10 10 8 10 10 2 8 8 10 10 8 10 1 8 8 2
left_child=-1 2 -2 -4 -5 -3 7 15 9 -9 11 -11 17 -14 -15 -7 -17 18 19 20 21 -10 -23
right_child=1 5 3 4 -6 6 -8 8 12 10 -12 -13 13 14 -16 16 -18 -19 -20 -21 -22 22 -24
leaf_value=0.0015030621790843041 -9.6585451710827256e-05 0.015065645713587162 -0.0023210430528772421 -0.00060234060987149948 0.0036570105056836191 -0.00093769512251597143 -0.0009048201298588965 -0.00038146718776444622 -0.0010048638983238796 0.00059592974127560289 0.005397652216104964 -0.0014368254085512454 0.0043105591827973374 0.00058103725047079229 -0.0011857204081397029 -0.0012263965119659363 0.00016854251103142441 -0.00088060339442375395 0.00062234561493892406 -0.00088394732444112593 -0.00031771566470853007 0.00048266832532690415 0.0065744955546188236
leaf_weight=45 65 40 63 57 59 379 393 92 50 40 40 43 40 40 105 57 63 524 41 327 113 116 63
leaf_count=45 65 40 63 57 59 379 393 92 50 40 40 43 40 40 105 57 63 524 41 327 113 116 63
internal_value=-0.000720347 -0.000775863 0.000327935 0.00124863 0.00272269 -0.000881083 -0.000930606 -0.000793189 -0.000569029 0.00149656 0.003875 0.000444767 -0.000884494 0.000658244 -0.000684122 -0.00151942 -5.23358e-10 -0.00111682 -0.000662693 -0.00090067 0.000114084 0.00127047 0.00223764
internal_weight=2855 2810 244 179 116 2566 2526 2133 1634 215 123 83 1419 185 145 499 120 1234 710 669 342 229 179
internal_count=2855 2810 244 179 116 2566 2526 2133 1634 215 123 83 1419 185 145 499 120 1234 710 669 342 229 179
cat_boundaries=0 1
cat_threshold=225
is_linear=0
shrinkage=0.045


Tree=76
num_leaves=24
num_cat=0
split_feature=10 34 34 29 23 19 7 3 28 7 10 34 7 9 18 6 34 24 30 35 24 3 34
split_gain=0.652782 0.405087 0.603522 0.410722 0.847789 0.493128 0.293754 0.199647 0.266829 0.192518 0.257524 0.341525 0.203627 0.343885 0.153043 0.185463 0.136409 0.277872 0.12972 0.355976 0.0754007 0.222209 0.0739093
threshold=-0.084386906691325009 0.0010945444051979763 0.0011715517901139045 3.0697103719485814 3.5522238700720918 0.75765000000000016 0.0017205213292538798 0.19739048246391874 3.4617874576956686 0.022168415554057113 0.047568834640476738 8.1131956630634052e-06 0.02762561182825481 0.6501922578072209 25.500000000000004 0.34453925553988834 0.00028866437307769791 5.0277233873071987 4.5000000000000009 0.0021575973285664651 1.8001229082581458 0.33435038982149329 0.0012579208454773273
decision_type=8 8 8 10 10 2 10 10 8 8 10 10 10 10 2 8 10 10 2 10 10 8 10
left_child=-1 9 -3 4 5 -4 -5 22 -9 18 11 -11 13 16 -14 -16 -13 -18 19 -2 21 -20 -8
right_child=1 2 3 6 -6 -7 7 8 -10 10 -12 12 14 -15 15 -17 17 -19 20 -21 -22 -23 -24
leaf_value=0.0023686929981642179 -0.00020001159202554734 0.0031279231765615582 -0.0012483979971294541 0.0017311651568554258 0.010962436884085118 0.0064563406134851642 -0.00048985064259117429 -0.0049247317296768501 4.5118334589209526e-05 0.00055173144790247224 0.0040643029444785072 -0.00087851342483316749 -0.00080958335595919485 0.0027920581512977465 -0.00059679465748806572 0.00019358558032557915 0.0016489766553026992 -0.0012509115637415425 -0.00016229928718825679 0.0017111030045732108 -0.00056763134102944424 0.00227886517069755 -0.001018057636336011
leaf_weight=44 118 59 124 48 42 41 87 44 56 40 58 115 276 46 109 40 55 45 144 70 890 40 253
leaf_count=44 118 59 124 48 42 41 87 44 56 40 58 115 276 46 109 40 55 45 144 70 890 40 253
internal_value=-0.000667018 -0.000754549 0.000136723 -0.000241763 0.001425 -6.69648e-05 -0.000953157 -0.00132054 0.000436893 -0.00108272 -0.000526049 -0.00075926 -0.000999275 -8.52326e-06 -0.00160339 -0.000429277 -0.000774083 0.000436893 -0.00142648 -0.000329843 -0.00161699 -0.000770054 -0.00183674
internal_weight=2844 2800 754 695 207 165 488 440 100 2046 784 726 686 261 425 149 215 100 1262 188 1074 184 340
internal_count=2844 2800 754 695 207 165 488 440 100 2046 784 726 686 261 425 149 215 100 1262 188 1074 184 340
is_linear=0
shrinkage=0.045


Tree=77
num_leaves=24
num_cat=0
split_feature=24 34 7 31 7 32 7 34 28 35 25 0 18 8 34 23 0 32 3 15 6 7 8
split_gain=0.302725 0.198308 0.211284 0.177816 0.501418 0.63045 0.258231 0.265299 0.207674 0.2006 0.299547 0.45932 0.237441 0.299303 0.21975 0.293237 0.185994 0.172422 0.203792 0.319048 0.184548 0.137951 0.31213
threshold=inf 6.7009294059216777e-05 0.045570332376651972 0.0015653284541333309 0.00033242110095414143 0.00046112374939566913 0.019733817756017614 0.00014505239088041081 3.1245354828584548 0.0022825707696362881 3.8802524357278108 9.3378954725358039 20.500000000000004 8.4576628211043197 0.00030910229844114518 5.5928857258285847 10.844630431850591 0.00057698915993497485 0.20911099044753154 2.5000000000000004 0.1273547944663975 0.024604043390632546 11.757638024106535
decision_type=8 10 10 10 10 10 10 10 10 10 10 10 2 10 10 10 10 10 10 2 8 10 10
left_child=1 21 3 4 -3 6 8 -8 -6 -5 11 12 -11 -14 15 -12 -9 -16 20 -20 -19 -1 -23
right_child=-2 2 -4 9 5 -7 7 16 -10 10 14 -13 13 -15 17 -17 -18 18 19 -21 -22 22 -24
leaf_value=-0.00052250523544872707 0.027314547841386851 0.0038402728491922617 -0.00087261747404195045 -0.00080416932708627579 -0.00026004950028042699 0.0049386215076868941 -0.0012497974546590597 1.827230027823233e-05 0.00060444641127916092 -0.00050381566144322497 -0.00034706658687623916 0.0036714559282288793 -0.0044629550534257866 0.005914446743945514 -0.00038650821156931419 0.0040378772314652355 0.0024269887014284424 3.9028110586904563e-05 -0.00076842504634970922 0.00011848689682664747 -0.00086424912411148952 -0.00058030681411083685 1.4779200247851557e-05
leaf_weight=471 40 52 171 298 262 51 44 82 73 64 43 58 44 41 166 41 49 65 82 40 375 177 41
leaf_count=471 40 52 171 298 262 51 44 82 73 64 43 58 44 41 166 41 49 65 82 40 375 177 41
internal_value=-0.000611543 -0.000668636 -0.000450214 -0.000314279 0.000317775 -8.37771e-05 -0.000570176 0.000821629 -0.00129808 -0.000608523 -0.000306018 0.00121071 -0.000133224 0.00140625 -0.000695706 0.00144828 0.00183022 -0.000948017 -0.000565487 0.001044 -0.0010158 -0.00132984 -0.000386878
internal_weight=2830 2790 2101 1930 613 561 510 175 335 1317 1019 207 149 85 812 84 131 728 562 122 440 689 218
internal_count=2830 2790 2101 1930 613 561 510 175 335 1317 1019 207 149 85 812 84 131 728 562 122 440 689 218
is_linear=0
shrinkage=0.045


Tree=78
num_leaves=24
num_cat=0
split_feature=24 27 31 28 7 1 1 5 8 1 2 34 2 2 3 3 2 32 1 0 7 34 4
split_gain=0.259591 0.868914 0.228243 0.501495 0.37777 0.211535 0.291685 0.258188 0.40644 0.770667 0.22493 0.191515 0.279633 0.170102 0.32528 0.360262 0.215247 0.30274 0.171496 0.163065 0.284389 0.178022 0.154014
threshold=2.6399031822653378 2.5083178792900678 0.00066114156547191925 2.5811781786344921 0.023041535337621825 11.588644277883724 11.460398958068881 0.21320597686886142 10.931783357127122 10.188261899752685 9.3772481051084338 0.0018958337621035703 10.202303824407847 10.819137038148526 0.0058768496335920919 -0.17490471659635123 9.9486036860023983 0.000288084255765722 9.7357707136260547 10.416747459065169 0.030685809170690772 3.0224986327460353e-05 -0.0032615366789014856
decision_type=8 10 8 10 8 8 10 8 10 10 8 10 8 10 10 10 8 10 10 8 10 10 8
left_child=19 -2 3 22 -5 6 7 8 9 10 -4 13 -13 16 15 -15 17 -9 -19 -1 21 -21 -3
right_child=1 2 5 4 -6 -7 -8 11 -10 -11 -12 12 -14 14 -16 -17 -18 18 -20 20 -22 -23 -24
leaf_value=-0.00046079273986761706 0.013187237614621329 4.9638515515180167e-05 0.0018316186210041686 0.002198508100815841 0.0031690459478161377 -0.00055992822487247764 0.0031786966029435154 0.0032943133688869211 -0.00054076383780309425 0.0017262641096140313 -0.00028497761488330519 0.0011220571824771242 -0.0012854347395297365 -0.00018039627127085342 -0.00023468036436812895 0.002608498853100404 -0.0014864943598638461 -0.00089916475657593172 0.0029222910174720161 -0.00050261925893828894 0.00045679638160788058 0.0028069680852527731 -0.00074092629113464389
leaf_weight=512 60 51 48 59 46 526 49 40 61 56 73 56 51 49 109 40 365 226 47 124 40 50 102
leaf_count=512 60 51 48 59 46 526 49 40 61 56 73 56 51 49 109 40 365 226 47 124 40 50 102
internal_value=-0.000459023 -0.000206189 -0.000365338 0.00087931 0.00322917 -0.000545303 -0.000229773 -0.000369486 0.000952282 0.0020375 -1.81457e-05 -0.000691431 0.00108409 -0.000911263 0.000246268 0.00222554 -0.0012489 -0.000377374 -0.000921196 -0.00119136 -0.000145162 -0.000940678 -0.000764424
internal_weight=2840 2114 2054 258 105 1796 1270 1221 238 177 121 983 107 876 198 89 678 313 273 726 214 174 153
internal_count=2840 2114 2054 258 105 1796 1270 1221 238 177 121 983 107 876 198 89 678 313 273 726 214 174 153
is_linear=0
shrinkage=0.045


Tree=79
num_leaves=24
num_cat=1
split_feature=24 19 10 7 21 23 9 32 34 9 9 2 6 23 10 10 19 16 2 1 30 6 27
split_gain=0.318121 0.281381 0.204028 0.16682 0.296819 0.454267 0.236609 0.276228 0.332518 0.247481 0.20069 0.210389 0.168239 0.183217 0.251327 0.441929 0.136072 0.190403 0.0993467 0.482476 0.0859035 0.23014 0.157911
threshold=inf 0.35555000000000009 -0.078904695624663082 0.0017205213292538798 0 4.1161940851800702 0.46073706994313118 0.00028114884047645075 0.00027969326367948685 0.42490934797894742 0.0368621249038339 9.1017913956469254 0.17116982508518921 3.4110949054919613 -0.0097009765155480748 0.014403346376572106 0.85585000000000011 -1.0000000180025095e-35 10.314060585308164 10.631817470046977 7.5000000000000009 0.10037168680080633 2.3430018361491927
decision_type=8 2 8 10 1 10 8 10 8 10 10 8 8 10 10 10 2 2 10 10 2 8 10
left_child=1 -1 -3 4 5 -4 7 12 -9 10 -10 -12 13 14 -5 -16 20 -18 -13 -20 -8 -22 -23
right_child=-2 2 3 6 -6 -7 16 8 9 -11 11 18 -14 -15 15 -17 17 -19 19 -21 21 22 -24
leaf_value=0.0014224762768072969 0.025248254475441899 0.0014714130284167425 -0.0011707663267678846 -0.00041260489252345641 -0.00036536655468157861 0.0025268294678207491 -0.00092008345861545218 0.0010419440625212212 0.0026189981458711186 0.0040315975668725381 0.00053277818340388889 -0.00086931765047079548 -0.00048309506534299768 -0.00089366050180758453 0.0025086449980541801 -0.00072787939289267777 -0.0010818247240221711 0.0016756408924152005 0.0010028887644802453 -0.00054530988561443661 3.3041343685964133e-05 -1.0266091208499693e-05 -0.00089241718695120609
leaf_weight=45 41 55 64 48 172 57 754 56 52 56 57 195 305 79 40 60 42 54 46 205 41 67 238
leaf_count=45 41 55 64 48 172 57 754 56 52 56 57 195 305 79 40 60 42 54 46 205 41 67 238
internal_value=-0.000785753 -0.000844859 -0.00090377 -0.000959867 5.32089e-05 0.00166231 -0.00108372 -0.000634568 -2.3508e-05 -0.00033347 -0.000625001 -0.000902669 -0.00139626 -0.000459783 0.000476821 0.00174757 -0.00153128 9.09086e-05 -0.00123274 -0.000628938 -0.00167271 -0.0010702 -0.00149757
internal_weight=2829 2788 2743 2688 293 121 2395 1199 667 611 555 503 532 227 148 100 1196 96 446 251 1100 346 305
internal_count=2829 2788 2743 2688 293 121 2395 1199 667 611 555 503 532 227 148 100 1196 96 446 251 1100 346 305
cat_boundaries=0 1
cat_threshold=208
is_linear=0
shrinkage=0.045


Tree=80
num_leaves=24
num_cat=0
split_feature=10 20 31 9 31 35 10 0 28 33 35 4 6 35 31 33 34 16 10 2 10 4 2
split_gain=0.713195 0.179075 0.180932 0.171795 0.160456 0.385437 0.329028 0.152714 0.246153 0.21977 0.341846 0.135046 0.204096 0.325354 0.317419 0.260037 0.3318 0.158281 0.224348 0.316264 0.122217 0.118172 0.112266
threshold=-0.084386906691325009 2.5000000000000004 1.0000000180025095e-35 1.0000000180025095e-35 0.0053000180499897416 0.0042849867979126051 -0.015592278840449029 11.865325807781462 4.2983714359775904 0.0069335591187530713 0.0025544927442842239 -0.059104615519409029 0.2804545749305109 0.0025544927442842239 0.0031483258935054194 0.0020873050623508287 0.00019918479780894397 1.0000000180025095e-35 -0.0084391842506751618 9.3772481051084338 0.037096151395015715 0.05953024959903 9.6716790636746079
decision_type=8 2 10 8 10 10 10 10 10 10 10 8 8 10 10 8 8 2 10 10 10 10 8
left_child=-1 2 -2 -4 5 7 -7 8 9 11 -11 20 17 15 -15 16 22 -13 19 -19 -5 -21 -14
right_child=1 -3 3 4 -6 6 -8 -9 -10 10 -12 12 13 14 -16 -17 -18 18 -20 21 -22 -23 -24
leaf_value=0.0021206485031664809 0.02411208302404701 -0.00063970138966802095 0.0031159299223619029 -0.00063473931144625198 -0.0004914299579758661 -0.00042901737755738468 0.0011443532241722208 -0.00028474233795914238 0.0015690822653800431 0.0031366222006704663 -0.0023103012627503101 -0.00054893982729909124 -0.0017411933172715422 0.0021397093051703938 -0.00034808055196067081 -0.0015208805177732993 0.00069894393397727436 0.001201145206457912 -0.0012094133736663419 4.9481932242542672e-05 -0.00090975852193026971 -0.0017036201695079061 -1.0379046220853391e-05
leaf_weight=44 41 283 43 321 357 81 67 395 48 40 49 364 56 40 44 124 43 54 122 41 55 55 84
leaf_count=44 41 283 43 321 357 81 67 395 48 40 49 364 56 40 44 124 43 54 122 41 55 55 84
internal_value=-0.000907411 -0.000998488 -0.000876138 -0.000925885 -0.000976259 -0.000822987 0.00137086 -0.000992648 -0.000787428 -0.00089097 0.00124728 -0.00102898 -0.00075801 5.13954e-05 0.00248276 -0.000631452 0.00044758 -0.00125352 -0.000425455 0.000735294 -0.00175726 -0.000818182 -0.000629371
internal_weight=2851 2807 2524 2483 2440 2083 148 1935 1540 1492 89 1403 1027 391 84 307 183 636 272 150 376 96 140
internal_count=2851 2807 2524 2483 2440 2083 148 1935 1540 1492 89 1403 1027 391 84 307 183 636 272 150 376 96 140
is_linear=0
shrinkage=0.045


Tree=81
num_leaves=24
num_cat=0
split_feature=13 6 27 7 7 19 19 9 1 1 8 8 4 9 33 32 0 8 3 9 5 19 34
split_gain=0.345242 0.229567 0.238216 0.179511 0.917625 0.261537 0.576205 0.210275 0.29954 0.188439 0.420549 0.507447 0.323347 0.249723 0.146514 0.338278 0.448598 0.1321 0.148915 0.101972 0.158286 0.235216 0.0905744
threshold=2.035254669384297 0.45107692115107939 8.6657523940616823 0.0044726054100106801 0.0041044019504139781 0.67070000000000007 0.63495000000000013 0.55950480457840046 10.291834645218939 11.076024865401816 10.565970060424535 10.834352657457961 0.27614848903058103 0.39041269663435346 0.0058627714266544844 0.00085812557587528523 9.9041497580223687 12.963513053723535 -0.27095147275260739 0.38028657159530194 0.35057066525507563 0.6190500000000001 3.2538459950345239e-05
decision_type=2 10 8 10 10 2 2 8 8 8 10 10 10 8 10 8 10 10 8 8 8 2 8
left_child=1 2 3 4 5 6 7 -1 -9 10 12 -12 14 -14 19 16 -16 18 -11 20 22 -22 -5
right_child=-2 -3 -4 9 -6 -7 -8 8 -10 17 11 -13 13 -15 15 -17 -18 -19 -20 -21 21 -23 -24
leaf_value=-0.00076210995000470605 0.0039026531355489239 0.00020190036539283776 0.0085263572312775007 4.8598262996695341e-07 0.0027201371865628135 -0.00071470175757010266 0.0024761046381455293 -0.001751321341654016 0.0021216254046888907 0.0012184568395723827 0.0025430914176059988 -0.00010616012225692678 0.0023032868267185004 -0.00059110502498346807 0.0033462344267911437 -0.00071733946750087221 -0.0019615717331340214 -1.1005961647511622e-05 -0.00056982451828219301 -0.00088019064759087252 -0.00012485726013240531 0.00064126713900367061 -0.00039204303740484421
leaf_weight=102 51 49 49 59 41 255 52 45 64 45 55 67 42 72 40 150 61 72 712 471 52 40 188
leaf_count=102 51 49 49 59 41 255 52 45 64 45 55 67 42 72 40 150 61 72 712 471 52 40 188
internal_value=-0.000693162 -0.000761576 -0.000817136 -0.000874722 -0.000156139 -0.000682342 0.000312969 -0.000746496 0.000622767 -0.00106318 -0.000721731 0.001764 -0.000983659 0.00126923 -0.00122862 -0.000274607 0.00170913 -0.00159285 -0.00176743 -0.00152214 -0.000914474 0.000663157 -0.001503
internal_weight=2834 2783 2734 2685 559 518 263 211 109 2126 1297 122 1175 114 1061 251 101 829 757 810 339 92 247
internal_count=2834 2783 2734 2685 559 518 263 211 109 2126 1297 122 1175 114 1061 251 101 829 757 810 339 92 247
is_linear=0
shrinkage=0.045


Tree=82
num_leaves=24
num_cat=0
split_feature=19 25 10 9 9 34 18 19 6 34 7 19 31 30 35 3 7 30 7 26 26 7 3
split_gain=0.306485 0.280607 0.279317 0.150312 0.290596 0.621935 0.209435 0.27853 0.472019 0.354298 0.329043 0.422724 0.178094 0.159684 0.394011 0.154522 0.129371 0.191202 0.249728 0.127467 0.11983 0.297612 0.117036
threshold=0.35555000000000009 1.0000000180025095e-35 -0.084386906691325009 0.81525345959598094 0.6885620464635277 0.001228924906070531 15.500000000000002 0.66620000000000013 0.27057980200098747 0.00030910229844114518 0.03603172470973965 0.58720000000000006 0.00081028009620930542 4.5000000000000009 0.0021575973285664651 0.33435038982149329 0.016465642070382563 7.5000000000000009 0.010804985364303412 3.2042592039871471 5.5925646134814384 0.016067103199226326 -0.23221752854534669
decision_type=2 10 8 8 10 10 2 2 10 10 8 2 10 2 10 10 10 2 8 10 10 8 8
left_child=-1 -2 -3 4 6 12 20 8 10 -10 19 -12 -6 14 -9 -15 17 -5 -19 -8 22 -22 -4
right_child=1 2 3 16 5 -7 7 13 9 -11 11 -13 -14 15 -16 -17 -18 18 -20 -21 21 -23 -24
leaf_value=0.0014856253447476052 0.020645283335692391 0.001795617774084144 0.00042823352345192718 -0.00099013211778292676 6.0912388332251666e-05 0.0042771100548956572 -0.00011680942400900637 -0.00039533892262160424 0.0056761419446012323 0.00033965610703797996 -0.00030496096073880433 0.0020645424483477243 -0.00037994069299458874 -0.00065318739562176046 0.0019402296690744015 0.00028297108634963401 -0.0017752167495511085 -0.0006757365647973619 0.0015679987461134964 -0.00058405020349246259 0.000149692592903342 -0.00033591878864318336 -0.00069998079734590697
leaf_weight=41 44 45 55 244 63 55 77 56 40 47 60 41 99 533 58 57 275 82 52 134 63 75 519
leaf_count=41 44 45 55 244 63 55 77 56 40 47 60 41 99 533 58 57 275 82 52 134 63 75 519
internal_value=-0.000714603 -0.000772957 -0.000831504 -0.000891463 -0.000698772 0.000848863 -0.000884902 -0.00049435 0.000453358 0.003325 -0.000371429 0.00170913 -0.000572728 -0.00103112 0.000499999 -0.00132799 -0.00148514 -0.000933071 0.000427007 -0.00137734 -0.00148532 -0.000287235 -0.00177036
internal_weight=2815 2774 2730 2685 2032 217 1815 1103 399 87 312 101 162 704 114 590 653 378 134 211 712 138 574
internal_count=2815 2774 2730 2685 2032 217 1815 1103 399 87 312 101 162 704 114 590 653 378 134 211 712 138 574
is_linear=0
shrinkage=0.045


Tree=83
num_leaves=24
num_cat=1
split_feature=10 24 21 18 18 10 10 9 3 10 18 19 7 19 4 34 7 34 32 28 9 3 6
split_gain=0.358548 0.258628 0.238557 0.322541 0.675529 0.448884 0.536196 0.32354 0.287753 0.306669 0.283411 0.341917 0.254048 0.20826 0.191268 0.183958 0.142893 0.105915 0.283805 0.103328 0.215297 0.368453 0.0783533
threshold=-0.084386906691325009 inf 0 25.500000000000004 17.500000000000004 0.00077509855690831308 -0.017048125020379109 0.77258038543377316 -0.23221752854534669 0.029183924137461941 33.500000000000007 0.59320000000000006 0.0068467282745950982 0.75130000000000008 0.018573532335914748 0.00020737830268484716 0.003003032212346685 0.001784487445576454 0.0021082611004772222 1.1945482766087496 0.16633387908165823 0.060973157818705978 0.062787741819988432
decision_type=8 8 1 2 2 8 10 8 8 10 2 2 10 2 8 10 10 10 10 8 10 8 10
left_child=-1 2 3 4 5 6 13 -6 9 15 17 -12 -5 -2 -13 -4 -7 19 -19 20 21 -10 -22
right_child=1 -3 8 12 7 16 -8 -9 10 -11 11 14 -14 -15 -16 -17 -18 18 -20 -21 22 -23 -24
leaf_value=0.0015915115924274817 -0.00084038060262519828 0.019716245585586222 -0.00049592536671283982 7.5624278221580329e-05 0.0050869588397322342 0.0002727155751536841 0.0027302834269948566 0.0057212642832549822 9.0692814762412247e-05 0.0021857870670717885 0.0036646873298292089 0.00012479995462056858 -0.00052039101019440948 0.0012112052371393062 -0.00049202838522773267 0.0002088567732261569 -0.0015655980425425273 0.00065562148052231964 -0.0018081488184605666 -0.00048111592339223437 -0.00065850606555416648 -0.0002996493297061101 -0.00078389225522508695
leaf_weight=48 50 44 58 69 59 43 43 64 40 41 42 78 176 40 101 79 193 44 50 1194 71 75 131
leaf_count=48 50 44 58 69 59 43 43 64 40 41 42 78 176 40 101 79 193 44 50 1194 71 75 131
internal_value=-0.000565674 -0.000633519 -0.000689596 8.99947e-06 0.000672727 -0.000296371 0.00177022 0.00351786 -0.000941498 0.000770718 -0.00111454 0.000391741 -0.00131552 -0.000241936 -0.000482143 -0.000273215 -0.00146862 -0.0013223 0.000139175 -0.00141331 -0.000682032 0.00085805 -0.00155854
internal_weight=2833 2785 2741 737 492 369 133 123 2004 178 1826 221 245 90 179 137 236 1605 94 1511 317 115 202
internal_count=2833 2785 2741 737 492 369 133 123 2004 178 1826 221 245 90 179 137 236 1605 94 1511 317 115 202
cat_boundaries=0 1
cat_threshold=192
is_linear=0
shrinkage=0.045


Tree=84
num_leaves=24
num_cat=1
split_feature=31 35 19 34 24 2 25 3 33 33 0 9 31 5 9 21 10 8 34 8 9 0 7
split_gain=0.377945 0.362403 0.573403 0.293001 0.256945 0.278584 0.660076 0.592544 0.291679 0.364563 0.361539 0.223858 0.368035 0.22014 0.193089 0.297306 0.400708 0.231172 0.213484 0.186996 0.180904 0.179322 0.177919
threshold=0.0055364069047134966 0.0045829719690558936 0.76645000000000008 5.1036992927087716e-05 1.5559316128580503 10.819137038148526 4.4610612598446755 0.0094334135399075699 0.0042030070145968107 0.0029741274312940331 11.564013181577993 0.17461915874115017 0.00012019635032724016 0.096925328966237539 0.39547088950463882 0 0.011854464984504738 9.684756398349279 0.002087519111356182 9.7927502899711936 0.27837696091346381 8.5989934170972919 0.0044726054100106801
decision_type=10 8 2 10 10 10 10 8 10 10 10 8 8 10 8 1 10 8 10 10 10 10 8
left_child=1 3 19 11 21 14 7 -7 9 13 -11 12 -1 -8 15 16 17 -6 -16 -3 -17 -5 -13
right_child=-2 2 -4 4 5 6 8 -9 -10 10 -12 22 -14 -15 18 20 -18 -19 -20 -21 -22 -23 -24
leaf_value=7.882215960802726e-05 -0.00072202869112485721 -0.0012389818549707876 0.013179448123123508 -0.00014896712625777847 0.0019397761908938962 0.0064275890646597186 0.00060025751768416993 4.6127834295038423e-05 -0.00027340095871593046 -5.4003965452258142e-05 0.0013913489474476723 -4.7095472959619581e-06 -0.00055439390470660816 -0.00070564314429945145 -0.00091478313874052413 -0.00081451898015339093 -0.0035742266927812267 0.0006938035094298902 0.0015174346647587118 0.0011631625361514287 9.6141762420167215e-05 0.002161061917267843 -0.0012220086382143593
leaf_weight=63 407 75 51 40 45 53 70 67 162 43 44 75 62 167 563 122 40 54 47 69 58 40 408
leaf_count=63 407 75 51 40 45 53 70 67 162 43 44 75 62 167 563 122 40 54 47 69 58 40 408
internal_value=-0.000640471 -0.000425651 0.00142045 -0.000589286 -0.000271169 -0.000402309 0.00034729 0.00329268 -0.000395706 0.000385321 0.002825 -0.00142881 0.000263671 -0.000534376 -0.000890827 6.98705e-06 0.00149507 0.00311029 -0.00135808 -6.1225e-05 -0.0011658 0.00216867 -0.00186574
internal_weight=2825 2418 195 2223 1615 1535 606 120 486 324 87 608 125 237 929 319 139 99 610 144 180 80 483
internal_count=2825 2418 195 2223 1615 1535 606 120 486 324 87 608 125 237 929 319 139 99 610 144 180 80 483
cat_boundaries=0 1
cat_threshold=57
is_linear=0
shrinkage=0.045


Tree=85
num_leaves=24
num_cat=0
split_feature=10 31 23 31 10 19 3 34 7 7 2 33 10 18 3 30 10 31 24 3 0 3 3
split_gain=0.403792 0.216965 0.597544 0.350198 0.352883 0.206209 0.148954 0.210234 0.140497 0.401724 0.475958 0.180032 0.313554 0.175627 0.21501 0.160689 0.203726 0.168858 0.134027 0.26167 0.134357 0.120436 0.11698
threshold=-0.084386906691325009 0.00066114156547191925 5.8453937181171947 0.00050074410418540218 -0.066570907053793829 0.85585000000000011 -0.24674723287252534 6.6140403501204554e-06 0.02762561182825481 0.023953105198178993 10.843244375406806 0.0024089002105890599 0.047568834640476738 27.500000000000004 -0.32974407917865955 5.5000000000000009 0.044695387732689502 0.0030723515251126635 6.128063989149763 -0.13249140633478682 12.555237472144489 -0.22553214465979585 0.35511174292795106
decision_type=8 10 8 10 10 2 8 8 10 10 8 8 8 2 10 2 8 10 10 10 10 8 10
left_child=-1 2 3 5 -5 6 -2 -8 9 13 -11 12 -10 18 -15 16 17 -16 21 -20 -21 -3 -9
right_child=1 8 -4 4 -6 -7 7 22 11 10 -12 -13 -14 14 15 -17 -18 -19 19 20 -22 -23 -24
leaf_value=0.00072025082685922017 3.5547267834534821e-05 -3.0349483229888734e-06 0.010052919599705935 0.0031788707795476902 -0.00023338293456373973 0.00025700977258826755 1.4131813693711245e-05 -0.00070828976633622643 -0.0020084130234094143 0.002984673764879315 -0.0018077279682702009 -0.0011777774486257944 0.0018671489326847843 0.0006503446308337294 0.0016919593765068793 -0.0003013161234194166 -0.00051963769345038575 -0.00034346107109565859 -0.00081419716882372747 0.0014674413159117567 -3.8651944945829117e-05 -0.00061155070853970823 0.0011078392250451407
leaf_weight=45 67 71 41 40 62 52 63 466 50 46 44 386 41 57 41 257 55 40 68 50 47 696 45
leaf_count=45 67 71 41 40 62 52 63 466 50 46 44 386 41 57 41 257 55 40 68 50 47 696 45
internal_value=-0.000579775 -0.00064966 -4.29088e-05 -0.000324249 0.0021 -0.000688578 -0.000911879 -0.00114645 -0.000909452 -0.000689492 0.00217742 -0.00157969 0.000215425 -0.000880506 -0.000149007 -0.00052841 0.00071223 0.00211607 -0.00123209 -6.69648e-05 0.0014175 -0.00148149 -0.00144893
internal_weight=2830 2785 836 795 102 693 641 574 1949 1472 90 477 91 1382 450 393 136 81 932 165 97 767 511
internal_count=2830 2785 836 795 102 693 641 574 1949 1472 90 477 91 1382 450 393 136 81 932 165 97 767 511
is_linear=0
shrinkage=0.045


Tree=86
num_leaves=24
num_cat=0
split_feature=7 4 5 31 34 8 34 34 32 32 10 7 19 3 7 7 31 33 34 33 28 33 28
split_gain=0.258108 0.357804 0.436695 1.42408 0.352352 0.81308 0.252784 0.244333 0.354149 0.338791 0.220867 0.176211 0.210385 0.226171 0.523581 0.403474 0.186469 0.672288 0.515153 0.227218 0.187907 0.2358 0.289131
threshold=0.004282531638415449 0.011055730373348187 0.32426228444652122 0.0016783568753047668 7.4356521080759494e-06 9.9943282194054568 0.0011186361839474323 3.2538459950345239e-05 0.00016736914106114397 0.0005935642028982185 -0.078904695624663082 0.045570332376651972 0.40110000000000007 -0.24674723287252534 0.015343818523871676 0.024604043390632546 0.0029372378620570482 0.0042030070145968107 0.00046924645050304225 0.0069335591187530713 3.993282302690373 0.0069335591187530713 5.5802071169120877
decision_type=10 10 10 10 8 10 10 10 10 10 8 10 2 8 10 10 8 8 10 10 8 8 10
left_child=1 2 7 -4 5 -2 -3 -1 -9 -10 -6 12 -12 14 -14 -16 19 18 -18 -15 -19 -22 -23
right_child=4 6 3 -5 10 -7 -8 8 9 -11 11 -13 13 16 15 -17 17 20 -20 -21 21 22 -24
leaf_value=-0.0015248727778393537 -0.0011143976769894851 -0.00065842241953136817 0.007286345015503572 -0.0013276818029476353 0.0012380328224553656 0.00034132516175868112 0.0010418131768166593 0.0032177905907733407 -0.00058099156783098969 0.00073612773659821747 0.0016099611682528904 -0.00096310000551384355 -0.0005382373172457813 -0.00026416032933852839 0.0031168810302755262 -4.536693189680118e-05 0.0091689489136059059 -0.00074833576294544655 -0.00026378191290286256 0.0026304593812252943 -0.0017601306584500841 0.00029739785664551242 -0.0015526981743210373
leaf_weight=63 48 158 50 55 51 47 42 46 73 57 51 236 62 1059 40 40 53 251 49 43 82 128 73
leaf_count=63 48 158 50 55 51 47 42 46 73 57 51 236 62 1059 40 40 53 251 49 43 82 128 73
internal_value=-0.000485403 0.000394881 0.00127089 0.00364583 -0.000692682 0.00195153 -0.00110837 0.000195247 0.00105587 -0.000169173 -0.00080842 -0.000878226 -0.000734101 -0.000812534 0.000899999 0.00325301 -0.000953763 -0.000338029 0.00295714 -0.00130724 -0.000980447 -0.000180945 0.000650735
internal_weight=2857 544 344 105 2313 95 200 239 176 130 2218 2167 1931 1880 142 80 1738 636 102 1102 534 283 201
internal_count=2857 544 344 105 2313 95 200 239 176 130 2218 2167 1931 1880 142 80 1738 636 102 1102 534 283 201
is_linear=0
shrinkage=0.045


Tree=87
num_leaves=24
num_cat=1
split_feature=19 24 9 2 21 6 32 32 10 32 25 3 3 35 1 32 10 9 28 10 25 29 25
split_gain=0.240178 0.269375 0.181977 0.358653 0.259795 0.256087 0.46159 0.239294 0.211038 0.263063 0.363101 0.179542 0.171079 0.237238 0.357886 0.301187 0.12698 0.182973 0.367719 0.0968982 0.157691 0.0636211 0.227133
threshold=0.35555000000000009 inf 0.16633387908165823 13.036236935637726 0 0.24516442444250708 0.0010393017223033105 0.0013106198064144815 0.04330264959870906 6.7091333311007252e-05 1.0016761434637533 0.2511788762675829 0.34540842505635871 0.0014410814446881198 9.7783079034421743 5.9168984245900351e-05 -0.019825295974322695 0.37322237642446104 2.3155820501182176 0.032635866075841215 4.9060642861704791 4.8953383039663407 5.3585639079553529
decision_type=2 8 8 8 1 10 10 10 10 8 10 10 8 8 8 10 8 10 10 8 10 10 10
left_child=-1 2 3 5 7 19 -7 8 9 10 -4 -11 16 14 -14 -16 17 -6 -19 -2 -21 -18 -23
right_child=1 -3 4 -5 12 6 -8 -9 -10 11 -12 -13 13 -15 15 -17 21 18 -20 20 -22 22 -24
leaf_value=0.0012812774167589368 -0.00087978762493180177 0.017536782665901536 -0.001070781071990377 0.00010447772527685757 -0.00044182265354404335 0.0019208890241775281 -0.00033702350411192494 0.0012613072740732501 0.0048787104388229655 -0.00047998675917660294 0.0044918160781467131 0.00030787976493947331 -0.0015659279516207546 -0.00066087188515833112 0.00028059933638462396 0.002416567742568594 -0.00049200778440819067 -0.00038781159398611616 0.0019119859771003073 0.0016798642275301962 -0.00014150321189396992 1.98465895447513e-05 -0.00088869322896344789
leaf_weight=46 147 44 48 42 126 52 74 54 47 461 47 66 49 173 56 48 725 79 70 62 44 43 236
leaf_count=46 147 44 48 42 126 52 74 54 47 461 47 66 49 173 56 48 725 79 70 62 44 43 236
internal_value=-0.0006484 -0.000702522 -0.000759539 0.000100825 -0.000915058 -0.000347514 0.0012907 -0.000192596 -0.00043192 -0.000655201 0.00149235 -0.00104859 -0.00123069 -0.00031459 0.000966346 0.00243925 -0.0014725 -0.000607015 0.000458881 -0.00116895 -0.000123854 -0.00170705 -0.00110904
internal_weight=2839 2793 2749 421 2328 379 126 723 669 622 95 527 1605 326 153 104 1279 275 149 253 106 1004 279
internal_count=2839 2793 2749 421 2328 379 126 723 669 622 95 527 1605 326 153 104 1279 275 149 253 106 1004 279
cat_boundaries=0 1
cat_threshold=192
is_linear=0
shrinkage=0.045


end of trees

feature_importances:
f_s5_export_share_delta=143
f_s5_return_share=137
f_s5_dpd_hist_std=137
f_s5_export_share_lag1=116
f_s5_export_share=85
f_s5_import_share=83
f_s4_prod_qoq=82
f_s4_prod_yoy=82
f_data_quality_score=82
f_s4_prod_lag4=79
production_qty=77
f_s1_decl_lag1=73
f_s1_ratio_hist_std=72
f_s1_ratio_hist_median=67
f_firm_age_years=66
f_s5_domestic_derived=64
f_s5_dpd_hist_median=64
f_s4_prod_lag1=57
f_s1_hist_median=55
f_s1_decl_lag3=54
f_s1_decl_lag2=51
f_s1_hist_std=43
f_s1_decl_lag4=41
sector=40
f_s6_own_quarter_mean_prev=38
f_s5_correction_qty=27
f_s1_hist_p10=27
f_s7_matrix_age_years=24
f_s6_quarter=18
f_s1_history_len=18
f_s5_exempt_share=9
f_missing_field_count=6
f_s5_exemption_flag=5
f_s7_matrix_stale_flag=1
size_band=1

parameters:
[boosting: gbdt]
[objective: quantile]
[metric: quantile]
[tree_learner: serial]
[device_type: cpu]
[data_sample_strategy: bagging]
[data: ]
[valid: ]
[num_iterations: 900]
[learning_rate: 0.045]
[num_leaves: 24]
[num_threads: 4]
[seed: 20261852]
[deterministic: 1]
[force_col_wise: 0]
[force_row_wise: 1]
[histogram_pool_size: -1]
[max_depth: -1]
[min_data_in_leaf: 40]
[min_sum_hessian_in_leaf: 0.001]
[bagging_fraction: 0.8]
[pos_bagging_fraction: 1]
[neg_bagging_fraction: 1]
[bagging_freq: 1]
[bagging_seed: 11111]
[bagging_by_query: 0]
[feature_fraction: 0.75]
[feature_fraction_bynode: 1]
[feature_fraction_seed: 9520]
[extra_trees: 0]
[extra_seed: 30189]
[early_stopping_round: 0]
[early_stopping_min_delta: 0]
[first_metric_only: 0]
[max_delta_step: 0]
[lambda_l1: 0]
[lambda_l2: 3]
[linear_lambda: 0]
[min_gain_to_split: 0]
[drop_rate: 0.1]
[max_drop: 50]
[skip_drop: 0.5]
[xgboost_dart_mode: 0]
[uniform_drop: 0]
[drop_seed: 26052]
[top_rate: 0.2]
[other_rate: 0.1]
[min_data_per_group: 100]
[max_cat_threshold: 32]
[cat_l2: 10]
[cat_smooth: 10]
[max_cat_to_onehot: 4]
[top_k: 20]
[monotone_constraints: ]
[monotone_constraints_method: basic]
[monotone_penalty: 0]
[feature_contri: ]
[forcedsplits_filename: ]
[refit_decay_rate: 0.9]
[cegb_tradeoff: 1]
[cegb_penalty_split: 0]
[cegb_penalty_feature_lazy: ]
[cegb_penalty_feature_coupled: ]
[path_smooth: 0]
[interaction_constraints: ]
[verbosity: -1]
[saved_feature_importance_type: 0]
[use_quantized_grad: 0]
[num_grad_quant_bins: 4]
[quant_train_renew_leaf: 0]
[stochastic_rounding: 1]
[linear_tree: 0]
[max_bin: 127]
[max_bin_by_feature: ]
[min_data_in_bin: 3]
[bin_construct_sample_cnt: 200000]
[data_random_seed: 8129]
[is_enable_sparse: 1]
[enable_bundle: 1]
[use_missing: 1]
[zero_as_missing: 0]
[feature_pre_filter: 1]
[pre_partition: 0]
[two_round: 0]
[header: 0]
[label_column: ]
[weight_column: ]
[group_column: ]
[ignore_column: ]
[categorical_feature: 21,22]
[forcedbins_filename: ]
[precise_float_parser: 0]
[parser_config_file: ]
[objective_seed: 18449]
[num_class: 1]
[is_unbalance: 0]
[scale_pos_weight: 1]
[sigmoid: 1]
[boost_from_average: 1]
[reg_sqrt: 0]
[alpha: 0.95]
[fair_c: 1]
[poisson_max_delta_step: 0.7]
[tweedie_variance_power: 1.5]
[lambdarank_truncation_level: 30]
[lambdarank_norm: 1]
[label_gain: ]
[lambdarank_position_bias_regularization: 0]
[eval_at: ]
[multi_error_top_k: 1]
[auc_mu_weights: ]
[num_machines: 1]
[local_listen_port: 12400]
[time_out: 120]
[machine_list_filename: ]
[machines: ]
[gpu_platform_id: -1]
[gpu_device_id: -1]
[gpu_device_id_list: ]
[gpu_use_dp: 0]
[num_gpu: 1]

end of parameters

pandas_categorical:[["elektronik", "ev_temizlik", "gida_icecek", "ilac", "kimya_boya", "kozmetik", "otomotiv_yan_sanayi", "tekstil"], ["buyuk", "kucuk", "mikro", "orta"]]
