tree
version=v4
num_class=1
num_tree_per_iteration=1
label_index=0
max_feature_idx=26
objective=quantile
feature_names=production_qty f_s4_prod_lag1 f_s4_prod_lag4 f_s4_prod_qoq f_s4_prod_yoy f_s5_export_share f_s5_import_share f_s5_return_share f_s5_domestic_derived f_s5_export_share_lag1 f_s5_export_share_delta f_s5_exemption_flag f_s5_exempt_share f_s5_correction_qty f_s5_trade_data_missing f_s6_quarter f_s7_matrix_age_years f_s7_matrix_stale_flag f_firm_age_years f_data_quality_score f_missing_field_count sector size_band f_s2_peer_median_prev f_s2_peer_p10_prev f_s2_peer_iqr_prev f_s2_peer_n_prev
feature_infos=[7.145401161296455:14.564719245148021] [7.2097174044086447:14.564719245148021] [7.1456692091997969:14.564719245148021] [-0.55166851143189144:1.1485300343409306] [-0.52668932022020643:1.0695389907822099] [0:0.99285239990955509] [0.004662244764218575:0.60646678843360002] [1.6101292713061326e-05:0.13933537862383175] [0:14.447287388096308] [0:0.99285239990955509] [-0.28378749457722374:0.34752325482559604] [0:1] [0:0.3488] [0:7.9420386245496646] [0:1] [1:4] [-2:6] [0:1] [0:40] [0.1346:1] [0:4] -1:2:7:6:5:4:0:3:1 -1:1:2:3:0 [0.00016211286489172793:0.0086195436155680778] [4.1777714588100935e-05:0.0021226152810602458] [0.00044054408603776281:0.011498680312763666] [2:61]
tree_sizes=2204 2197 2193 2196 2185 2208 2191 2201 2213 2196 2225 2211 2206 2224 2220 2209 2236 2227 2230 2218 2227 2222 2223 2237 2231 2252 2221 2254 2241 2254 2219 2265 2249 2260 2250 2248 2238 2238 2265 2259 2250 2249 2257 2258 2248 2258 2267 2275 2253 2258 2290 2286 2302 2279 2291 2269 2295 2306 2303 2283 2282 2324 2292 2303 2292 2288 2277 2305 2289 2302 2285 2289 2327 2323 2304 2302 2297 2326 2314 2297 2304 2329 2314 2303 2317 2332 2317 2291 2301 2318 2313 2300 2301 2304 2299 2316 2317 2314 2321 2307 2312 2332 2337 2343 2327 2315 2317 2329 2306 2351

Tree=0
num_leaves=24
num_cat=0
split_feature=5 6 5 5 6 5 25 18 1 12 26 24 5 7 24 25 6 1 25 7 2 7 0
split_gain=22.1477 11.9787 4.69352 4.59122 4.19136 4.12753 7.16324 3.61574 3.49672 2.33245 2.26418 2.23159 2.46583 2.18097 2.14573 1.99221 1.97801 1.81322 1.57517 1.31659 1.51586 6.0978 1.75469
threshold=0.7580655899467148 0.28581227357335465 0.11856432364471063 0.86764474283547177 0.069763133268084379 0.38266112310502359 0.0048705196591512954 24.500000000000004 8.5917632301940401 0.10920000000000001 27.000000000000004 0.00048876748694432111 0.51033630373862338 0.023041535337621825 0.0002150543805888469 0.0031726949922928137 0.32838744532495134 10.165038569209008 0.0066948618413908952 0.014887246978587529 9.3772481051084338 0.020067637365378043 11.326910407256003
decision_type=10 10 8 10 8 10 2 2 8 2 2 2 10 10 2 2 10 8 2 8 8 10 10
left_child=1 2 -1 13 7 15 16 -4 10 11 -6 19 17 14 -2 -3 -7 -13 -8 -10 21 -21 -22
right_child=3 5 4 -5 8 6 18 -9 9 -11 -12 12 -14 -15 -16 -17 -18 -19 -20 20 22 -23 -24
leaf_value=0.10710268707054856 0.048877944351125857 0.10787167436233459 0.027567190409266411 -0.0040266960482135345 0.018542849404752891 0.054141572751327235 0.063123287214382498 0.072552755143852524 0.078722684018915495 0.04948570188920997 0.059397939251328025 0.057566670881239151 0.02918283352367558 0.020081293091632094 0.027339966216662591 0.083933520322561531 0.077340708874839403 0.069953131940251892 0.016544940634941361 0.011539888619592742 0.12340487002722879 0.087430989021436298 0.077610968626201746
leaf_weight=242 61 152 92 105 42 80 56 71 530 70 40 70 42 53 41 182 141 86 40 49 349 72 163
leaf_count=242 61 152 92 105 42 80 56 71 530 70 40 70 42 53 41 182 141 86 40 49 349 72 163
internal_value=0.0198075 0.0210749 0.0192111 0.00718631 0.0182841 0.026453 0.0222398 0.0110738 0.0190374 0.0195643 0.00947647 0.019991 0.0150224 0.0120332 0.0158143 0.0302181 0.0267087 0.0176038 0.0114545 0.0207961 0.0190578 0.0137722 0.0202194
internal_weight=2829 2569 1918 260 1676 651 317 163 1513 1431 82 1361 198 155 102 334 221 156 96 1163 633 121 512
internal_count=2829 2569 1918 260 1676 651 317 163 1513 1431 82 1361 198 155 102 334 221 156 96 1163 633 121 512
is_linear=0
shrinkage=0.045


Tree=1
num_leaves=24
num_cat=0
split_feature=8 8 0 0 0 23 8 19 8 10 12 10 4 4 19 18 19 19 0 18 18 23 23
split_gain=15.8367 5.1034 4.44458 4.20868 2.72839 3.03274 2.48178 2.03551 1.86126 1.72341 1.69251 1.47304 1.31027 1.11482 0.977751 1.13753 1.39274 0.95662 0.943138 1.80327 1.91205 1.94613 2.25752
threshold=8.1957087548625562 9.5721295584210058 8.762833012366217 10.314839920857297 9.5607254118988294 0.0010855998969896269 9.2462435153854781 0.58210000000000017 9.2869818955315981 0.063889709279473697 0.10675000000000003 0.030533653708240047 -0.01669265143713718 0.2142051647990125 0.7259500000000001 11.500000000000002 0.78900000000000015 0.59320000000000006 11.756721371048673 34.500000000000007 31.500000000000004 0.0010097598664010382 0.0018501931866774788
decision_type=8 10 10 10 10 2 8 2 10 8 2 8 10 8 2 2 2 2 10 2 2 2 2
left_child=2 4 12 -3 8 17 11 -5 14 -8 13 -7 -1 18 -2 -16 -17 -6 19 20 21 -9 -23
right_child=1 3 -4 7 5 6 9 10 -10 -11 -12 -13 -14 -15 15 16 -18 -19 -20 -21 -22 22 -24
leaf_value=0.03647959437868218 0.086609659717613557 0.089104712517021151 0.012039502927539867 0.062839977162261515 0.10147078276404264 0.027714612793205643 0.035100865008656328 0.10709579791097817 0.083203308985213803 0.058750829992927994 0.046915812742620737 -0.0040552278049356821 0.047735150336847401 0.081349806371903977 0.11627038715247513 0.086284888252679118 0.054394211188557119 0.074292682233833174 0.09858386746975116 0.072149993302894497 0.049649464488343287 0.069020217140232765 0.075755387670203386
leaf_weight=50 425 280 113 41 80 56 67 109 40 198 46 40 58 274 45 76 45 58 368 40 42 97 200
leaf_count=50 425 280 113 41 80 56 67 109 40 198 46 40 58 274 45 76 45 58 368 40 42 97 200
internal_value=0.0185082 0.0194826 0.00682031 0.0212745 0.0170587 0.0143471 0.0119856 0.0199973 0.019125 0.0142304 0.0203511 0.00554545 0.0132162 0.0207127 0.0182917 0.0217544 0.0184899 0.0201383 0.0196554 0.0212261 0.0201153 0.0210917 0.0231225
internal_weight=2848 2627 221 1497 1130 499 361 1217 631 265 1176 96 108 1130 591 166 121 138 856 488 448 406 297
internal_count=2848 2627 221 1497 1130 499 361 1217 631 265 1176 96 108 1130 591 166 121 138 856 488 448 406 297
is_linear=0
shrinkage=0.045


Tree=2
num_leaves=24
num_cat=0
split_feature=5 6 5 23 23 23 1 18 0 5 2 5 18 7 12 18 6 2 6 5 0 24 1
split_gain=21.6882 12.5366 5.80834 5.51276 5.09975 4.32283 3.55063 3.16576 4.26218 3.08852 3.19425 2.68327 1.94499 1.83265 1.73917 2.08686 1.81446 1.72354 1.64327 1.52337 1.41956 2.27439 1.76347
threshold=0.7580655899467148 0.29166743343356133 0.29279935287466463 0.0010826258166325164 0.002218809493774281 0.0028657027247569341 9.2288365443781366 28.500000000000004 8.9047366470798082 0.36358030521469037 9.8754250657944418 0.61115578304226814 6.5000000000000009 0.013811100711894021 0.086200000000000013 6.5000000000000009 0.078395045809638644 10.269006644516933 0.043212909299934953 0.49346678636932706 11.564013181577993 0.00047043086690779428 10.546293612708453
decision_type=10 10 10 2 2 2 8 2 8 10 8 10 2 10 2 2 8 8 10 8 8 2 8
left_child=1 5 6 -2 -4 7 -3 11 -9 10 -7 14 -13 -14 15 19 18 -6 -17 -1 21 -18 -22
right_child=3 2 4 -5 17 9 -8 8 -10 -11 -12 12 13 -15 -16 16 20 -19 -20 -21 22 -23 -24
leaf_value=0.095434804494035311 0.049260645153370364 0.049833644231612913 0.080366767824800941 0.011680017476629776 0.053029371298699148 0.03263997463835968 0.095442877592659445 0.064969642442396294 0.085020988025272498 0.012167303521916291 0.058151221779239023 0.009308945122429229 0.047396248712023352 0.028892953464932515 0.033026286470794607 0.061314716458936901 0.06909398583256969 0.054070671813875239 0.030841689938396515 0.10777350029362726 0.025210726156599538 0.05333212358813906 0.1106390632305103
leaf_weight=131 44 40 204 215 70 56 211 54 463 72 62 43 41 54 53 45 421 108 64 91 42 56 187
leaf_count=131 44 40 204 215 70 56 211 54 463 72 62 43 41 54 53 45 421 108 64 91 42 56 187
internal_value=0.0174697 0.0187211 0.0242936 0.0049895 0.0204429 0.0168634 0.0298435 0.0175765 0.0206957 0.0101425 0.0145413 0.0162161 0.00992553 0.0134311 0.0169831 0.0174007 0.0161873 0.0144448 0.0102656 0.02158 0.0170543 0.0185766 0.0136843
internal_weight=2827 2568 633 259 382 1935 251 1745 517 190 118 1228 138 95 1090 1037 815 178 109 222 706 477 229
internal_count=2827 2568 633 259 382 1935 251 1745 517 190 118 1228 138 95 1090 1037 815 178 109 222 706 477 229
is_linear=0
shrinkage=0.045


Tree=3
num_leaves=24
num_cat=0
split_feature=6 23 6 7 23 23 25 4 2 18 23 18 18 18 2 0 25 6 24 2 24 0 2
split_gain=10.6062 4.93178 3.66228 2.49269 2.39063 2.2478 2.86056 3.42449 2.68841 1.69943 1.67416 1.6521 2.02596 1.52274 1.51551 2.18138 1.4949 1.5008 1.8991 1.62426 1.44402 1.34884 1.33337
threshold=0.37010083484915307 0.0010855998969896269 0.21816024726158897 0.029753855809748837 0.0026797026708704715 0.004128482372771811 0.0037874373035570283 -0.18531341367474927 11.076822741161626 8.5000000000000018 0.0034072300335047452 28.500000000000004 36.500000000000007 14.500000000000002 10.568428140110695 9.1359400352796793 0.0048307899726302327 0.065385955094215853 0.00042019980678259728 8.6384859925430817 0.00051988536838138376 10.011372306972495 9.3772481051084338
decision_type=10 2 8 10 2 2 2 10 10 2 2 2 2 2 10 10 2 10 2 10 2 10 8
left_child=1 11 3 4 16 6 7 8 -4 -9 22 -1 -13 -11 15 -8 17 -3 19 -19 -17 -6 -2
right_child=10 2 5 -5 21 -7 14 9 -10 13 -12 12 -14 -15 -16 20 -18 18 -20 -21 -22 -23 -24
leaf_value=0.097699771350370945 0.062867921631479723 0.042488546929673 0.044391319272869635 0.033081149263119537 -0.000311191206680219 0.050055891483873481 0.047445756791067314 0.050318450601082511 0.11396614386327136 0.028536794160601828 0.034723227041533238 0.096811852382921004 0.093419093726481148 0.05268531852420455 0.084092141279381791 0.055147518091654746 0.031958736805393413 0.029315148623501333 0.031545887851914971 0.053565541203240107 0.04719026762668084 0.042134163256308456 0.075229692696317657
leaf_weight=605 42 62 108 147 41 44 45 104 40 71 68 154 56 317 154 99 46 48 42 243 49 49 202
leaf_count=605 42 62 108 147 41 44 45 104 40 71 68 154 56 317 154 99 46 48 42 243 49 49 202
internal_value=0.0167098 0.0157028 0.014261 0.0115705 0.0130154 0.0159915 0.0164386 0.0144868 0.00822517 0.0163091 0.0246286 0.0186629 0.0225 0.0146854 0.0198836 0.016611 0.0143868 0.0152921 0.0165201 0.017824 0.0192517 0.00604839 0.0265628
internal_weight=2836 2524 1709 678 531 1031 987 640 148 492 312 815 210 388 347 193 441 395 333 291 148 90 244
internal_count=2836 2524 1709 678 531 1031 987 640 148 492 312 815 210 388 347 193 441 395 333 291 148 90 244
is_linear=0
shrinkage=0.045


Tree=4
num_leaves=24
num_cat=0
split_feature=5 6 9 8 23 23 5 8 23 9 9 8 0 8 18 23 1 18 7 5 0 4 8
split_gain=16.2111 10.561 6.34877 9.66322 7.17872 5.84608 7.6618 5.46352 4.95583 3.53389 3.14041 2.73459 3.26186 3.34371 3.23854 2.5868 2.22735 1.91034 1.99087 1.885 1.81887 1.72731 1.72287
threshold=0.74993172655374929 0.27318452317143022 0.36983549509217656 9.3281005287304648 0.0018392506322843713 0.0018219555141239575 0.34653733945068776 10.565970060424535 0.0011748197341993401 0.57409710298271954 0.74229626112328273 8.1209499290179554 11.955994273416911 12.093769933665987 27.500000000000004 0.001254040822795713 10.789652282589742 30.500000000000004 0.012037212221729427 0.16478283046840461 10.662315832795601 0.048856752315912029 12.750503277236305
decision_type=10 10 10 10 2 2 10 10 2 10 10 8 10 8 2 2 8 2 10 10 10 10 8
left_child=1 5 3 -3 -4 10 9 -8 -2 17 11 -1 14 -14 -13 -5 -16 -7 -19 -17 -21 -9 -15
right_child=8 2 4 15 -6 6 7 21 -10 -11 -12 12 13 22 16 19 -18 18 -20 20 -22 -23 -24
leaf_value=0.024925228794057556 0.043967533272593139 0.026031282419291969 0.05852842625382778 0.13358441177448427 0.037904511419485747 0.052892906382693124 0.0073025981886973438 0.033840045722975533 0.0080845929140388115 0.051383141913628305 0.033368564179789714 0.087397441744641979 0.054792887871431467 0.10113104495811509 0.089991548770935195 0.070367202762807529 0.075259956703866773 0.06516144428749765 0.046587096190803742 0.051783065250227259 0.068200983637566423 0.039712267456748628 0.10050787052531594
leaf_weight=44 62 69 111 88 179 322 217 41 215 48 48 511 58 72 171 92 87 42 51 80 83 52 80
leaf_count=44 62 69 111 88 179 322 217 41 215 48 48 511 58 72 171 92 87 42 51 80 83 52 80
internal_value=0.0160645 0.0171897 0.0219511 0.0256337 0.0165102 0.0153443 0.0122561 0.0066853 0.00564911 0.015919 0.0175328 0.0180636 0.0185614 0.0132042 0.0199673 0.0287233 0.0243276 0.0172518 0.0109453 0.0312645 0.0270678 0.0156328 0.0166645
internal_weight=2823 2546 702 412 290 1844 773 310 277 463 1071 1023 979 210 769 343 258 415 93 255 163 93 152
internal_count=2823 2546 702 412 290 1844 773 310 277 463 1071 1023 979 210 769 343 258 415 93 255 163 93 152
is_linear=0
shrinkage=0.045


Tree=5
num_leaves=24
num_cat=0
split_feature=5 6 5 23 5 23 5 9 23 5 1 16 6 2 7 16 4 6 9 7 24 23 3
split_gain=16.2376 8.04379 8.58877 4.47855 4.00608 3.81273 4.39205 3.69521 3.31055 9.92311 2.79186 2.8253 2.5674 3.62601 2.3333 2.30792 2.24414 2.15695 1.89049 1.64298 1.61763 1.51879 2.10491
threshold=0.7580655899467148 0.29430168350706892 0.15052463162541826 0.0022906320824811056 0.57207179688848331 0.0012786798496977347 0.85113369893523394 0.6885620464635277 0.0023633577590072676 0.36358030521469037 10.267443623409395 -1.0000000180025095e-35 0.081871249253160791 10.406633316563282 0.013811100711894021 -1.0000000180025095e-35 0.048856752315912029 0.37344116728644478 0.17461915874115017 0.033073610150484614 0.00070678253697844206 0.0039753927428227949 -0.016129510827171133
decision_type=10 10 10 2 10 2 10 10 2 10 10 2 8 8 10 2 8 10 10 8 2 2 8
left_child=1 7 -3 16 21 6 -2 8 12 10 19 -12 13 18 -13 -15 17 -4 -1 -10 -14 22 -5
right_child=5 2 3 4 -6 -7 -8 -9 9 -11 11 14 20 15 -16 -17 -18 -19 -20 -21 -22 -23 -24
leaf_value=0.096383620933148603 0.04467041415651949 0.095943097126907781 0.052014824302007386 0.041782020076414503 0.008047962135715991 0.0024351685987138816 0.0063151882648799246 0.036080260567915773 0.038239575892406875 0.012000848695687343 0.11120892510548402 0.090497574934167171 0.079504331446352008 0.048510241799252785 0.04660631367687515 0.0080625702185466355 0.071555275655384637 0.071349390792635692 0.052204992615990584 0.038056961095281429 0.049450510141354716 0.028266161281812668 0.048775825023672559
leaf_weight=41 45 107 86 81 47 175 45 147 96 156 41 52 1087 48 40 75 123 48 45 52 45 42 64
leaf_count=41 45 107 86 81 47 175 45 147 96 156 41 52 1087 48 40 75 123 48 45 52 45 42 64
internal_value=0.0151494 0.0162622 0.0208977 0.0181685 0.0133481 0.0044916 0.0118548 0.0147919 0.0153647 0.0117767 0.0167879 0.0216232 0.016505 0.011579 0.0162947 0.006375 0.0223529 0.0175073 0.0185562 0.0120993 0.0173815 0.0162592 0.0184713
internal_weight=2788 2523 598 491 234 265 90 1925 1778 437 281 133 1341 209 92 123 257 134 86 148 1132 187 145
internal_count=2788 2523 598 491 234 265 90 1925 1778 437 281 133 1341 209 92 123 257 134 86 148 1132 187 145
is_linear=0
shrinkage=0.045


Tree=6
num_leaves=24
num_cat=0
split_feature=5 6 8 5 26 1 8 1 18 6 5 6 18 18 18 24 18 18 5 5 6 26 24
split_gain=15.0195 11.2736 9.21444 6.76652 6.59416 7.0194 4.83581 2.48957 2.47285 1.9788 2.57414 1.90183 1.66659 2.81892 2.23643 2.29296 2.16989 1.85083 3.10434 2.9551 2.37832 1.99156 3.11092
threshold=0.38266112310502359 0.29166743343356133 9.3281005287304648 0.83090678586471023 24.500000000000004 11.460398958068881 11.493485442744399 8.983386327796131 22.500000000000004 0.25575785724300132 0.46672507139169311 0.30408012996483652 28.500000000000004 25.500000000000004 30.500000000000004 0.00012968754612905983 22.500000000000004 7.5000000000000009 0.12626518183601751 0.10883662396485873 0.09321217078554371 25.500000000000004 0.00037113837152884444
decision_type=10 10 10 10 2 8 10 8 2 10 10 10 2 2 2 2 2 2 8 8 10 2 2
left_child=1 7 -3 4 6 -6 9 -1 11 -2 -11 -8 13 16 -14 -16 17 18 -9 -19 21 22 -21
right_child=3 2 -4 -5 5 -7 8 12 -10 10 -12 -13 14 -15 15 -17 -18 19 -20 20 -22 -23 -24
leaf_value=0.048655987862845147 0.0099621122028858821 0.023818269703859401 0.074279677879472844 0.005235208690291121 0.051814797052389096 0.02116172721294296 0.025760958833246892 0.079068034964398862 0.077674577057696356 0.04497595805054324 0.026540215620290644 0.04443242216098154 0.052594904334146937 0.060024198568835209 0.086130085296990067 0.046589076161034956 0.050615151654130039 0.093059927553449537 0.080160909712437958 0.11628410924945941 0.076535698050266721 0.045199068168207922 0.044019109376141397
leaf_weight=133 234 48 273 143 342 67 45 44 54 58 185 42 59 69 187 76 79 88 186 72 148 112 42
leaf_count=133 234 48 273 143 342 67 45 44 54 58 185 42 59 69 187 76 79 88 186 72 148 112 42
internal_value=0.0140002 0.0168215 0.0244375 0.0100703 0.0113439 0.0157882 0.00834058 0.0148815 0.0156094 0.00610781 0.00893598 0.010325 0.0155627 0.0143594 0.01854 0.0163844 0.0151424 0.0142058 0.0176717 0.0123774 0.0141207 0.0109454 0.0151154
internal_weight=2786 1616 321 1170 1027 409 618 1295 141 477 243 87 1162 840 322 263 771 692 230 462 374 226 114
internal_count=2786 1616 321 1170 1027 409 618 1295 141 477 243 87 1162 840 322 263 771 692 230 462 374 226 114
is_linear=0
shrinkage=0.045


Tree=7
num_leaves=24
num_cat=0
split_feature=5 6 5 23 6 6 26 5 23 18 7 2 4 18 19 18 26 26 7 25 18 23 2
split_gain=14.1676 7.68222 7.51119 7.30663 8.88054 5.51431 4.65987 3.47387 3.66045 3.53474 2.71509 2.69887 2.62409 2.31624 2.67572 2.25125 2.21224 2.18165 2.18161 1.99933 2.0431 2.01878 1.66218
threshold=0.42545518160357093 0.19416231553392618 0.86764474283547177 0.0018105257459955656 0.41801760782487157 0.31942726464653931 25.500000000000004 0.12626518183601751 0.0011748197341993401 19.500000000000004 0.037099333762213783 9.9123164169066822 -0.01669265143713718 17.500000000000004 0.65585000000000016 29.500000000000004 30.500000000000004 20.500000000000004 0.053018994401212848 0.0036892036384390463 8.5000000000000018 0.0028050203041140279 9.600794030924634
decision_type=8 10 10 2 8 10 2 10 2 2 8 10 8 2 2 2 2 2 8 2 2 2 8
left_child=1 6 3 5 -5 10 -1 8 -3 -10 12 18 16 -14 -15 -8 -2 -12 -6 20 -9 -21 -22
right_child=2 7 -4 4 11 -7 15 19 9 -11 17 -13 13 14 -16 -17 -18 -19 -20 21 22 -23 -24
leaf_value=0.032339704320783036 0.045935140366176977 0.093975318338408179 -0.012886935589304651 0.020090703285466419 0.034201789815065102 0.053732114783544088 0.083285320017972703 0.074869034206770269 0.037403495788094342 0.066425226950403302 0.12179785004866545 0.082121488665759662 0.044639649459490262 0.055714512405522137 0.0531783181721453 0.082366348869279946 0.038831917854925437 0.046337804257053 -0.0060717249484836854 0.058674075952420073 0.037502384039153978 0.033139641147586989 0.049948205629744953
leaf_weight=223 61 57 111 429 71 98 248 61 49 59 42 172 144 77 100 122 116 146 40 112 70 93 164
leaf_count=223 61 57 111 429 71 98 248 61 49 59 42 172 144 77 100 122 116 146 40 112 70 93 164
internal_value=0.0135055 0.0170971 0.0106672 0.0115037 0.00814406 0.0145121 0.0132395 0.0204622 0.0264509 0.0314595 0.0129775 0.0142946 0.0147395 0.0172153 0.0207875 0.0163472 0.0100375 0.00815183 0.0084671 0.01834 0.0155914 0.0220132 0.0133481
internal_weight=2865 1258 1607 1496 712 784 593 665 165 108 686 283 498 321 177 370 177 188 111 500 295 205 234
internal_count=2865 1258 1607 1496 712 784 593 665 165 108 686 283 498 321 177 370 177 188 111 500 295 205 234
is_linear=0
shrinkage=0.045


Tree=8
num_leaves=24
num_cat=0
split_feature=23 1 7 7 7 7 7 25 23 18 1 24 19 26 25 2 7 2 23 3 19 2 2
split_gain=5.93355 2.85351 3.56564 3.41799 3.02177 2.48398 2.06471 1.92626 1.83685 1.72942 1.61542 1.48966 1.46654 1.36884 1.63462 1.31326 1.24744 1.17742 1.88272 1.56437 1.16551 1.13807 1.133
threshold=0.00099235093110173838 9.9452081169542836 0.053018994401212848 0.026094678209777931 0.024604043390632546 0.037099333762213783 0.028327654481363321 0.0026009887166213047 0.0024501918889503582 32.500000000000007 9.8217304382755248 6.0043600750951604e-05 0.62570000000000014 23.500000000000004 0.0032119329979180778 12.088620081494241 0.037813004813392621 9.5231381366112657 0.0013587133357370904 0.18827989694628069 0.75765000000000016 11.076822741161626 10.202303824407847
decision_type=2 10 8 10 8 10 10 2 2 2 8 2 2 2 2 8 10 8 2 8 2 10 10
left_child=5 2 9 4 11 6 10 -5 -9 17 -1 15 -13 14 -14 20 -10 -2 -19 -20 -3 -6 -15
right_child=1 3 -4 7 21 -7 -8 8 16 -11 -12 12 13 22 -16 -17 -18 18 19 -21 -22 -23 -24
leaf_value=0.056811714617686214 0.034598135650525413 0.049099253029482377 0.011978493444020522 0.030728577724107899 0.045667230423905546 0.062312235887301358 0.078206549939019585 0.052148061495225703 0.030317518116800064 0.040731125028180409 0.091826318889617897 0.037270107041293403 0.037620263789455148 0.046607743554057342 0.042847640688708027 0.080476589380171326 0.00047675654231942011 0.065449014163419486 0.016458278003500009 0.031706602715058103 0.030617973872957505 0.14302126056178857 0.040226706877821601
leaf_weight=159 368 73 92 144 40 100 60 146 49 108 360 159 158 40 252 57 46 40 78 95 41 64 112
leaf_count=159 368 73 92 144 40 100 60 146 49 108 360 159 158 40 252 57 46 40 78 95 41 64 112
internal_value=0.0124517 0.0112635 0.00900861 0.0125164 0.0139279 0.016169 0.0173235 0.00878544 0.0112408 0.0101152 0.0162112 0.0129922 0.0139195 0.0150451 0.0134564 0.00890948 0.00608418 0.011092 0.00819792 0.00597017 0.0116538 0.0213645 0.0189871
internal_weight=2841 2162 781 1381 996 679 579 385 241 689 519 892 721 562 410 171 95 581 213 173 114 104 152
internal_count=2841 2162 781 1381 996 679 579 385 241 689 519 892 721 562 410 171 95 581 213 173 114 104 152
is_linear=0
shrinkage=0.045


Tree=9
num_leaves=24
num_cat=0
split_feature=5 9 8 26 5 25 0 9 24 1 19 0 0 7 9 19 1 26 8 0 25 0 26
split_gain=14.6767 7.17848 5.04562 5.19562 4.76262 6.96199 3.06037 2.875 3.91147 3.65928 3.21185 2.93705 2.25897 2.24738 2.17824 2.02189 1.97391 3.46437 1.95256 1.91384 1.8062 1.72987 1.60499
threshold=0.46672507139169311 0.15907130925019997 9.7511393606375005 15.500000000000002 0.80905815230801137 0.0029851356240651965 13.013718680122347 0.63387992017184958 6.0661858288719428e-05 11.040508193315427 0.74345000000000006 11.756721371048673 12.052526620972101 0.014351773859836428 0.069789519058565355 0.76235000000000008 11.254912049150812 12.500000000000002 8.4872178589546596 11.420122607621956 0.0021696826091802375 8.5989934170972919 23.500000000000004
decision_type=10 10 10 2 10 2 10 10 2 10 2 10 8 10 10 2 8 2 10 8 2 8 2
left_child=1 2 21 15 5 16 -7 8 10 22 12 19 13 -3 20 -4 18 -18 -2 -11 -5 -1 -10
right_child=4 7 3 14 -6 6 -8 -9 9 11 -12 -13 -14 -15 -16 -17 17 -19 -20 -21 -22 -23 -24
leaf_value=0.016189684688497484 0.02317198962447041 0.055826874635630117 0.068078129256926287 0.075064513018764614 0.0021902897524358413 0.0091172241033170755 0.031439328390166006 0.029675088111783432 0.037373872425060503 0.047330767327489302 0.02508236299910194 0.061458729350568446 0.040696129055677772 0.050334255495817153 0.073990619942020414 0.11091255229794468 0.074063946534802763 0.0054582447689626506 0.045434591084963949 0.15930001173573186 0.0663358450069165 0.072888588305266219 0.037782206364856817
leaf_weight=40 100 79 89 48 188 244 40 85 325 50 114 149 54 100 98 42 66 80 199 48 176 292 132
leaf_count=40 100 79 89 48 188 244 40 85 325 50 114 149 54 100 98 42 66 80 199 48 176 292 132
internal_value=0.0122138 0.0144531 0.017803 0.0209556 0.00749103 0.00913217 0.00357491 0.0120975 0.0127422 0.0146902 0.00869786 0.019197 0.0116981 0.0141058 0.0240785 0.0129123 0.0126311 0.00806376 0.0147591 0.0254406 0.0209736 0.0133522 0.0121451
internal_weight=2838 1921 785 453 917 729 284 1136 1051 704 347 247 233 179 322 131 445 146 299 98 224 332 457
internal_count=2838 1921 785 453 917 729 284 1136 1051 704 347 247 233 179 322 131 445 146 299 98 224 332 457
is_linear=0
shrinkage=0.045


Tree=10
num_leaves=24
num_cat=1
split_feature=5 6 23 5 6 0 9 9 25 23 21 2 0 9 23 10 10 19 9 24 19 2 26
split_gain=12.317 10.8502 8.21529 6.84077 4.96938 4.00518 3.01871 2.9566 2.34301 2.14778 2.92902 2.83249 2.52984 2.33741 1.93361 1.87674 1.73914 1.55753 1.48728 1.49431 1.40338 1.32328 1.60112
threshold=0.46099464536488749 0.27318452317143022 0.0017036197822443179 0.80905815230801137 0.31942726464653931 9.1692640089571444 0.6885620464635277 0.15907130925019997 0.0029935857484344676 0.00082335136117230219 0 10.934472336490696 8.9047366470798082 0.15907130925019997 0.0018105257459955656 0.061065736686718018 -0.047067533893092837 0.79925000000000013 0.34704179125301998 6.0043600750951604e-05 0.65585000000000016 8.9669849973941052 7.5000000000000009
decision_type=10 10 2 10 10 10 10 10 2 2 1 10 10 10 2 8 8 2 10 2 2 10 2
left_child=1 6 3 4 15 -3 9 8 -7 13 11 12 -11 -1 -14 20 -4 -9 21 -20 -2 -12 -23
right_child=2 5 16 -5 -6 7 -8 17 -10 10 18 -13 14 -15 -16 -17 -18 -19 19 -21 -22 22 -24
leaf_value=0.081787385922439296 0.031681958634152005 0.029205063026414717 0.015499155250422555 0.0039020928527820392 0.050248411437652081 0.11057589482085603 0.031224103896492581 0.052602789989900645 0.05431733045462122 0.025803374627355193 0.031514473558624842 0.10303469921313127 0.053416669484873974 0.058815987768877677 0.036799639528132179 0.01130724790484109 0.011758397959318927 0.022814116358585459 -0.0050318324849385268 0.032777915967655551 0.04267235195736193 0.028025957170308397 0.0540656845458687
leaf_weight=194 43 70 40 133 76 70 75 176 98 53 105 65 44 204 58 65 443 43 58 140 163 57 390
leaf_count=194 43 70 40 133 76 70 75 176 98 53 105 65 44 204 58 65 443 43 58 140 163 57 390
internal_value=0.0112084 0.0133132 0.00702717 0.0111801 0.0144836 0.0193842 0.0113543 0.0211904 0.0259474 0.0118359 0.0106141 0.0156438 0.0126028 0.014712 0.0166714 0.011406 0.00285648 0.0172399 0.00875819 0.00539552 0.0135 0.0100865 0.011165
internal_weight=2863 1900 963 480 347 457 1443 387 168 1368 970 220 155 398 102 271 483 219 750 198 206 552 447
internal_count=2863 1900 963 480 347 457 1443 387 168 1368 970 220 155 398 102 271 483 219 750 198 206 552 447
cat_boundaries=0 1
cat_threshold=144
is_linear=0
shrinkage=0.045


Tree=11
num_leaves=24
num_cat=1
split_feature=5 6 9 4 8 26 5 26 8 1 9 21 18 6 1 18 18 0 0 1 18 4 24
split_gain=12.4133 8.49112 5.72121 4.03701 3.83396 4.02498 4.28139 3.49912 3.47129 3.36386 2.80777 3.12814 3.29087 2.42177 2.32126 2.21359 2.06475 2.06337 2.00574 2.48659 2.72928 2.55921 2.24582
threshold=0.46672507139169311 0.40577126454687834 0.15907130925019997 0.3477661538208357 12.603836936778578 24.500000000000004 0.74993172655374929 17.500000000000004 9.4513469974440536 8.8318555170914568 0.67033974573282185 0 14.500000000000002 0.3835275200827058 11.009948867856798 15.500000000000002 8.5000000000000018 9.8197696589583909 11.955994273416911 10.789652282589742 31.500000000000004 0.2440413705774209 0.0005703842130070694
decision_type=10 10 8 10 10 2 10 2 10 10 10 1 2 10 10 2 2 10 10 10 2 8 2
left_child=1 2 7 10 5 13 9 -1 -9 -7 11 12 -4 -2 16 -10 -11 -18 19 22 21 -21 -13
right_child=4 -3 3 -5 -6 6 -8 8 15 14 -12 18 -14 -15 -16 -17 17 -19 -20 20 -22 -23 -24
leaf_value=0.079127780022815855 0.0088763052674819681 0.051373861039827863 0.037898399676764762 0.046714250619356856 0.031371205831739316 0.0059517027617247246 0.010213825519350761 0.048118902696291009 0.061282335866830955 0.015561271711213203 0.013495939493623526 0.047743282387838933 0.005628358923304066 0.05250074893905974 0.035471471193206573 0.07380993806329883 0.040799692713448105 0.041162571339993966 0.064062303531904896 0.034232492029006467 0.09878277609994307 0.1385514895480196 0.031674733191002252
leaf_weight=122 405 100 46 87 49 46 155 75 100 41 71 512 167 71 51 97 41 80 184 132 55 48 120
leaf_count=122 405 100 46 87 49 46 155 75 100 41 71 512 167 71 51 97 41 80 184 132 55 48 120
internal_value=0.0109626 0.0130427 0.0123002 0.0109232 0.00669029 0.00597144 0.00920504 0.0171499 0.0200291 0.0127185 0.0102663 0.0107545 0.00484845 0.003119 0.0150729 0.0232087 0.0177 0.0206673 0.0117766 0.0128095 0.016875 0.0137705 0.0112252
internal_weight=2855 1916 1816 1422 939 890 414 394 272 259 1335 1264 213 476 213 197 162 121 1051 867 235 180 632
internal_count=2855 1916 1816 1422 939 890 414 394 272 259 1335 1264 213 476 213 197 162 121 1051 867 235 180 632
cat_boundaries=0 1
cat_threshold=10
is_linear=0
shrinkage=0.045


Tree=12
num_leaves=24
num_cat=0
split_feature=9 6 5 8 2 23 5 6 6 2 4 23 2 8 23 9 24 6 2 16 16 3 9
split_gain=11.5175 6.26675 5.58565 4.8167 4.13026 3.9279 5.48773 4.64554 3.13035 2.68259 2.70515 2.35135 2.08198 1.91398 2.30602 1.86472 1.68166 1.68067 1.62451 2.02525 1.70731 1.49209 1.57719
threshold=0.15907130925019997 0.41801760782487157 0.74993172655374929 9.3664120049477635 12.626971488458116 0.0020410341210476742 0.46099464536488749 0.097316123545996738 0.16600857902747998 11.329607037458649 0.25005996941994968 0.0010826258166325164 8.8391534860352561 9.3664120049477635 0.00081133352177585746 0.38697487402532943 6.1688463918921124e-05 0.33368954521120736 11.420121838832438 2.5000000000000004 1.5000000000000002 0.2511788762675829 0.23141363562334236
decision_type=8 10 10 8 8 2 10 10 10 10 10 2 8 10 2 10 2 8 10 2 2 8 8
left_child=3 2 5 -1 8 7 9 13 16 10 15 -4 -9 14 -2 21 -5 -11 19 -14 -20 22 -7
right_child=1 -3 11 4 -6 6 -8 12 -10 17 -12 -13 18 -15 -16 -17 -18 -19 20 -21 -22 -23 -24
leaf_value=0.014099041179048324 0.09022741712987839 0.049534361220162637 0.026875806592985666 0.076175485756550421 0.089675737223969626 0.012111133501170194 0.004936472420312206 0.011462544101372684 0.055115098662015756 0.026899276010657874 0.027786898720755151 0.00067774132847564809 0.042996960746884035 0.0219267613479525 0.040970315898597197 0.0049637909077883263 0.063265138133638363 0.091319264195167962 0.063305191762023275 0.056606512449100858 0.061271990773052731 0.022668117590746176 0.033376921708797566
leaf_weight=40 67 107 49 95 59 56 243 65 137 43 66 219 384 129 285 125 78 50 181 56 43 85 180
leaf_count=40 67 107 49 95 59 56 243 65 137 43 66 219 384 129 285 125 78 50 181 56 43 85 180
internal_value=0.0101056 0.00891041 0.0083991 0.0170989 0.0186956 0.00919432 0.00680023 0.0108512 0.0207748 0.00908511 0.00772427 0.0022583 0.0131281 0.00734039 0.0090507 0.00638419 0.0161974 0.0161016 0.0138846 0.0155418 0.010467 0.0081875 0.0100167
internal_weight=2842 2433 2326 409 369 2058 848 1210 310 605 512 268 729 481 352 446 173 93 664 440 224 321 236
internal_count=2842 2433 2326 409 369 2058 848 1210 310 605 512 268 729 481 352 446 173 93 664 440 224 321 236
is_linear=0
shrinkage=0.045


Tree=13
num_leaves=24
num_cat=0
split_feature=9 5 2 6 23 5 6 6 23 24 0 8 1 3 18 6 6 24 25 5 25 2 25
split_gain=10.0991 5.93575 5.34512 4.84762 5.30457 4.8162 3.73285 3.51115 2.84068 2.5424 2.36926 2.36134 2.35795 2.38762 2.27266 2.06312 1.73926 1.71451 1.56447 1.56129 1.54847 2.06798 2.03644
threshold=0.14316951465190247 0.7796254600444591 12.543588090162006 0.37010083484915307 0.0020410341210476742 0.35833160054378133 0.17419028279845097 0.097316123545996738 0.0034072300335047452 6.1688463918921124e-05 9.5607254118988294 10.834352657457961 9.9452081169542836 -0.16333670224422775 21.500000000000004 0.043212909299934953 0.25840455922847322 0.00028336419624824967 0.0036892036384390463 0.3153951970394786 0.0019291030101314284 9.0324336379383627 0.0029661655753087722
decision_type=8 10 8 10 2 10 10 10 2 2 10 10 10 10 2 10 10 2 2 10 2 8 2
left_child=2 3 6 4 7 12 9 10 -5 -1 19 -7 18 -14 -8 -11 -13 -15 -6 -2 -9 -22 -23
right_child=1 -3 -4 8 5 11 14 20 -10 15 -12 16 13 17 -16 -17 -18 -19 -20 -21 21 22 -24
leaf_value=0.070933706649610129 0.073555363123962145 0.0014380241512321882 0.049899373815276399 0.048553701605589819 0.0044841542754998943 -0.00093136903421841991 0.057400845447633991 0.050563887449529582 0.019765278623081143 0.070780737938184068 0.024107436120010751 0.021636693031435575 0.08620280279966222 0.021470358488788348 0.045931097448752012 -0.001907126841786264 0.0045412240002292636 0.028644924813824312 0.031060812987518976 0.045325004402023833 0.041455311122277523 0.049170903820899739 0.030378122257387914
leaf_weight=103 148 221 65 175 96 283 80 188 62 42 281 51 72 61 65 41 51 97 77 41 60 342 123
leaf_count=103 148 221 65 175 96 283 80 188 62 42 281 51 72 61 65 41 51 97 77 41 60 342 123
internal_value=0.0091456 0.0080406 0.015812 0.00874355 0.00798898 0.00509734 0.0181145 0.00989734 0.0148406 0.0135 0.00680233 0.00147874 0.00851786 0.0114914 0.0236402 0.00724709 0.00724286 0.00813354 0.00443608 0.0106758 0.0119005 0.0131889 0.0142067
internal_weight=2825 2429 396 2208 1971 788 331 1183 237 186 470 385 403 230 145 83 102 158 173 189 713 525 465
internal_count=2825 2429 396 2208 1971 788 331 1183 237 186 470 385 403 230 145 83 102 158 173 189 713 525 465
is_linear=0
shrinkage=0.045


Tree=14
num_leaves=24
num_cat=0
split_feature=5 5 8 6 23 2 2 7 5 4 8 6 2 6 23 6 16 7 2 9 10 3 23
split_gain=8.07424 5.88189 4.90557 3.91418 4.01763 3.90596 2.92781 3.46739 2.44223 2.23567 2.86442 2.15453 3.75084 1.617 2.47435 1.56764 2.30024 1.54971 2.41838 1.65427 1.48145 1.44775 1.36065
threshold=0.16478283046840461 0.7580655899467148 9.4513469974440536 0.39187696428765489 0.0023633577590072676 11.181669004746743 13.38754933795979 0.019235487588208328 0.36358030521469037 0.29957309071164745 11.33565210626155 0.085567903236654516 12.543588090162006 0.28581227357335465 0.00074327523778354118 0.097316123545996738 -1.0000000180025095e-35 0.018558116252456354 10.787544616020597 0.35253036859324655 -0.013374311079417512 -0.057604356434234026 0.0012786798496977347
decision_type=8 10 10 10 2 8 8 10 10 10 8 10 10 10 2 8 2 10 10 8 8 10 2
left_child=2 3 -1 4 6 13 9 21 17 15 -11 -7 20 14 -4 16 -2 18 19 -6 -13 -8 -3
right_child=1 22 5 -5 8 11 7 -9 -10 10 -12 12 -14 -15 -16 -17 -18 -19 -20 -21 -22 -23 -24
leaf_value=0.024037989604634366 0.037416785266077272 0.014136818503875229 0.08834593873936826 0.042428586568899911 0.024635648157101692 0.014153733772180942 0.11391462578592794 0.035827383955118162 0.0049963026664066532 0.037883873506797477 0.021376256883869321 0.050743364371911938 0.083172605221824555 0.044787190914096685 0.047952645587650389 0.038714617035122162 -0.00099605524259772926 0.014647349278488474 0.096497452848008522 0.0049958586606833714 0.07099317907531337 0.038784542944444306 -0.0087043578938830832
leaf_weight=55 51 99 61 142 71 41 40 68 249 53 56 41 41 61 73 1025 108 101 41 56 67 57 180
leaf_count=55 51 99 61 142 71 41 40 68 249 53 56 41 41 61 73 1025 108 101 41 56 67 57 180
internal_value=0.00881224 0.00776531 0.0144244 0.00857355 0.00803133 0.0162081 0.00924333 0.014933 0.00458637 0.00848437 0.0146853 0.0113083 0.0137812 0.0207386 0.0171788 0.00787784 0.003625 0.00753585 0.0101579 0.00680192 0.0180811 0.0203175 0.00160372
internal_weight=2837 2397 440 2118 1976 385 1458 165 518 1293 109 190 149 195 134 1184 159 269 168 127 108 97 279
internal_count=2837 2397 440 2118 1976 385 1458 165 518 1293 109 190 149 195 134 1184 159 269 168 127 108 97 279
is_linear=0
shrinkage=0.045


Tree=15
num_leaves=24
num_cat=0
split_feature=5 5 23 8 6 6 23 6 26 18 2 7 26 18 23 1 6 0 2 19 6 6 1
split_gain=8.65156 4.45746 5.08022 4.12521 3.82929 3.34206 2.79817 3.14444 4.18455 2.98067 2.73705 3.35872 2.4697 2.11351 1.82259 1.96858 2.40411 1.93358 2.76089 1.78726 1.81496 1.92127 1.56487
threshold=0.46672507139169311 0.80905815230801137 0.0016971711129044186 12.550623955251451 0.39883668771345687 0.31313170182939282 0.0026797026708704715 0.20179725356850409 28.500000000000004 32.500000000000007 10.70619987112876 0.010804985364303412 7.5000000000000009 21.500000000000004 0.00066696014571561663 8.9570507022069368 0.16261881508395223 11.420122607621956 10.983189624940517 0.77445000000000008 0.074975895624439251 0.043212909299934953 10.631817470046977
decision_type=8 10 2 8 10 10 2 10 2 2 10 10 2 2 2 10 8 10 8 2 10 10 8
left_child=4 2 5 -4 6 14 7 8 -1 19 -5 -12 -9 -6 -2 -16 -17 18 -18 20 21 -10 -22
right_child=1 -3 3 10 13 -7 -8 12 9 -11 11 -13 -14 -15 15 16 17 -19 -20 -21 22 -23 -24
leaf_value=0.013508106205136317 0.083934533633517022 -0.00079137449361329159 0.0039849664362843649 0.017395258555281085 0.045179843895280056 0.045728845790692321 0.021194378446650668 0.059523093286432523 0.0470070563527374 0.060985337118527536 0.07496001737972402 0.026906990255574803 0.044628770419950982 0.04009743040158071 0.0056406963926435346 0.034440350162700757 0.027285314192754515 0.020612283057411668 0.090942260546153161 0.043079772101390419 0.044084720515310191 -0.013639974835687116 0.067252154024466743
leaf_weight=228 44 192 373 170 46 75 240 62 42 67 58 58 359 59 99 76 163 81 50 98 96 45 63
leaf_count=228 44 192 373 170 46 75 240 62 42 67 58 58 359 59 99 76 163 81 50 98 96 45 63
internal_value=0.00824763 0.00577479 0.0067554 0.00401397 0.0107626 0.00979188 0.0100499 0.0110489 0.00897547 0.0116793 0.00805017 0.0133109 0.0141103 0.0190625 0.00840262 0.00748888 0.00898794 0.00701515 0.00923958 0.00982997 0.0118735 0.006325 0.0147361
internal_weight=2844 1439 1247 659 1405 588 1300 1060 639 411 286 116 421 105 513 469 370 294 213 344 246 87 159
internal_count=2844 1439 1247 659 1405 588 1300 1060 639 411 286 116 421 105 513 469 370 294 213 344 246 87 159
is_linear=0
shrinkage=0.045


Tree=16
num_leaves=24
num_cat=1
split_feature=23 6 23 21 6 18 25 24 1 16 18 10 6 16 10 18 4 2 3 1 23 23 6
split_gain=6.61464 4.20536 3.18136 2.88836 2.79131 3.60474 2.29615 2.2221 1.99432 2.00314 2.23171 2.78772 1.93399 1.84994 2.43862 1.80415 1.74716 1.66731 1.78554 1.66054 1.38991 1.28341 1.17644
threshold=0.00099235093110173838 0.22939386886621008 0.003537673636176544 0 0.34453925553988834 32.500000000000007 0.0037874373035570283 5.4927164322160484e-05 8.9570507022069368 1.5000000000000002 22.500000000000004 0.038478195498035835 0.37344116728644478 1.0000000180025095e-35 0.05369839530572771 8.5000000000000018 0.05953024959903 12.428523507093034 0.080073973771529625 11.871013167536427 0.0018501931866774788 0.0012786798496977347 0.085567903236654516
decision_type=2 10 2 1 10 2 2 2 8 2 2 8 10 2 8 2 8 10 10 8 2 2 10
left_child=4 3 6 8 5 22 13 -7 -2 10 15 -12 -8 19 16 -10 -15 -5 -19 21 -17 -3 -1
right_child=1 2 -4 17 -6 7 12 -9 9 -11 11 -13 -14 14 -16 20 -18 18 -20 -21 -22 -23 -24
leaf_value=0.043048904799317611 0.010549091424705278 0.026711293167619679 0.0089891109644003597 0.014084033195080574 0.095443948747580901 0.066218126113006856 0.030218511521175995 0.038487878656295209 0.063681610034502026 0.006779284649213963 0.030860843617882452 0.026316923194366328 0.039514272456367523 0.024885386003293795 0.02565949141667986 0.027592372956544292 0.049488201801712435 0.086708119046999363 0.016825187744252044 -0.0043410233176244088 -0.0047169941009671821 0.026423290584803975 0.056717979097245852
leaf_weight=208 63 48 137 732 40 61 192 46 46 78 42 75 90 75 49 50 88 49 55 64 53 200 302
leaf_count=208 63 48 137 732 40 61 192 46 46 78 42 75 90 75 49 50 88 49 55 64 53 200 302
internal_value=0.00763466 0.00642828 0.00869794 0.00468961 0.0116011 0.0107528 0.00977318 0.0182659 0.00778393 0.00931124 0.011158 0.0158062 0.0130895 0.0079241 0.0111767 0.00726809 0.0137846 0.0030318 0.0083271 0.00562857 0.00375707 0.00727888 0.00907895
internal_weight=2843 2186 943 1243 657 617 806 107 407 344 266 117 282 524 212 149 163 836 104 312 103 248 510
internal_count=2843 2186 943 1243 657 617 806 107 407 344 266 117 282 524 212 149 163 836 104 312 103 248 510
cat_boundaries=0 1
cat_threshold=144
is_linear=0
shrinkage=0.045


Tree=17
num_leaves=24
num_cat=1
split_feature=23 5 6 21 23 25 9 1 23 5 25 4 9 4 2 2 4 8 3 10 4 4 8
split_gain=6.89915 6.37628 5.5356 4.29257 4.15209 3.86901 4.80022 1.99893 1.95813 1.98603 1.88298 1.7909 1.71791 1.60329 1.53893 2.1193 1.49875 1.42744 2.98681 1.30518 1.28392 1.56158 1.26661
threshold=0.00081133352177585746 0.64052993918732648 0.23586693409452789 0 0.0026547129663614388 0.0037874373035570283 0.20838405046894518 13.333252133596451 0.0017329617336946147 0.83883000246415396 0.0046613478130709566 0.05953024959903 0.17461915874115017 0.12175636235639681 9.7110822946718791 10.361075675341224 -0.010007759013486651 9.2869818955315981 0.16296621244514067 -0.01431237659103393 0.20204837908968457 -0.12516850095329488 9.3983714159583247
decision_type=2 10 10 1 2 2 10 8 2 10 2 8 10 8 10 10 10 8 10 10 10 8 8
left_child=7 2 3 10 5 11 -7 12 9 13 17 -4 14 16 -1 -16 -3 18 -2 -13 21 -6 -14
right_child=1 8 4 -5 20 6 -8 -9 -10 -11 -12 19 22 -15 15 -17 -18 -19 -20 -21 -22 -23 -24
leaf_value=0.04990824995755605 0.038540670800541514 0.015778974807423327 0.02781200208781083 0.014334171646032887 0.024717735239522035 0.039403639635611609 0.037771243421677168 0.080917236694467057 -0.0091258192597167206 -0.0029635040890918667 0.066000516716201496 0.025693529137623846 0.029767651198790695 0.0007357387545947221 0.057961933418652765 0.080457948691607009 0.037120621040064396 0.038573579895278029 0.010659079997559093 0.047454978908197533 0.025495194386533481 0.0099377946375306912 0.026883975008429036
leaf_weight=40 83 63 159 560 47 61 77 54 212 97 41 93 45 49 41 87 46 489 47 72 42 168 159
leaf_count=40 83 63 159 560 47 61 77 54 212 97 41 93 45 49 41 87 46 489 47 72 42 168 159
internal_value=0.00727619 0.0063269 0.00746254 0.0055928 0.0105987 0.0131516 0.0195 0.0125559 0.00159415 0.00422965 0.00802377 0.0102936 0.011208 0.00729503 0.0146316 0.0170382 0.0102656 0.00745539 0.0116729 0.0135937 0.00591058 0.00438647 0.00821739
internal_weight=2832 2406 1939 1220 719 462 138 426 467 255 660 324 372 158 168 128 109 619 130 165 257 215 204
internal_count=2832 2406 1939 1220 719 462 138 426 467 255 660 324 372 158 168 128 109 619 130 165 257 215 204
cat_boundaries=0 1
cat_threshold=148
is_linear=0
shrinkage=0.045


Tree=18
num_leaves=24
num_cat=1
split_feature=5 6 9 23 26 21 18 18 3 25 1 6 23 6 5 23 18 19 26 5 18 5 9
split_gain=9.07305 5.66463 5.23491 4.71171 3.62806 3.51964 3.0798 3.78087 2.79011 2.07054 1.91928 1.7854 1.72041 1.53065 1.89975 2.4703 2.3208 3.20274 1.59254 1.479 1.43106 1.38269 1.29082
threshold=0.65976067900674984 0.37344116728644478 0.16633387908165823 0.0034072300335047452 51.500000000000007 0 15.500000000000002 26.500000000000004 -0.13249140633478682 0.004616372972157997 11.64353385926036 0.20658713572503942 0.0017036197822443179 0.097316123545996738 0.36358030521469037 0.0022019492746127296 20.500000000000004 0.6947000000000001 35.500000000000007 0.079523372069441239 7.5000000000000009 0.86764474283547177 0.34704179125301998
decision_type=10 10 8 2 2 1 2 2 8 2 10 10 2 10 10 2 2 2 2 8 2 10 8
left_child=1 2 4 9 6 -4 20 10 11 22 -8 -7 21 -10 16 18 -15 -18 -16 -9 -1 -2 -3
right_child=12 3 5 -5 -6 8 7 19 13 -11 -12 -13 -14 14 15 -17 17 -19 -20 -21 -22 -23 -24
leaf_value=0.046802511062877208 0.014412446392360079 0.032091240037088825 0.011997401341116968 0.014313361839700079 0.058291363489264315 0.028773278332492581 0.02351081034057639 2.2313244424523313e-05 0.033094264483600186 0.038078875411627529 0.073302314529322565 0.041155852826378854 -0.0094590723357431804 0.045661449953780728 0.030589149395199879 -0.0032691053551102537 0.030549403822132445 0.015629980312064765 0.017150929196388491 0.02942170689232573 0.00017569824956880072 -0.012416107075982155 0.049681993167779916
leaf_weight=55 188 47 437 62 93 188 49 40 417 66 40 89 216 120 160 99 58 94 69 50 76 70 53
leaf_count=55 188 47 437 62 93 188 49 40 417 66 40 89 216 120 160 99 58 94 69 50 76 70 53
internal_value=0.00704086 0.00817991 0.00743963 0.0149221 0.0120647 0.00634386 0.0095607 0.013364 0.00751607 0.0188254 0.0198342 0.0115955 0.00134906 0.00644779 0.00791045 0.00551964 0.0107018 0.00679355 0.00805927 0.00653226 0.00418097 0.00381034 0.0139806
internal_weight=2836 2362 2134 228 403 1731 310 179 1294 166 89 277 474 1017 600 328 272 152 229 90 131 258 100
internal_count=2836 2362 2134 228 403 1731 310 179 1294 166 89 277 474 1017 600 328 272 152 229 90 131 258 100
cat_boundaries=0 1
cat_threshold=11
is_linear=0
shrinkage=0.045


Tree=19
num_leaves=24
num_cat=2
split_feature=9 9 1 18 23 8 21 8 23 21 9 9 1 18 4 16 1 9 1 4 8 25 4
split_gain=7.41344 3.7167 4.27803 3.42682 3.61457 3.24599 3.12132 2.66384 2.34517 3.13419 2.16188 2.60924 1.95813 1.74137 1.66594 1.5487 2.48776 1.35848 1.05107 1.19294 1.0375 0.896513 1.00424
threshold=0.15907130925019997 0.6885620464635277 13.333252133596451 16.500000000000004 0.0008406759048312809 12.963513053723535 0 9.7511393606375005 0.0026797026708704715 1 0.46073706994313118 0.29953816944745609 10.546293612708453 18.500000000000004 0.042727460548580412 1.5000000000000002 10.42469429720464 0.47255933585619331 12.063849162887546 0.23720632590279769 12.395791673240581 0.0031726949922928137 0.10284873310658027
decision_type=8 10 10 2 2 8 1 10 2 1 8 10 10 2 10 2 8 10 10 10 8 2 10
left_child=3 2 6 4 -1 7 12 -5 9 18 11 -11 -2 -14 -13 16 -12 -10 19 21 -20 22 -8
right_child=1 -3 -4 5 -6 -7 8 -9 17 10 15 14 13 -15 -16 -17 -18 -19 20 -21 -22 -23 -24
leaf_value=0.0498942567820315 -0.003839806969210071 0.0081133969036452057 0.088313435535278165 0.036241723198633342 0.0099321960855180691 0.06163871433563501 0.034096195663958495 0.050679564764569446 0.014898116331048252 0.019738022907991617 0.032646597036971564 0.034691467906189287 0.035820088392939542 0.011717963439629669 0.050843399093653249 0.016297687932748179 0.0211707460655042 -0.0093550123217784557 -0.018362688948056961 0.024459578646965508 0.060301089942139646 0.017353497956386986 0.025991539986008051
leaf_weight=71 204 408 74 45 117 62 461 121 234 52 67 60 53 62 46 69 134 78 58 92 49 116 137
leaf_count=71 204 408 74 45 117 62 461 121 234 52 67 60 53 62 46 69 134 78 58 92 49 116 137
internal_value=0.00682127 0.0058663 0.00664788 0.0123723 0.00768063 0.0160909 0.00622937 0.019358 0.00700525 0.00786663 0.0111837 0.0156801 0.00190437 0.00657839 0.0196927 0.00881868 0.0107978 0.00348571 0.00609152 0.00671384 0.00190227 0.00604393 0.00674626
internal_weight=2870 2454 2046 416 188 228 1972 166 1653 1341 428 158 319 115 106 270 201 312 913 806 107 714 598
internal_count=2870 2454 2046 416 188 228 1972 166 1653 1341 428 158 319 115 106 270 201 312 913 806 107 714 598
cat_boundaries=0 1 2
cat_threshold=10 100
is_linear=0
shrinkage=0.045


Tree=20
num_leaves=24
num_cat=2
split_feature=5 6 21 26 4 26 5 18 1 2 6 18 5 5 2 4 5 21 5 5 18 1 5
split_gain=7.41072 3.63191 3.35302 2.74435 3.06974 2.64631 2.5518 2.07167 2.00069 3.43622 1.96394 1.97417 2.37788 1.65289 1.56693 1.27812 1.24103 1.70196 1.32292 1.29818 1.56637 1.24817 1.12374
threshold=0.47798588731940245 0.37344116728644478 0 9.5000000000000018 -0.10508441883979992 51.500000000000007 0.16478283046840461 34.500000000000007 9.5504440001426598 10.383493442975345 0.19416231553392618 21.500000000000004 0.3676998998529401 0.30859208125794885 9.7110822946718791 0.2440413705774209 0.86764474283547177 1 0.79588006283065649 0.65976067900674984 28.500000000000004 10.267443623409395 0.33725875638272923
decision_type=8 10 1 2 10 2 10 2 8 8 10 2 10 10 8 10 10 1 8 8 2 8 10
left_child=1 2 6 4 -2 16 8 10 -1 -10 14 12 -12 -13 -8 -4 17 19 -19 20 21 -5 -16
right_child=3 -3 15 5 -6 -7 7 -9 9 -11 11 13 -14 -15 22 -17 -18 18 -20 -21 -22 -23 -24
leaf_value=0.027743509058911139 0.12022441915323792 0.034416501671201666 0.0099498177805765198 0.036003739612871538 0.021819110887104573 0.037670034220280715 0.034322057865827101 0.037062649230504507 0.050872125760488128 0.053395374500289167 0.040416330506606077 -0.0019472542169462301 0.033717841641978094 0.018931645226672327 0.015892332981799831 0.018526809715356699 -0.019606913380502151 -0.0056629364208367599 0.023163444486641344 0.015775997551766174 -0.0020707584380275108 0.016355207798775057 -0.0080141519544928118
leaf_weight=49 48 172 340 67 100 90 88 56 62 154 73 52 66 58 127 54 101 213 204 456 40 89 101
leaf_count=49 48 172 340 67 100 90 88 56 62 154 73 52 66 58 127 54 101 213 204 456 40 89 101
internal_value=0.00660147 0.00885773 0.00799688 0.00426081 0.0100132 0.00356294 0.00954561 0.0080012 0.0133909 0.0152466 0.00711047 0.0100982 0.0136426 0.00537611 0.00468339 0.00412408 0.00297315 0.00342327 0.00106221 0.00483158 0.0079598 0.00996226 0.00264935
internal_weight=2860 1452 1280 1408 148 1260 886 621 265 216 565 249 139 110 316 394 1170 1069 417 652 196 156 228
internal_count=2860 1452 1280 1408 148 1260 886 621 265 216 565 249 139 110 316 394 1170 1069 417 652 196 156 228
cat_boundaries=0 1 2
cat_threshold=180 216
is_linear=0
shrinkage=0.045


Tree=21
num_leaves=24
num_cat=1
split_feature=9 0 18 9 26 25 6 21 2 3 10 6 5 1 18 18 1 0 2 3 18 3 26
split_gain=6.4392 3.88733 4.14975 3.74641 3.21024 3.12458 2.82324 3.41743 2.82297 2.09179 1.83031 1.78664 1.70597 1.18554 1.16509 1.21784 1.11675 1.72837 1.60169 1.76106 1.70815 1.6945 1.66063
threshold=0.16633387908165823 9.0264894430359437 21.500000000000004 0.6885620464635277 47.500000000000007 0.0023465556865262843 0.37344116728644478 0 13.38754933795979 -0.137692073200124 0.031750946628247116 0.29166743343356133 0.74229626112328273 12.331988738967244 25.500000000000004 7.5000000000000009 11.777108560571332 12.908524775414994 11.019268263313213 0.17757099440076315 22.500000000000004 0.34540842505635871 21.500000000000004
decision_type=8 8 2 10 2 2 10 1 10 8 8 10 10 10 2 2 10 8 10 8 2 10 2
left_child=1 -1 4 6 11 -4 7 -2 12 -8 -7 -3 16 -5 15 -11 18 -18 19 22 -20 -21 -9
right_child=3 2 5 13 -6 10 9 8 -10 14 -12 -13 -14 -15 -16 -17 17 -19 20 21 -22 -23 -24
leaf_value=-0.0090519938882367423 0.0092889657449713673 0.029551740943695792 0.046810990743964831 0.00074224608754532115 0.053936515445600797 0.036652124359207922 0.030904073505456861 0.017415467381982325 0.10764812716112669 0.021205958611802127 0.046149167562990832 0.069862410172564032 -0.0030868965296923729 0.032503069714562099 0.016396819051409287 0.041233681175516491 0.0090170315902617214 0.059970898978914965 0.020704880211089707 0.017419324561887269 0.028515217429915665 0.028875294311394628 0.030870088101818058
leaf_weight=40 444 115 41 377 58 91 51 166 52 49 47 49 66 53 50 58 180 54 102 282 82 87 294
leaf_count=40 444 115 41 377 58 91 51 166 52 49 47 49 66 53 50 58 180 54 102 282 82 87 294
internal_value=0.00614216 0.0111436 0.0124697 0.00522826 0.00818 0.0175673 0.00604047 0.0054524 0.0065557 0.0110047 0.0207766 0.00479641 0.00616698 0.001403 0.0135422 0.0162205 0.0065394 0.00366456 0.0071907 0.00630379 0.0110214 0.0039375 0.00816415
internal_weight=2888 441 401 2447 222 179 2017 1809 1365 208 138 164 1313 430 157 107 1247 234 1013 829 184 369 460
internal_count=2888 441 401 2447 222 179 2017 1809 1365 208 138 164 1313 430 157 107 1247 234 1013 829 184 369 460
cat_boundaries=0 1
cat_threshold=11
is_linear=0
shrinkage=0.045


Tree=22
num_leaves=24
num_cat=0
split_feature=9 24 26 3 5 4 8 25 18 2 4 24 4 8 9 4 3 5 2 2 25 3 16
split_gain=5.10601 4.71666 3.05577 6.30098 3.18893 4.46703 3.27014 2.29243 3.24933 1.608 1.383 1.28484 1.40598 1.14971 1.07288 0.791833 0.725524 0.698037 0.952212 0.762486 0.684701 0.641706 0.917907
threshold=0.15907130925019997 0.00011009028013705839 10.500000000000002 0.45931695623926877 0.5878793554405185 0.2440413705774209 11.280661246880177 0.0026480916401288783 20.500000000000004 11.894627854934575 -0.074899861242344365 5.5386746122188198e-05 -0.0032615366789014856 12.093769933665987 0.32426228444652122 0.013648335611560402 0.23408742101475524 0.64052993918732648 11.420121838832438 8.466052414077339 0.003129792919120192 0.17757099440076315 2.5000000000000004
decision_type=8 2 2 8 8 10 10 2 2 8 10 2 8 10 10 10 8 10 10 10 2 8 2
left_child=1 7 3 13 5 21 14 9 -9 -1 -3 12 -6 -2 -7 -15 -14 18 -13 -19 -17 22 -4
right_child=2 10 4 -5 11 6 -8 8 -10 -11 -12 17 16 15 -16 20 -18 19 -20 -21 -22 -23 -24
leaf_value=0.031824060329282249 -0.005092094583857871 0.015461032223660333 0.024744416795283782 0.099220864873768244 -0.0024291475563793575 0.019665309867660789 0.0060707380360951841 0.048385683245962721 0.044114247626641248 0.070791932993947315 0.0063954184459322936 0.010560407228407315 0.029900988353355709 0.013337915838828211 0.027500034505266582 0.044403448269544551 0.028353685180982274 0.011519311900432871 0.040612730466761698 -0.00087557409230824086 0.011063146076973179 0.016547142873063428 0.020762139111976184
leaf_weight=62 52 41 593 54 55 62 41 80 67 40 112 321 59 70 58 64 60 49 50 347 40 357 98
leaf_count=62 52 41 593 54 55 62 41 80 67 40 112 321 59 70 58 64 60 49 50 347 40 357 98
internal_value=0.00606984 0.0107667 0.00528052 0.00969965 0.00469229 0.00622092 0.013157 0.0145625 0.018195 0.00895714 0.00442788 0.00271478 0.00617797 0.00622926 0.0168293 0.00795763 0.0088709 0.00190812 0.00330281 0.000586466 0.0104299 0.00512084 0.00592975
internal_weight=2832 402 2430 280 2150 1209 161 249 147 102 153 941 174 226 120 174 119 767 371 396 104 1048 691
internal_count=2832 402 2430 280 2150 1209 161 249 147 102 153 941 174 226 120 174 119 767 371 396 104 1048 691
is_linear=0
shrinkage=0.045


Tree=23
num_leaves=24
num_cat=1
split_feature=5 6 26 18 21 9 6 5 7 9 18 26 2 18 26 0 18 6 6 2 3 7 26
split_gain=5.51936 5.00453 3.6439 4.26748 2.63381 1.88215 1.6251 1.67222 1.52624 1.43169 1.25606 1.10132 1.05655 1.02369 1.1512 1.68757 1.33038 2.04041 0.996043 0.961718 1.43754 1.00239 1.03805
threshold=0.51033630373862338 0.37344116728644478 47.500000000000007 28.500000000000004 0 0.16633387908165823 0.19182046391842969 0.43070114880364735 0.030685809170690772 0.87685035718828164 9.5000000000000018 19.500000000000004 11.047885707542294 34.500000000000007 25.500000000000004 12.555237472144489 8.5000000000000018 0.15508551807625762 0.35607586527661655 10.983189624940517 -0.23884455540402774 0.0070358460475477549 21.500000000000004
decision_type=10 10 2 2 1 8 10 10 10 8 2 2 8 2 2 10 2 10 10 8 10 10 2
left_child=1 2 4 5 6 -4 19 10 9 13 -8 -3 -12 14 15 18 -16 -18 -2 21 -21 -1 -23
right_child=8 11 3 -5 -6 -7 7 -9 -10 -11 12 -13 -14 -15 16 -17 17 -19 -20 20 -22 22 -24
leaf_value=-0.0068598686035058042 -0.0046359293925321383 0.033810714387996883 0.046691576643509529 0.044810872455530386 0.019231219013665059 0.025516589430341238 0.034383420890769338 0.0085115373334558788 -0.0028810548267781495 -0.00081942873424717985 0.018417384355551684 0.02580380300571912 0.027200048144075235 -0.0035981500043620641 4.2122248611197056e-06 0.033018278890730939 0.026005097244640334 0.016771740053923644 0.017168670576063152 0.080956569704991876 0.015688502316561284 0.0076688982114789276 0.028487216222193353
leaf_weight=72 150 86 65 97 937 163 64 52 174 175 83 101 59 52 41 46 41 89 47 42 83 61 62
leaf_count=72 150 86 65 97 937 163 64 52 174 175 83 101 59 52 41 46 41 89 47 42 83 61 62
internal_value=0.00540791 0.00666465 0.00593326 0.0102553 0.00498765 0.00674026 0.0073934 0.0101897 0.00226925 0.00328067 0.0119928 0.0136539 0.00927931 0.00457676 0.00532014 0.00326524 0.00813362 0.0103195 0.00138375 0.00529412 0.00834961 0.00323864 0.00566071
internal_weight=2842 2027 1840 325 1515 228 578 258 815 641 206 187 142 466 414 243 171 130 197 320 125 195 123
internal_count=2842 2027 1840 325 1515 228 578 258 815 641 206 187 142 466 414 243 171 130 197 320 125 195 123
cat_boundaries=0 1
cat_threshold=176
is_linear=0
shrinkage=0.045


Tree=24
num_leaves=24
num_cat=0
split_feature=23 5 6 23 25 5 2 23 9 7 7 18 18 18 0 2 10 1 0 23 5 2 6
split_gain=7.45559 4.93113 4.85634 2.93996 3.77393 2.40471 2.78103 1.63937 2.92723 2.2793 1.58341 1.45883 1.32046 1.31927 1.72531 1.29266 1.23869 1.21833 2.06182 1.90863 3.8494 1.17443 1.10519
threshold=0.00081133352177585746 0.50659533192084216 0.28581227357335465 0.0028050203041140279 0.0036272246092585573 0.16478283046840461 12.805057772860353 0.0016971711129044186 0.77258038543377316 0.0066167726917368188 0.025074335104256298 27.500000000000004 1.5000000000000002 6.5000000000000009 10.362009570337351 11.894627854934575 -0.036538387767641588 10.42469429720464 10.759452647225983 0.0013860047048993493 0.30271977837144487 9.9486036860023983 0.39187696428765489
decision_type=2 10 10 2 2 8 10 2 8 10 10 2 2 2 10 8 10 10 10 2 10 8 10
left_child=5 2 12 4 10 -1 11 8 9 -3 15 16 -2 14 -14 -4 -7 19 -19 20 -15 -5 -6
right_child=1 7 3 21 22 6 -8 -9 -10 -11 -12 -13 13 17 -16 -17 -18 18 -20 -21 -22 -23 -24
leaf_value=0.070322365698643294 -0.010559320436014418 0.030136273105094927 0.0097411675520721833 0.017671552627238716 0.026376530551516182 0.036431664111025969 0.076875796602663138 -0.0015630883142730792 -0.0019981564212555388 0.015024276098977064 0.037707425031932147 0.033356779801806541 0.045348106759558367 0.015663564721569104 0.036922993187883828 0.026784451127381669 0.0061593207529911636 0.053333701373220584 0.01706853666092677 0.00024996950738423148 0.03132560975774757 0.001328744609390306 0.030309875843095264
leaf_weight=116 62 48 86 73 74 88 42 407 176 137 41 62 77 153 72 40 99 111 400 308 56 78 42
leaf_count=116 62 48 86 73 74 88 42 407 176 137 41 62 77 153 72 40 99 111 400 308 56 78 42
internal_value=0.00520238 0.00425235 0.00562097 0.00971053 0.0124065 0.0108274 0.00848724 0.0012607 0.00345536 0.00736037 0.00784853 0.00652679 0.00416848 0.00450572 0.0084523 0.00512791 0.0044171 0.00391077 0.00546741 0.00234952 0.00563561 0.00451461 0.018605
internal_weight=2848 2441 1673 434 283 407 291 768 361 185 167 249 1239 1177 149 126 187 1028 511 517 209 151 116
internal_count=2848 2441 1673 434 283 407 291 768 361 185 167 249 1239 1177 149 126 187 1028 511 517 209 151 116
is_linear=0
shrinkage=0.045


Tree=25
num_leaves=24
num_cat=1
split_feature=9 6 9 24 1 3 4 25 1 21 23 18 9 4 9 18 9 6 6 24 23 18 19
split_gain=4.94249 2.8171 2.4842 2.70882 3.33255 2.33739 2.0562 1.92443 1.90987 1.82362 1.59163 1.58526 1.77266 1.46087 1.60921 1.99556 1.4016 1.4458 1.3387 1.09107 1.08324 1.06653 1.22163
threshold=0.49172679394216173 0.41801760782487157 0.16633387908165823 0.00011009028013705839 9.5504440001426598 -0.046429867633307191 -0.087226137592827213 0.0024530863337717504 11.956402124474062 0 0.0015950176343311575 33.500000000000007 0.35253036859324655 0.16030212404269564 0.3106421441538228 18.500000000000004 0.6885620464635277 0.14976437412073226 0.074975895624439251 6.8572675579754486e-05 0.00066696014571561663 17.500000000000004 0.73520000000000008
decision_type=10 10 8 2 10 10 10 2 10 1 2 2 10 10 10 2 10 8 8 2 2 2 2
left_child=1 2 3 4 -1 -3 -5 8 -6 21 16 13 -13 18 15 -15 17 -2 -11 -19 -20 22 -4
right_child=10 5 9 6 7 -7 -8 -9 -10 11 -12 12 -14 14 -16 -17 -18 19 20 -21 -22 -23 -24
leaf_value=0.0074863714951894523 0.019905894653810312 0.019269196876956999 0.0036893702838175614 0.035390491327166443 0.0069684925315196119 0.028971039226387958 0.0042697425773286961 0.041122456564813233 0.053651651760596601 -0.012168665727548905 0.00067418571529785241 0.031358781148821055 0.030078458081467623 0.033765284409828726 0.036982605721987742 -0.0013667527866125368 0.0078234402640058511 -0.0032831377166440672 0.069040013255061441 0.03601352980267386 0.014986911734934208 -0.0062060444405519664 0.0094585667060634697
leaf_weight=55 46 49 72 40 43 41 121 114 41 89 442 101 53 75 91 73 217 47 44 100 675 147 40
leaf_count=55 46 49 72 40 43 41 121 114 41 89 442 101 53 75 91 73 217 47 44 100 675 147 40
internal_value=0.00484001 0.00608083 0.00568913 0.00877338 0.0116631 0.0137903 0.00410213 0.0143507 0.00868965 0.00479836 0.00196842 0.00552121 0.00983121 0.00491357 0.00800516 0.00494702 0.003977 0.00673852 0.00397287 0.004395 0.0046153 0.00116636 0.00446087
internal_weight=2816 1964 1874 414 253 90 161 198 84 1460 852 1201 154 1047 239 148 410 193 808 147 719 259 112
internal_count=2816 1964 1874 414 253 90 161 198 84 1460 852 1201 154 1047 239 148 410 193 808 147 719 259 112
cat_boundaries=0 1
cat_threshold=10
is_linear=0
shrinkage=0.045


Tree=26
num_leaves=24
num_cat=2
split_feature=5 5 26 21 18 1 9 18 21 18 2 8 18 0 0 9 25 9 25 18 18 18 5
split_gain=4.88333 2.68239 3.37725 2.13555 2.5003 2.04007 2.04394 2.41591 1.82953 1.95539 1.79328 2.40594 2.76704 1.95633 1.68117 2.27077 1.22513 1.09953 1.61131 1.09067 1.63091 1.26911 1.87041
threshold=0.53034597606987177 0.16478283046840461 51.500000000000007 0 16.500000000000004 13.555639168098583 0.48550075542692911 14.500000000000002 1 32.500000000000007 9.2063969127589189 10.08350718034192 12.500000000000002 10.314839920857297 11.865325807781462 0.30373888981756531 0.0054868060037674641 0.77258038543377316 0.0031610829274455626 9.5000000000000018 31.500000000000004 23.500000000000004 0.65976067900674984
decision_type=10 8 2 1 2 10 10 2 1 2 8 8 2 10 8 10 2 8 2 2 2 2 10
left_child=1 2 3 -1 -5 6 7 10 9 16 -3 -12 13 -13 15 -11 -9 18 19 -2 21 22 -21
right_child=17 5 -4 4 -6 -7 -8 8 -10 14 11 12 -14 -15 -16 -17 -18 -19 -20 20 -22 -23 -24
leaf_value=0.011564142580999009 0.00045322165474305509 0.026847518862306099 0.050040101324009052 0.048302718513605521 0.047614166760342365 0.07901557240884699 0.0066110282500203765 0.011164727887264532 0.0013120778311484502 0.026750875277949494 0.0054187980216785772 0.044080471983654786 0.054250925904432833 0.02181813210333575 0.032434313889440597 0.025554423753280764 0.024214804617344085 -0.00066545642516838827 -0.0019280596115460089 0.023497198042312741 -0.0022435199949551645 0.036249195694902418 -0.00038473546034092476
leaf_weight=213 79 53 94 63 77 40 229 377 309 51 110 74 47 205 45 45 42 335 160 52 55 46 48
leaf_count=213 79 53 94 63 77 40 229 377 309 51 110 74 47 205 45 45 42 335 160 52 55 46 48
internal_value=0.00463175 0.00576962 0.008865 0.00674368 0.0108824 0.00490445 0.0046316 0.00529353 0.00384719 0.00534031 0.00782469 0.00678588 0.00871277 0.00686968 0.00998437 0.0132727 0.00384419 0.00157616 0.0030474 0.00508834 0.00682721 0.00927181 0.0061165
internal_weight=2849 2074 447 353 140 1627 1587 1358 869 560 489 436 326 279 141 96 419 775 440 280 201 146 100
internal_count=2849 2074 447 353 140 1627 1587 1358 869 560 489 436 326 279 141 96 419 775 440 280 201 146 100
cat_boundaries=0 1 2
cat_threshold=7 149
is_linear=0
shrinkage=0.045


Tree=27
num_leaves=24
num_cat=1
split_feature=23 5 6 23 21 4 18 23 9 24 18 2 9 16 23 0 5 24 9 5 5 8 9
split_gain=4.80923 3.54502 2.57307 2.60784 2.0265 1.8344 2.49094 1.59228 1.4896 3.41563 2.41729 1.37761 2.05718 0.991713 1.27272 1.5518 0.999292 0.936989 1.14974 0.894202 0.718083 0.976701 1.02917
threshold=0.0008053809711242244 0.64052993918732648 0.37344116728644478 0.0027560363354494732 0 0.16030212404269564 30.500000000000004 0.0019324939683565262 0.13246174628754123 0.00011009028013705839 16.500000000000004 13.036236935637726 0.16633387908165823 1.5000000000000002 0.0026547129663614388 9.6203364876859006 0.46099464536488749 8.3177218371219931e-05 0.44615400417707712 0.36358030521469037 0.41596736918247312 8.9810086862266179 0.34704179125301998
decision_type=2 10 10 2 1 10 2 2 8 2 2 8 10 2 2 8 8 2 10 10 10 8 10
left_child=5 2 4 7 13 6 11 -4 9 10 -6 12 -1 14 15 -2 -15 -17 -19 -16 21 -10 -23
right_child=1 -3 3 -5 8 -7 -8 -9 20 -11 -12 -13 -14 16 19 17 -18 18 -20 -21 -22 22 -24
leaf_value=0.039436342574177087 0.028388259045726588 7.1104006847099492e-06 0.02236043069750299 0.0084553628586982541 0.027219872643083259 0.038352936763454616 0.048323482966459233 0.027524324762778683 0.022948402699478836 -0.0011738417063197188 0.035395831287958146 0.041464379617985797 -0.0010684618246665756 0.018893332645433795 0.016143909294871469 0.0044320443433423931 -0.0078655379971242015 0.031445080907140321 0.018849348273366894 -0.0083490753841093043 0.0024067015252608589 0.013393285138475514 -0.0077010169262417133
leaf_weight=80 40 475 41 88 52 81 59 69 74 99 69 41 113 40 60 48 46 64 60 44 321 517 206
leaf_count=80 40 475 41 88 52 81 59 69 74 99 69 41 113 40 60 48 46 64 60 44 321 517 206
internal_value=0.00425242 0.00350817 0.0043609 0.00920149 0.00379518 0.00898806 0.00719848 0.0137389 0.00286788 0.0062556 0.0112319 0.00499367 0.00329464 0.00660361 0.0079279 0.00992093 0.0023764 0.00781714 0.00985039 0.00370093 0.00221186 0.00293344 0.00240806
internal_weight=2787 2413 1938 198 1740 374 293 110 1338 220 121 234 193 402 316 212 86 172 124 104 1118 797 723
internal_count=2787 2413 1938 198 1740 374 293 110 1338 220 121 234 193 402 316 212 86 172 124 104 1118 797 723
cat_boundaries=0 1
cat_threshold=144
is_linear=0
shrinkage=0.045


Tree=28
num_leaves=24
num_cat=2
split_feature=5 21 23 23 9 21 8 24 0 9 9 24 26 23 19 3 19 8 24 9 8 0 3
split_gain=4.60686 2.264 2.02667 1.87418 1.9737 2.44579 2.19456 1.9688 1.8008 1.52978 1.57625 1.38027 1.27135 1.18972 1.17249 1.05405 0.945032 0.856513 0.837912 0.703438 0.937281 2.76225 1.65575
threshold=0.47229071138623485 0 0.0016365208149581208 0.0026797026708704715 0.15907130925019997 1 8.9810086862266179 4.9788644231694777e-05 10.247451259033138 0.6885620464635277 0.54770470946509253 6.0661858288719428e-05 18.500000000000004 0.00063528794558700508 0.69655000000000011 0.240478054671348 0.74115000000000009 9.4513469974440536 9.4184079208637552e-05 0.48550075542692911 10.565970060424535 11.297039614133466 -0.193779671311857
decision_type=10 1 2 2 8 1 8 2 10 8 10 2 2 2 2 10 2 10 2 10 8 8 10
left_child=1 -1 9 4 7 8 11 -3 -6 10 -2 -7 -5 -8 -10 17 -11 -9 -19 20 -15 22 -22
right_child=2 3 -4 12 5 6 13 15 14 16 -12 -13 -14 19 -16 -17 -18 18 -20 -21 21 -23 -24
leaf_value=0.00022132280075865674 0.0086394385111383861 0.038923865060041633 -0.0014563151858502316 0.012767903604637587 0.067004581214770542 0.026765200811424941 0.064714708158510909 0.029512554943699247 0.033361393385421101 -0.0013649139496980161 0.02684250329371515 0.026473725882966641 -0.00081998339155999356 0.0054828463054348436 0.025715504464633165 0.024762927365303285 0.019194440951665795 0.044583249359230401 0.030813977197301841 0.0015860776311416589 0.007353086030175985 0.017890347300936062 0.023210070620407617
leaf_weight=176 69 46 477 164 46 42 61 48 42 163 92 50 173 267 46 57 112 86 43 125 43 288 129
leaf_count=176 69 46 477 164 46 42 61 48 42 163 92 50 173 267 46 57 112 86 43 125 43 288 129
internal_value=0.00383559 0.00507907 0.00119623 0.00555059 0.00629905 0.0054398 0.00449779 0.00969965 0.0111122 0.00340319 0.00684604 0.0110842 0.00253456 0.00384907 0.00771429 0.00784177 0.00133543 0.0095375 0.0114375 0.00338947 0.00392363 0.00515119 0.00961714
internal_weight=2845 1932 913 1756 1419 1139 1005 280 134 436 161 92 337 913 88 234 275 177 129 852 727 460 172
internal_count=2845 1932 913 1756 1419 1139 1005 280 134 436 161 92 337 913 88 234 275 177 129 852 727 460 172
cat_boundaries=0 1 2
cat_threshold=2 17
is_linear=0
shrinkage=0.045


Tree=29
num_leaves=24
num_cat=1
split_feature=5 6 9 2 19 24 10 2 5 2 9 9 18 2 6 18 19 0 2 25 0 2 22
split_gain=5.13498 4.32381 2.36598 2.12097 1.81746 1.59749 1.75637 1.45975 1.42263 1.31602 0.992322 0.845271 1.22215 1.52702 1.58901 1.21132 1.51076 1.06137 1.63406 0.803446 0.867118 1.26738 0.767932
threshold=0.51033630373862338 0.39187696428765489 0.16633387908165823 12.805057772860353 0.70935000000000015 0.00011009028013705839 0.00077509855690831308 11.047885707542294 0.3430515113214081 11.894627854934575 0.75963912917030973 0.48550075542692911 16.500000000000004 9.4472250242364826 0.19931109361701929 32.500000000000007 0.7279500000000001 10.193110727684102 11.211860495784498 0.0031610829274455626 9.2622418661045405 10.626006983172495 0
decision_type=10 10 10 10 2 2 8 8 10 10 8 10 2 8 8 2 2 8 8 2 10 10 1
left_child=1 2 5 11 -3 6 7 -1 -7 22 19 12 13 -4 -15 -14 -17 -16 -19 20 -2 -22 -8
right_child=10 4 3 -5 -6 8 9 -9 -10 -11 -12 -13 15 14 17 16 -18 18 -20 -21 21 -23 -24
leaf_value=0.039351688854685936 -0.0023104226194472781 0.023980576209616564 0.021773362874993166 0.063451086724033393 0.023481074014283027 0.0059391411449825288 0.019457156542485862 0.045178402895953915 0.014790454900845244 0.041987752795504346 -0.0024148486975915568 0.0010337306530688024 0.0020854345190896083 -0.00024617349464061338 0.016833892403111277 0.011110069160681052 0.023246755455812958 0.033289458986004397 0.036414137785165814 -0.0003990103747934389 0.027037842199972427 0.0099269747453305905 0.02760422755139038
leaf_weight=67 65 60 76 71 75 243 170 42 41 54 364 208 381 123 43 108 45 58 45 173 83 137 145
leaf_count=67 65 60 76 71 75 243 170 42 41 54 364 208 381 123 43 108 45 58 45 173 83 137 145
internal_value=0.00387734 0.00507835 0.00451638 0.00322093 0.0127989 0.00646471 0.00805509 0.0130781 0.00373171 0.00647782 0.000867272 0.00271032 0.00331888 0.00539871 0.0037307 0.00195251 0.00529327 0.0068557 0.00927594 0.00225488 0.00371094 0.00504484 0.00527123
internal_weight=2877 2055 1920 1158 135 762 478 109 284 369 822 1087 879 345 269 534 153 146 103 458 285 220 315
internal_count=2877 2055 1920 1158 135 762 478 109 284 369 822 1087 879 345 269 534 153 146 103 458 285 220 315
cat_boundaries=0 1
cat_threshold=12
is_linear=0
shrinkage=0.045


Tree=30
num_leaves=24
num_cat=0
split_feature=9 6 24 9 2 9 6 8 18 3 0 8 18 18 4 6 26 3 25 24 4 25 6
split_gain=3.44133 2.24549 1.50736 2.20744 2.46984 2.28217 1.4793 1.25018 1.07139 1.16448 1.03166 1.01309 0.95167 1.32749 0.870829 0.880411 0.749355 0.727379 0.726258 0.732527 1.12747 0.722636 0.912384
threshold=0.48550075542692911 0.39187696428765489 0.00011375587849972187 0.15907130925019997 9.1723362103671029 0.20838405046894518 0.21557721493184209 9.9703655036951258 32.500000000000007 0.060973157818705978 12.683627240716346 9.4513469974440536 15.500000000000002 30.500000000000004 0.2440413705774209 0.034941943973587034 19.500000000000004 0.10358861242703236 0.0057875753632385387 0.00037615052069905804 -0.091148855982882526 0.0031610829274455626 0.16261881508395223
decision_type=10 10 2 8 8 10 8 10 2 10 8 10 2 2 10 10 2 8 2 2 8 2 8
left_child=1 2 3 11 5 -5 -4 -3 14 -10 18 -1 -13 -14 15 17 -9 -6 19 -8 -21 22 -2
right_child=21 7 6 4 8 -7 10 16 9 -11 -12 12 13 -15 -16 -17 -18 -19 -20 20 -22 -23 -24
leaf_value=0.030991654049423001 0.010102972810302598 0.029497685560554085 -0.000515818563562387 0.013090932869693197 -0.00037640121540886637 0.027729732378694659 -0.0012910072142793651 0.023777958023710258 0.041500653860776893 0.018049323048263618 0.052478124676332026 0.02486540245676 0.03609737932794678 0.024612677793702381 0.021984878765395208 0.0038376830720041957 0.016869954967957075 0.026457063527077416 0.011377869429822746 0.014109126268270754 0.0057825570406278151 -0.004044493092029788 0.0063241107857689811
leaf_weight=68 145 41 248 49 40 74 151 53 47 48 92 77 42 49 78 413 51 82 51 40 169 255 454
leaf_count=68 145 41 248 49 40 74 151 53 47 48 92 77 42 49 78 413 51 82 51 40 169 255 454
internal_value=0.0035609 0.00459728 0.00415404 0.00524229 0.004125 0.00994643 0.00259317 0.00995777 0.00307595 0.00746173 0.00398864 0.00907531 0.0109474 0.0140984 0.00236323 0.00169377 0.0125327 0.005004 0.0029837 0.0022314 0.0039375 0.00117094 0.00202201
internal_weight=2817 1963 1818 1067 831 123 751 145 708 95 503 236 168 91 613 535 104 122 411 360 209 854 599
internal_count=2817 1963 1818 1067 831 123 751 145 708 95 503 236 168 91 613 535 104 122 411 360 209 854 599
is_linear=0
shrinkage=0.045


Tree=31
num_leaves=24
num_cat=1
split_feature=5 6 23 23 5 21 5 25 23 5 25 25 6 23 5 0 10 26 7 0 25 2 6
split_gain=3.82031 3.01277 2.63077 2.23221 1.85875 2.82619 1.91848 1.87518 1.82326 1.65059 1.44455 1.26004 1.41168 1.44466 1.13597 0.969016 0.929063 0.886433 0.87215 0.858986 0.723293 0.653562 1.46439
threshold=0.5878793554405185 0.37344116728644478 0.0018501931866774788 0.0026797026708704715 0.16478283046840461 0 0.30271977837144487 0.0025939297013374369 0.00085321052994657769 0.3676998998529401 0.0021531341717117842 0.0031726949922928137 0.14131722224929996 0.0026547129663614388 0.23553902951304703 9.2016560294273351 1.0000000180025095e-35 25.500000000000004 0.026465241236310652 12.008260273029538 0.0048307899726302327 9.2063969127589189 0.14131722224929996
decision_type=10 10 2 2 8 1 10 2 2 10 2 2 8 2 10 10 10 2 8 10 2 8 10
left_child=1 2 4 20 7 21 17 19 -2 11 -8 -4 -13 14 18 -15 -9 -7 -14 -1 -3 22 -6
right_child=8 3 9 -5 5 6 10 16 -10 -11 -12 12 13 15 -16 -17 -18 -19 -20 -21 -22 -23 -24
leaf_value=0.012019305991401167 0.032383760311496847 0.032486368204550038 0.00059979607701499376 0.0045382141835305454 0.025093715875736056 0.054680696708752342 0.0095728378875476316 0.049052052692395084 -0.0015920053686108531 -0.0022376390792513551 0.026776973559411044 -0.0025015603458866625 0.0081510458268147373 0.040122476552887136 0.022464670162509852 7.6895391982162076e-05 0.021971504372037362 0.00015557579887100125 0.019504563503446558 0.05600149654016235 0.020887367179869665 0.011765904293572819 -0.0063050930034257366
leaf_weight=74 57 72 204 75 54 53 45 79 560 275 79 66 78 53 46 121 40 64 55 45 56 529 46
leaf_count=74 57 72 204 75 54 53 45 79 560 275 79 66 78 53 46 121 40 64 55 45 56 529 46
internal_value=0.00328791 0.00416128 0.00362195 0.00936044 0.00508731 0.00409794 0.00814075 0.00860788 0.000156048 0.001803 0.0123307 0.00308027 0.004484 0.00560604 0.00841896 0.00261864 0.0125594 0.00418125 0.00607169 0.00444467 0.012916 0.00235163 0.00567961
internal_weight=2826 2209 2006 203 1108 870 241 238 617 898 124 623 419 353 179 174 119 117 133 119 128 629 100
internal_count=2826 2209 2006 203 1108 870 241 238 617 898 124 623 419 353 179 174 119 117 133 119 128 629 100
cat_boundaries=0 1
cat_threshold=78
is_linear=0
shrinkage=0.045


Tree=32
num_leaves=24
num_cat=2
split_feature=5 6 26 5 25 9 6 1 7 26 0 4 9 21 25 2 1 21 9 1 10 4 24
split_gain=3.45095 2.14308 1.86376 2.1951 1.13148 0.911515 0.869995 1.69223 3.36148 0.934244 1.13723 0.879605 0.799054 0.888118 1.08882 0.773873 1.12366 0.702933 0.78969 0.911354 1.147 0.921707 0.590935
threshold=0.50659533192084216 0.37344116728644478 47.500000000000007 0.1315384018392137 0.0054868060037674641 0.2574345282948422 0.21557721493184209 12.429557918542548 0.012607667501171557 27.000000000000004 9.3378954725358039 0.33677911192423532 0.8616987032915 0 0.0025544205362843793 10.875377592458095 9.1106395265034195 1 0.47818619460288941 10.482006697055438 0.0051721361123469459 -0.12516850095329488 0.00027192389105018896
decision_type=10 10 2 8 2 8 8 10 10 2 10 10 8 1 2 10 10 1 10 10 8 8 2
left_child=1 2 6 -4 5 -3 9 11 -9 -1 -11 17 13 14 -2 16 -5 -8 19 21 -21 -19 -22
right_child=12 4 3 15 -6 -7 7 8 -10 10 -12 -13 -14 -15 -16 -17 -18 18 -20 20 22 -23 -24
leaf_value=-0.00024879361437200328 0.0042741903653487449 0.0023762694987342738 0.033981745799557546 0.022066145883328614 0.016834952020900497 0.029601021921822655 -0.0024164159829828972 0.069709939668180926 0.024768493642147438 0.026959829439600309 0.0060439236121697408 0.0093736894203598122 -0.0035000776800330102 -0.00081291397437749087 0.013845237408115862 0.040682084503843849 0.015013120595597784 0.0096676104277297718 0.0026593697083099827 0.0062928242523177021 0.019930098814922827 0.0060356548083056218 0.012598471550954834
leaf_weight=329 189 44 97 40 59 74 153 40 65 52 183 46 246 283 121 59 167 43 148 50 50 260 58
leaf_count=329 189 44 97 40 59 74 153 40 65 52 183 46 246 283 121 59 167 43 148 50 50 260 58
internal_value=0.0030724 0.00408007 0.00361367 0.00649795 0.0087875 0.0059876 0.00289307 0.00375082 0.0090625 0.00149206 0.00363971 0.00302959 0.000644002 0.00153649 0.00313467 0.00429926 0.002925 0.00264118 0.00329542 0.00426239 0.00701553 0.00277206 0.00956757
internal_weight=2856 2017 1840 363 177 118 1477 913 105 564 235 808 839 593 310 266 207 762 609 461 158 303 108
internal_count=2856 2017 1840 363 177 118 1477 913 105 564 235 808 839 593 310 266 207 762 609 461 158 303 108
cat_boundaries=0 1 2
cat_threshold=192 6
is_linear=0
shrinkage=0.045


Tree=33
num_leaves=24
num_cat=1
split_feature=5 6 23 23 5 24 18 5 19 2 19 4 2 5 21 23 26 4 5 3 2 6 5
split_gain=3.84881 3.9922 2.43615 1.71805 1.50891 1.29526 2.27229 1.30558 1.14543 1.07422 0.947363 0.915911 1.01872 0.729918 1.97291 1.84377 1.335 0.952203 0.789004 0.771427 0.790334 1.50942 0.839989
threshold=0.61115578304226814 0.40577126454687834 0.0018501931866774788 0.0027560363354494732 0.3676998998529401 0.00011009028013705839 11.500000000000002 0.27331690372394896 0.71800000000000008 10.287957763489738 0.52690000000000003 -0.096287846625625881 10.314060585308164 0.16478283046840461 0 0.00069000560501246736 25.500000000000004 -0.023470898600492226 0.08974378559868211 0.49168216782040886 9.3772481051084338 0.14976437412073226 0.46099464536488749
decision_type=10 10 2 2 10 2 2 10 2 10 2 10 10 10 1 2 2 10 10 8 8 10 10
left_child=1 2 10 8 5 6 -4 11 -3 -8 -1 12 -7 15 17 -12 -17 -15 -18 20 21 -16 -22
right_child=-2 3 4 -5 -6 7 9 -9 -10 -11 13 -13 -14 14 19 16 18 -19 -20 -21 22 -23 -24
leaf_value=0.014456053480745234 -0.00043673988260828237 0.028304660591237648 0.015853366659028707 0.0082937020504326147 -0.001637245114328633 -0.0010023208964138927 -0.0019384657011661936 0.0073610228957761564 0.033640981373943002 0.037481145277048905 0.055215625477909348 -0.001721369202094199 0.028377408289566017 0.004329829568219052 0.022769225157539676 0.054133491290098271 0.015969551118484263 0.025541074161342915 0.020074541731190578 0.0451121434461043 0.0024998719065694171 0.0018624583108026074 0.01013325362447808
leaf_weight=192 576 40 49 46 332 65 75 103 41 51 72 261 60 43 40 57 160 71 65 48 297 60 93
leaf_count=192 576 40 49 46 332 65 75 103 41 51 72 261 60 43 40 57 160 71 65 48 297 60 93
internal_value=0.00315233 0.00396848 0.00350865 0.0116481 0.00185586 0.00308995 0.00638343 0.00187957 0.0155089 0.00303488 0.00487469 0.000659383 0.0037793 0.00542765 0.00449313 0.00709664 0.00535263 0.00967323 0.00370066 0.00311161 0.00260142 0.0061165 0.0016603
internal_weight=2897 2321 2194 127 996 664 175 489 81 126 1198 386 125 1006 652 354 282 114 225 538 490 100 390
internal_count=2897 2321 2194 127 996 664 175 489 81 126 1198 386 125 1006 652 354 282 114 225 538 490 100 390
cat_boundaries=0 1
cat_threshold=144
is_linear=0
shrinkage=0.045


Tree=34
num_leaves=24
num_cat=1
split_feature=5 6 23 23 5 21 5 5 3 2 6 14 2 8 7 2 1 1 18 24 8 18 23
split_gain=3.764 2.34729 2.3081 1.55448 1.43452 1.2295 3.04339 1.55256 1.35031 1.89028 1.17243 1.28155 1.57861 2.06845 1.052 1.02625 1.53059 1.65088 0.775766 2.24724 0.780696 0.719328 1.41086
threshold=0.61115578304226814 0.40577126454687834 0.0015950176343311575 0.0033445702619253584 0.40395985863404915 0 0.30271977837144487 0.1315384018392137 0.5415094014830274 10.934472336490696 0.15224150713395837 1.0000000180025095e-35 11.527460993281286 12.093769933665987 0.0017205213292538798 9.5231381366112657 10.695886790591988 12.063849162887546 14.500000000000002 0.00041464458510374685 9.2462435153854781 32.500000000000007 0.00085321052994657769
decision_type=10 10 2 2 10 1 10 8 8 8 8 2 10 10 10 10 10 10 2 2 10 2 2
left_child=1 2 5 -3 10 6 -1 15 21 -10 -4 12 14 -14 -12 -7 -17 -18 19 -16 -20 -9 -23
right_child=-2 3 4 -5 -6 7 -8 8 9 -11 11 -13 13 -15 18 16 17 -19 20 -21 -22 22 -24
leaf_value=0.0055729775658765503 -0.00063869207499751065 0.023745383585923707 -0.001380553987158467 0.0027021467169828059 -0.0022247178691998373 0.0040860630806884108 0.024588800883724209 0.010551895750753753 0.020586555017369695 0.054750598208573212 -0.0041865753512080632 0.0022094853425746051 0.063886376642227488 0.0019390467837848311 0.013095426058957501 0.040722230744356151 -0.0071840476653369208 0.043539765628389286 -0.014526742135364937 0.0038306962499252213 0.009646255391577695 0.025089542189684028 -0.0091576263760258982
leaf_weight=63 551 91 136 41 304 40 77 525 55 51 76 191 41 41 43 65 50 44 44 66 142 49 43
leaf_count=63 551 91 136 41 304 40 77 525 55 51 76 191 41 41 43 65 50 44 44 66 142 49 43
internal_value=0.0028848 0.00369114 0.00332317 0.00946667 0.00185465 0.00481268 0.00882353 0.00403797 0.00308988 0.00772018 0.00287356 0.00367233 0.00496875 0.0105353 0.00366377 0.0075854 0.00918056 0.00524227 0.00486997 0.00785491 0.00302381 0.00226089 0.00587368
internal_weight=2829 2278 2146 132 1084 1062 140 922 723 106 780 644 453 82 371 199 159 94 295 109 186 617 92
internal_count=2829 2278 2146 132 1084 1062 140 922 723 106 780 644 453 82 371 199 159 94 295 109 186 617 92
cat_boundaries=0 1
cat_threshold=144
is_linear=0
shrinkage=0.045


Tree=35
num_leaves=24
num_cat=0
split_feature=23 6 8 18 23 8 2 6 24 6 6 4 23 8 8 6 18 18 23 4 4 6 25
split_gain=3.14015 1.53577 1.2168 1.36841 1.78608 1.03167 1.06481 1.56778 1.51897 0.967041 1.41215 0.961459 1.03451 0.980375 0.741063 0.735834 0.730602 0.708882 0.702234 0.662198 1.49602 1.01233 0.872016
threshold=0.0010855998969896269 0.39187696428765489 9.4513469974440536 11.500000000000002 0.0023633577590072676 12.395791673240581 9.9899264804879397 0.14976437412073226 6.2998257463990729e-05 0.24876639924695781 0.090927569672476685 -0.059104615519409029 0.0006992012984947776 10.409755202791748 8.5366748501811731 0.10434045863627836 18.500000000000004 28.500000000000004 0.0030619877224720257 0.032084730043532766 0.0070733475074267384 0.26250855953062507 0.0030622624397682314
decision_type=2 10 10 2 2 10 8 8 2 10 8 8 2 10 8 8 2 2 2 10 10 10 2
left_child=5 14 -3 -4 -5 6 7 8 -1 10 -8 -12 13 -13 -2 -16 -7 -14 19 20 -17 -21 -23
right_child=1 2 3 4 -6 16 9 -9 -10 -11 11 12 17 -15 15 18 -18 -19 -20 21 -22 22 -24
leaf_value=0.01917524206083359 -0.0022795699236304013 -0.0011639831809688323 0.0060584050521819664 0.020157307105422132 0.0045879317864964643 0.054958684522709453 -0.0011727489227869037 0.018558743161972608 0.021699970920846336 -0.0058819346234385613 0.0080969075082914302 0.026808870175714705 0.027426824117083876 0.056989776227417813 -0.0038623774013474398 0.010194345402834707 0.035002998740606098 0.007397686497435536 -0.00046935003558728724 -0.00051000026330743579 0.023975237708078887 0.0029319530895104274 0.012264198995096459
leaf_weight=61 222 49 47 40 49 50 116 175 55 59 71 57 89 40 193 586 43 48 233 299 59 87 83
leaf_count=61 222 49 47 40 49 50 116 175 55 59 71 57 89 40 193 586 43 48 233 299 59 87 83
internal_value=0.00282169 0.001815 0.00568484 0.00783453 0.0110299 0.00507612 0.00450291 0.00665051 0.0106639 0.0031677 0.00392158 0.00551542 0.0068924 0.0104175 0.00139972 0.00174984 0.00953906 0.00422679 0.00212167 0.00259042 0.00352431 0.00129184 0.00403179
internal_weight=2811 1947 185 136 89 864 771 291 116 480 421 305 234 97 1762 1540 93 137 1347 1114 645 469 170
internal_count=2811 1947 185 136 89 864 771 291 116 480 421 305 234 97 1762 1540 93 137 1347 1114 645 469 170
is_linear=0
shrinkage=0.045


Tree=36
num_leaves=24
num_cat=2
split_feature=5 4 21 5 25 0 1 4 21 5 1 24 19 0 7 18 8 19 4 7 4 7 8
split_gain=2.01419 2.57429 1.15019 1.53881 1.44649 1.44261 2.90363 1.88596 1.53922 1.31029 1.61525 1.11178 1.0318 1.27373 0.855628 0.817414 1.7179 0.662754 0.616361 0.594414 0.44683 0.413296 0.646073
threshold=0.5878793554405185 0.4957878864500565 0 0.21320597686886142 0.0058419405351089531 9.1692640089571444 12.009990006903363 0.2142051647990125 1 0.30271977837144487 11.515964135274841 6.8572675579754486e-05 0.72965000000000013 11.809922029771721 0.029753855809748837 13.500000000000002 9.9216846430149968 0.79630000000000012 -0.020187443109853844 0.014049228053336945 0.10284873310658027 0.018880034640169654 11.630250063428674
decision_type=10 10 1 8 2 10 8 8 1 10 8 2 2 10 8 2 10 2 8 8 10 10 10
left_child=1 2 4 12 17 6 7 11 9 -7 15 -5 13 18 -6 -11 -17 -1 -4 -19 -20 22 -2
right_child=21 -3 3 5 14 8 -8 -9 -10 10 -12 -13 -14 -15 -16 16 -18 19 20 -21 -22 -23 -24
leaf_value=-0.001694648834931786 0.0032233079951207318 0.021242931477757281 0.040697702387994146 0.020864239904865783 0.014290706654282545 0.0014513054818905281 0.085868941423135628 -0.003672771133874948 0.0010704782779256624 0.023859051884999746 0.0011989284878511583 0.0013921683925171582 0.018317907947035486 0.028713747579049268 0.013408666537494436 0.0077565742698364184 0.022595546339518009 0.028243873061169027 -0.00078214879512020089 -0.0063876034229951931 0.020296929914900331 -0.0050906298237712389 0.028902093484498435
leaf_weight=421 322 43 44 79 98 153 42 128 519 50 83 59 180 45 40 42 56 40 47 43 54 267 40
leaf_count=421 322 43 44 79 98 153 42 128 519 50 83 59 180 45 40 42 56 40 47 43 54 267 40
internal_value=0.00236413 0.00298876 0.00276651 0.00341452 0.00109237 0.00264848 0.00529582 0.00346282 0.00173096 0.00383123 0.00604808 0.00705319 0.00597185 0.0082772 0.0051383 0.00882119 0.0111832 -1.7752e-05 0.00600507 0.0035843 0.0038726 0.000110363 0.00109726
internal_weight=2895 2266 2223 1581 642 1211 308 266 903 384 231 138 370 190 138 148 98 504 145 83 101 629 362
internal_count=2895 2266 2223 1581 642 1211 308 266 903 384 231 138 370 190 138 148 98 504 145 83 101 629 362
cat_boundaries=0 1 2
cat_threshold=11 208
is_linear=0
shrinkage=0.045


Tree=37
num_leaves=24
num_cat=0
split_feature=23 5 5 6 25 9 23 9 5 23 5 26 5 5 1 0 18 6 3 15 3 0 8
split_gain=2.51867 1.57942 1.50341 1.43946 1.6908 1.54134 1.76924 1.26884 1.1584 1.7133 1.06751 1.38003 0.923492 1.94506 1.17385 1.08502 0.924953 0.859429 0.72216 0.931957 1.24262 0.638917 0.544191
threshold=0.0014102273930167867 0.16478283046840461 0.46099464536488749 0.20658713572503942 0.0036272246092585573 0.35253036859324655 0.0031358324185198276 0.11054144310045093 0.079523372069441239 0.00070948970027791801 0.80905815230801137 35.500000000000007 0.37142845059497515 0.61115578304226814 10.94640395619828 13.12567890906041 21.500000000000004 0.25182608848724369 0.42253257321298837 2.5000000000000004 -0.072743983638082543 9.8197696589583909 8.8934319461747879
decision_type=2 8 10 8 2 10 2 8 10 2 10 2 10 10 8 8 2 10 10 2 8 10 10
left_child=1 8 3 -2 -5 6 7 -6 -1 -10 11 12 15 14 -14 -3 -15 -9 19 -13 22 -7 -21
right_child=2 10 -4 4 5 21 -8 17 9 -11 -12 18 13 16 -16 -17 -18 -19 -20 20 -22 -23 -24
leaf_value=0.014380051260037907 -0.0012304302617700499 0.0043253939235993856 -0.0020329183113385247 0.0021520790557770361 0.012159306678785984 0.014718355195519704 0.0018672112558624002 0.028296820722464609 0.052374836298103293 0.01498150474449814 -0.0050275483513720302 -0.0025828834910285735 0.021185563781678837 -0.00084018513704827444 0.020134078407368059 0.028706571432994082 0.027360839956307247 0.015019885747135666 0.017380665986855431 0.012177311917992017 0.043707534627374756 -0.003901493091096081 -0.00082306600690521361
leaf_weight=119 264 129 538 310 40 53 104 59 41 85 102 293 75 71 47 55 60 88 53 47 45 67 73
leaf_count=119 264 129 538 310 40 53 104 59 41 85 102 293 75 71 47 55 60 88 53 47 45 67 73
internal_value=0.00233056 0.00378756 0.00108666 0.0021293 0.00316678 0.00504891 0.00680357 0.00939079 0.00703125 0.0100116 0.00301282 0.00348265 0.00533352 0.00709277 0.011124 0.00283957 0.00317351 0.011295 0.00187792 0.00127874 0.00395089 0.000731707 0.00146341
internal_weight=2818 1295 1523 985 721 411 291 187 245 126 1050 948 437 253 122 184 131 147 511 458 165 120 120
internal_count=2818 1295 1523 985 721 411 291 187 245 126 1050 948 437 253 122 184 131 147 511 458 165 120 120
is_linear=0
shrinkage=0.045


Tree=38
num_leaves=24
num_cat=1
split_feature=9 24 8 2 0 6 9 6 9 21 10 18 6 0 2 6 0 9 10 1 2 18 9
split_gain=1.99539 1.69315 1.73823 1.51961 1.46917 1.2991 1.18656 0.992688 1.57294 1.21295 0.811294 0.691017 1.14031 0.554751 0.544262 0.750201 0.746186 0.807925 0.668108 0.649335 0.831056 0.538057 1.93544
threshold=0.16633387908165823 0.00014793812478692688 12.154056100384489 11.076822741161626 10.662315832795601 0.09321217078554371 0.6885620464635277 0.39187696428765489 0.50930833046912605 0 -0.037826907557666316 32.500000000000007 0.16600857902747998 9.5901606968599644 12.252402798704933 0.2966968889926011 11.528606001430575 0.54028617372383636 0.037096151395015715 11.254912049150812 10.819137038148526 4.5000000000000009 0.27837696091346381
decision_type=8 2 10 8 8 10 10 10 8 1 8 2 10 10 10 8 8 10 8 8 8 2 10
left_child=1 2 3 4 5 -1 7 9 -9 10 -2 14 13 -13 16 -16 17 18 -12 20 -20 22 -11
right_child=6 -3 -4 -5 -6 -7 -8 8 -10 21 11 12 -14 -15 15 -17 -18 -19 19 -21 -22 -23 -24
leaf_value=0.028249017693636608 0.017228719337396458 0.0024380250063528999 0.046542411872996924 -0.0060784710170062109 0.047554443448696936 0.0072627880644661937 -0.0012604550175728993 0.017216230160956646 -7.6292607864853498e-05 0.0087832870339788639 -0.0026854883081359518 0.038913589188963607 0.0015962134973954017 0.018871242178998018 0.029730067425872791 0.048695292319503279 -0.0044041353130185963 0.011746193161136387 0.0064635578573738568 -0.0011690284020983955 0.019384506872456731 -0.00080366173119289475 -0.0081986787568074492
leaf_weight=40 120 141 52 63 40 102 410 85 67 46 212 42 84 56 67 40 158 84 181 85 50 549 60
leaf_count=40 120 141 52 63 40 102 410 85 67 46 212 42 84 56 67 40 158 84 181 85 50 549 60
internal_value=0.00222541 0.0050102 0.0069225 0.00521673 0.00727297 0.00493448 0.00171071 0.00216516 0.00563226 0.00186908 0.00272001 0.00233263 0.00484054 0.00806436 0.00179744 0.00476591 0.00136805 0.00207805 0.00140678 0.00270846 0.00393269 0.000286302 0.0031789
internal_weight=2834 438 297 245 182 142 2396 1986 152 1834 1179 1059 182 98 877 107 770 612 528 316 231 655 106
internal_count=2834 438 297 245 182 142 2396 1986 152 1834 1179 1059 182 98 877 107 770 612 528 316 231 655 106
cat_boundaries=0 1
cat_threshold=212
is_linear=0
shrinkage=0.045


Tree=39
num_leaves=24
num_cat=2
split_feature=5 21 5 24 1 16 7 10 19 5 9 0 2 19 24 19 10 5 9 4 21 10 5
split_gain=2.04353 1.01916 1.4094 1.21482 1.26314 1.94475 1.11298 0.923518 0.894723 1.02043 0.965765 1.08707 0.856389 1.41055 0.625456 0.587188 0.578681 0.505731 0.491477 0.47271 0.506942 0.573517 0.573395
threshold=0.61115578304226814 0 0.15052463162541826 0.00016920189988994444 12.063849162887546 3.5000000000000004 0.014618372838895334 -0.032812397026222122 0.52690000000000003 0.29279935287466463 0.47255933585619331 10.314839920857297 12.36896660367203 0.78900000000000015 8.6585989255147998e-05 0.81820000000000015 1.0000000180025095e-35 0.42545518160357093 0.67033974573282185 -0.29637193950616147 1 -0.018889236869007592 0.2529920891853043
decision_type=10 1 8 2 10 2 10 10 2 8 8 8 8 2 2 2 8 8 8 10 1 10 10
left_child=1 -1 3 4 5 6 -3 8 -4 -10 11 -11 13 17 -13 19 -8 -12 -19 -9 21 -21 -23
right_child=-2 2 7 -5 -6 -7 16 15 9 10 12 14 -14 -15 -16 -17 -18 18 -20 20 -22 22 -24
leaf_value=-0.0018818393329052888 -0.0010759735343588231 -0.00053625804378245603 0.0076196740958889737 0.0028393786201251566 0.045846250235711657 0.02361420171580297 0.031748175158297108 -0.0057918737080783515 0.0031670072632459488 0.026367688011126208 0.015832761616576558 0.00099964979247329079 0.049596917645826868 0.01636527384143428 0.034197396867714773 -0.0038138764094651045 0.0072339508974549232 0.0084806426626735012 -0.007042979298738667 -0.00308078893285069 0.0051363065450097918 -0.0033202927975454176 0.012727046077897576
leaf_weight=194 544 94 285 72 50 43 45 56 142 44 44 40 70 41 47 130 44 73 118 43 358 44 196
leaf_count=194 544 94 285 72 50 43 45 56 142 44 44 40 70 41 47 130 44 73 118 43 358 44 196
internal_value=0.00196516 0.00255745 0.00284046 0.00546154 0.00680645 0.00524672 0.00310887 0.00232137 0.00331422 0.00427211 0.00526406 0.00854664 0.00395845 0.00277419 0.005325 0.00122801 0.00662772 0.0013708 0.00033634 0.00174536 0.00209278 0.00347382 0.00444444
internal_weight=2817 2273 2079 348 276 226 183 1731 904 619 477 131 346 276 87 827 89 235 191 697 641 283 240
internal_count=2817 2273 2079 348 276 226 183 1731 904 619 477 131 346 276 87 827 89 235 191 697 641 283 240
cat_boundaries=0 1 2
cat_threshold=2 209
is_linear=0
shrinkage=0.045


Tree=40
num_leaves=24
num_cat=2
split_feature=5 6 3 1 18 21 5 21 1 5 2 1 0 25 25 6 18 26 16 2 18 18 16
split_gain=1.38005 1.30003 1.14439 2.65849 0.857795 0.839011 1.53169 0.87443 1.38483 1.19589 0.753625 0.612869 0.623732 0.553778 0.539917 0.948935 0.478112 0.750158 0.648415 0.389115 0.413899 0.811094 0.890683
threshold=0.5878793554405185 0.39187696428765489 0.39443695624401626 12.009990006903363 7.5000000000000009 0 0.14150601783701697 1 11.132233457076342 0.28001218757486462 12.488319272057749 11.180128764121232 10.296125899105812 0.0023262983533200239 0.004585620203062744 0.17958347253822848 16.500000000000004 46.000000000000007 1.0000000180025095e-35 8.466052414077339 23.500000000000004 31.500000000000004 1.0000000180025095e-35
decision_type=10 10 8 10 2 1 8 1 10 10 10 8 10 2 2 8 2 2 2 8 2 2 2
left_child=1 2 5 4 -4 -1 16 8 9 -8 -9 12 -3 -11 15 -6 17 -7 -18 -2 -21 22 -22
right_child=19 11 3 -5 14 6 7 10 -10 13 -12 -13 -14 -15 -16 -17 18 -19 -20 20 21 -23 -24
leaf_value=-0.00026048462065080105 0.015363503943360446 0.022820181067316991 0.021951324170528419 0.076973465489646328 0.020956914885651538 -0.018344348436167997 0.0060191312899468526 0.00027214119613503101 -0.0014642218683461347 0.015736159343659625 0.020896124142204479 0.0029070501112231813 0.015474537260092141 0.017673445830324375 0.033007558213121936 -0.0022867249328098541 0.020701022088500096 0.021118048868252678 0.042152797653560656 -0.0035021642725985595 0.028144011977059461 -0.0045381106857857595 -0.00058218855930355993
leaf_weight=538 42 55 77 44 65 43 73 631 83 60 49 64 40 42 41 168 45 53 55 407 42 105 43
leaf_count=538 42 55 77 44 65 43 73 631 83 60 49 64 40 42 41 168 45 53 55 407 42 105 43
internal_value=0.00170633 0.00223486 0.00192717 0.00409862 0.00272669 0.00140776 0.00209111 0.00134378 0.00350369 0.00587781 0.000454545 0.006125 0.0083801 0.00895714 0.00151083 0.000638771 0.00569849 0.00327273 0.00786408 -0.000136683 -0.000438751 0.00128238 0.00447443
internal_weight=2865 2226 2067 395 351 1672 1134 938 258 175 680 159 95 102 274 233 196 96 100 639 597 190 85
internal_count=2865 2226 2067 395 351 1672 1134 938 258 175 680 159 95 102 274 233 196 96 100 639 597 190 85
cat_boundaries=0 1 2
cat_threshold=35 192
is_linear=0
shrinkage=0.045


Tree=41
num_leaves=24
num_cat=0
split_feature=5 23 6 4 6 2 0 3 9 0 23 18 0 2 6 2 6 0 4 4 9 5 23
split_gain=1.64152 1.59247 1.94321 1.97749 1.05084 1.02929 1.6631 0.962006 0.689533 0.926351 0.778218 0.587555 0.517092 1.1563 1.67628 1.05805 0.493673 0.459761 0.430987 0.399016 0.368605 0.483508 1.10618
threshold=0.71901706980912539 0.0021203429490795609 0.32838744532495134 -0.038912662111669896 0.41186402419680501 10.843244375406806 11.219140538316037 0.12760359073127028 0.19499125099829309 11.909474305454962 0.00063528794558700508 11.500000000000002 9.4178933036531944 8.8082555194695633 0.16096963460896499 11.288675617193034 0.090927569672476685 10.362009570337351 0.33677911192423532 0.018573532335914748 0.28502126808527134 0.41596736918247312 0.00085321052994657769
decision_type=10 2 10 10 8 10 10 8 8 8 2 2 10 8 8 8 10 8 10 8 8 10 2
left_child=1 2 8 -4 18 17 -7 -5 9 11 -10 -1 13 -12 -15 -16 -14 -6 -3 -13 -18 22 -22
right_child=-2 4 3 7 5 6 -8 -9 10 -11 12 19 16 14 15 -17 20 -19 -20 -21 21 -23 -24
leaf_value=0.016835850167911472 -0.0018591811465026424 -0.00052795091873385127 0.0093704312850507229 0.030001550701250237 0.0055268629661290583 0.047308531024580741 0.0017639360378273329 0.020434940996964027 0.032256653364058814 0.024477430703385848 -0.0023623481289779453 0.031869042738384576 -0.0019299285553340284 0.021651031220784475 -0.00044506051179527966 0.042451995304730747 -0.0051741450065375802 -0.0074270095131577819 0.0060961238492573799 -0.0061710182043194818 -0.005888948771882228 0.001296355484868175 0.025697823085108405
leaf_weight=69 349 661 64 64 87 41 58 40 57 77 85 62 256 52 102 40 76 62 52 67 66 221 91
leaf_count=69 349 661 64 64 87 41 58 40 57 77 85 62 256 52 102 40 76 62 52 67 66 221 91
internal_value=0.00167104 0.00208214 0.00300251 0.00752632 0.000651192 0.00315538 0.00663971 0.011271 0.00241144 0.00441097 0.00187464 0.00270895 0.00156729 0.00319947 0.00509391 0.00245172 0.000915147 0.000754934 -0.0002294 0.000869318 0.00180197 0.00237402 0.00426094
internal_weight=2799 2450 1489 168 961 248 99 104 1321 275 1046 198 989 279 194 142 710 149 713 129 454 378 157
internal_count=2799 2450 1489 168 961 248 99 104 1321 275 1046 198 989 279 194 142 710 149 713 129 454 378 157
is_linear=0
shrinkage=0.045


Tree=42
num_leaves=24
num_cat=2
split_feature=23 5 0 2 21 5 23 21 8 2 2 2 19 4 3 23 18 8 4 5 5 18 24
split_gain=1.69213 1.5875 1.26885 1.26251 1.13843 1.12665 0.671572 0.736404 1.52903 1.58601 1.01395 0.61796 0.575425 0.601036 0.71808 0.634848 0.557313 0.90136 0.516315 0.493178 0.691315 0.989624 0.466261
threshold=0.001087889931982768 0.21814205815846391 11.909474305454962 11.047885707542294 0 0.71901706980912539 0.0024812631531228257 1 10.834352657457961 10.752706513540142 10.287957763489738 10.406633316563282 0.65895000000000015 0.2142051647990125 0.0094334135399075699 0.0015950176343311575 13.500000000000002 9.8903682910061033 0.45433114276547687 0.3153951970394786 0.38923713688771627 7.5000000000000009 0.00030142354805071564
decision_type=2 8 10 8 1 10 2 1 8 10 8 8 2 8 10 2 2 10 8 8 10 2 2
left_child=1 2 3 16 11 6 7 8 10 -10 -2 -3 -9 14 -14 -16 -1 -18 -8 -6 21 -21 -17
right_child=5 4 -4 -5 19 -7 18 12 9 -11 -12 -13 13 -15 15 22 17 -19 -20 20 -22 -23 -24
leaf_value=0.041015952925582785 0.0079559462036692136 0.008949748741705784 0.041592587018618926 -0.018319366995561696 -0.0071396830733379884 -0.0021813515575778799 -0.00040019464409275817 -0.00053331948471421634 0.0047865379092642373 0.026517453588985589 -0.0103581023385237 0.024134087113512025 0.0048572403620520547 -0.00054858169922292015 0.020138530527246453 -0.00099827652665364212 0.019923125895382122 -0.0036612115474327469 0.014429965294926147 0.026964664762071665 -0.00046835910436155825 0.015058086462705208 0.0057045057904477883
leaf_weight=63 64 77 66 46 103 274 498 295 47 69 82 66 207 138 62 46 41 41 100 45 186 167 47
leaf_count=63 64 77 66 46 103 274 498 295 47 69 82 66 207 138 62 46 41 41 100 45 186 167 47
internal_value=0.00167578 0.00328291 0.00625673 0.00427964 0.00207264 0.000921195 0.00136384 0.0020441 0.00407454 0.00801681 0.00111745 0.0054375 0.00129486 0.00223658 0.00319315 0.00548259 0.00630912 0.00365294 0.000157237 0.000958657 0.00169451 0.00343256 0.00297656
internal_weight=2830 901 257 191 644 1929 1655 1057 262 116 146 143 795 500 362 155 145 82 598 501 398 212 93
internal_count=2830 901 257 191 644 1929 1655 1057 262 116 146 143 795 500 362 155 145 82 598 501 398 212 93
cat_boundaries=0 1 2
cat_threshold=160 25
is_linear=0
shrinkage=0.045


Tree=43
num_leaves=24
num_cat=2
split_feature=2 4 21 8 9 6 21 2 8 6 9 6 2 8 4 7 4 10 5 5 5 19 7
split_gain=1.69063 2.8141 0.775274 0.738563 0.766212 0.650042 1.02794 0.85276 1.25613 1.01099 0.991244 0.964454 0.844262 1.15432 0.780631 0.643155 0.578988 0.56509 0.552765 0.498935 0.435238 0.420013 0.38291
threshold=12.252402798704933 0.40529982188288943 0 13.070361374963785 0.17461915874115017 0.32838744532495134 1 9.1723362103671029 8.1957087548625562 0.16096963460896499 0.19499125099829309 0.20444140124112467 11.181669004746743 9.1767881649961129 0.13336022980398263 0.015091941633185677 0.042727460548580412 0.014403346376572106 0.2529920891853043 0.18576173007285182 0.44754045782213142 0.67540000000000011 0.012607667501171557
decision_type=10 8 1 8 10 10 1 8 8 8 10 10 8 10 8 10 10 8 10 8 10 2 10
left_child=5 2 -2 4 -4 6 7 8 -1 -10 11 14 13 -7 19 18 -6 -17 -15 -9 -12 -22 -5
right_child=1 -3 3 22 16 12 -8 10 9 -11 20 -13 -14 15 -16 17 -18 -19 -20 -21 21 -23 -24
leaf_value=-0.0010767399272200826 -0.0020768440764910713 0.078852615253623401 0.034765971788321151 0.038559038533626057 0.0017064517372022291 -0.00019456595500022468 -0.0012546024836347567 0.033282308730363697 0.017490594242564026 0.015024597343859202 -0.0016385933657153498 -0.0032297337041237322 -0.00207682251337701 -0.0007104144832761161 0.0039643505846765816 0.0086985997460207829 0.026116447419834554 0.017748308927480645 0.015423744594857838 0.017446437595688327 0.0085306115992761639 0.0001820389203623194 -0.0067446453203140024
leaf_weight=84 100 47 51 40 53 99 807 85 44 69 368 85 121 43 136 64 40 51 70 104 59 174 57
leaf_count=84 100 47 51 40 53 99 807 85 44 69 368 85 121 43 136 64 40 51 70 104 59 174 57
internal_value=0.00134732 0.00409719 0.00260974 0.00388878 0.00606122 0.000909671 0.000563057 0.00138575 0.00408375 0.00711853 0.000863165 0.00256053 0.00245454 0.00363409 0.00366997 0.00537662 0.00344531 0.00772246 0.00285129 0.00551953 -0.000301739 0.0012108 0.000967499
internal_weight=2851 388 341 241 144 2463 2015 1208 197 113 1011 410 448 327 325 228 93 115 113 189 601 233 97
internal_count=2851 388 341 241 144 2463 2015 1208 197 113 1011 410 448 327 325 228 93 115 113 189 601 233 97
cat_boundaries=0 1 2
cat_threshold=193 164
is_linear=0
shrinkage=0.045


Tree=44
num_leaves=24
num_cat=0
split_feature=23 6 8 5 9 23 3 0 1 0 26 8 17 6 8 0 6 24 6 26 6 23 6
split_gain=1.91026 1.66493 1.35507 1.38646 0.995002 1.0504 0.801332 0.857912 2.23104 0.769976 0.688261 1.78118 1.19225 1.70623 0.72045 0.69697 0.688712 0.682897 0.624822 0.599994 0.526732 0.919779 0.512277
threshold=0.0012027659087802676 0.23586693409452789 12.473656338175152 0.24740864239337557 0.48550075542692911 0.002803229701851759 -0.032269810120650992 11.420122607621956 10.695886790591988 10.844630431850591 34.500000000000007 8.4872178589546596 1.0000000180025095e-35 0.16261881508395223 9.8245008900169815 9.9751063284057278 0.038254267259519394 0.00033476266443054759 0.17116982508518921 19.500000000000004 0.32838744532495134 0.0016365208149581208 0.20444140124112467
decision_type=2 8 10 10 8 2 8 10 10 10 2 8 2 8 8 10 10 2 10 2 10 2 10
left_child=2 -2 9 -4 5 6 19 8 17 10 11 -1 15 -14 -13 -12 -17 -8 -18 -3 -6 -22 -11
right_child=1 4 3 -5 20 -7 7 -9 -10 22 12 14 13 -15 -16 16 18 -19 -20 -21 21 -23 -24
leaf_value=0.013246669401045215 -0.0015656448785483891 0.0085688457192352133 0.038941694835343668 0.014794661672692198 -0.0012348627612963764 0.0025303604769793017 0.0039122304291310632 0.00043408957672039927 0.032310955896917855 0.019079479774001196 -0.0014726204799559253 0.023819610974267404 0.023614665291979985 -0.0026853075877096913 0.034214461604078997 0.027580703235402713 -0.0083379781398154346 0.0053330430943148953 0.033137482319681555 -0.00085903362332421932 0.014803019348740327 0.0010616544420336972 -0.0045328048158295815
leaf_weight=81 673 42 42 57 400 197 63 44 40 221 203 40 50 40 43 40 73 54 51 81 64 172 90
leaf_count=81 673 42 42 57 400 197 63 44 40 221 203 40 50 40 43 40 73 54 51 81 64 172 90
internal_value=0.00147617 0.000601472 0.00302248 0.00796323 0.00163513 0.00308731 0.00465138 0.00638603 0.00791719 0.0024738 0.00338582 0.00587425 0.00246033 0.00701613 0.0103866 0.00129527 0.0034491 0.00455625 0.00170079 0.00173214 0.000436619 0.00210879 0.000637738
internal_weight=2861 1830 1031 99 1157 521 324 201 157 932 621 164 457 90 83 367 164 117 124 123 636 236 311
internal_count=2861 1830 1031 99 1157 521 324 201 157 932 621 164 457 90 83 367 164 117 124 123 636 236 311
is_linear=0
shrinkage=0.045


Tree=45
num_leaves=24
num_cat=0
split_feature=23 5 23 6 18 18 4 18 8 18 6 6 2 5 0 8 5 6 18 2 10 2 4
split_gain=1.45696 1.03653 0.805506 1.04866 0.697825 2.09391 0.910332 0.590672 1.69386 0.800042 0.733795 1.29642 0.850388 0.736989 0.890491 0.756741 0.590048 0.541021 0.556519 1.7394 0.56023 0.643242 0.564645
threshold=0.00046562969589548339 0.5878793554405185 0.0022334722246545665 0.36600423516877162 5.5000000000000009 1.5000000000000002 0.10284873310658027 32.500000000000007 10.055011089585273 23.500000000000004 0.074975895624439251 0.1273547944663975 10.466922656877815 0.32426228444652122 10.820836704407791 12.268927908631674 0.27331690372394896 0.16600857902747998 5.5000000000000009 10.53075494805986 -0.048957966513394562 9.9486036860023983 1.0000000180025095e-35
decision_type=2 10 2 10 2 2 8 2 8 2 8 8 10 10 10 10 10 8 2 8 10 10 10
left_child=-1 2 3 4 5 -2 -7 9 -9 10 -6 16 -13 14 -14 -16 -12 -4 19 -19 21 -20 -23
right_child=1 -3 17 -5 7 6 -8 8 -10 -11 11 12 13 -15 15 -17 -18 18 20 -21 -22 22 -24
leaf_value=0.038630610244582225 -0.0048396272727697087 -0.0007439637054195118 -0.0049914775895984346 0.020159579321110902 -0.013941355031203074 0.016067185738966972 0.028947373314381932 0.023005412424436149 0.0024465178094924002 -0.0018091125138274507 0.014085617185683711 -0.0010672767435335997 0.040814575736733333 -0.010278094172272758 0.0028984634674937494 0.01890550659898475 0.015937285826124643 0.0098992133234464159 -0.00070197208281761922 -0.0012943728442913938 -0.0011221234676875359 0.031899730666858854 0.00026378337470971488
leaf_weight=40 59 615 160 93 77 51 53 68 158 310 45 202 40 64 86 44 41 43 104 76 305 59 55
leaf_count=40 59 615 160 93 77 51 53 68 158 310 45 202 40 64 86 44 41 43 104 76 305 59 55
internal_value=0.00119326 0.00106617 0.00152357 0.00217737 0.00183666 0.00456777 0.0083271 0.00143344 0.00347817 0.000915296 0.00187251 0.00247714 0.00145558 0.00328481 0.00481214 0.00287594 0.00743258 0.000385714 0.000969767 0.00370697 0.000329372 0.00205656 0.00434615
internal_weight=2848 2808 2193 1391 1298 163 104 1135 226 909 599 522 436 234 170 130 86 802 642 119 523 218 114
internal_count=2848 2808 2193 1391 1298 163 104 1135 226 909 599 522 436 234 170 130 86 802 642 119 523 218 114
is_linear=0
shrinkage=0.045


Tree=46
num_leaves=24
num_cat=0
split_feature=23 6 1 18 6 1 5 19 6 6 4 16 3 5 3 1 5 4 23 6 6 2 18
split_gain=1.29328 1.21617 1.0084 1.27499 0.924811 0.997957 1.09061 1.05866 0.803607 0.79609 0.716415 1.07599 0.897351 0.613452 0.60998 0.896173 0.912819 0.543566 0.475451 0.571678 0.69219 0.428673 0.568872
threshold=0.0013312671834932583 0.21557721493184209 12.66163107485292 18.500000000000004 0.1443858122115789 9.7099200932123342 0.1315384018392137 0.68545000000000011 0.45107692115107939 0.10434045863627836 0.0070733475074267384 -1.0000000180025095e-35 0.15736137690787619 0.71901706980912539 0.26492921677439152 10.866829850568955 0.57869878619226711 0.074597338128394225 0.0022992431255304934 0.32838744532495134 0.36086088339472211 9.1391670885947551 13.500000000000002
decision_type=2 8 10 2 8 10 10 2 10 10 10 2 8 10 8 10 8 10 2 10 10 10 2
left_child=2 -2 4 -4 5 7 -7 -1 13 -8 -6 -12 17 14 18 16 -16 -13 19 -3 -21 22 -20
right_child=1 8 3 -5 10 6 9 -9 -10 -11 11 12 -14 -15 15 -17 -18 -19 21 20 -22 -23 -24
leaf_value=0.0062027992928654534 -0.0026153319184077633 0.00049354444871325769 0.035707462478885531 0.0026426446425871887 -0.00060877599383106788 0.019933324227778527 -0.0096559082158301588 0.015926882317572617 0.010215194003757316 0.015762250427340908 -0.0027535773891335779 0.024696087354218219 0.0093633693673115543 -0.0057684678837745468 0.0055822317142399892 0.028563607254788563 -0.0027450679445901859 0.0076225541157202703 0.007616632846695586 0.014684842991441519 0.0060287640519094471 -0.0020191781089732336 -0.0012215880889882211
leaf_weight=60 515 206 72 49 363 62 114 73 48 63 105 42 114 136 80 66 87 68 42 42 60 285 61
leaf_count=60 515 206 72 49 363 62 114 73 48 63 105 42 114 136 80 66 87 68 42 42 60 285 61
internal_value=0.00117214 0.000347639 0.00230114 0.00615121 0.00184723 0.003648 0.0018688 0.00673346 0.00118347 3.74995e-05 0.000867625 0.00237876 0.00412335 0.000916432 0.0013302 0.00330826 0.00149559 0.00696903 0.000656652 0.00196785 0.00467143 -0.000391305 0.00205896
internal_weight=2813 1628 1185 121 1064 372 239 133 1113 177 692 329 224 1065 929 233 167 110 696 308 102 388 103
internal_count=2813 1628 1185 121 1064 372 239 133 1113 177 692 329 224 1065 929 233 167 110 696 308 102 388 103
is_linear=0
shrinkage=0.045


Tree=47
num_leaves=24
num_cat=2
split_feature=9 6 1 25 21 18 4 26 18 21 5 4 1 1 9 25 19 1 8 25 3 19 6
split_gain=1.06002 0.730133 1.08494 0.834942 0.618228 0.57464 0.702546 0.853713 0.614496 0.558437 0.829994 0.989344 0.563045 0.706704 0.474647 0.654309 0.530345 0.57464 1.23479 0.468089 0.599986 0.404294 0.350844
threshold=0.38028657159530194 0.35607586527661655 12.574792231730182 0.0060214130086303054 0 15.500000000000002 -0.038912662111669896 22.500000000000004 32.500000000000007 1 0.10883662396485873 -0.047504726142666258 9.2288365443781366 8.8318555170914568 0.8616987032915 0.003129792919120192 0.65585000000000016 10.314839920857297 8.4576628211043197 0.0020152644939536615 -0.11084329429920768 0.66620000000000013 0.081871249253160791
decision_type=10 8 10 2 1 2 10 2 2 1 10 8 8 10 10 2 2 10 10 2 10 2 10
left_child=1 9 3 5 14 6 -3 -8 -7 -1 11 -11 13 -12 15 16 -2 18 -18 -19 -21 -17 -14
right_child=4 2 -4 -5 -6 8 7 -9 -10 10 12 -13 22 -15 -16 21 17 19 -20 20 -22 -23 -24
leaf_value=-0.00039398670680436881 0.0021186081591340346 0.002317456207382202 0.064522638681429295 0.0093966463013694518 -0.0029153501811616501 -0.0019102647601476142 0.020801755776558767 0.0077710073222427905 0.011794208115245912 0.03001262878251711 -0.0047093185080028287 0.0085279495806840112 -0.0086584074016991981 0.010871070762364106 -0.01455148718313325 0.0035183653935651261 -0.00015583458739544306 -0.00097579530419641025 0.018517145043957919 -0.00077548713852774759 0.0069236680294031423 -0.0046969652233860813 0.0029991176869923813
leaf_weight=240 167 83 47 45 404 175 41 41 81 57 49 150 89 69 91 93 52 47 71 54 72 141 477
leaf_count=240 167 83 47 45 404 175 41 41 81 57 49 150 89 69 91 93 52 47 71 54 72 141 477
internal_value=0.00111272 0.00185246 0.00325727 0.00256183 9.0376e-05 0.00190507 0.00395089 0.00682941 0.000555984 0.00120833 0.00171488 0.00421071 0.000969432 0.0037562 0.000820224 0.00123107 0.00220654 0.00334114 0.00566071 0.00162358 0.00303488 -0.000702532 0.000371704
internal_weight=2836 1644 513 466 1192 421 165 82 256 1131 891 207 684 118 788 697 463 296 123 173 126 234 566
internal_count=2836 1644 513 466 1192 421 165 82 256 1131 891 207 684 118 788 697 463 296 123 173 126 234 566
cat_boundaries=0 1 2
cat_threshold=225 67
is_linear=0
shrinkage=0.045


Tree=48
num_leaves=24
num_cat=3
split_feature=13 9 5 5 22 4 5 9 21 1 8 0 21 0 5 26 9 25 5 26 5 18 7
split_gain=1.09135 0.844728 0.833918 1.1087 1.17625 0.955992 0.519966 0.48228 0.467083 0.458031 0.416107 0.850288 1.04142 0.541561 0.535799 0.835636 0.535101 0.369602 0.520893 0.484542 0.532751 0.391036 0.368629
threshold=2.5543154480380736 0.38028657159530194 0.29279935287466463 0.33725875638272923 0 -0.10047773453503457 0.29801614435481327 0.29467036612957997 1 9.5504440001426598 8.4576628211043197 10.381589089876302 2 10.011372306972495 0.55776985603022833 29.500000000000004 0.62348332333254719 0.0054173700602840472 0.17088762901072987 41.000000000000007 0.061417702536852269 9.5000000000000018 0.015091941633185677
decision_type=2 8 8 10 1 10 10 10 1 10 10 10 1 10 10 2 8 2 10 2 10 2 10
left_child=1 2 8 4 5 -4 -6 -7 -1 -5 -3 12 13 14 15 -12 -15 18 19 -10 -21 -20 -19
right_child=-2 10 3 9 6 7 -8 -9 17 -11 11 -13 -14 16 -16 -17 -18 22 21 20 -22 -23 -24
leaf_value=-0.0050174879960755391 0.030493720806915946 -0.0015467855732255239 0.038650318601542243 0.009138154427852211 -4.8071174212275297e-06 0.018164120345373149 0.020107582657061449 0.016195092406390652 0.0049087599881369702 -0.0039449665421670606 0.015168288219099083 -2.3107721316467237e-05 -0.0018468008368299671 0.0055620904937018715 -0.0020688351641866701 0.00089576205255409349 0.023591077779481582 0.00076118641690117814 0.017663825009570117 0.0051908726088312146 0.012101353398877576 -0.003395716410141704 0.0074767080071089535
leaf_weight=108 41 582 41 40 107 47 41 41 157 102 53 704 143 41 48 61 48 40 40 47 73 165 41
leaf_count=108 41 582 41 40 107 47 41 41 157 102 53 704 143 41 48 61 48 40 40 47 73 165 41
internal_value=0.00109462 0.000981788 0.00195563 0.00352429 0.00516696 0.00809683 0.00184472 0.00573626 0.000964762 0.00027931 0.000347593 0.000862397 0.00252771 0.00416761 0.0027 0.00434615 0.00711685 0.00147266 0.00101134 0.00227411 0.00439024 -0.000703126 0.00425893
internal_weight=2811 2770 1090 419 277 129 148 88 671 142 1680 1098 394 251 162 114 89 563 482 277 120 205 81
internal_count=2811 2770 1090 419 277 129 148 88 671 142 1680 1098 394 251 162 114 89 563 482 277 120 205 81
cat_boundaries=0 1 2 3
cat_threshold=3 194 197
is_linear=0
shrinkage=0.045


Tree=49
num_leaves=24
num_cat=0
split_feature=5 1 4 18 26 4 18 9 26 26 18 6 8 6 5 18 0 3 4 1 8 4 9
split_gain=0.937537 0.787179 2.08854 1.01939 0.691413 0.643061 0.914359 1.40614 1.12361 1.5264 0.650528 0.528329 0.478368 0.4773 0.492757 0.375805 0.431891 0.327779 0.299498 0.571588 0.564843 0.378459 0.460184
threshold=0.38923713688771627 12.382154942404901 0.40529982188288943 18.500000000000004 16.500000000000004 0.052433616816095645 16.500000000000004 0.15208123735692167 20.500000000000004 41.000000000000007 27.500000000000004 0.16261881508395223 11.431796751138044 0.39187696428765489 0.59596898921116181 32.500000000000007 9.7362923451237524 0.12126229800378756 -0.043314436556788634 9.7099200932123342 8.4576628211043197 0.028290537430097622 0.59077386278803135
decision_type=10 10 8 2 2 8 2 8 2 2 2 8 10 10 10 2 10 10 10 8 10 10 8
left_child=1 4 3 -3 -1 6 7 -6 -9 -10 -8 -12 15 18 -15 -7 -17 -13 -2 20 -20 22 -21
right_child=13 2 -4 -5 5 12 10 8 9 -11 11 17 -14 14 -16 16 -18 -19 19 21 -22 -23 -24
leaf_value=-0.001062180683689629 -0.0023281169615951068 0.029532159322822354 0.068463474252465503 -0.004128464192409388 -0.0012556134818612868 -0.0012426517564659725 -0.0016774530991864908 0.012855136240209737 -1.9792652914038325e-05 0.037704564903871654 0.0092061542642704643 0.0044358013992995601 0.019769360207564247 0.010620749763196699 -0.00096595611590303979 -0.0075236565872420459 0.008544246187985648 -0.0081092621687234162 -0.00018415226598083966 -0.0099943500363842332 0.012011951658818406 -0.0011847136909498943 0.010531635615823589
leaf_weight=235 386 62 43 107 74 505 137 49 72 47 55 79 69 56 52 48 50 40 107 46 68 390 87
leaf_count=235 386 62 43 107 74 505 137 49 72 47 55 79 69 56 52 48 50 40 107 46 68 390 87
internal_value=0.00082874 0.00151522 0.00406046 0.00171366 0.00113807 0.00156657 0.00269919 0.00475714 0.007 0.00444467 0.00106767 0.00287288 0.000626666 -0.000135565 0.00267568 0.000211633 0.00271782 0.001125 -0.000422264 0.000134807 0.00233848 -0.000611693 0.00143934
internal_weight=2864 1672 212 169 1460 1225 553 242 168 119 311 174 672 1192 108 603 98 119 1084 698 175 523 133
internal_count=2864 1672 212 169 1460 1225 553 242 168 119 311 174 672 1192 108 603 98 119 1084 698 175 523 133
is_linear=0
shrinkage=0.045


Tree=50
num_leaves=24
num_cat=1
split_feature=23 6 23 9 18 23 25 2 8 25 2 5 1 9 6 6 6 6 5 23 21 23 24
split_gain=2.43343 1.19799 1.27477 1.16372 1.11619 0.966285 1.33128 0.757736 1.13922 0.606673 0.844255 0.749759 0.602372 0.52838 0.494569 0.483576 0.456311 0.422097 0.943069 0.336239 0.33563 0.660211 0.290796
threshold=0.00046562969589548339 0.39187696428765489 0.001293324672967319 0.57409710298271954 14.500000000000002 0.0023633577590072676 0.0031052357688835237 9.2457212713673158 8.5931610447255053 0.0019291030101314284 11.614134417906021 0.096925328966237539 10.928653839187499 0.17461915874115017 0.1959008943445491 0.32838744532495134 0.34043228435637102 0.074975895624439251 0.08974378559868211 0.00082335136117230219 0 0.0011951046165426904 6.2998257463990729e-05
decision_type=2 8 2 10 2 2 2 8 10 2 8 10 8 10 10 10 10 10 10 2 1 2 2
left_child=-1 2 7 4 5 6 12 8 22 -6 11 -11 -3 14 17 -4 -17 -9 -19 -20 21 -15 -2
right_child=1 3 15 -5 9 -7 -8 13 -10 10 -12 -13 -14 20 -16 16 -18 18 19 -21 -22 -23 -24
leaf_value=0.035928660311274445 0.01016610673694846 0.023610390631069577 -0.0013979889930275499 -0.0059795015988358124 -0.010483191107730662 0.0022228017702447464 0.013873914825741631 0.0087353667083577922 0.019089546988956704 -0.0010822156191817008 0.033396244395010134 0.0063691487639636283 0.025061507014845458 0.010169712583487287 -0.00054896394610246663 0.007912708355542546 -2.5966700407246946e-05 -0.0008993981908367142 0.02780201742803096 0.01935572391072431 -0.0019345341444976611 -0.0012766406604064167 -0.00030178462355765796
leaf_weight=45 48 54 955 141 64 64 40 73 50 185 59 61 50 57 94 59 202 45 48 40 321 56 56
leaf_count=45 48 54 955 141 64 64 40 73 50 185 59 61 50 57 94 59 202 45 48 40 321 56 56
internal_value=0.000966637 0.000794867 0.000252017 0.00237795 0.00327026 0.00588626 0.00789796 0.00154545 0.00438535 0.00176008 0.00259334 0.00139157 0.00496262 0.000934192 0.00237624 -0.000694012 0.0010142 0.00359569 0.00507904 0.00771429 -7.20829e-05 0.00191071 0.00159813
internal_weight=2867 2822 2104 718 577 208 144 888 154 369 305 246 104 734 300 1216 261 206 133 88 434 113 104
internal_count=2867 2822 2104 718 577 208 144 888 154 369 305 246 104 734 300 1216 261 206 133 88 434 113 104
cat_boundaries=0 1
cat_threshold=144
is_linear=0
shrinkage=0.045


Tree=51
num_leaves=24
num_cat=1
split_feature=23 23 6 23 2 8 8 6 2 8 8 21 25 18 26 10 2 8 24 18 19 3 19
split_gain=2.75565 0.864101 1.00368 0.621578 0.812916 0.62848 0.901568 0.591324 1.38911 0.923808 1.31691 0.633933 0.575837 0.574097 0.459993 0.674184 0.445271 0.434571 0.394769 0.392063 0.354112 0.349648 0.237954
threshold=0.00046562969589548339 0.0012226038453779478 0.32838744532495134 0.0030619877224720257 12.192248720906933 9.2068461846300149 9.9216846430149968 0.1443858122115789 12.36896660367203 8.8934319461747879 8.2594387577771577 0 0.0035197491389389016 32.500000000000007 51.500000000000007 -0.010671471739320397 10.819137038148526 8.7784843525504304 0.0005755832281942678 6.5000000000000009 0.7259500000000001 -0.020679134570773913 0.71665000000000012
decision_type=2 2 8 2 10 10 10 10 10 8 10 1 2 2 2 10 8 10 2 2 2 10 2
left_child=-1 7 22 4 5 18 -7 8 9 10 -2 17 -8 19 -13 -16 -14 -9 -4 -11 -21 -22 -3
right_child=1 2 3 -5 -6 6 12 11 -10 13 -12 14 16 -15 15 -17 -18 -19 -20 20 21 -23 -24
leaf_value=0.033334004448525384 -0.0028896301533871153 -0.0024537918185617577 -0.0016737945244594435 -0.003074460895315045 0.036967945252418963 0.017763760382370652 -0.0014850334890161951 0.0030350775251033724 0.033685821603456817 0.022052556725420308 0.011227685493157157 -0.0040094689916080409 0.0019990187369915706 0.01489292942871027 0.034648794187726956 -0.0008570202612270606 0.014640359027226629 0.02726341380954667 0.0060756991245215072 -0.0040955427913156456 -0.0032508794644999727 0.012216798301757667 -6.8315245275174302e-05
leaf_weight=42 40 471 254 195 42 41 88 68 40 69 49 233 50 67 40 68 44 49 40 218 40 52 573
leaf_count=42 40 471 254 195 42 41 88 68 40 69 49 233 50 67 40 68 44 49 40 218 40 52 573
internal_value=0.000850399 0.000674047 7.74564e-05 0.00132563 0.00208585 0.00157067 0.00335509 0.00170922 0.00266652 0.00202835 0.00613859 0.00049783 0.00192162 0.00117261 -0.000514831 0.00186486 0.00431443 0.00316731 0.000196969 0.000477094 -0.000215655 0.00208421 -0.000825215
internal_weight=2873 2831 1798 754 559 517 223 1033 575 535 89 458 182 446 341 108 94 117 294 379 310 92 1044
internal_count=2873 2831 1798 754 559 517 223 1033 575 535 89 458 182 446 341 108 94 117 294 379 310 92 1044
cat_boundaries=0 1
cat_threshold=200
is_linear=0
shrinkage=0.045


Tree=52
num_leaves=24
num_cat=1
split_feature=23 9 21 25 6 2 16 15 19 8 8 9 23 25 6 10 9 1 3 1 1 10 25
split_gain=1.41203 0.816989 0.820474 0.895694 2.11798 1.31412 0.910184 0.638544 0.446287 0.393059 0.382008 0.515153 0.291752 0.483081 0.361449 0.364425 0.401011 0.436582 0.315348 0.271898 0.588444 0.251565 0.459936
threshold=0.00046562969589548339 0.38028657159530194 0 0.0036272246092585573 0.41801760782487157 12.140193240681375 3.5000000000000004 2.5000000000000004 0.70255000000000012 10.25113929780415 11.141218937912006 0.18728183226518766 0.0014786393369465355 0.0025544205362843793 0.097316123545996738 -0.030818037639022824 0.56779891013967243 10.243385342914243 0.14817434539383359 10.267443623409395 9.4603953260143907 0.017258626535447855 0.0057875753632385387
decision_type=2 8 1 2 8 10 2 2 2 8 8 10 2 2 8 8 10 10 8 10 8 8 2
left_child=-1 2 -2 5 7 6 9 -5 -7 -4 11 -11 13 18 -15 -16 17 -17 19 20 -3 -14 -23
right_child=1 12 3 4 -6 8 -8 -9 -10 10 -12 -13 21 14 15 16 -18 -19 -20 -21 -22 22 -24
leaf_value=0.031681577189315913 -0.001290019469630382 -0.00054863730153424087 -0.0054100602933620616 -0.00019623371486165647 0.017256497138538458 0.017141775363168785 0.009783584287404298 0.0098449617673015914 0.023764019877109448 0.026390401032917697 -0.0008675956571291976 -0.0014892218454160837 -0.0023229278109443579 -0.003379462992092771 0.019355566146687816 0.014319691928197219 -0.0014372232622830616 0.0038014926743536923 -0.0028647733951642483 -0.0013650642358302432 0.024332660443845199 -0.0012551392298934018 0.0054007185890557873
leaf_weight=45 260 72 203 89 40 45 72 53 50 53 177 49 372 58 40 65 87 74 178 132 40 487 87
leaf_count=45 260 72 203 89 40 45 72 53 50 53 177 49 372 58 40 65 87 74 178 132 40 487 87
internal_value=0.000549982 0.000417534 0.00137591 0.00205006 0.00484054 0.00128029 0.000428186 0.00214138 0.00608418 -0.000287629 0.000805851 0.00295714 -0.00020177 0.000462616 0.00176147 0.00245911 0.00170961 0.00318486 -0.000540001 0.000510121 0.00211304 -0.000725501 -0.000132583
internal_weight=2828 2783 1091 831 182 649 554 142 95 482 279 102 1692 746 324 266 226 139 422 244 112 946 574
internal_count=2828 2783 1091 831 182 649 554 142 95 482 279 102 1692 746 324 266 226 139 422 244 112 946 574
cat_boundaries=0 1
cat_threshold=131
is_linear=0
shrinkage=0.045


Tree=53
num_leaves=24
num_cat=1
split_feature=23 5 2 4 25 21 25 18 2 0 0 3 7 2 9 2 2 18 23 2 5 2 2
split_gain=1.59251 0.821538 0.940448 2.65797 0.971537 0.686264 0.651449 0.67231 1.15976 0.770802 1.16262 0.886996 0.834015 0.621368 1.12252 0.749677 0.571331 0.519903 0.738841 0.474738 0.322649 0.385147 0.310235
threshold=0.00046562969589548339 0.40395985863404915 12.36896660367203 0.28874848555503529 0.0018723306288463801 0 0.0058419405351089531 15.500000000000002 11.181669004746743 9.5234901606175395 10.08331850292342 0.060973157818705978 0.014887246978587529 10.435032569578944 0.55950480457840046 9.7875434475424559 10.752706513540142 32.500000000000007 0.00075848014228532053 8.5576246043428821 0.084613420672163986 10.334284244639013 10.138265532090507
decision_type=2 10 10 8 2 1 2 2 8 8 10 8 10 10 8 8 10 2 2 10 10 8 10
left_child=-1 2 6 4 -4 13 7 8 9 12 -11 -12 -2 14 15 -3 -8 -9 -19 -16 -20 -22 -21
right_child=1 5 3 -5 -6 -7 16 17 -10 10 11 -13 -14 -15 19 -17 -18 18 20 22 21 -23 -24
leaf_value=0.031342713239352851 0.0033639261750472724 0.012632947389370297 0.028026153443382027 0.064343388871137941 -0.0048350141445160436 -0.0038604452066844206 0.0025565982756003817 -0.0012973377472691643 -0.0036570380862516378 -0.0042700045029150906 0.0046040066875166208 0.022583341630471789 0.014361984096194014 -0.0008261857738150626 0.012497437779193184 0.0032721535766806966 0.0087767110732024714 0.022963471093863753 -0.0024729391690289132 -0.0012536483677862817 0.0069812260903149813 -0.011690305776225979 0.01563706971954008
leaf_weight=46 47 44 53 42 86 462 68 596 186 114 92 91 45 337 55 42 40 50 85 144 50 41 45
leaf_count=46 47 44 53 42 86 462 68 596 186 114 92 91 45 337 55 42 40 50 85 144 50 41 45
internal_value=0.00086339 0.000722586 0.0013508 0.00438995 0.00128345 -0.000216652 0.000977287 0.000711964 0.00188798 0.00327742 0.0021225 0.00431855 0.00682105 0.000704779 0.00209459 0.00642135 0.0042973 -0.000114546 0.00170961 0.000510121 0.000301675 0.00213032 -0.000574219
internal_weight=2861 2815 1686 181 139 1129 1505 1397 575 389 297 183 92 667 330 86 108 822 226 244 176 91 189
internal_count=2861 2815 1686 181 139 1129 1505 1397 575 389 297 183 92 667 330 86 108 822 226 244 176 91 189
cat_boundaries=0 1
cat_threshold=193
is_linear=0
shrinkage=0.045


Tree=54
num_leaves=24
num_cat=2
split_feature=23 5 1 0 9 23 5 18 18 1 22 21 18 1 16 5 23 9 6 23 3 23 18
split_gain=1.83648 0.84012 0.973015 2.07973 0.79416 0.63726 0.587343 0.82352 2.15115 0.396044 0.394189 0.450631 0.803694 0.678835 0.803125 0.701071 0.629748 0.440165 0.350004 0.683589 0.288113 0.283009 0.288425
threshold=0.00046562969589548339 0.40395985863404915 12.118294476507399 10.416747459065169 0.097111482179700462 0.0010916897613754346 0.29279935287466463 15.500000000000002 10.500000000000002 9.4321760148322848 0 1 4.5000000000000009 10.267443623409395 3.5000000000000004 0.20656472917038834 0.0013860047048993493 0.18146403671996822 0.35047600486392194 0.0015950176343311575 0.23015218603283924 0.0010916897613754346 12.500000000000002
decision_type=2 10 8 10 8 2 10 2 2 10 1 1 2 10 2 10 2 8 10 2 10 2 2
left_child=-1 2 6 -4 -5 -6 10 8 -8 -9 11 12 -2 14 -14 16 17 -15 21 -20 -13 22 -3
right_child=1 18 3 4 5 -7 7 9 -10 -11 -12 20 13 15 -16 -17 -18 -19 19 -21 -22 -23 -24
leaf_value=0.028715316050797399 0.016968991547773638 -0.0082165994649391616 0.032450614182712258 0.019940019226646986 0.019254264133082108 -0.0044017487473661044 7.4288290514970876e-05 0.0065550561551926964 0.015171343399587853 -0.0026382991973620358 -0.0031791166291789213 -0.003205759817190749 -0.0046912181457994155 0.031175653932554264 0.0092886684528057841 -0.003377253212885659 0.0084391254610769427 -0.010815648189649385 0.011969418029351128 -0.001844432316622558 0.00092384703608747111 -0.0012861974744365738 0.0013903804146355545
leaf_weight=43 48 78 65 49 76 134 67 50 41 126 157 269 265 59 52 46 62 49 67 134 48 692 159
leaf_count=43 48 78 65 49 76 134 67 50 41 126 157 269 265 59 52 46 62 49 67 134 48 692 159
internal_value=0.000716449 0.000568937 0.00121143 0.00341284 0.00155439 0.000316901 0.000672317 0.00247735 0.00551351 0.000553072 0.000180765 0.000548298 0.00128409 0.000784981 -0.000541407 0.00271233 0.00403179 0.00186486 -0.000377317 0.0013125 -0.000797728 -0.000745977 0.000590624
internal_weight=2836 2793 1663 324 259 210 1339 284 108 176 1055 898 581 533 317 216 170 108 1130 201 317 929 237
internal_count=2836 2793 1663 324 259 210 1339 284 108 176 1055 898 581 533 317 216 170 108 1130 201 317 929 237
cat_boundaries=0 1 2
cat_threshold=6 108
is_linear=0
shrinkage=0.045


Tree=55
num_leaves=24
num_cat=1
split_feature=6 1 5 26 2 6 9 2 2 18 8 9 26 18 2 3 7 21 8 6 7 3 18
split_gain=0.721917 1.17101 0.605172 0.580127 0.941179 0.940826 1.06507 0.530666 0.428749 0.622827 0.743737 0.416357 0.415664 0.321489 0.446752 0.418341 0.292287 0.323429 0.521138 0.530192 0.536014 0.234039 0.223978
threshold=0.36600423516877162 12.66163107485292 0.5878793554405185 27.000000000000004 9.3772481051084338 0.16096963460896499 0.55565028551018203 11.181669004746743 12.140193240681375 30.500000000000004 9.8533366168166889 0.35934138474237259 19.500000000000004 7.5000000000000009 10.626006983172495 -0.016129510827171133 0.015746362436860211 0 9.7927502899711936 0.28581227357335465 0.0083205152981369029 0.032192293518011734 29.500000000000004
decision_type=8 10 8 2 8 10 8 8 10 2 10 10 2 2 10 10 10 1 10 10 10 8 2
left_child=3 2 7 16 5 6 -5 12 9 -6 -11 13 -2 -4 22 -16 17 18 -1 20 -20 -14 -15
right_child=1 -3 11 4 8 -7 -8 -9 -10 10 -12 -13 21 14 15 -17 -18 -19 19 -21 -22 -23 -24
leaf_value=-0.0091064402423753632 0.012288214741311438 0.024135215800794294 0.0089133257265669678 0.011080260452434943 -0.0015462824637405875 0.0030669644253441099 0.0012514614644867407 -0.00078687171579119527 0.016190054817052775 0.013408702942137841 -0.00036746885575361665 -0.0029983282062431616 0.0015274217054387 -0.0058979145720876695 0.024335062896810474 -0.00075654328272179632 -0.0015031799593122938 -0.0013079508188067936 -0.0075808730693221124 0.0067162076327865793 0.012394333025046946 0.0076372532810833451 0.01074094344491993
leaf_weight=96 45 69 58 57 523 75 40 65 67 54 84 264 56 87 47 42 527 317 65 41 60 46 45
leaf_count=96 45 69 58 57 523 75 40 65 67 54 84 264 56 87 47 42 527 317 65 41 60 46 45
internal_value=0.000611542 0.00173035 0.00120218 0.000150074 0.000996677 0.00396 0.0068175 0.00322326 0.000283173 -7.11602e-05 0.00258511 0.000399725 0.004695 0.00160372 0.000793526 0.0032038 -0.000539676 0.000158505 0.00129273 0.00284911 0.00131836 0.00295714 -0.000866667
internal_weight=2830 824 755 2006 900 172 97 212 728 661 138 543 147 279 221 89 1106 579 262 166 125 102 132
internal_count=2830 824 755 2006 900 172 97 212 728 661 138 543 147 279 221 89 1106 579 262 166 125 102 132
cat_boundaries=0 1
cat_threshold=176
is_linear=0
shrinkage=0.045


Tree=56
num_leaves=24
num_cat=1
split_feature=5 1 4 4 2 25 6 19 21 3 4 1 6 7 19 9 9 7 3 2 3 7 9
split_gain=0.687621 0.545699 0.91663 0.651493 0.44337 0.428593 0.790263 0.763725 0.533855 0.448528 0.450566 0.553344 0.41675 0.354843 0.321453 0.320026 0.316612 0.390933 0.361041 0.538127 0.368504 0.477195 0.36277
threshold=0.71901706980912539 13.333252133596451 0.12471389461944977 0.4957878864500565 8.299678765905032 0.0057875753632385387 0.37344116728644478 0.65225000000000011 0 0.39443695624401626 0.12175636235639681 12.382154942404901 0.35047600486392194 0.020428813032514048 0.6947000000000001 0.23141363562334236 0.19499125099829309 0.0073788045496306614 0.049484140994947558 9.1723362103671029 -0.016129510827171133 0.012943351376121107 0.62348332333254719
decision_type=10 10 8 10 10 2 8 2 1 10 8 8 10 8 2 10 8 10 10 10 8 10 8
left_child=1 3 -3 5 -2 8 15 -8 -1 10 12 -12 16 -13 -11 -7 17 -10 19 -18 22 -22 -21
right_child=4 2 -4 -5 -6 6 7 -9 9 14 11 13 -14 -15 -16 -17 18 -19 -20 20 21 -23 -24
leaf_value=-0.0016818027328007938 0.010983460325954644 -0.0011458216008286587 0.024130642587086987 0.0076882819557501959 -0.0030876789746775218 0.0054882718935183672 0.0023943872855865028 0.0049517239215098536 0.016865482006924584 0.0031743367878873776 -0.0013985453709286148 -0.00064301098143166094 0.017401610117275198 0.018054137297905143 0.016903812162210183 -0.0049106809919095828 0.0046438067076030173 0.0072859991746278031 -0.00079441250100059917 -0.0016515912396196009 -0.0072267274180444823 0.01872896899721577 0.010202788542750751
leaf_weight=507 43 57 43 50 319 40 42 49 40 58 503 44 74 45 62 81 78 116 269 148 41 59 75
leaf_count=507 43 57 43 50 319 40 42 49 40 58 503 44 74 45 62 81 78 116 269 148 41 59 75
internal_value=0.000456166 0.000723731 0.00393204 0.000584207 -0.00136849 0.0004714 0.00238605 0.00548138 0.000276743 0.000675692 0.000463545 -0.00049916 0.00109634 0.00271467 0.00329268 -1.81457e-05 0.000797949 0.00260377 0.000367756 0.00121968 0.000393404 0.00262136 -0.000627213
internal_weight=2843 2481 100 2381 362 2331 212 91 2119 1612 1492 592 900 89 120 121 826 156 670 401 323 100 223
internal_count=2843 2481 100 2381 362 2331 212 91 2119 1612 1492 592 900 89 120 121 826 156 670 401 323 100 223
cat_boundaries=0 1
cat_threshold=11
is_linear=0
shrinkage=0.045


Tree=57
num_leaves=24
num_cat=2
split_feature=5 1 21 5 2 9 9 16 0 2 16 3 21 10 19 19 24 4 7 3 7 9 5
split_gain=0.704651 0.986393 0.565453 0.633877 0.552242 0.938797 0.431073 0.805003 0.605773 0.848753 0.453489 0.449158 0.353357 0.410489 0.399138 0.604395 0.336183 0.297525 0.272321 0.346543 0.254395 0.222504 0.193106
threshold=0.40395985863404915 13.333252133596451 0 0.30859208125794885 12.252402798704933 0.29467036612957997 0.20148922534346927 -1.4999999999999998 9.1692640089571444 8.8082555194695633 -1.0000000180025095e-35 -0.027443630075561769 1 0.017258626535447855 0.64275000000000015 0.7259500000000001 0.00018775382661279232 -0.078970852192863275 0.0073788045496306614 0.15262055330662852 0.010526387596488261 0.12714616333732745 0.15052463162541826
decision_type=10 10 1 10 10 8 10 2 8 10 2 10 1 10 2 2 2 8 10 10 10 8 10
left_child=1 2 3 -1 6 -6 7 -4 9 -8 -9 22 13 -2 -15 -16 -10 -18 -13 -20 -17 -21 -12
right_child=12 -3 4 -5 5 -7 8 10 16 -11 11 18 -14 14 15 20 17 -19 19 21 -22 -23 -24
leaf_value=-0.0031231890314151996 -0.00061763381012396739 0.020484967204269313 0.029743141371449268 0.0064115037170910903 0.0007317829557631489 0.029900421134746603 -0.0022006948570834151 -0.0012291539133578073 -0.0060878768208697696 0.014014109760560309 0.010542341558537123 0.0084753792913461606 -0.003590240546523499 -0.0033512648168332669 0.013167438085012391 0.0027691302568797933 0.008508921740851251 -0.00042602857135934521 0.015850467859664104 -0.0065893895447482146 -0.0045930962135894184 0.0053418345075240004 -0.0023969974402230456
leaf_weight=347 532 59 58 75 65 52 42 106 278 43 132 59 366 41 62 51 40 128 53 53 57 53 48
leaf_count=347 532 59 58 75 65 52 42 106 278 43 132 59 366 41 62 51 40 128 53 53 57 53 48
internal_value=0.000417409 0.000994834 0.000781651 -0.000631035 0.00126942 0.00418125 0.000958713 0.00182389 3.79208e-05 0.0034517 0.00122485 0.00191895 -0.000463355 0.000110119 0.00177687 0.00273121 -0.000631404 0.000947368 0.00327828 0.00223611 0.000648648 0.000701834 0.000245901
internal_weight=2800 1691 1632 422 1210 117 1093 562 531 85 504 398 1109 743 211 170 446 168 218 159 108 106 180
internal_count=2800 1691 1632 422 1210 117 1093 562 531 85 504 398 1109 743 211 170 446 168 218 159 108 106 180
cat_boundaries=0 1 2
cat_threshold=131 225
is_linear=0
shrinkage=0.045


Tree=58
num_leaves=24
num_cat=1
split_feature=5 2 3 3 24 22 8 2 9 10 9 18 1 6 5 9 18 25 18 18 5 3 2
split_gain=0.871001 1.10714 2.78161 2.02167 0.698404 0.593398 0.587542 1.34132 0.543993 0.760632 0.695487 0.651764 0.584181 0.308643 0.278936 0.296019 0.379854 0.462734 0.771661 0.642476 0.741435 0.452149 0.248879
threshold=0.40395985863404915 12.140193240681375 -0.08442729284681641 -0.12723072263387822 6.8572675579754486e-05 0 9.1767881649961129 8.8082555194695633 0.36983549509217656 -1.0000000180025095e-35 0.29953816944745609 32.500000000000007 10.845751829708405 0.35607586527661655 0.74229626112328273 0.54028617372383636 6.5000000000000009 0.0031610829274455626 31.500000000000004 22.500000000000004 0.65976067900674984 0.090811771288374796 9.7875434475424559
decision_type=10 10 10 8 2 1 8 10 10 10 10 2 10 10 10 8 2 2 2 2 10 8 10
left_child=1 5 3 -3 -4 6 7 -1 9 10 11 12 -7 -8 15 22 -17 18 19 20 21 -18 -2
right_child=14 2 4 -5 -6 8 13 -9 -10 -11 -12 -13 -14 -15 -16 16 17 -19 -20 -21 -22 -23 -24
leaf_value=-0.0010659397832025195 0.00054826073042322154 0.010121935174731825 0.014314008783247492 0.057757608179025928 -0.0021456549270117324 -0.00026192253122156071 -0.0019810808622267931 0.013097688751186583 -0.0008182884979508145 3.4853465121436205e-05 0.017499503358594168 0.017218010268164771 0.0078506128899294425 0.0031232903680759685 -0.0030434588115066602 -0.0050806938334703412 0.011884350781715966 -0.002647735442485344 -0.0056845088045433404 0.016064695054975698 -0.0048691517510372354 0.0055193438552027102 -0.0022655267847518389
leaf_weight=87 109 52 48 42 135 148 555 76 152 195 48 57 76 45 303 103 43 133 72 56 51 40 210
leaf_count=87 109 52 48 42 135 148 555 76 152 195 48 57 76 45 303 103 43 133 72 56 51 40 210
internal_value=0.00049454 0.00113089 0.00372054 0.00988144 0.00044758 0.000625693 -0.000240658 0.00212801 0.00158055 0.00228842 0.00359864 0.00268574 0.00154625 -0.000895523 -0.000480855 -4.66469e-05 0.000637724 0.00127198 0.00236038 0.00384715 0.00206934 0.00463081 -0.00111103
internal_weight=2836 1716 277 94 183 1439 763 163 676 524 329 281 224 600 1120 817 498 395 262 190 134 83 319
internal_count=2836 1716 277 94 183 1439 763 163 676 524 329 281 224 600 1120 817 498 395 262 190 134 83 319
cat_boundaries=0 1
cat_threshold=12
is_linear=0
shrinkage=0.045


Tree=59
num_leaves=24
num_cat=2
split_feature=23 0 2 5 5 21 24 2 5 21 18 0 0 25 18 26 2 26 25 19 6 2 4
split_gain=0.865593 0.840769 0.921291 0.35347 0.810647 0.944835 0.637779 0.628056 0.557726 0.520901 0.49273 1.25263 0.499189 0.484695 0.378424 0.831922 0.648361 0.447042 0.329948 0.338546 0.293642 0.291116 0.859817
threshold=0.00070948970027791801 11.756721371048673 10.030326787667759 0.39836832825739188 0.27331690372394896 0 6.0661858288719428e-05 11.329607037458649 0.33206659613335526 1 6.5000000000000009 10.314839920857297 10.168239639561497 0.0058419405351089531 13.500000000000002 29.500000000000004 9.7875434475424559 28.500000000000004 0.0021404941128980348 0.72005000000000008 0.17116982508518921 12.428523507093034 -0.032821551748431967
decision_type=2 8 8 10 10 1 2 8 10 1 2 10 8 2 2 2 10 2 2 2 10 10 10
left_child=1 2 -1 4 10 -6 -7 8 -8 14 11 12 -2 21 15 16 -5 -16 -19 -20 -4 -12 -23
right_child=3 -3 20 9 5 6 7 -9 -10 -11 13 -13 -14 -15 17 -17 -18 18 19 -21 -22 22 -24
leaf_value=0.017296285073101238 0.0036698131693285517 0.022216719424123083 -0.0038918404868535073 0.010968072953056471 -0.0030058992124387977 0.020584160019403799 0.013750541678582738 -0.00061910858237535892 0.0043716384684825624 -0.0045656454326972011 -0.0022895458774727056 -0.005478903197536 0.020833172614628505 0.0043940386872888442 -0.0032390991454887387 -0.0056047445035500723 0.0042972425147438185 -0.00068700177621389884 -0.00031708264458228902 0.0087770972048180455 0.014851164180907392 0.021663250308505001 -0.0044666532526617423
leaf_weight=41 55 73 136 59 112 52 50 51 66 443 723 92 41 78 254 89 89 41 60 63 54 40 55
leaf_count=41 55 73 136 59 112 52 50 51 66 443 723 92 41 78 254 89 89 41 60 63 54 40 55
internal_value=0.000353457 0.00260912 0.00124038 7.78015e-05 0.000547425 0.00248578 0.00408297 0.00281912 0.00461344 -0.000527248 -4.96785e-05 0.00202618 0.00554545 -0.000490546 0.000286302 0.00171562 0.00375497 -0.000523754 0.00129341 0.00244643 -0.000116581 -0.000816688 0.00149235
internal_weight=2817 304 231 2513 1415 331 219 167 116 1098 1084 188 96 896 655 237 148 418 164 123 190 818 95
internal_count=2817 304 231 2513 1415 331 219 167 116 1098 1084 188 96 896 655 237 148 418 164 123 190 818 95
cat_boundaries=0 1 2
cat_threshold=41 193
is_linear=0
shrinkage=0.045


Tree=60
num_leaves=24
num_cat=0
split_feature=23 16 1 9 23 6 4 23 16 7 7 9 6 1 6 25 6 4 4 8 26 8 9
split_gain=1.10368 0.941912 1.00532 0.538891 0.634431 0.597715 0.5624 0.537057 0.488197 0.343571 0.380782 0.784692 0.310297 0.446489 0.445253 0.437564 0.404926 0.285432 0.285307 0.339167 0.374685 0.385032 0.28459
threshold=0.0008178325168701966 3.5000000000000004 11.689754254851673 0.6885620464635277 0.0022992431255304934 0.35047600486392194 0.17100188884816533 0.00070948970027791801 -1.0000000180025095e-35 0.037099333762213783 0.042361397622788254 0.50319602871360358 0.15826394499672952 9.4321760148322848 0.28311012637335492 0.0023262983533200239 0.1136243667242363 0.035358557725320025 0.45433114276547687 9.2869818955315981 19.500000000000004 8.5931610447255053 0.18728183226518766
decision_type=2 2 8 10 2 10 8 2 2 8 10 8 8 8 10 2 10 10 8 8 2 10 8
left_child=1 2 22 4 5 9 8 -4 -7 12 11 -11 13 -2 -14 -16 -15 -18 19 20 21 -6 -1
right_child=3 -3 7 -5 18 6 -8 -9 -10 10 -12 -13 14 16 15 -17 17 -19 -20 -21 -22 -23 -24
leaf_value=0.01427148922458839 0.0078426432574472231 0.017654748374095874 0.026918129614599877 -0.0024527093166642599 -0.0054493907444661807 0.0069018476990112005 -0.002507589485688552 2.9051482536575577e-05 0.011461495322585481 0.017554540031368495 -0.00026764300714585479 -0.0014844058574551976 -0.0012010985414920169 -0.0023347993973945095 -0.0017144202740208316 0.0044646343151020463 0.010289127452840965 0.0029515764826789819 0.001191523446790148 -0.0017505807093516361 -0.010844400114242335 0.0026938918971707677 -0.00083844274252585353
leaf_weight=104 66 51 73 384 41 40 40 42 68 52 115 67 432 141 57 82 40 53 118 465 62 58 196
leaf_count=104 66 51 73 384 41 40 40 42 68 52 115 67 432 141 57 82 40 53 118 465 62 58 196
internal_value=0.000278684 0.00227399 0.00153409 -0.000114199 0.000183374 0.000800756 0.00345695 0.00505297 0.00510811 0.000436597 0.0019557 0.00370697 2.31688e-05 0.00118812 -0.000591899 0.00160035 0.000246835 0.00250781 -0.000855422 -0.00123768 0.00053506 0.00222794 0.000148514
internal_weight=2847 466 415 2381 1997 1253 148 115 108 1105 234 119 871 300 571 139 234 93 744 626 161 99 300
internal_count=2847 466 415 2381 1997 1253 148 115 108 1105 234 119 871 300 571 139 234 93 744 626 161 99 300
is_linear=0
shrinkage=0.045


Tree=61
num_leaves=24
num_cat=1
split_feature=24 0 2 2 4 6 5 18 18 4 4 10 3 9 10 6 10 25 4 5 21 5 4
split_gain=0.622056 0.929798 1.26784 0.924475 0.471974 0.423425 0.374279 0.493199 1.44036 0.326156 1.16026 0.501564 0.473928 0.667999 0.424189 0.326587 0.438891 0.323796 0.29396 0.196888 0.184748 0.343385 0.285177
threshold=7.7296474657487184e-05 8.1207387355315621 10.787544616020597 12.428523507093034 0.42934772952275618 0.32838744532495134 0.71901706980912539 18.500000000000004 10.500000000000002 1.0000000180025095e-35 0.018573532335914748 0.017258626535447855 -0.17490471659635123 0.17461915874115017 -0.003037665536171671 0.1959008943445491 0.049636617047257962 0.0025727900161354018 -0.026610648384183002 0.42545518160357093 0 0.14150601783701697 0.023802388095359523
decision_type=2 10 8 10 10 10 10 2 2 10 10 10 10 8 10 8 8 2 8 10 1 8 10
left_child=3 2 -2 9 5 20 7 8 19 15 -11 12 -12 -14 -15 16 17 -1 -9 -7 21 -3 -23
right_child=1 4 -4 -5 -6 6 -8 18 -10 10 11 -13 13 14 -16 -17 -18 -19 -20 -21 -22 22 -24
leaf_value=0.0020010770645828143 -0.0061294989304967566 0.0043254961677548897 0.026278357640206758 0.026234919263024084 0.0031787807241256336 -0.0054063867371997882 -0.0052665605601850216 0.0030262246641442254 0.01740422340214829 0.017522249543471185 0.010232512238043008 -0.0040268156203479479 0.010510331631460305 -0.0024206072435697993 0.0095038972424581151 -0.0015793759695042651 0.010615112982682568 -0.0016308755614862403 -0.002599869196785066 0.0018168774019409859 -0.0011825122809602697 -0.0052561868056515684 6.5022760594782172e-05
leaf_weight=65 56 48 44 45 64 49 77 62 55 44 73 102 69 181 45 281 77 114 110 56 739 187 178
leaf_count=65 56 48 44 45 64 49 77 62 55 44 73 102 69 181 45 281 77 114 110 56 739 187 178
internal_value=0.0003179 -0.000214844 0.00393204 0.00115469 -0.000476813 -0.000634431 0.000606189 0.00126269 0.00303681 0.000873102 0.00167988 0.000998942 0.00177089 0.000943791 -0.000255459 9.58328e-05 0.00125096 1.23621e-05 -0.000411429 -0.000104167 -0.00107533 -0.00027993 -0.000764267
internal_weight=2821 1725 100 1096 1625 1561 409 332 160 1051 514 470 368 295 226 537 256 179 172 105 1152 413 365
internal_count=2821 1725 100 1096 1625 1561 409 332 160 1051 514 470 368 295 226 537 256 179 172 105 1152 413 365
cat_boundaries=0 1
cat_threshold=56
is_linear=0
shrinkage=0.045


Tree=62
num_leaves=24
num_cat=0
split_feature=23 5 2 18 26 3 2 23 4 2 2 23 26 9 24 16 16 19 9 9 9 9 1
split_gain=0.892757 0.560629 0.421798 1.532 0.95815 0.38283 1.41478 0.53551 0.319568 0.296129 0.26262 0.384016 0.40626 0.564562 0.2274 0.4304 0.484823 0.219891 0.3631 0.166971 0.169386 0.140542 0.133844
threshold=0.00046562969589548339 0.40977747494774813 9.2063969127589189 11.500000000000002 28.500000000000004 0.39443695624401626 12.140193240681375 0.00074327523778354118 0.33677911192423532 8.299678765905032 11.329607037458649 0.0025887441597506563 19.500000000000004 0.20838405046894518 6.2998257463990729e-05 1.0000000180025095e-35 -1.0000000180025095e-35 0.82915000000000016 0.83497918543659044 0.15907130925019997 0.097111482179700462 0.34704179125301998 12.118294476507399
decision_type=2 10 8 2 2 8 10 2 10 8 8 2 2 10 2 2 2 2 8 10 8 8 10
left_child=-1 2 3 -2 -5 8 7 -7 10 -3 11 12 13 -4 19 16 -16 -11 -19 20 -14 -9 -12
right_child=1 9 5 4 -6 6 -8 21 -10 17 22 -13 14 -15 15 -17 -18 18 -20 -21 -22 -23 -24
leaf_value=0.019999176394701963 0.012195040544431593 0.0097836677423969801 0.0042527865828478903 -0.003086256549145423 0.0081616740641195125 0.023894643615208957 0.053618401430036357 0.0044395455139106333 0.0032180667928013045 -0.001190318433071217 -0.0053000024862083321 -0.0022290175340244399 -0.003160651777896482 -9.247930994259738e-07 2.7418707775842201e-05 -0.0053727196089560598 0.011730167368287598 -0.00037211193030547003 0.0069408122110429186 -0.0083760122672956339 0.020322960099125847 -0.0031649728174594181 -0.0010157055282702925
leaf_weight=46 49 43 40 126 61 43 41 69 70 918 243 159 52 41 69 103 59 114 40 93 48 128 179
leaf_count=46 49 43 40 126 61 43 41 69 70 918 243 159 52 41 69 103 59 114 40 93 48 128 179
internal_value=0.000131653 2.57967e-05 0.00054639 0.00229707 0.000390789 0.000254687 0.00173503 0.00037037 -0.000108715 -0.000754696 -0.000301653 0.000256371 0.000863681 0.00372321 0.000295081 0.00124038 0.0029542 -0.000904187 0.000659235 -0.000838011 0.000436893 -0.000641251 -0.00117529
internal_weight=2834 2788 1673 236 187 1437 281 240 1156 1115 1086 664 505 81 424 231 128 1072 154 193 100 197 422
internal_count=2834 2788 1673 236 187 1437 281 240 1156 1115 1086 664 505 81 424 231 128 1072 154 193 100 197 422
is_linear=0
shrinkage=0.045


Tree=63
num_leaves=24
num_cat=1
split_feature=13 23 1 21 0 1 8 2 8 10 2 5 0 10 7 7 15 9 24 19 9 3 10
split_gain=0.798252 0.577333 0.607022 0.395228 0.451635 0.743133 0.338336 0.402425 1.19379 0.334812 0.797528 0.588039 0.330341 0.529098 0.512822 0.619241 0.285749 0.262978 0.234408 0.220103 0.306395 0.212028 0.316439
threshold=2.6621687064638593 0.0010363993470020726 13.861129554866375 0 8.1207387355315621 10.019448291318458 8.5931610447255053 11.329607037458649 11.201434512074359 -0.002374438432327652 9.8754250657944418 0.2529920891853043 10.865024503155011 0.003527680269831857 0.021708990805226383 0.03603172470973965 1.5000000000000002 1.0000000180025095e-35 6.3773467920239232e-05 0.78605000000000014 0.5820744804047987 -0.1530972724931082 -0.06512548134884763
decision_type=2 2 8 1 10 10 8 10 10 10 8 10 10 10 10 10 2 10 2 2 8 8 10
left_child=1 2 12 21 5 -5 -6 8 9 19 11 -11 13 14 16 -16 -1 -18 -15 -8 -21 22 -3
right_child=-2 3 -4 4 6 -7 7 -9 -10 10 -12 -13 -14 18 15 -17 17 -19 -20 20 -22 -23 -24
leaf_value=0.01159667926076749 0.016627073251784391 0.0077215356729812791 0.017859897788437263 -0.010525823513788954 -0.011421240570584556 0.022828287614561411 -0.000686858144123637 -0.0035147773587928077 0.0049271806742055202 0.00051821445015864487 -0.0013592636383496714 0.011452214833044686 -0.001445308845219229 -0.0067750327611131719 0.021110403434275195 0.0006053173150734212 0.016464770627693543 -0.00095450465812753143 0.0082872497946372674 -0.0021711640026700076 0.0013974315333743661 -0.0011190029591077607 -0.0013224848264383662
leaf_weight=67 41 52 57 41 150 40 435 331 59 45 193 52 272 113 41 46 40 110 40 43 40 433 109
leaf_count=67 41 52 57 41 150 40 435 331 59 45 193 52 272 113 41 46 40 110 40 43 40 433 109
internal_value=7.09774e-05 -2.32047e-05 0.00100951 -0.000425346 -1.40435e-05 0.0031875 -0.000213176 4.12151e-05 0.000550862 8.87788e-05 0.00130546 0.0045675 0.000648565 0.00138424 0.00246254 0.005325 0.00125795 0.000147058 -0.000764424 -0.00059597 0.00149128 -0.00138633 -1.372e-05
internal_weight=2850 2809 786 2023 1429 81 1348 1198 867 808 290 97 729 457 304 87 217 150 153 518 83 594 161
internal_count=2850 2809 786 2023 1429 81 1348 1198 867 808 290 97 729 457 304 87 217 150 153 518 83 594 161
cat_boundaries=0 1
cat_threshold=130
is_linear=0
shrinkage=0.045


Tree=64
num_leaves=24
num_cat=1
split_feature=6 2 1 13 21 3 2 20 2 1 8 1 1 1 1 8 24 4 1 26 19 10 2
split_gain=0.495693 0.88742 1.84136 0.591341 0.476048 0.897296 0.905986 0.391757 0.413978 0.863613 0.347165 0.359997 0.343091 0.414061 0.297609 0.472355 0.274328 0.304314 0.732795 0.291904 0.352404 0.628043 0.240485
threshold=0.3835275200827058 9.9123164169066822 9.3161691214325675 2.5543154480380736 0 0.6008923130699102 11.527460993281286 1.0000000180025095e-35 8.7110100895280116 9.0132139684627006 11.863530985139102 12.429557918542548 11.180128764121232 10.734204957190142 10.314839920857297 10.226226587832615 5.2284106202220584e-05 0.4957878864500565 11.64353385926036 27.000000000000004 0.73745000000000005 -0.011601207828509262 9.8338702874298018
decision_type=10 10 10 2 1 8 8 2 10 10 10 10 10 8 10 8 2 8 10 2 2 10 10
left_child=3 2 -2 4 5 7 -7 -1 -9 -10 14 -12 13 -3 15 22 -6 19 -19 -18 -21 -22 -11
right_child=1 12 -4 -5 16 6 -8 8 9 10 11 -13 -14 -15 -16 -17 17 18 -20 20 21 -23 -24
leaf_value=-0.0051158625915430885 -0.0099566227840982742 -0.0003437526815886841 0.016616786696329048 0.016174525399174532 0.0038987063649809188 0.0047538113976108957 0.038708100560672462 -0.0028747213692494828 0.010776430675424184 0.00093427423953087215 0.010506769020317176 -0.00040441790207178116 -0.003400215446904485 0.0035311316017037327 -0.0024099955632889162 0.011860978720084868 -0.0016964229567321594 -0.00047617311523266714 0.019753481594845863 -0.00067263052136422492 0.012167506055737864 -0.0014563241542953247 -0.0038940063058679948
leaf_weight=147 40 56 41 40 71 68 45 91 41 98 50 65 70 40 275 56 942 188 51 203 47 62 61
leaf_count=147 40 56 41 40 71 68 45 91 41 98 50 65 70 40 275 56 942 188 51 203 47 62 61
internal_value=0.000183093 0.002097 0.00586607 -8.64591e-07 -8.86316e-05 0.000674999 0.00440302 0.000192784 0.000617229 0.00101926 0.000573601 0.00276483 0.00018639 0.00190909 4.56384e-05 0.00129014 -0.000576411 -0.000711398 0.000753099 -0.000991647 0.000199999 0.00222991 1.38884e-05
internal_weight=2848 247 81 2601 2561 997 113 884 737 646 605 115 166 96 490 215 1564 1493 239 1254 312 109 159
internal_count=2848 247 81 2601 2561 997 113 884 737 646 605 115 166 96 490 215 1564 1493 239 1254 312 109 159
cat_boundaries=0 1
cat_threshold=36
is_linear=0
shrinkage=0.045


Tree=65
num_leaves=24
num_cat=0
split_feature=23 16 8 9 9 9 4 24 6 5 23 5 9 5 9 5 2 9 2 18 5 8 25
split_gain=0.620105 0.815519 0.65335 0.625604 0.489034 0.296234 0.37498 0.494166 0.36401 0.266196 0.204062 0.342282 0.317317 0.309 0.529398 0.701309 0.385367 0.376446 0.578792 0.940323 0.278457 0.252987 0.247841
threshold=0.0008178325168701966 3.5000000000000004 10.330539754489898 0.18728183226518766 0.4524996679784406 0.097111482179700462 -0.13090190886138522 0.00014145219473542589 0.45107692115107939 0.57869878619226711 0.0017933450306965258 0.33206659613335526 0.27258760045072233 0.57207179688848331 0.54028617372383636 0.29801614435481327 8.466052414077339 0.77258038543377316 10.202303824407847 23.500000000000004 0.29801614435481327 11.90205240068178 0.0031052357688835237
decision_type=2 2 10 8 8 8 10 2 10 8 2 10 8 8 8 10 8 8 10 2 10 10 2
left_child=1 2 9 -4 -5 6 -2 -8 10 -1 12 20 -7 14 21 -16 -15 18 -18 -20 22 -14 -12
right_child=5 -3 3 4 -6 8 7 -9 -10 -11 11 -13 13 16 15 -17 17 -19 19 -21 -22 -23 -24
leaf_value=-0.0073651396459738462 0.01405376361644956 0.012801842368729858 0.015699683967987193 -0.01276357190286982 0.012427351760625262 -0.0039271020225125023 0.0036665224337710592 -0.0074416740180540571 0.0036720865479797798 0.00058775106915781811 -0.0039206235845462602 -0.0027797092962322085 -0.00022524629900668762 0.010193763081523486 -0.0056080002082675379 0.011671699766423616 -0.0050344454225101972 -0.0086713695300888235 -0.0005889861083114528 0.0079094819874625556 0.0087848663996907394 0.010038820241839332 0.00013076761075282223
leaf_weight=149 41 54 60 56 60 150 66 75 46 74 148 679 160 46 40 78 86 234 76 43 49 41 337
leaf_count=149 41 54 60 56 60 150 66 75 46 74 148 679 160 46 40 78 86 234 76 43 49 41 337
internal_value=-6.31411e-06 0.0015148 0.000789179 0.00281564 0.000831932 -0.000295559 0.00143513 0.000296874 -0.000439644 -0.000826328 -0.000525692 -0.000912213 -3.29159e-05 0.00032342 0.0014045 0.0037562 -0.000391906 -0.00080939 0.000594951 0.00260041 -5.86598e-05 -1.10299e-05 -0.000391906
internal_weight=2848 453 399 176 116 2395 182 141 2213 223 2167 1213 954 804 319 118 485 439 205 119 534 201 485
internal_count=2848 453 399 176 116 2395 182 141 2213 223 2167 1213 954 804 319 118 485 439 205 119 534 201 485
is_linear=0
shrinkage=0.045


Tree=66
num_leaves=24
num_cat=0
split_feature=23 10 23 6 0 2 9 10 16 2 0 6 25 8 2 8 0 2 9 5 6 9 9
split_gain=1.14131 0.667938 0.388737 0.553732 0.507982 1.09733 0.872004 0.698651 0.37929 0.374198 1.10115 0.396877 0.41498 0.387532 0.553387 0.687801 0.295727 0.285416 0.2789 0.316108 0.145934 0.158387 0.263548
threshold=0.00063528794558700508 -0.027052270572306591 0.001254040822795713 0.35359877671851081 11.219140538316037 10.843244375406806 0.39547088950463882 0.017258626535447855 -1.4999999999999998 12.488319272057749 13.013718680122347 0.15826394499672952 0.0028797254659379814 11.690635243825726 9.3772481051084338 8.3480414512762131 10.011372306972495 8.466052414077339 0.12714616333732745 0.50659533192084216 0.15826394499672952 0.77258038543377316 0.59077386278803135
decision_type=2 10 2 8 10 10 10 10 2 10 10 8 2 10 8 10 10 10 8 10 10 8 10
left_child=1 -1 9 20 5 7 -7 8 -5 11 -11 13 17 14 15 -2 -14 -13 -16 -20 -4 22 -22
right_child=2 -3 3 4 -6 6 -8 -9 -10 10 -12 12 16 -15 18 -17 -18 -19 19 -21 21 -23 -24
leaf_value=0.027821856710460613 -0.00059183213246205753 0.0034604068787644098 -0.001926506187070386 0.0038974825083455929 -0.0043728008441449992 0.020149025967382026 0.01658035190264812 0.005453150199560176 -0.0027197252380297115 0.019796305149427158 -0.0030963420701392752 0.00427124486488808 -0.00097145969210614348 0.0098258567681168904 0.005566835535187842 0.011589669734690349 0.014362948665623355 -0.0037132571172894951 -0.0068796039804437138 0.0070279134528440836 -0.00075989032767530599 -0.0017793485458257846 0.00026682768124807344
leaf_weight=48 42 52 324 62 125 40 47 45 280 45 50 53 54 46 53 42 64 345 151 50 438 236 132
leaf_count=48 42 52 324 62 125 40 47 45 280 45 50 53 54 46 53 42 64 345 151 50 438 236 132
internal_value=0.000155995 0.00480582 -1.98025e-05 -0.000427397 0.000676494 0.00134906 0.005825 0.000305769 -0.000404348 0.000687625 0.00332908 0.000398671 -0.000416186 0.00148837 0.00093695 0.00403448 0.00189669 -0.00111097 -0.000122569 -0.000893383 -0.0010128 -0.000684179 -0.00027487
internal_weight=2824 100 2724 1729 599 474 87 387 342 995 95 900 516 384 338 84 118 398 254 201 1130 806 570
internal_count=2824 100 2724 1729 599 474 87 387 342 995 95 900 516 384 338 84 118 398 254 201 1130 806 570
is_linear=0
shrinkage=0.045


Tree=67
num_leaves=24
num_cat=1
split_feature=23 6 5 4 5 21 1 26 25 9 6 26 0 2 9 2 5 5 19 7 1 3 3
split_gain=0.64555 0.810925 0.532553 0.501804 0.490202 0.624705 0.53983 0.452191 0.439074 0.398802 0.311963 0.273357 0.26035 0.24168 0.468881 0.631559 0.215904 0.259988 0.26989 0.351684 0.423907 0.356045 0.284207
threshold=0.0023283362018776898 0.35359877671851081 0.71901706980912539 -0.036288688201741658 0.15616982089289827 0 12.574792231730182 19.500000000000004 0.0031052357688835237 0.35934138474237259 0.1443858122115789 51.500000000000007 8.1207387355315621 10.952328748689293 0.097111482179700462 9.9123164169066822 0.29801614435481327 0.85113369893523394 0.62865000000000015 0.030685809170690772 8.7463942657440814 0.12126229800378756 -0.051571560746821031
decision_type=2 10 10 10 10 1 10 2 2 8 8 2 10 10 10 10 10 10 2 10 8 8 10
left_child=1 4 3 -3 5 -1 8 -5 10 -10 11 -7 -2 14 -12 -16 -6 18 -18 20 -20 22 -22
right_child=12 2 -4 7 16 6 -8 -9 9 -11 13 -13 -14 -15 15 -17 17 -19 19 -21 21 -23 -24
leaf_value=-0.0036025987696510268 0.017855914323379764 0.0036265305088399387 -0.0016456148820171124 0.015267925732977701 -0.0034020698458755595 0.008500955808898647 0.021084272802574317 0.0049230311160066483 0.0045692907212594551 0.0024776153442299057 -0.002495338622560348 -0.00066910110880995612 -0.0019479499222095241 -0.0035118383227219488 -2.0869456477737743e-05 0.032280105084824533 -0.0029776780400311504 -0.012342824210092281 0.0064981687859765091 -0.004590017046962225 7.8733348385430483e-05 -0.00053351472207474214 0.0063927277408996506
leaf_weight=120 53 56 44 43 258 56 52 55 55 45 79 41 720 109 50 42 115 102 48 157 168 231 130
leaf_count=120 53 56 44 43 258 56 52 55 55 45 79 41 720 109 50 42 115 102 48 157 168 231 130
internal_value=2.46287e-05 0.000441476 0.00315672 0.00438535 0.000147501 0.00114225 0.00178921 0.00628218 0.00132656 0.00393204 0.000609868 0.0027675 -0.00108151 -0.000159011 0.000892241 0.00303158 -0.000387996 -7.31137e-05 0.000187499 0.000506784 0.00102026 0.000638627 0.00165947
internal_weight=2829 2056 198 154 1858 649 529 98 477 100 377 97 773 280 171 92 1209 951 849 734 577 529 298
internal_count=2829 2056 198 154 1858 649 529 98 477 100 377 97 773 280 171 92 1209 951 849 734 577 529 298
cat_boundaries=0 1
cat_threshold=130
is_linear=0
shrinkage=0.045


Tree=68
num_leaves=24
num_cat=0
split_feature=18 1 6 9 6 4 25 25 8 1 5 7 5 1 3 1 8 6 3 1 25 1 1
split_gain=0.558961 0.580774 1.14682 0.352346 0.397641 0.265588 0.194299 0.519172 0.191503 0.333859 0.761432 0.475559 0.347618 0.27893 0.480697 0.146213 0.137964 0.130918 0.361209 0.139534 0.123792 0.124779 0.0872548
threshold=18.500000000000004 12.331988738967244 0.28865241889315152 0.63387992017184958 0.38774689525175215 0.3477661538208357 0.0040230822423875552 0.003854644828650645 10.25113929780415 10.764490378527531 0.3430515113214081 0.020067637365378043 0.44754045782213142 9.5504440001426598 -0.010958118804628663 9.0359527604054453 11.33565210626155 0.1273547944663975 -0.1571957760057632 13.101211283789675 0.0025727900161354018 10.695886790591988 10.291834645218939
decision_type=2 10 8 10 10 10 2 2 8 10 8 10 10 8 10 10 8 8 10 10 2 10 8
left_child=1 3 -3 4 5 6 7 8 13 10 -10 -12 -11 14 -1 -5 -8 18 -2 22 21 -20 -19
right_child=17 2 -4 15 -6 -7 16 -9 9 12 11 -13 -14 -15 -16 -17 -18 19 20 -21 -22 -23 -24
leaf_value=0.0084054416604781215 0.0070919786105424531 -0.0024734263779696451 0.025411566331614861 0.0091407398872115284 0.010177577470213367 0.0035284172660702022 -0.0031570152358192096 0.0071480734601444074 0.026632350331151643 -0.0045113272782387418 -0.002433310249212325 0.016448838955108635 0.010670271207630967 -0.0031530230737929969 -0.0008311170137138568 -0.0037166245725012668 0.0016955906995131909 -0.00027195885377976812 0.0049429477176023773 0.0069257258315783528 -0.0012833708799002499 -0.0014461990550533447 -0.0013929894347675443
leaf_weight=48 72 76 79 40 77 58 154 41 40 148 81 40 42 146 74 231 64 466 40 75 128 47 588
leaf_count=48 72 76 79 40 77 58 154 41 40 148 81 40 42 146 74 231 64 466 40 75 128 47 588
internal_value=-0.000279479 0.000344833 0.0029193 2.79715e-05 0.000414123 0.000153354 -4.5971e-05 0.000339366 3.61683e-06 0.000692796 0.0021814 0.000344758 -0.000582902 -0.000896679 0.000683999 -0.0014042 -0.00120136 -0.00091332 -5.43109e-05 -0.00113096 -0.000980505 0.000324999 -0.00126443
internal_weight=2855 1439 155 1284 1013 936 878 660 619 351 161 121 190 268 122 271 218 1416 287 1129 215 87 1054
internal_count=2855 1439 155 1284 1013 936 878 660 619 351 161 121 190 268 122 271 218 1416 287 1129 215 87 1054
is_linear=0
shrinkage=0.045


Tree=69
num_leaves=24
num_cat=0
split_feature=23 13 10 23 1 5 18 24 18 2 8 26 7 1 1 18 18 19 23 1 10 2 10
split_gain=0.92851 0.649373 0.517215 0.481609 0.509637 1.06743 0.896775 0.721465 0.430189 0.650323 0.521662 0.921485 0.185082 0.443578 0.205829 0.126849 0.214812 0.105391 0.0969985 0.116241 0.100316 0.333271 0.296775
threshold=0.00063528794558700508 3.0151567261275014 -0.027052270572306591 0.001293324672967319 11.907808279968711 0.33206659613335526 23.500000000000004 8.4438359761589789e-05 14.500000000000002 11.076822741161626 10.226226587832615 33.500000000000007 1.0000000180025095e-35 10.314839920857297 12.429557918542548 32.500000000000007 35.500000000000007 0.70255000000000012 0.0037959575887981704 12.063849162887546 -0.002374438432327652 10.287957763489738 0.05163678580071699
decision_type=2 2 10 2 8 10 2 2 2 8 10 2 10 10 8 2 2 2 2 10 10 8 10
left_child=2 3 -1 4 8 6 7 -6 9 10 11 -2 13 -5 18 -10 -17 -13 19 20 -14 22 -22
right_child=1 -3 -4 12 5 -7 -8 -9 15 -11 -12 17 14 -15 -16 16 -18 -19 -20 -21 21 -23 -24
leaf_value=0.027668092304452153 0.010093467090181102 0.011802970182923247 0.003112878844882325 -0.0098320908070414336 0.024585454389419711 -0.0088304215095670411 0.0025654090764428688 0.0059716427935309225 -0.0016360842905371973 -0.012721912751060275 0.022290146923339384 -0.0016902657753712078 -0.00055226641884430206 0.01809059889026339 -0.0027092758335703847 0.0084330087157708771 -0.00057993870804824081 -0.0041919199360880392 -0.005075485172322404 0.00035282262090370175 0.0050095418116558842 -0.0014127018049888485 -0.010388993818371666
leaf_weight=43 51 40 53 44 44 107 75 42 347 84 43 67 724 49 271 61 68 59 82 46 152 233 40
leaf_count=43 51 40 53 44 44 107 75 42 347 84 43 67 724 49 271 61 68 59 82 46 152 233 40
internal_value=-9.94524e-05 -0.000254484 0.00418182 -0.000341847 0.000411037 0.00209225 0.00437652 0.00743258 -0.000172414 0.00114332 0.00242152 0.0012875 -0.000822537 0.00110156 -0.000940039 -0.00101461 0.000187499 -0.000802326 -0.000697852 -0.000591612 -0.000681641 -0.000131426 0.00124615
internal_weight=2825 2729 96 2689 1048 268 161 86 780 304 220 177 1641 93 1548 476 129 126 1277 1195 1149 425 192
internal_count=2825 2729 96 2689 1048 268 161 86 780 304 220 177 1641 93 1548 476 129 126 1277 1195 1149 425 192
is_linear=0
shrinkage=0.045


Tree=70
num_leaves=24
num_cat=0
split_feature=23 6 2 26 24 23 26 6 1 2 2 7 3 3 7 23 25 7 7 3 4 7 7
split_gain=0.59243 0.350317 0.841598 0.436674 0.423256 0.36199 0.423501 0.32214 0.348727 0.742696 0.831656 0.313205 0.333323 0.38406 0.265479 0.290141 0.216733 0.195618 0.32596 0.501868 0.809858 0.178753 0.159333
threshold=0.0022334722246545665 0.32838744532495134 12.488319272057749 18.500000000000004 0.00046180791900962611 0.0008178325168701966 33.500000000000007 0.16096963460896499 9.4321760148322848 8.9416285542736897 9.3772481051084338 0.0088983598679218626 0.090811771288374796 -0.072743983638082543 0.059312093952106938 0.0028050203041140279 0.0021531341717117842 0.018880034640169654 0.0055596435444776248 0.090811771288374796 0.045956510225510477 0.039338139601804649 0.003003032212346685
decision_type=2 8 10 2 2 2 2 10 10 8 8 10 8 10 8 2 2 10 10 8 8 10 10
left_child=1 7 3 -3 5 -5 11 8 9 -1 -11 -7 13 -13 -2 -16 -9 18 -18 20 -20 22 -10
right_child=14 2 -4 4 -6 6 -8 16 21 10 -12 12 -14 -15 15 -17 17 -19 19 -21 -22 -23 -24
leaf_value=-0.0017156017636660186 -0.0019348461010025785 -0.0020379795388391557 0.018604840677476805 0.011917685938490356 0.0077925360075357161 -0.0012183531816575056 -0.013879094896119539 -0.0012597148661879292 0.0090451016560375141 0.0095420475949700607 0.0024907198651455791 0.003595536852354544 -0.0022678470522312991 0.010446905092361954 0.015238404809038387 -0.0064124816123918085 -0.0030473184298842842 -0.0023948403646554704 -0.0004498199773104896 -0.0008856020569442761 0.012254703323960303 0.0072806809136020927 -0.0011391860364256563
leaf_weight=64 855 99 73 69 48 79 117 220 40 46 57 41 50 41 44 49 94 178 56 96 40 47 318
leaf_count=64 855 99 73 69 48 79 117 220 40 46 57 41 50 41 44 49 94 178 56 96 40 47 318
internal_value=-0.00023982 0.00022428 0.0010996 0.000477148 0.0010798 0.000579374 -5.43812e-05 -0.000207308 0.00057913 0.00228971 0.00460613 0.00114603 0.00246667 0.00418235 -0.00115457 0.00110156 -0.000864629 -0.000308352 0.000420415 0.00147692 0.00372727 -0.000137868 -0.00048615
internal_weight=2821 1873 617 544 445 397 328 1256 572 167 103 211 132 82 948 93 684 464 286 192 96 405 358
internal_count=2821 1873 617 544 445 397 328 1256 572 167 103 211 132 82 948 93 684 464 286 192 96 405 358
is_linear=0
shrinkage=0.045


Tree=71
num_leaves=24
num_cat=0
split_feature=23 0 13 18 16 4 8 26 18 2 2 25 0 26 5 19 0 18 25 18 19 3 19
split_gain=1.22295 0.518495 0.285939 0.267636 0.430141 0.514811 0.55758 0.952555 0.573792 0.649784 0.488241 0.324596 0.297773 0.253887 0.215355 0.260539 0.222088 0.205223 0.237651 0.607681 0.286187 0.207734 0.21965
threshold=0.00063528794558700508 12.908524775414994 2.6621687064638593 14.500000000000002 1.0000000180025095e-35 -0.16121441465509248 10.25113929780415 13.500000000000002 9.5000000000000018 11.571640828760559 9.0080214421549112 0.0018047164997766765 10.844630431850591 27.000000000000004 0.1315384018392137 0.74115000000000009 8.1207387355315621 35.500000000000007 0.0026574357978277007 29.500000000000004 0.70935000000000015 -0.17955579797487359 0.73745000000000005
decision_type=2 8 2 2 2 10 8 2 2 10 10 2 10 2 8 2 10 2 2 2 2 10 2
left_child=1 -1 3 4 5 -2 10 -8 9 12 -7 -6 -9 14 15 -5 -16 18 21 20 -20 -15 -23
right_child=2 -3 -4 13 11 6 7 8 -10 -11 -12 -13 -14 17 16 -17 -18 -19 19 -21 -22 22 -24
leaf_value=0.014467653225778025 -0.0050977190530793583 0.016142531937494077 0.012897042655707245 0.0030039218511823916 0.0046448701014477891 0.0098803592993014673 -0.0066640281906242696 0.0064538317375941569 0.02153725055420155 0.0093094090455758949 -0.0048934884682558461 -0.0010720102262685273 -0.0079489006369498991 -0.0014646669249162763 0.0037953866503800835 -0.0020014993407024488 -0.0028742032430995588 -0.0025779077222287659 -0.0032167262749468644 0.013016265325660983 0.0043461022409010449 -0.00050412932837008511 0.0083609105154103715
leaf_weight=58 138 41 41 74 63 43 53 40 52 40 139 451 42 113 55 52 763 101 66 42 48 215 100
leaf_count=58 138 41 41 74 63 43 53 40 52 40 139 451 42 113 55 52 763 101 66 42 48 215 100
internal_value=-0.000405048 0.00443382 -0.000585132 -0.000643335 -8.67017e-05 0.000789545 0.0015892 0.00306196 0.00465254 0.002844 -0.000267568 -0.00101838 0.00047647 -0.00100506 -0.00148258 0.000244186 -0.00174848 -0.000343387 -1.53327e-05 0.0014717 -0.000269231 -0.000563806 3.53768e-05
internal_weight=2830 99 2731 2690 1061 547 409 227 174 122 182 514 82 1629 944 126 818 685 584 156 114 428 315
internal_count=2830 99 2731 2690 1061 547 409 227 174 122 182 514 82 1629 944 126 818 685 584 156 114 428 315
is_linear=0
shrinkage=0.045


Tree=72
num_leaves=24
num_cat=1
split_feature=23 5 2 10 7 0 2 3 5 18 22 19 19 25 3 2 7 7 3 5 7 0 6
split_gain=0.435024 0.825294 0.754445 0.436501 0.638157 0.267075 1.38761 0.253604 0.222785 0.237659 0.314144 0.318336 0.362246 0.503882 0.276356 0.875683 0.338165 0.248107 0.248099 0.232813 0.205652 0.385512 0.143994
threshold=0.0008053809711242244 0.19949214338148633 11.463867649500353 -0.003037665536171671 0.014049228053336945 8.3697222952296375 11.527460993281286 -0.036224282743955588 0.64052993918732648 28.500000000000004 0 0.50000000000000011 0.74600000000000011 0.0019291030101314284 -0.010958118804628663 9.4793136698917859 0.015746362436860211 0.012607667501171557 0.23408742101475524 0.28688312904098306 0.0093611111355508137 11.297039614133466 0.21345921143346808
decision_type=2 10 10 10 10 10 10 8 10 2 1 2 2 2 8 10 10 10 10 8 10 10 10
left_child=1 2 3 4 -1 6 7 -2 9 10 11 -7 13 17 15 -15 19 -13 -14 -16 21 -12 -3
right_child=5 22 -4 -5 -6 8 -8 -9 -10 -11 20 12 18 14 16 -17 -18 -19 -20 -21 -22 -23 -24
leaf_value=-0.0059806317398236868 0.0045628803328444231 -0.0019904752197616444 0.021812170008839223 -0.0060685208904299312 0.020402719262372634 -0.0034195361646901577 0.042924900183241126 -0.0092876927707433773 -0.0020263792147742514 -0.0011311168200836702 -0.0021619750542967199 0.0085743854110334299 -0.0009166407360792333 0.0096572777613649925 0.0050976103497474834 -0.0033020807071362725 -0.00094599287929564779 0.016365473036739332 0.0043120747824406834 -3.8569225293043725e-05 -0.0010803491703200545 0.007666897310860947 0.0041813314174349398
leaf_weight=50 40 133 40 44 48 85 42 135 470 487 142 42 182 64 40 62 121 42 52 48 380 43 59
leaf_count=50 40 133 40 44 48 85 42 135 470 487 142 42 182 64 40 62 121 42 52 48 380 43 59
internal_value=-0.000434391 0.000990716 0.00313784 0.00152069 0.00316337 -0.000650505 0.000848863 -0.000948034 -0.000795405 -0.000564697 -0.000246363 0.000365512 0.000709984 0.00149822 0.000698964 0.00233721 -0.000307784 0.00455172 -0.000702532 0.00178022 -0.00103157 0.000179521 -0.00106154
internal_weight=2851 374 182 142 98 2477 217 175 2260 1790 1303 738 653 419 335 126 209 84 234 88 565 185 192
internal_count=2851 374 182 142 98 2477 217 175 2260 1790 1303 738 653 419 335 126 209 84 234 88 565 185 192
cat_boundaries=0 1
cat_threshold=12
is_linear=0
shrinkage=0.045


Tree=73
num_leaves=24
num_cat=1
split_feature=23 6 5 5 1 7 8 23 4 4 6 4 23 10 21 1 6 4 8 6 9 9 1
split_gain=0.994644 0.38119 0.464824 0.404856 0.403844 1.20918 0.496455 0.324775 0.377306 0.449159 0.275001 0.266926 0.222231 0.192333 0.176724 0.302908 0.260304 0.225004 0.301638 0.28147 0.323982 0.471419 0.391778
threshold=0.00046562969589548339 0.45107692115107939 0.46672507139169311 0.44754045782213142 11.907808279968711 0.053018994401212848 12.093769933665987 0.0010363993470020726 -0.0066521228274107362 0.10635346496093068 0.034941943973587034 0.42934772952275618 0.0010916897613754346 -0.039311315497462716 0 9.399610711381543 0.21557721493184209 0.039558921699198023 9.0154287364152932 0.20444140124112467 0.21584276414757611 0.085998354024931764 10.892156513598415
decision_type=2 10 10 10 10 8 8 2 8 10 8 10 2 10 1 8 10 8 8 10 10 8 8
left_child=-1 2 3 4 10 6 -6 8 -4 -10 -2 14 13 -8 15 -12 -17 18 -16 20 21 -20 -23
right_child=1 -3 7 -5 5 -7 12 -9 9 -11 11 -13 -14 -15 17 16 -18 -19 19 -21 -22 22 -24
leaf_value=0.015039023892076668 0.0057997765617159545 0.0031186930738840105 -0.0055957658953081748 0.0020413181535708035 0.0061441297204099339 0.042488762710487425 -0.035184397437968043 -0.0018683694423774783 0.012587294855919641 -0.00023325006170362577 -0.00097798936833797369 0.00031583200341619305 -0.0014432469122679229 0.0083519731751778587 0.0095977481024979265 0.00070991389820500121 0.0073423475210898023 -0.0016700098940245767 -0.0056226537566107064 -0.00130107012475869 -0.0046864323346743966 0.018268644211608485 -0.0028280027785190509
leaf_weight=46 40 55 58 49 45 40 41 763 44 52 85 42 149 50 76 96 66 618 45 148 147 62 42
leaf_count=46 40 55 58 49 45 40 41 763 44 52 85 42 149 50 76 96 66 618 45 148 147 62 42
internal_value=-0.000203617 -0.00031401 -0.000389533 2.31828e-05 -9.02512e-05 0.00133765 0.000273437 -0.00121549 0.000659235 0.00236364 -0.000408674 -0.000514511 -0.000555556 0.00117287 -0.0006241 0.000458653 0.00160909 -0.000856213 -0.000172085 -0.000624162 0.000180601 0.00164309 0.00328037
internal_weight=2859 2813 2758 1841 1792 325 285 917 154 96 1467 1427 240 91 1385 247 162 1138 520 444 296 149 104
internal_count=2859 2813 2758 1841 1792 325 285 917 154 96 1467 1427 240 91 1385 247 162 1138 520 444 296 149 104
cat_boundaries=0 1
cat_threshold=80
is_linear=0
shrinkage=0.045


Tree=74
num_leaves=24
num_cat=0
split_feature=23 6 6 9 0 0 0 1 3 23 6 1 9 10 16 7 1 2 6 7 7 23 6
split_gain=0.987535 0.561061 0.30104 0.240306 0.319302 0.238496 0.268788 0.607442 0.399114 0.23611 0.452403 0.355028 0.230714 0.299947 0.203562 0.271274 0.408604 0.395446 0.364326 0.170916 0.158073 0.260715 0.220026
threshold=0.00063528794558700508 0.16866286194388416 0.45107692115107939 0.6885620464635277 8.539571293584455 8.7937417642308962 9.0025456459321465 10.94640395619828 0.15262055330662852 0.0017933450306965258 0.33744342511936171 8.983386327796131 0.11054144310045093 0.0069942582597067047 1.0000000180025095e-35 0.015746362436860211 11.731452560109942 10.159882401972874 0.23586693409452789 0.014887246978587529 0.0090907070381280927 0.0013587133357370904 0.13831321459443
decision_type=2 10 10 10 10 8 10 10 8 2 10 10 8 8 2 10 10 8 10 10 10 2 8
left_child=1 -1 3 5 -5 -2 7 8 -7 10 11 -8 13 -13 15 16 17 18 -11 -12 -14 22 -22
right_child=2 -3 -4 4 -6 6 9 -9 -10 14 19 12 20 -15 -16 -17 -18 -19 -20 -21 21 -23 -24
leaf_value=0.0075119877614968425 -0.0023218232217059017 0.014733566057013843 0.0028706767413144664 0.007725420348066568 -0.0035782825184784046 0.0090042037582761698 0.015595798909199538 0.039180643562616579 -0.0085319405060554649 -0.0035301421354868227 0.011002186908737744 0.0053836715146739099 -0.0017938037156243519 -0.00099730182632889021 -0.001925278528092508 -0.0011011766802050413 0.0047231460357187059 -0.0018779728106541756 0.003042211527645305 0.0046734105330912025 0.0034203984623860768 0.0046763936988603681 -0.0015277628626764964
leaf_weight=56 179 43 52 61 350 61 70 42 100 56 40 62 222 67 407 270 46 152 51 40 141 56 228
leaf_count=56 179 43 52 61 350 61 70 42 100 56 40 62 222 67 407 270 46 152 51 40 141 56 228
internal_value=-0.000356218 0.00399265 -0.000516782 -0.000583303 -0.00158152 -0.000402312 -0.000267148 0.00127791 -1.372e-05 -0.000433282 8.23461e-05 -0.000227916 -0.000508345 0.00121023 -0.000918275 -0.00036981 0.000547889 -0.000163168 0.00190227 0.00325301 -0.000855001 -0.000341706 -0.000780242
internal_weight=2852 99 2753 2701 411 2290 2111 203 161 1908 926 846 776 129 982 575 305 259 107 80 647 425 369
internal_count=2852 99 2753 2701 411 2290 2111 203 161 1908 926 846 776 129 982 575 305 259 107 80 647 425 369
is_linear=0
shrinkage=0.045


Tree=75
num_leaves=24
num_cat=0
split_feature=23 6 9 18 18 0 9 2 2 25 9 9 23 18 18 2 0 9 9 4 19 1 26
split_gain=0.406115 0.401585 0.302854 0.207156 0.270687 0.287639 0.201342 0.216518 0.256943 0.21444 0.206107 0.424778 0.566676 0.480645 0.263728 0.513972 0.16195 0.152588 0.191344 0.2602 0.199042 0.189094 0.299335
threshold=0.00046562969589548339 0.45107692115107939 0.35934138474237259 31.500000000000004 29.500000000000004 8.539571293584455 0.29467036612957997 10.787544616020597 10.159882401972874 0.0017373775051837809 0.080959000723672667 0.16633387908165823 0.00074327523778354118 21.500000000000004 7.5000000000000009 9.4793136698917859 11.756721371048673 0.65843657057087812 0.62348332333254719 0.32678200511009808 0.6986500000000001 9.7099200932123342 20.500000000000004
decision_type=2 10 10 2 2 8 10 10 8 2 8 8 2 2 2 8 8 10 10 10 2 10 2
left_child=-1 2 6 4 5 -4 9 8 -8 -2 -11 12 -12 -14 15 -13 -17 18 19 20 21 -7 -23
right_child=1 -3 3 -5 -6 17 7 -9 -10 10 11 14 13 -15 -16 16 -18 -19 -20 -21 -22 22 -24
leaf_value=0.0045258282556541645 0.009495119424704929 0.0028491714322000784 0.0065469258498354003 -0.0015874208247995234 0.0044392650397566879 -0.0028667110602026815 0.0073361222982165292 0.019040760558355501 -0.0014045602153292501 -0.0024259974755690503 0.01012694945908575 0.0093913191653263988 -0.0040466414066976627 0.0033263252786179432 -0.0011718156028896244 -0.0019245278202345594 0.00047690863721205467 -0.0051771855884682073 0.005878659846632237 0.0050510742153907747 -0.0020631794886837797 0.010682032909734738 -0.0045481273816947955
leaf_weight=42 71 55 46 230 45 67 62 73 54 190 40 40 91 74 683 102 42 334 53 50 257 70 84
leaf_count=42 71 55 46 230 45 67 62 73 54 190 40 40 91 74 683 102 42 334 53 50 257 70 84
internal_value=-0.00034246 -0.00040989 -0.000487324 -0.00100969 -0.000726958 -0.000889264 -6.19677e-05 0.00130078 7.56297e-05 -0.000257673 -0.000394862 -0.000150698 0.00167668 0.000468749 -0.00058707 0.000914438 -0.000367347 -0.00106618 -0.000620292 -0.000881356 -0.00120686 -0.000210938 0.000659235
internal_weight=2855 2813 2758 1236 1006 961 1522 189 116 1333 1262 1072 205 165 867 184 144 915 581 528 478 221 154
internal_count=2855 2813 2758 1236 1006 961 1522 189 116 1333 1262 1072 205 165 867 184 144 915 581 528 478 221 154
is_linear=0
shrinkage=0.045


Tree=76
num_leaves=24
num_cat=0
split_feature=23 0 13 23 6 0 9 9 3 3 1 9 6 6 0 2 2 2 0 9 9 5 7
split_gain=0.801636 0.539024 0.274492 0.23381 0.336609 0.562657 0.265079 0.494575 0.488861 0.181456 0.326353 0.490919 0.163099 0.362601 0.420612 0.25157 0.173982 0.167308 0.22855 0.244976 0.249911 0.334346 0.31516
threshold=0.00063528794558700508 12.008260273029538 2.5543154480380736 0.0022334722246545665 0.3835275200827058 10.222495965715416 0.16633387908165823 0.080959000723672667 0.10871676335244244 -0.23884455540402774 9.2786357239746202 0.35253036859324655 0.09321217078554371 0.14976437412073226 11.478821379178671 9.3772481051084338 8.466052414077339 9.8338702874298018 11.219140538316037 0.77258038543377316 0.67854068016150604 0.42545518160357093 0.0078358410678262477
decision_type=2 8 2 2 10 10 8 10 10 10 10 10 8 8 10 8 8 10 10 10 10 10 8
left_child=1 -1 3 4 6 -6 7 -2 -9 10 -5 -12 -8 14 15 -14 -15 -18 19 20 21 22 -19
right_child=2 -3 -4 9 5 -7 12 8 -10 -11 11 -13 13 16 -16 -17 17 18 -20 -21 -22 -23 -24
leaf_value=-0.0009804041132674367 -0.00081144654746163457 0.015660645249625321 0.01160192075353444 -0.0069437947572237911 0.015608356729643804 -0.00070428344907330902 -0.0037203109929998786 -0.0025138918789601849 0.012931927313567494 -0.0020818935568022671 0.011922917452473312 -0.002817440557377419 0.0052043496085876538 0.0071103864955102871 0.0076256956908257933 -0.0013363402833212875 -0.0012834236723009876 -0.0068072214532836602 -0.0010199122642386004 -0.0059307921688455971 0.0042439617299951191 -0.0016566954147408559 0.0096523413480430528
leaf_weight=44 119 55 41 68 41 72 213 50 69 742 48 50 43 41 49 94 302 40 294 72 43 107 147
leaf_count=44 119 55 41 68 41 72 213 50 69 742 48 50 43 41 49 94 302 40 294 72 43 107 147
internal_value=-0.000366702 0.00355147 -0.000511736 -0.000568527 -0.000270151 0.00207543 -0.00043105 0.000952282 0.00296926 -0.00115587 0.00018639 0.00182673 -0.000660394 -0.00045911 0.00135714 4.82138e-05 -0.000785034 -0.000904018 -0.000519476 0.000169296 0.000681617 0.000196969 0.00133816
internal_weight=2844 99 2745 2704 1796 113 1683 238 119 908 166 98 1445 1232 186 137 1046 1005 703 409 337 294 187
internal_count=2844 99 2745 2704 1796 113 1683 238 119 908 166 98 1445 1232 186 137 1046 1005 703 409 337 294 187
is_linear=0
shrinkage=0.045


Tree=77
num_leaves=24
num_cat=1
split_feature=23 10 5 1 0 2 5 5 6 2 0 0 21 6 10 9 6 9 2 6 0 10 10
split_gain=0.911575 0.709276 0.438321 0.3449 0.537449 0.542767 0.614528 0.264409 0.249941 0.203733 0.220035 0.462842 0.422559 0.210344 0.193721 0.188987 0.368898 0.283415 0.158013 0.146265 0.11772 0.111738 0.211364
threshold=0.00063528794558700508 -0.027052270572306591 0.40395985863404915 12.118294476507399 13.013718680122347 12.36896660367203 0.053491973196116455 0.17088762901072987 0.40577126454687834 11.329607037458649 8.7937417642308962 9.0025456459321465 0 0.23586693409452789 -0.0076067684663847215 0.21584276414757611 0.085567903236654516 0.085998354024931764 12.045284582608609 0.37344116728644478 10.730868582564398 0.00077509855690831308 0.0060060745615306841
decision_type=2 10 10 8 10 10 10 8 10 8 10 10 1 10 10 10 10 10 10 8 10 10 10
left_child=1 -1 3 9 5 7 -7 -5 21 10 -2 -12 13 -13 -10 16 17 -14 -11 -9 -18 -4 -23
right_child=2 -3 8 4 -6 6 -8 19 14 18 11 12 15 -15 -16 -17 20 -19 -20 -21 -22 22 -24
leaf_value=0.018538772038675051 -0.0030132334184439927 0.00081424641565506269 -0.0017395070263539294 0.0033473988823340098 -0.0035394063385018534 0.035513963472484839 0.0031070312152142936 -0.012650540173607739 -0.00057948749944782647 -0.0053406074914555462 0.0084417229821119339 9.5297374411904237e-05 -0.00021668610474147572 0.0073667899785746305 0.0029766570945195031 -0.00082820703130538143 -0.001482812061827017 0.0090909501940216846 0.0017033555559486185 0.00081664721907245483 0.00033392275961493308 0.0091521052278025379 -0.0015387817503303494
leaf_weight=42 170 54 603 48 77 44 51 62 42 240 46 82 70 64 40 307 160 42 42 55 62 41 386
leaf_count=42 170 54 603 48 77 44 51 62 42 240 46 82 70 64 40 307 160 42 42 55 62 41 386
internal_value=-0.000516238 0.00372727 -0.000669164 -0.000196616 0.00107868 0.00205323 0.00470663 0.000468749 -0.00135605 -0.000532803 -0.000230368 7.26669e-05 -0.000190823 0.00189623 0.00100588 -0.000691514 4.00588e-05 0.00211304 -0.00159474 -0.000693751 -0.00102 -0.00154647 -0.000978489
internal_weight=2830 96 2734 1622 337 260 95 165 1112 1285 1003 833 787 146 82 641 334 112 282 117 222 1030 427
internal_count=2830 96 2734 1622 337 260 95 165 1112 1285 1003 833 787 146 82 641 334 112 282 117 222 1030 427
cat_boundaries=0 1
cat_threshold=80
is_linear=0
shrinkage=0.045


Tree=78
num_leaves=24
num_cat=2
split_feature=23 7 6 1 24 21 7 10 9 9 21 0 18 9 24 19 5 24 10 9 20 19 8
split_gain=0.857265 0.550752 0.438884 0.355085 1.00082 0.281665 0.778524 0.383911 0.620182 0.447987 0.258034 0.239686 0.295412 0.274947 0.218966 0.193297 0.744087 0.379125 0.217861 0.152227 0.158964 0.194016 0.382607
threshold=0.00063528794558700508 0.018558116252456354 0.32551028452753361 12.574792231730182 0.00037113837152884444 0 0.0034490383458026714 0.017258626535447855 0.57409710298271954 0.44195181857501725 1 10.865024503155011 11.500000000000002 0.3106421441538228 0.0003891254284895187 0.79630000000000012 0.65976067900674984 6.0661858288719428e-05 0.010346348556039249 0.40118223791731034 1.0000000180025095e-35 0.75960000000000016 11.630250063428674
decision_type=2 10 8 10 2 1 8 8 8 10 1 8 2 8 2 2 10 2 10 8 2 2 10
left_child=1 -1 10 5 -5 6 -4 -8 9 -9 15 12 -7 -14 -10 17 -17 -2 -19 20 -12 -22 -23
right_child=2 -3 3 4 -6 11 7 8 14 -11 19 -13 13 -15 -16 16 -18 18 -20 -21 21 22 -24
leaf_value=0.017130052767287109 0.0069108083019429646 -0.0044491377485728354 0.010101963111375668 0.033915835116223016 -0.0049815107641845296 0.0046916612406506129 -0.0014615964812698893 0.00093151242893878999 0.0036819580596196802 0.014855017725966761 -0.0034976614953139873 -0.0034178312704883727 0.0034508538855138847 -0.0046664544497411441 -0.0044438932218766039 0.0054340456849360707 -0.0046520447720673772 -0.0010072326770381619 0.00085920724511892414 -0.0025034080230423718 -0.001260569452450976 0.0042192579262283082 -0.0042732460466730765
leaf_weight=53 65 42 46 44 40 60 152 72 63 40 123 227 74 104 85 61 56 206 72 641 397 74 43
leaf_count=53 65 42 46 44 40 60 152 72 63 40 123 227 74 104 85 61 56 206 72 641 397 74 43
internal_value=-0.000348224 0.00378826 -0.000495361 0.000251732 0.003 -7.28995e-06 0.000773885 0.000151807 0.00119772 0.00367826 -0.000927916 -0.000776674 0.000205394 -0.000720995 -0.000715232 -5.21698e-10 0.00155625 -0.00053974 -0.00126513 -0.00125136 -0.000762891 -0.000409091 0.00118125
internal_weight=2840 95 2745 1007 84 923 458 412 260 112 1738 465 238 178 148 460 117 343 278 1278 637 514 117
internal_count=2840 95 2745 1007 84 923 458 412 260 112 1738 465 238 178 148 460 117 343 278 1278 637 514 117
cat_boundaries=0 1 2
cat_threshold=81 144
is_linear=0
shrinkage=0.045


Tree=79
num_leaves=24
num_cat=0
split_feature=23 23 8 6 24 2 6 4 2 9 7 7 2 4 4 7 9 5 8 5 25 23 3
split_gain=1.05772 0.359864 0.339053 0.282415 0.226019 0.347945 0.417857 0.264942 0.210807 0.274052 0.235505 0.552046 0.296481 0.263588 0.608525 0.196341 0.232968 0.428358 0.342705 0.172862 0.270332 0.264177 0.504109
threshold=0.00063528794558700508 0.0017933450306965258 12.336235335436543 0.39187696428765489 0.00037113837152884444 12.045284582608609 0.14822626266840164 0.093915859811925281 10.952328748689293 inf 0.012037212221729427 0.015343818523871676 10.090914250625504 0.0070733475074267384 0.12175636235639681 0.045570332376651972 0.10323596575128856 0.21814205815846391 8.8247204002351562 0.36358030521469037 0.0035197491389389016 0.0031358324185198276 -0.17490471659635123
decision_type=2 2 8 10 2 10 8 8 8 8 10 10 10 10 10 10 10 10 10 10 2 2 10
left_child=2 3 -1 4 5 8 -7 -8 10 -10 12 -12 -2 -14 -15 16 -13 -18 -19 20 -3 22 -22
right_child=1 19 -4 -5 -6 6 7 -9 9 -11 11 15 13 14 -16 -17 17 18 -20 -21 21 -23 -24
leaf_value=0.011423968343406119 -0.0037000743713475883 -0.00209878827298444 0.013350819097123852 0.0096045372365307774 -0.0025421999445266975 0.0059598962423473602 -0.0019397032886566928 0.0055334448835290401 -0.0012641881050647725 0.0045169021741562525 0.0080965009478528808 -0.0028520563474936913 -0.0057625459857780382 0.011623059115952229 -0.0017526149296659484 -0.0056673160488836102 0.015160358854008174 0.0048514567557098381 -0.0020688712256873125 -0.0021285235543272879 0.0080383597588984564 -0.0029100633481694668 -7.1939123814655445e-05
leaf_weight=41 180 298 55 47 100 63 86 40 263 60 54 68 63 41 47 58 47 62 82 638 78 155 203
leaf_count=41 180 298 55 47 100 63 86 40 263 60 54 68 63 41 47 58 47 62 82 638 78 155 203
internal_value=-0.000388507 -0.000553454 0.00418182 -3.46413e-05 -0.000160593 1.10923e-05 0.00176953 0.000244186 -0.000317364 -0.00126304 0.000121276 0.00089639 -0.000747755 0.000715909 0.00227472 0.000161718 0.00069561 0.00149613 0.000244897 -0.00106691 -0.000592266 0.000123006 0.000942781
internal_weight=2829 2733 96 1361 1314 1214 189 126 1025 323 702 371 331 151 88 317 259 191 144 1372 734 436 281
internal_count=2829 2733 96 1361 1314 1214 189 126 1025 323 702 371 331 151 88 317 259 191 144 1372 734 436 281
is_linear=0
shrinkage=0.045


Tree=80
num_leaves=24
num_cat=0
split_feature=23 23 0 6 5 4 16 6 7 16 18 0 18 8 8 5 0 2 4 6 23 4 2
split_gain=0.978667 0.559351 0.371417 0.350919 0.28405 0.296097 0.568894 0.672357 0.533337 0.257109 0.393196 0.266889 0.178864 0.333122 0.556234 0.269592 0.233577 0.323138 0.198462 0.384379 0.14558 0.101665 0.0655413
threshold=0.00046562969589548339 0.0022334722246545665 8.2584934847910407 0.4231397547624916 0.83090678586471023 0.18125509845477461 -1.0000000180025095e-35 0.20658713572503942 0.021708990805226383 -1.4999999999999998 13.500000000000002 10.296125899105812 22.500000000000004 9.8533366168166889 9.2068461846300149 0.47229071138623485 11.865325807781462 12.088620081494241 0.091229429316420738 0.28581227357335465 0.0020505363952819529 -0.178364758835658 9.8754250657944418
decision_type=2 2 10 10 10 10 2 10 10 2 2 8 2 8 10 10 8 8 10 8 2 8 10
left_child=-1 3 -3 4 5 9 -7 8 -8 10 -2 -12 18 14 15 -14 -15 -18 20 -20 21 -11 -4
right_child=1 2 22 -5 -6 6 7 -9 -10 12 11 -13 13 16 -16 -17 17 -19 19 -21 -22 -23 -24
leaf_value=0.010693409056501615 0.022122941246015392 0.0098039374177744092 -0.00078663135593949086 0.0020928163091270776 -0.010399699796600622 -0.0022233210049327021 -0.001788677319970855 0.006134669895065694 0.016784725726220806 -0.00070183255598549733 0.0066745052364155944 -0.018139119697652976 0.0024933646753008396 -0.00088177134697904743 0.0093102481279705232 -0.004862353299245328 0.0072067201908467046 -0.0013991153853485348 -0.0028053381974815893 0.0095216299165094814 0.00040423384737807839 -0.0022369599003243777 -0.0024234245984477844
leaf_weight=49 63 67 359 43 132 113 84 76 57 58 66 69 48 192 50 58 56 83 88 42 63 436 499
leaf_count=49 63 67 359 43 132 113 84 76 57 58 66 69 48 192 50 58 56 83 88 42 63 436 499
internal_value=-0.000450158 -0.000563102 -0.00146686 -0.000116091 -0.00021312 -5.54258e-05 0.00114865 0.00248523 0.000609374 -0.00034691 0.00114179 -0.000244566 -0.000600255 5.96933e-05 0.00175472 -0.000123854 -0.000747755 0.000649647 -0.0010663 0.000507518 -0.00143438 -0.00169316 -0.00171951
internal_weight=2851 2802 925 1877 1834 1702 330 217 141 1372 198 135 1174 487 156 106 331 139 687 130 557 494 858
internal_count=2851 2802 925 1877 1834 1702 330 217 141 1372 198 135 1174 487 156 106 331 139 687 130 557 494 858
is_linear=0
shrinkage=0.045


Tree=81
num_leaves=24
num_cat=0
split_feature=13 18 18 25 8 1 4 1 25 4 4 25 3 3 5 3 10 9 5 9 25 10 4
split_gain=0.436116 0.255565 0.28276 0.242531 0.535327 0.232556 0.841284 0.2601 0.135398 0.131448 0.437124 0.139703 0.120393 0.349294 0.154825 0.171879 0.334284 0.202849 0.130248 0.252533 0.194325 0.235839 0.353646
threshold=2.8786492756160169 33.500000000000007 32.500000000000007 0.0015177162795040719 9.4513469974440536 12.063849162887546 0.40529982188288943 12.282939791527816 0.0046613478130709566 -0.18531341367474927 -0.16121441465509248 0.0020152644939536615 -0.22553214465979585 -0.25431216061585893 0.023132418762125236 0.27516134537823772 0.014403346376572106 0.34704179125301998 0.27331690372394896 0.2574345282948422 0.0058419405351089531 -0.033571022006478345 0.032084730043532766
decision_type=2 2 2 2 10 10 8 10 2 8 8 2 8 8 8 10 10 8 8 8 2 8 10
left_child=1 2 3 4 -1 9 7 -7 -3 -5 -11 -12 13 -13 -14 18 17 -17 -16 -20 21 22 -21
right_child=-2 8 -4 5 -6 6 -8 -9 -10 10 11 12 14 -15 15 16 -18 -19 19 20 -22 -23 -24
leaf_value=-0.0023249531243679129 0.017107730492405201 -0.0015745629236705977 0.0084632234339655828 -0.0022422621808649373 0.010346545067671077 0.003305712897291352 0.0096085385478137005 -0.0020056091111063236 3.2951981969141088e-05 0.0035592884162986799 -0.0029145746224741179 -0.00092908202216518008 0.011439112655453224 0.0069999681351773689 -0.0038011286196241892 0.0073925849245479571 0.0073292435550760156 -0.0017668134001648744 0.00070552636346218195 -6.1927793147940031e-05 0.00033114328795111759 -0.0018982013857738063 0.00015671282135238719
leaf_weight=51 40 319 75 142 46 58 55 223 43 42 188 90 40 40 272 76 53 103 60 54 74 649 41
leaf_count=51 40 319 75 142 46 58 55 223 43 42 188 90 40 40 272 76 53 103 60 54 74 649 41
internal_value=-0.000312479 -0.000381302 -0.000214374 -0.000302225 0.0018675 -0.000397703 0.000690265 -0.000324824 -0.00149178 -0.00058848 -0.000481513 -0.000593804 -0.000451447 0.000845864 -0.000571579 -0.000653069 0.000459574 -0.000482143 -0.000878145 -0.000607833 -0.000816688 -0.00103615 0.00103316
internal_weight=2834 2794 2432 2357 97 2260 336 281 362 1924 1782 1740 1552 130 1422 1382 232 179 1150 878 818 744 95
internal_count=2834 2794 2432 2357 97 2260 336 281 362 1924 1782 1740 1552 130 1422 1382 232 179 1150 878 818 744 95
is_linear=0
shrinkage=0.045


Tree=82
num_leaves=24
num_cat=0
split_feature=23 10 6 26 26 16 20 9 7 19 10 7 7 3 7 7 1 18 23 18 9 6 18
split_gain=0.570484 0.432476 0.420114 0.187613 0.372725 0.68876 0.271332 0.257969 0.360493 0.244585 0.386952 0.490342 0.514482 0.198649 0.37162 0.197294 0.500919 0.187118 0.129899 0.198963 0.128785 0.187518 0.137556
threshold=0.00063528794558700508 -0.047067533893092837 0.45107692115107939 27.000000000000004 29.500000000000004 1.0000000180025095e-35 1.0000000180025095e-35 0.18728183226518766 0.021708990805226383 0.6986500000000001 0.011854464984504738 0.029753855809748837 0.012037212221729427 -0.23221752854534669 0.015746362436860211 0.059312093952106938 10.94640395619828 22.500000000000004 0.0013860047048993493 17.500000000000004 0.46709759621635449 0.2207373418250356 9.5000000000000018
decision_type=2 10 10 2 2 2 2 8 10 2 8 8 10 8 10 8 10 2 2 2 8 10 2
left_child=1 -1 3 13 5 -5 -6 8 17 18 -11 12 -12 14 -2 20 -17 -8 -9 -20 21 -15 -23
right_child=2 -3 -4 4 6 -7 7 9 -10 10 11 -13 -14 15 -16 16 -18 -19 19 -21 -22 22 -24
leaf_value=0.022963064799312267 0.0068408720843707539 0.00046376143956245407 0.0020023558019477759 0.0083231510069285055 -0.0048908555291760905 -0.001872736699805311 0.0053941904761015272 -0.0010788108845336518 0.0091024621016338285 -0.00034899244601896352 0.0017945686817869046 -0.014256857602426015 0.0069640566277290672 -0.0032491295276751903 -0.0025701636797058201 -0.0051512525255446437 0.011071040673766422 -0.0076329228733251035 -0.0052458230689052723 0.0013611982281507623 -0.0021742455912407634 -0.00064126148841121356 0.00030034333972761627
leaf_weight=40 53 66 56 64 153 58 57 288 52 143 71 43 47 302 64 90 61 47 41 52 633 83 251
leaf_count=40 53 66 56 64 153 58 57 288 52 143 71 43 47 302 64 90 61 47 41 52 633 83 251
internal_value=-0.000427165 0.00276605 -0.000555034 -0.000637896 -0.00019303 0.002124 -0.000482949 -0.000162619 0.0014717 -0.000539608 0.000410423 0.00190701 0.0033843 -0.000959903 0.000806249 -0.00110682 0.000423701 -8.41127e-05 -0.00129492 0.000164062 -0.00128951 -0.000830986 -9.34723e-05
internal_weight=2815 106 2709 2653 1116 122 994 841 156 685 304 161 118 1537 117 1420 151 104 381 93 1269 636 334
internal_count=2815 106 2709 2653 1116 122 994 841 156 685 304 161 118 1537 117 1420 151 104 381 93 1269 636 334
is_linear=0
shrinkage=0.045


Tree=83
num_leaves=24
num_cat=0
split_feature=13 23 6 18 18 6 24 7 7 5 24 8 4 3 4 1 18 3 18 8 8 7 8
split_gain=0.287963 0.221528 0.25246 0.22089 0.437042 0.287764 0.564999 0.227548 0.400663 0.673751 0.402235 0.25544 0.569146 0.228734 0.202698 0.189091 0.163836 0.158407 0.224831 0.227167 0.467213 0.226905 0.334739
threshold=2.8786492756160169 0.0018501931866774788 0.081871249253160791 33.500000000000007 32.500000000000007 0.35359877671851081 0.00033105226715603278 0.010804985364303412 0.015091941633185677 0.49346678636932706 5.0810759895085891e-05 10.470161263072958 0.011055730373348187 0.27516134537823772 0.45433114276547687 9.7783079034421743 31.500000000000004 0.12126229800378756 14.500000000000002 9.1335866907464727 8.8492908284319078 0.016465642070382563 10.278244967940596
decision_type=2 2 8 2 2 10 2 8 8 8 2 10 10 8 10 10 2 8 2 10 8 10 10
left_child=1 2 16 4 5 7 -7 13 9 -9 -10 -12 -13 -4 17 -15 -1 18 19 20 -3 22 -21
right_child=-2 14 3 -5 -6 6 -8 8 10 -11 11 12 -14 15 -16 -17 -18 -19 -20 21 -22 -23 -24
leaf_value=-0.0099985051648240793 0.015930401325187315 -0.00051898050409154438 -0.0010711832685233915 -0.0010463534219553119 0.0094510927981657031 -0.00096538245137997429 0.010177443779074693 -7.8722727924087797e-05 0.0068250501086722275 0.007343417874412444 -0.001465183532111058 0.010828834692070076 -0.0017431539235562199 -0.0040155865275010192 0.00016068400766296314 0.0090141145514539747 -9.340470913774431e-05 -0.0023103796957431957 -0.0023638318786383603 -0.0069461501508527486 0.0034035217685362907 -0.001852924998569662 0.0049550999777726833
leaf_weight=177 40 45 295 175 45 69 40 55 80 49 336 40 62 41 41 40 43 475 446 42 47 92 58
leaf_count=177 40 45 295 175 45 69 40 55 80 49 336 40 62 41 41 40 43 475 446 42 47 92 58
internal_value=-0.000518072 -0.000573767 -0.000213388 2.19919e-05 0.00024935 6.68914e-05 0.00222991 -0.000175325 0.000352799 0.00285981 -0.000164108 -0.000704082 0.00124286 -0.00104486 -0.00101962 0.00104464 -0.00161435 -0.00112686 -0.000706003 0.000282229 0.00208421 -0.000600001 0.000873786
internal_weight=2833 2793 1547 1327 1152 1107 109 998 622 104 518 438 102 376 1246 81 220 1205 730 284 92 192 100
internal_count=2833 2793 1547 1327 1152 1107 109 998 622 104 518 438 102 376 1246 81 220 1205 730 284 92 192 100
is_linear=0
shrinkage=0.045


Tree=84
num_leaves=24
num_cat=0
split_feature=23 6 10 2 1 6 25 23 9 0 1 0 3 6 2 2 2 1 0 0 25 9 2
split_gain=0.865123 0.564504 0.413737 0.321956 0.323229 0.369291 0.333164 0.2771 0.272127 0.207295 0.242278 0.318202 0.195071 0.194633 0.655738 0.109135 0.243648 0.105405 0.205443 0.27954 0.281493 0.140254 0.133083
threshold=0.00046562969589548339 0.45107692115107939 -0.02838399428532001 13.036236935637726 12.574792231730182 0.32838744532495134 0.0026316598397645914 0.00075848014228532053 0.097111482179700462 11.219140538316037 10.695886790591988 10.820836704407791 1.0000000180025095e-35 0.19416231553392618 9.2063969127589189 9.9123164169066822 10.383493442975345 10.314839920857297 9.4866113303738437 9.7096002427482038 0.0024255028269065094 0.72597996884305271 12.045284582608609
decision_type=2 10 10 8 10 10 2 2 10 10 10 10 10 8 10 10 10 10 10 10 2 10 10
left_child=-1 2 3 4 5 7 -7 8 -2 10 13 -12 -8 14 -9 -15 -17 18 21 -20 -21 -4 -19
right_child=1 -3 17 -5 -6 6 12 9 -10 -11 11 -13 -14 15 -16 16 -18 22 19 20 -22 -23 -24
leaf_value=0.0087149730277353947 -0.00023408551524197949 0.0016647893913646541 -0.0017177581404556124 -0.0016935310809277988 0.015610110714648332 -0.0014786414051204723 4.8315156622150654e-05 0.0043029892575316706 0.0091352299741072878 -0.0016445323819523191 0.011102267476654765 -0.00075608227067027985 0.0025361429550538558 -0.0034847756391957001 -0.0023880899605337289 0.0029455523924531821 -0.0037856092493858723 -0.001500185447802603 0.0055982200203093897 0.0027146855361719186 -0.0019879019953781417 0.00062996376804641009 -0.00043068464673443497
leaf_weight=42 63 56 276 174 40 51 43 57 54 180 64 73 40 254 100 80 57 550 72 45 189 40 225
leaf_count=42 63 56 276 174 40 51 43 57 54 180 64 73 40 254 100 80 57 550 72 45 189 40 225
internal_value=-0.0002904 -0.000390076 -0.000483792 8.43956e-05 0.000357204 0.000209115 0.00239781 -9.59396e-05 0.00193125 -0.000375865 -1.63523e-05 0.00165536 0.00410756 -0.000441017 0.000885937 -0.000976523 4.82138e-05 -0.00102375 -0.000583201 0.000247572 -0.000512659 -0.00138245 -0.00137372
internal_weight=2825 2783 2727 1330 1156 1116 134 982 117 865 685 137 83 548 157 391 137 1397 622 306 234 316 775
internal_count=2825 2783 2727 1330 1156 1116 134 982 117 865 685 137 83 548 157 391 137 1397 622 306 234 316 775
is_linear=0
shrinkage=0.045


Tree=85
num_leaves=24
num_cat=1
split_feature=23 10 0 2 7 9 23 10 7 25 2 3 8 8 8 2 8 21 19 18 19 9 3
split_gain=0.274651 0.414061 0.246549 0.234162 0.671769 0.5217 0.223429 0.221371 0.198588 0.18734 0.177682 0.618165 0.198562 0.218257 0.201458 0.425602 0.285582 0.260168 0.257768 0.236251 0.173906 0.154087 0.127972
threshold=0.00063528794558700508 -0.03464358834719742 13.013718680122347 12.140193240681375 0.018558116252456354 0.35253036859324655 0.0023283362018776898 0.038478195498035835 0.035069222257603595 0.0015177162795040719 9.2063969127589189 0.11459479359570444 9.2068461846300149 9.5069495985066688 10.226226587832615 10.495082920950022 10.603366896007676 0 0.75960000000000016 29.500000000000004 0.60730000000000006 0.57409710298271954 -1.0000000180025095e-35
decision_type=2 10 10 10 8 10 2 10 8 2 8 8 10 10 10 8 10 1 2 2 2 8 8
left_child=1 -1 3 6 -5 -6 7 8 9 -2 11 -11 -12 -14 19 -16 -17 18 -18 -15 21 -10 -19
right_child=2 -3 -4 4 5 -7 -8 -9 20 10 12 -13 13 14 15 16 17 22 -20 -21 -22 -23 -24
leaf_value=0.020841858746203892 0.0022935642979815319 -0.0044415441064138252 -0.0026513292242893935 -0.0018474647978064071 0.012012145292553374 -0.0018823594407653191 -0.0015660487118226429 -0.003675528747810337 0.0052418515120635414 -0.0013348599146969741 -0.0014207635045747685 0.0094959115870040141 0.0030382357584738491 -0.0020032840096012488 0.0098549089044081585 -0.0048992578976118153 5.0782847015115994e-05 -0.0081287798012582655 0.0047306572566440048 0.0067131897053376022 -0.0019896558329673296 -0.0089125512710280276 0.00041293305646093227
leaf_weight=40 52 56 159 113 63 45 693 180 66 100 286 71 61 132 44 86 73 57 40 48 211 56 98
leaf_count=40 52 56 159 113 63 45 693 180 66 100 286 71 61 132 44 86 73 57 40 48 211 56 98
internal_value=-0.000420932 0.00190909 -0.00050475 -0.000397111 0.000994419 0.00348649 -0.000528851 -0.000244742 -6.21636e-05 0.00021894 9.00814e-05 0.00140948 -0.000157598 0.000283878 7.74473e-06 0.000572319 3.78146e-05 0.000763837 0.00226786 -0.00122951 -0.00102455 0.000323999 -0.00046875
internal_weight=2830 96 2734 2575 221 108 2354 1661 1481 1148 1096 171 925 639 578 398 354 268 113 180 333 122 155
internal_count=2830 96 2734 2575 221 108 2354 1661 1481 1148 1096 171 925 639 578 398 354 268 113 180 333 122 155
cat_boundaries=0 1
cat_threshold=216
is_linear=0
shrinkage=0.045


Tree=86
num_leaves=24
num_cat=0
split_feature=23 23 9 4 9 4 24 6 1 6 5 5 16 4 1 5 9 9 4 1 3 3 6
split_gain=0.650527 0.209481 0.273489 0.417831 0.377885 0.366225 0.494268 0.250453 0.240798 0.240494 0.176325 0.189323 0.264846 0.236247 0.278818 0.223128 0.17326 0.455653 0.168055 0.162095 0.158395 0.149652 0.110187
threshold=0.00046562969589548339 0.001293324672967319 0.19499125099829309 -0.087226137592827213 0.080959000723672667 -0.047504726142666258 5.1346701359879773e-05 0.31003539525403462 10.42469429720464 0.45107692115107939 0.40395985863404915 0.30271977837144487 1.0000000180025095e-35 0.18125509845477461 11.412233063091982 0.34653733945068776 0.29467036612957997 0.33132023419301765 0.32678200511009808 8.7463942657440814 0.067687343167012373 -0.23221752854534669 0.19931109361701929
decision_type=2 2 10 8 8 10 2 8 8 10 10 10 2 8 10 10 10 10 10 10 10 8 10
left_child=-1 2 3 -2 -5 -6 -7 8 -8 10 11 13 15 21 20 -13 -4 -18 19 -19 -15 -3 -21
right_child=1 9 16 4 5 6 7 -9 -10 -11 -12 12 -14 14 -16 -17 17 18 -20 22 -22 -23 -24
leaf_value=0.0073139545646595111 -0.0036712171623586379 0.00080625419462091548 -0.0079761802495491984 -0.0026501641135096305 0.016314700591672442 -0.002891499375986113 -0.0018708548149056539 0.0075779352468579135 0.0075298694963327655 0.00014715259961505913 -0.0015205350138820899 0.0060968046923233392 0.0002023883477066828 -0.0050106810015917843 0.0093025169808368183 -0.0080433122553073902 0.0082404911733372308 0.0052658712207186761 0.0040742543166439032 -0.0019779767394736783 0.00018893691763253025 -0.0017666029366550933 -0.00033665869598363844
leaf_weight=42 79 40 161 88 66 61 59 46 64 50 755 42 68 138 75 68 40 47 41 233 67 394 133
leaf_count=42 79 40 161 88 66 61 59 46 64 50 755 42 68 138 75 68 40 47 41 233 67 394 133
internal_value=-0.000469668 -0.000554915 -7.62717e-05 0.000758047 0.00137209 0.00213712 0.00125536 0.00249855 0.001375 -0.000869559 -0.000964091 -0.000532961 0.000770718 -0.000859833 0.00015901 -0.000597346 -0.000666794 -0.000244467 -0.000659738 -0.000935698 -0.000703126 -0.00151373 -0.0012561
internal_weight=2857 2815 1118 463 384 296 230 169 123 1697 1647 892 178 714 280 110 655 494 454 413 205 434 366
internal_count=2857 2815 1118 463 384 296 230 169 123 1697 1647 892 178 714 280 110 655 494 454 413 205 434 366
is_linear=0
shrinkage=0.045


Tree=87
num_leaves=24
num_cat=2
split_feature=9 21 1 0 4 12 0 18 18 4 5 2 18 2 4 25 1 26 21 4 9 5 1
split_gain=0.244936 0.212985 0.53161 0.949811 0.269434 0.139067 0.143697 0.308547 1.09647 0.256112 0.452154 0.367476 0.248744 0.248259 0.257614 0.241157 0.632859 0.240319 0.163227 0.267011 0.20271 0.316379 0.144767
threshold=0.6885620464635277 0 9.399610711381543 10.548060342257729 0.013648335611560402 0.086200000000000013 11.909474305454962 24.500000000000004 21.500000000000004 0.26478341811502459 0.46099464536488749 10.202303824407847 32.500000000000007 8.8082555194695633 0.023802388095359523 0.0022200023486095483 12.574792231730182 27.000000000000004 1 -0.10508441883979992 0.38028657159530194 0.2529920891853043 12.282939791527816
decision_type=10 1 10 10 10 2 10 2 2 10 8 10 2 10 10 2 8 2 1 8 8 8 10
left_child=1 2 -1 -4 -5 6 9 8 15 12 11 -11 18 -14 17 16 -8 -15 19 -3 21 -21 -17
right_child=-2 5 3 4 -6 -7 7 -9 -10 10 -12 -13 13 14 -16 22 -18 -19 -20 20 -22 -23 -24
leaf_value=-0.0030887132703534288 -0.0018327172911593683 0.00031431309579082431 0.01326343212023183 0.00018566431919312144 -0.0020331987955371942 -0.008456596295102297 -0.0069853309743740256 -0.0021285850506843991 0.0095793547383014321 0.0035486058617277849 -0.0011941536437531592 -0.0014541612841123522 -0.0059568271838044513 -0.00039865129965884551 -4.1722697929731448e-05 2.9333777520525711e-05 0.0143603571456891 0.0082398703347180673 -0.0012279086724326252 -0.0015367382418257835 -0.0029080351936644705 0.0060603296136401315 -0.0043454705624291204
leaf_weight=62 401 62 40 40 62 112 44 173 42 56 67 41 46 47 91 40 54 54 1005 40 118 59 83
leaf_count=62 401 62 40 40 62 112 44 173 42 56 67 41 46 47 91 40 54 54 1005 40 118 59 83
internal_value=-0.000315887 -0.000145638 0.00120276 0.00276207 0.000385714 -0.000274366 -0.000192706 0.000533029 0.00149718 -0.000380995 0.00129341 0.0032175 -0.000563607 0.00076556 0.00147692 0.000190848 0.00182673 0.00300721 -0.000811189 0.000161815 -0.000582955 0.000904411 -0.001125
internal_weight=2839 2438 204 142 102 2234 2122 436 263 1686 164 97 1522 238 192 221 98 101 1284 279 217 99 123
internal_count=2839 2438 204 142 102 2234 2122 436 263 1686 164 97 1522 238 192 221 98 101 1284 279 217 99 123
cat_boundaries=0 1 2
cat_threshold=64 48
is_linear=0
shrinkage=0.045


Tree=88
num_leaves=24
num_cat=0
split_feature=7 7 26 6 18 2 5 4 4 2 1 25 7 8 1 18 7 2 8 5 23 8 23
split_gain=0.336845 0.35005 0.389951 0.338166 0.476307 0.464049 0.428145 0.591994 0.318957 0.551541 0.255983 0.537619 0.216894 0.17138 0.278092 0.334517 0.284354 0.272215 0.245504 0.202619 0.123435 0.185869 0.115903
threshold=0.0090907070381280927 0.030685809170690772 18.500000000000004 0.28311012637335492 26.500000000000004 11.987187683770427 0.30271977837144487 0.093915859811925281 -0.091148855982882526 12.318817205225168 9.7783079034421743 0.0030622624397682314 0.018880034640169654 9.4513469974440536 9.9452081169542836 25.500000000000004 0.016067103199226326 9.2457212713673158 8.3480414512762131 0.17088762901072987 0.0020410341210476742 12.868172065451658 0.001254040822795713
decision_type=8 10 2 10 2 10 10 8 10 10 8 2 8 10 8 2 10 8 10 10 2 8 2
left_child=22 2 8 5 6 13 -5 -8 9 12 11 -3 -2 14 17 16 -16 18 -4 -15 21 -10 -1
right_child=1 10 3 4 -6 -7 7 -9 20 -11 -12 -13 -14 19 15 -17 -18 -19 -20 -21 -22 -23 -24
leaf_value=-0.00062002542566102982 0.0050797580384221797 -0.0016269351731889987 -0.00051501589222968983 -0.0020012546925779391 0.0023370869657943793 0.013509559665720688 -0.00030558084004287208 0.0085614251419328033 0.00016750048522055152 0.01184719146757131 -0.0030550516393792011 0.0043472571310138389 -0.0037596770444241214 0.0083819748934131719 -0.0031515153246528481 0.0048841631187717428 0.0012199596865816215 -0.0096332619698010456 0.0065533903332768385 -0.0040340820520960354 -0.0012817864543516199 -0.0013589877245955332 -0.0016295131564557279
leaf_weight=361 44 111 83 54 53 44 64 44 63 40 445 57 74 69 67 67 40 104 46 155 213 61 493
leaf_count=361 44 111 83 54 53 44 64 44 63 40 445 57 74 69 67 67 40 104 46 155 213 61 493
internal_value=-0.000498074 -0.000177662 0.00021884 0.000781074 0.00232225 0.000282079 0.00106364 0.00267568 -0.000790663 0.000866459 -0.00107021 0.000421052 -0.000706612 -3.90384e-05 0.000510365 0.00185593 0.000265909 -0.000505297 0.000869318 -0.00103084 -0.00156838 -0.000425197 -0.00124446
internal_weight=2852 1998 1385 890 215 675 162 108 495 158 613 168 118 631 407 174 107 233 129 224 337 124 854
internal_count=2852 1998 1385 890 215 675 162 108 495 158 613 168 118 631 407 174 107 233 129 224 337 124 854
is_linear=0
shrinkage=0.045


Tree=89
num_leaves=24
num_cat=0
split_feature=23 6 1 10 24 1 7 0 7 9 6 0 19 20 3 10 0 1 3 18 25 18 9
split_gain=0.288571 0.485489 0.613639 0.253799 0.279728 0.286117 0.363915 0.269066 0.569852 0.261649 0.311091 0.238584 0.222264 0.252072 0.307394 0.462406 0.186721 0.4026 0.122151 0.320302 0.158493 0.21677 0.331324
threshold=0.0013860047048993493 0.34453925553988834 10.94640395619828 0.017258626535447855 0.00012968754612905983 12.574792231730182 0.05525161745612394 9.1692640089571444 0.01018764925613912 0.19499125099829309 0.043212909299934953 10.696758096162254 0.62570000000000014 1.0000000180025095e-35 -0.14060265521673501 0.00077509855690831308 12.414024571921106 12.180087282140731 -0.23221752854534669 14.500000000000002 0.0033728784374183352 27.500000000000004 0.29953816944745609
decision_type=2 10 10 10 2 10 8 10 10 8 10 10 2 2 10 10 10 10 8 2 2 2 8
left_child=1 3 -3 4 5 6 7 8 -1 10 -9 -12 -11 -14 -15 -16 17 18 19 -2 -20 -22 -23
right_child=16 2 -4 -5 -6 -7 -8 9 -10 12 11 -13 13 14 15 -17 -18 -19 20 -21 21 22 -24
leaf_value=-0.0033092956049430551 0.0053805839258666841 0.0090690729538539083 -0.00041288264701901719 -0.0018661354694405391 -0.0032791977772894396 0.014579497069919529 -0.010431905125693801 0.0082600710754627219 0.0093866509046075883 -0.007844624067455586 -0.0034487767424913407 0.003701335224768427 -0.0041944118238218123 0.0077962043689402422 -0.002230559888977838 0.0036241479261590361 -0.0021898291251842596 0.0085687400761307476 -0.0018108785390884439 -0.0029628925859998536 -0.00078193789455225477 0.0018660489400829615 -0.0018935168951123144
leaf_weight=47 46 49 50 231 117 41 100 41 72 96 40 58 65 70 125 43 163 59 602 61 495 60 106
leaf_count=47 46 49 50 231 117 41 100 41 72 96 40 58 65 70 125 43 163 59 602 61 495 60 106
internal_value=-0.000377905 0.000135216 0.00311029 -0.000129243 0.000208333 0.000511235 0.000304934 0.000692045 0.00260041 0.000257855 0.00191725 0.000490098 -0.000330224 0.000272058 0.000952282 -0.000105264 -0.000778684 -0.000611209 -0.000770212 0.000674999 -0.000893958 -0.000410016 0.000985207
internal_weight=2837 1245 99 1146 915 798 757 657 119 538 139 98 399 303 238 168 1592 1429 1370 107 1263 661 166
internal_count=2837 1245 99 1146 915 798 757 657 119 538 139 98 399 303 238 168 1592 1429 1370 107 1263 661 166
is_linear=0
shrinkage=0.045


Tree=90
num_leaves=24
num_cat=0
split_feature=13 4 7 7 10 4 7 24 23 4 4 7 16 19 9 1 5 5 19 2 4 3 2
split_gain=0.345903 0.242775 0.200125 0.255065 0.411128 0.34847 0.53453 0.395079 0.334288 0.307123 0.533665 0.300796 0.345488 0.218731 0.24723 0.304119 0.182929 0.389747 0.336497 0.197553 0.150993 0.180864 0.116979
threshold=2.5543154480380736 0.4957878864500565 0.026465241236310652 0.0090907070381280927 0.0013700619318466891 -0.055358677934261503 0.0099376115646273942 0.00029606114975019442 0.0010855998969896269 0.15331315311583119 0.208016205452658 0.015091941633185677 -1.0000000180025095e-35 0.76235000000000008 0.16633387908165823 10.291834645218939 0.27331690372394896 0.3676998998529401 0.73745000000000005 11.527460993281286 -0.13090190886138522 0.28237712077795141 12.192248720906933
decision_type=2 10 10 10 8 8 10 2 2 10 10 10 2 2 8 10 10 10 2 10 8 10 8
left_child=1 2 3 13 20 7 -7 8 -6 11 -11 12 -8 14 15 -1 19 -18 -19 -16 -5 -22 -4
right_child=-2 -3 22 4 5 6 9 -9 -10 10 -12 -13 -14 -15 16 -17 17 18 -20 -21 21 -23 -24
leaf_value=-0.0035645409060106603 0.012012980596278939 0.002464624460088351 -0.0016393864635609852 0.0035888325983674052 0.010669407440564722 0.0017257829544007437 0.0093616521685628094 0.00090223074026842486 -0.00090616346593335134 0.0088129281607000863 -0.0027114272801015342 -0.0036650012085299552 -0.0016506367238810469 -0.0013227646362782032 -0.0031044047692834679 0.0097481293208173097 0.0078030379463768238 -0.0011799083934468377 0.00026823213214272621 0.0039392374926683835 -0.00071594152057886896 0.0016983634225876565 -0.0049362494660541833
leaf_weight=62 46 56 565 48 40 41 53 54 67 44 78 192 80 219 222 59 68 213 45 62 277 75 155
leaf_count=62 46 56 565 48 40 41 53 54 67 44 78 192 80 219 222 59 68 213 45 62 277 75 155
internal_value=-0.000351364 -0.000417117 -0.000478601 -0.000246129 0.000237404 0.000935199 0.000329938 0.00273018 0.00108409 -0.000135001 0.001764 -0.00085747 0.000777573 -0.000779119 -0.000401567 0.00143347 -0.0007708 -4.1034e-05 -0.000844828 -0.0015993 -0.000893301 -0.0012169 -0.00112033
internal_weight=2821 2775 2719 1999 1049 649 488 161 107 447 122 325 133 950 731 121 610 326 258 284 400 352 720
internal_count=2821 2775 2719 1999 1049 649 488 161 107 447 122 325 133 950 731 121 610 326 258 284 400 352 720
is_linear=0
shrinkage=0.045


Tree=91
num_leaves=24
num_cat=0
split_feature=7 10 4 7 2 4 10 1 19 4 6 7 24 15 15 26 10 6 23 10 10 10 23
split_gain=0.504323 0.351487 0.368696 0.310184 0.46752 0.598396 0.444557 0.64591 0.482773 0.292816 0.28849 0.609535 0.286341 0.25944 0.232046 0.211682 0.343295 0.147028 0.137559 0.120323 0.228245 0.119271 0.145187
threshold=0.0088983598679218626 0.0090112561738418719 0.16030212404269564 0.025482135658424217 12.140193240681375 0.076878187261086972 0.028167694765926152 9.0359527604054453 0.79630000000000012 -0.16121441465509248 0.13831321459443 0.016067103199226326 0.0005552915512134054 1.5000000000000002 2.5000000000000004 32.500000000000007 0.02736824054254099 0.078395045809638644 0.0020890952270694783 0.0013700619318466891 -0.0066362851341243414 -0.037826907557666316 0.0010916897613754346
decision_type=8 8 10 8 10 8 10 8 2 8 10 10 2 2 2 2 8 8 2 8 10 10 2
left_child=19 2 -2 6 9 -6 7 -3 13 -5 -4 -12 17 -9 -8 16 -15 -11 -18 20 21 22 -1
right_child=1 3 10 4 5 -7 14 8 -10 12 11 -13 -14 15 -16 -17 18 -19 -20 -21 -22 -23 -24
leaf_value=0.0071376971711461391 -0.00088130709470553856 0.004859094713165246 0.010785513734553198 0.002097306823226135 -0.0046053915363597842 0.02797897833852488 -0.001957195183752872 -0.0087896353224713696 0.0047964424681711214 3.0868427626252425e-05 0.0019654207181883888 -0.0019432985790646992 0.0037789317447894065 0.0056269081479658877 0.00010693597129511663 0.0027854009934355686 -0.0015483248272031363 -0.0040270334574446648 3.3453994072456342e-05 -0.00176652946556017 0.0082159553873409185 -0.00043221839520392541 -0.0022696163851134207
leaf_weight=40 597 41 50 44 42 46 119 116 69 40 50 94 69 42 41 78 61 378 57 513 50 150 55
leaf_count=40 597 41 50 44 42 46 119 116 69 40 50 94 69 42 41 78 61 378 57 513 50 150 55
internal_value=-0.000349561 2.87182e-05 -0.000711273 0.0005002 -0.000213425 0.00276923 0.00120574 0.00190792 0.00135739 -0.000720506 0.000982233 -6.1225e-05 -0.00104235 0.000668067 -0.000828221 0.00151245 0.000552147 -0.00148575 -0.000706612 -0.0012984 -0.000566276 -0.00113407 0.000114795
internal_weight=2842 2034 791 1243 619 88 624 464 423 531 194 144 487 354 160 238 160 418 118 808 295 245 95
internal_count=2842 2034 791 1243 619 88 624 464 423 531 194 144 487 354 160 238 160 418 118 808 295 245 95
is_linear=0
shrinkage=0.045


Tree=92
num_leaves=24
num_cat=0
split_feature=4 6 1 0 1 4 3 3 6 19 6 3 3 7 4 0 23 6 3 23 3 4 3
split_gain=0.429043 0.266993 0.422501 0.966185 0.47858 0.335001 0.26213 0.460999 0.738724 0.232447 0.188198 0.235216 0.182697 0.178881 0.36999 0.172122 0.189627 0.202445 0.179665 0.14342 0.241297 0.299433 0.141348
threshold=0.4957878864500565 0.18193283788418121 11.907808279968711 12.052526620972101 12.331988738967244 0.035358557725320025 0.10358861242703236 0.15736137690787619 0.13831321459443 0.78900000000000015 0.17958347253822848 -0.08442729284681641 -0.30048957610506649 0.020428813032514048 0.16579478635317371 8.3697222952296375 0.0022019492746127296 0.3835275200827058 -0.23884455540402774 0.0015950176343311575 -0.08442729284681641 0.052433616816095645 0.30281673150328298
decision_type=10 10 10 10 10 8 8 8 10 2 8 10 8 10 10 10 2 10 10 2 10 8 10
left_child=1 2 5 -4 -5 6 9 -8 22 10 -1 -12 -3 -7 -15 -14 17 19 -18 -17 -21 -22 -9
right_child=-2 12 3 4 -6 13 7 8 -10 -11 11 -13 15 14 -16 16 18 -19 -20 20 21 -23 -24
leaf_value=-0.0020487982441327679 0.002359208830088954 0.00086238009022816993 0.02505514345329396 0.0024953351814426344 -0.002428885354284557 -0.0020421945989476066 0.0070726884416849418 -0.0028760909265725275 0.014113302143792354 0.0068307689576217337 -0.0087030841730192654 0.0020421932508393735 0.00026729312442670238 -0.0026370866781863472 0.0071072299863081893 -0.0016352694568820079 -1.2817424996871936e-05 0.0028517624650917285 -0.0013434196045909539 -0.0024189351364107808 -0.0033397954376291122 0.0026728601526973461 0.0003908281454711975
leaf_weight=147 52 41 51 50 134 467 43 85 45 46 52 40 44 113 72 417 66 102 452 90 51 74 41
leaf_count=147 52 41 51 50 134 467 43 85 45 46 52 40 44 113 72 417 66 102 452 90 51 74 41
internal_value=-0.000336124 -0.000415169 2.26777e-05 0.00174895 0.000192513 -0.000333406 0.00054233 0.0017212 0.00063362 -0.000351563 -0.000920455 0.000663157 -0.000868098 -0.00100305 0.000179521 -0.000963049 -0.00106136 -0.000592266 -0.00171881 -0.000892914 5.1605e-05 0.00131836 -0.00115116
internal_weight=2775 2723 1386 235 184 1151 499 214 171 285 239 92 1337 652 185 1296 1252 734 518 632 215 125 126
internal_count=2775 2723 1386 235 184 1151 499 214 171 285 239 92 1337 652 185 1296 1252 734 518 632 215 125 126
is_linear=0
shrinkage=0.045


Tree=93
num_leaves=24
num_cat=0
split_feature=7 7 16 1 0 4 9 7 16 5 25 7 26 26 3 4 10 8 2 25 4 4 5
split_gain=0.387828 0.518086 0.595237 0.633846 0.889734 0.471944 0.430617 0.641414 0.351143 0.335807 0.435623 0.241867 0.227796 0.438991 0.199234 0.255716 0.545052 0.170631 0.255665 0.201098 0.238616 0.413514 0.484137
threshold=0.016942948697712689 0.0088983598679218626 2.5000000000000004 11.64353385926036 12.166660436599768 -0.20335977393338656 0.2907202508990574 0.010296307036838597 -1.4999999999999998 0.46099464536488749 0.0017505593325179329 0.013811100711894021 32.500000000000007 20.500000000000004 0.39443695624401626 -0.11066977839065588 0.024321287900202219 8.7412842772987176 9.2063969127589189 0.003129792919120192 -0.066172732313628718 0.074597338128394225 0.30859208125794885
decision_type=10 8 2 10 10 10 8 10 2 10 2 10 2 2 10 8 8 8 8 2 8 8 10
left_child=1 17 3 5 -5 -3 11 -8 -9 10 -2 -7 13 -10 15 16 -12 -1 -19 20 -20 22 -22
right_child=9 2 -4 4 -6 6 7 8 12 -11 14 -13 -14 -15 -16 -17 -18 18 19 -21 21 -23 -24
leaf_value=-0.0028343335436389894 0.0052378296409095488 -0.0022302386219662305 -0.0026657304392426456 0.016900469205733942 0.00022795289715179401 -0.0037018430423119827 0.0043974169219834934 0.0043846571634752708 -0.0038690704237064394 -0.002488580215217375 -0.0013729430259578259 0.0036649720241180746 -0.0024474645672441391 0.0023090250493287665 0.001400683753519507 -0.0013598259532383956 0.00057487399503083989 0.00027319626585764695 -0.004363685925417523 -0.0011403986142752716 -0.001939031551366921 -0.00056047862168232964 0.0027467668143424852
leaf_weight=134 55 158 133 72 69 77 45 50 56 426 54 41 47 63 54 589 55 43 110 247 58 174 46
leaf_count=134 55 158 133 72 69 77 45 50 56 426 54 41 47 63 54 589 55 43 110 247 58 174 46
internal_value=-0.000406087 5.11987e-05 0.000854115 0.00139427 0.00404687 0.000679166 0.0015373 0.00254829 0.00147945 -0.00100668 -0.000463889 -0.000706612 0.000452662 0.00149385 -0.000750994 -0.000956491 0.00102455 -0.000750921 -0.000455948 -0.000687696 -4.60363e-05 0.000656583 0.00285981
internal_weight=2856 1623 811 678 141 537 379 261 216 1233 807 118 166 119 752 698 109 812 678 635 388 278 104
internal_count=2856 1623 811 678 141 537 379 261 216 1233 807 118 166 119 752 698 109 812 678 635 388 278 104
is_linear=0
shrinkage=0.045


Tree=94
num_leaves=24
num_cat=0
split_feature=23 6 10 0 0 2 1 1 24 18 5 3 18 0 26 18 0 10 9 25 18 16 18
split_gain=0.483602 0.365638 0.274143 0.533307 0.293513 0.536696 0.311115 0.279764 0.507578 0.248914 0.193876 0.171005 0.230883 0.154905 0.338645 0.183698 0.159142 0.168224 0.154119 0.231426 0.164748 0.13791 0.318352
threshold=0.0017036197822443179 0.35047600486392194 0.031750946628247116 12.780369258043427 10.980079472884023 10.678084861636348 11.907808279968711 9.1482391765640987 6.4207015782897169e-05 11.500000000000002 0.10883662396485873 0.33435038982149329 23.500000000000004 9.6696332821534643 12.500000000000002 3.5000000000000004 9.3765499489423476 -0.031783087383885293 0.11054144310045093 0.0022736930955155128 33.500000000000007 -1.0000000180025095e-35 7.5000000000000009
decision_type=2 10 8 10 8 10 10 10 2 2 10 10 2 10 2 2 10 8 10 2 2 2 2
left_child=1 2 11 4 5 7 -6 8 -4 -3 -9 18 -13 14 -2 -16 17 -17 19 -1 -20 22 -15
right_child=13 9 3 -5 6 -7 -8 10 -10 -11 -12 12 -14 21 15 16 -18 -19 20 -21 -22 -23 -24
leaf_value=0.0037996695227234911 0.00085198172587716971 -0.0029054693419710235 0.0054025868900421051 0.003597714384819204 -0.0031062765971766508 0.0076692217842919703 0.0066707306066308434 0.0011482446745491909 -0.0026833299148363442 0.0084561116310730034 -0.0055033858061098702 0.01346619792839808 -0.0025345638012711016 0.0021643188473244759 0.0037952018531532236 0.00016765310004293935 0.0025787544300139541 -0.0026783344431523812 -0.0013432551267275887 -0.0024862411817030651 0.00011017802487784024 -0.0015736976396058301 -0.0023572496008457339
leaf_weight=40 62 42 73 47 174 44 70 90 53 67 91 62 51 73 42 40 54 242 426 51 55 617 286
leaf_count=40 62 42 73 47 174 44 70 90 53 67 91 62 51 73 42 40 54 242 426 51 55 617 286
internal_value=-0.000419265 0.000162612 -4.56772e-05 0.00062093 0.000244565 0.00107415 -0.000947369 0.000384677 0.00198837 0.0026317 -0.000745924 -0.000670422 0.000911637 -0.00100846 -0.000304741 -0.000814961 -0.00116814 -0.00159474 -0.000986087 0.000694148 -0.0013063 -0.0013238 -0.000615332
internal_weight=2852 1436 1327 642 595 351 244 307 126 109 181 685 113 1416 440 378 336 282 572 91 481 976 359
internal_count=2852 1436 1327 642 595 351 244 307 126 109 181 685 113 1416 440 378 336 282 572 91 481 976 359
is_linear=0
shrinkage=0.045


Tree=95
num_leaves=24
num_cat=0
split_feature=13 7 23 4 6 9 6 6 3 4 23 6 3 5 2 6 15 5 7 3 5 9 5
split_gain=0.256784 0.255073 0.191514 0.496711 0.56172 0.310958 0.428988 0.564203 0.323586 0.685402 0.298655 0.382942 0.282261 0.258852 0.208632 0.223621 0.177152 0.152265 0.242593 0.490806 0.19359 0.214075 0.152086
threshold=2.6621687064638593 0.028327654481363321 0.0017933450306965258 0.26478341811502459 0.22376807065700283 0.67854068016150604 0.1136243667242363 0.16096963460896499 0.13785095741085021 0.023802388095359523 0.00082335136117230219 0.026559325814617642 0.11459479359570444 0.3676998998529401 12.252402798704933 0.19416231553392618 2.5000000000000004 0.40395985863404915 0.014887246978587529 -0.078507672761266356 0.30271977837144487 0.31762685279456038 0.16478283046840461
decision_type=2 10 2 10 10 8 10 10 8 8 2 10 10 10 10 8 2 10 10 10 8 8 10
left_child=1 2 5 17 -5 10 16 -8 9 -9 11 -1 -13 -14 -12 -16 -7 18 20 -20 -4 -22 -3
right_child=-2 22 3 4 -6 6 7 8 -10 -11 14 12 13 -15 15 -17 -18 -19 19 -21 21 -23 -24
leaf_value=0.0084400796169113845 0.011449456478423372 -0.00014679403221606925 -0.0028922604889234089 -0.0029290863340159564 0.00027120046408015254 -0.0067170188855959941 0.006432186766257059 -0.00033840654236478869 -0.001375084483196581 0.006875046512794661 -0.0014309110740478837 -0.00097838391863298434 -0.00059890671285072437 0.0038050132351158798 0.001762762593513461 -0.0013472214058031361 0.0018322859102719363 -0.0021765039894240416 0.00098597042755977108 -0.00016187174153613933 0.0074688117000977789 -0.00029159987623759124 -0.0019905155952939144
leaf_weight=56 41 223 176 51 60 102 42 55 103 55 324 106 84 40 40 49 64 354 64 88 47 175 466
leaf_count=56 41 223 176 51 60 102 42 55 103 55 324 106 84 40 40 49 64 354 64 88 47 175 466
internal_value=-0.000396183 -0.000448886 -0.000205216 -0.000652014 0.00215132 0.000200356 0.00116215 0.00231105 0.00132292 0.00298673 -0.000381411 0.000731833 -9.65671e-05 0.00134646 -0.00115204 0.000758152 -0.000612427 -0.00100221 -0.000528934 0.000987096 -0.00111097 -0.000220001 -0.00119978
internal_weight=2865 2824 2135 1015 111 1120 421 255 213 110 699 286 230 124 413 89 166 904 550 152 398 222 689
internal_count=2865 2824 2135 1015 111 1120 421 255 213 110 699 286 230 124 413 89 166 904 550 152 398 222 689
is_linear=0
shrinkage=0.045


Tree=96
num_leaves=24
num_cat=0
split_feature=23 0 5 23 23 8 1 23 23 0 9 23 9 18 16 7 5 18 0 8 3 4 0
split_gain=0.275213 0.40558 0.238215 0.244711 0.211065 0.168197 0.168254 0.314002 0.251869 0.254656 0.256901 0.302612 0.448935 0.183109 0.328384 0.4139 0.204399 0.199573 0.147874 0.381415 0.395532 0.181768 0.112761
threshold=0.0022334722246545665 8.2584934847910407 0.86764474283547177 0.0022019492746127296 0.00046562969589548339 7.6446101579004999 10.117200918058179 0.0018501931866774788 0.0017329617336946147 10.314839920857297 0.19499125099829309 0.0010247654435978503 0.080959000723672667 22.500000000000004 -1.0000000180025095e-35 0.0068467282745950982 0.3153951970394786 3.5000000000000004 9.7096002427482038 8.8934319461747879 -0.095418326159677117 0.4957878864500565 9.1692640089571444
decision_type=2 10 10 2 2 8 10 2 2 8 8 2 10 2 2 10 10 2 10 10 10 8 8
left_child=2 -2 3 4 -1 -6 22 8 9 -8 11 12 -11 17 -15 -16 -17 -12 19 -3 -21 -20 -7
right_child=1 18 -4 -5 5 6 7 -9 -10 10 13 -13 -14 14 15 16 -18 -19 21 20 -22 -23 -24
leaf_value=0.004138459107603026 0.0052642458864742923 -0.0020556848839703326 -0.01552163206516732 0.001322529633722739 0.0030452453795101852 0.00022105492680472505 0.0072507543479175722 -0.00091659285489880228 0.00093496545019015355 -0.00076395259745008065 0.00010809120279161578 -0.0066846317691282436 0.019787069222576906 -0.0035818406347175951 0.0067002822755171448 -0.0069356705287883973 2.9955884276194173e-05 -0.0044347619777520483 -0.0030622080877268534 0.002050958052045501 -5.5954238966928324e-05 0.00021553989925888613 -0.0011439470628049437
leaf_weight=41 69 152 101 49 60 191 69 189 54 45 48 64 54 89 47 45 67 250 523 43 78 64 434
leaf_count=41 69 152 101 49 60 191 69 189 54 45 48 64 54 89 47 45 67 250 523 43 78 64 434
internal_value=-0.00040244 -0.00103568 -9.11847e-05 3.00161e-05 -6.04291e-05 -0.000139556 -0.000226501 0.000129638 0.000506586 0.000293853 3.47607e-05 0.00158584 0.00311029 -0.000434427 0.000466135 0.00168056 0.000156521 -0.00118106 -0.00130359 -0.000432066 0.00143347 -0.00170466 -0.000806131
internal_weight=2826 929 1897 1796 1747 1706 1646 1021 832 778 709 163 99 546 248 159 112 298 860 273 121 587 625
internal_count=2826 929 1897 1796 1747 1706 1646 1021 832 778 709 163 99 546 248 159 112 298 860 273 121 587 625
is_linear=0
shrinkage=0.045


Tree=97
num_leaves=24
num_cat=1
split_feature=4 7 7 7 21 1 8 2 4 1 19 4 10 2 4 6 4 5 4 4 4 4 8
split_gain=0.304824 0.276948 0.280477 0.287152 0.373768 0.707152 0.443459 0.421983 0.823362 0.741372 0.313914 0.275384 0.504003 0.225881 0.186282 0.208876 0.249672 0.142825 0.142291 0.13196 0.142229 0.329616 0.318462
threshold=0.4957878864500565 0.030685809170690772 0.0088983598679218626 0.016942948697712689 0 11.907808279968711 11.280661246880177 11.664688945234262 -0.082374288239055821 10.382865851323567 0.71195000000000008 -0.082374288239055821 -0.074207584137347432 8.9416285542736897 -0.13804975206180611 0.23278877197769982 0.087535292839094933 0.1315384018392137 -0.16121441465509248 -0.12516850095329488 0.074597338128394225 0.016372725235343059 10.021857766168226
decision_type=10 10 8 10 1 8 10 8 10 8 2 8 10 8 8 10 10 8 8 8 10 10 10
left_child=1 2 19 4 6 14 7 8 -4 -10 -7 12 -5 -13 -6 -16 -17 -15 -3 -1 21 -21 -23
right_child=-2 18 3 11 5 10 -8 -9 9 -11 -12 13 -14 17 15 16 -18 -19 -20 20 -22 22 -24
leaf_value=-0.0026479602037445867 0.001577873193008746 0.00010592030228536844 -0.0023330817077692198 0.0082198982748876211 0.0035854444933654467 0.01350736616459137 -0.00057876434310842942 0.011421141197825115 0.0053180389596469875 3.1958143894199908e-05 -0.00021020457288420993 0.0087852795342483036 -4.4327789340318122e-05 -0.00048298271800613162 -0.0032922022445263043 -0.0021827811814571136 0.0048383998002121658 -0.0012333952978026367 -0.0017355226161440494 -0.00046703456489762072 -0.0011793285970149072 0.0078179386069123433 -0.0033746266058270998
leaf_weight=131 50 60 92 40 43 57 42 43 48 56 49 41 88 64 264 56 40 366 534 281 307 41 46
leaf_count=131 50 60 92 40 43 57 42 43 48 56 49 41 88 64 264 56 40 366 534 281 307 41 46
internal_value=-0.000410891 -0.00047466 -0.00024056 0.00014709 0.000709331 -3.87936e-05 0.00198214 0.00279855 0.00185427 0.00454206 0.0031789 -0.00059427 0.00123664 -0.00109652 -0.000903326 -0.00123967 0.000545454 -0.001403 -0.00133417 -0.000906675 -0.000647124 -4.85181e-05 0.002325
internal_weight=2839 2789 2195 1389 790 509 281 239 196 104 106 599 128 471 403 360 96 430 594 806 675 368 87
internal_count=2839 2789 2195 1389 790 509 281 239 196 104 106 599 128 471 403 360 96 430 594 806 675 368 87
cat_boundaries=0 1
cat_threshold=193
is_linear=0
shrinkage=0.045


Tree=98
num_leaves=24
num_cat=0
split_feature=23 3 19 23 25 10 23 3 18 3 23 4 3 10 10 25 3 8 10 6 8 0 8
split_gain=0.226092 0.399641 0.49404 0.251383 0.149854 0.637678 0.250156 0.16213 0.169016 0.157974 0.242562 0.604937 0.225517 0.638854 0.359713 0.352104 0.556616 0.429133 0.236869 0.65065 0.234068 0.4559 0.212302
threshold=0.0022334722246545665 -0.32974407917865955 0.66105000000000014 0.0022019492746127296 0.0057875753632385387 -0.029643819077873609 0.0018501931866774788 -0.24674723287252534 1.5000000000000002 0.16296621244514067 0.00085321052994657769 0.27614848903058103 0.10871676335244244 1.0000000180025095e-35 -0.02838399428532001 0.0025939297013374369 -0.137692073200124 9.1335866907464727 0.021386095866747935 0.26543433042340892 9.9453048851874097 11.080293648304174 10.409755202791748
decision_type=2 10 2 2 2 10 2 8 2 10 2 8 10 8 10 2 8 10 10 10 8 8 10
left_child=3 2 -2 4 6 -6 7 -1 -9 12 11 22 14 -14 15 20 -17 -18 -16 -20 -10 -22 -11
right_child=1 -3 -4 -5 5 -7 -8 8 9 10 -12 -13 13 -15 18 16 17 -19 19 -21 21 -23 -24
leaf_value=-0.0017716564968117295 0.0095185319396449402 -0.0015169007660492096 -0.0032681871373200192 0.00082272812781883928 0.0021326247362379799 -0.0010754076033145485 -0.0025659487613432612 -0.01235757680457311 -0.0015314859804703726 -0.0027138099286976628 -0.00128081130525296 0.0032075218880527048 -0.0013643547012365427 0.006806835929830681 -0.0012334293540336417 0.0073392112081177305 -0.0060191848029858795 0.0010048845438652757 -0.00063060048590188084 0.0019742447080740048 0.0075929172000504001 -0.0055362427634807702 0.0028848795302225628
leaf_weight=114 63 794 65 52 48 50 219 71 72 141 231 40 40 67 221 42 77 46 84 41 54 137 57
leaf_count=114 63 794 65 52 48 50 219 71 72 141 231 40 40 67 221 42 77 46 84 41 54 137 57
internal_value=-0.00049788 -0.00107514 0.00123664 -0.000217095 -0.000305661 0.00138119 -0.000402106 -0.000197497 -6.47828e-05 4.98886e-05 -0.000614937 0.000392116 0.000404694 0.00231136 0.000133204 0.00100232 0.00261161 0.00101786 -0.000941261 0.000615234 -2.53765e-05 0.000800257 -0.000649254
internal_weight=2826 922 128 1904 1852 98 1754 1535 1421 1350 469 238 881 107 774 428 165 123 346 125 263 191 198
internal_count=2826 922 128 1904 1852 98 1754 1535 1421 1350 469 238 881 107 774 428 165 123 346 125 263 191 198
is_linear=0
shrinkage=0.045


Tree=99
num_leaves=24
num_cat=0
split_feature=6 9 19 2 6 6 6 4 1 1 0 1 10 24 25 7 25 2 9 5 10 1 10
split_gain=0.306251 0.331796 0.461312 0.260513 0.387435 0.277078 0.295339 0.436697 0.373599 0.234004 0.473472 0.213313 0.237249 0.257505 0.433239 0.21944 0.164732 0.162842 0.144171 0.492369 0.259797 0.166443 0.124695
threshold=0.4868963487625339 0.50319602871360358 0.56525000000000014 11.076822741161626 0.034941943973587034 0.20179725356850409 0.23830417429092696 -0.026610648384183002 9.7357707136260547 10.267443623409395 10.789022062481886 10.243385342914243 -1.0000000180025095e-35 0.00041464458510374685 0.0026316598397645914 0.020866214522028897 0.0024396221868591395 10.843244375406806 0.59077386278803135 0.64052993918732648 -0.15679133384939178 9.7783079034421743 0.0074904401274813815
decision_type=8 8 2 8 10 8 10 10 10 10 10 8 8 2 2 10 2 10 8 10 10 10 10
left_child=3 2 16 4 -1 22 7 -7 -9 -3 -11 12 -8 14 -14 -15 -2 -18 -5 20 21 -20 -6
right_child=1 9 -4 18 5 6 11 8 -10 10 -12 -13 13 15 -16 -17 17 -19 19 -21 -22 -23 -24
leaf_value=0.0028191883173322948 0.0047774391235332319 -0.010479203033725584 0.010198831363161283 -0.0013133777864561419 -0.0001251236860910448 -0.0016262789546328056 -0.00019084124021090946 -0.00063445200233901383 0.0084879503053262272 0.0021754922144348716 -0.015952029596617092 -0.00081550039199424168 -0.0013854530033507717 -0.0025185386169163091 0.0068949564442701596 6.3329738146208439e-05 -0.0032985885629239864 0.01048803928631746 0.0020944606867320343 -0.0042383214999084946 0.0027555478986690668 -0.00042310308893053679 -0.0043501558683672389
leaf_weight=43 69 137 69 540 398 53 145 46 51 74 61 245 59 56 56 40 82 45 50 176 40 81 214
leaf_count=43 69 137 69 540 398 53 145 46 51 74 61 245 59 56 56 40 82 45 50 176 40 81 214
internal_value=-0.000452701 0.000512499 0.00163713 -0.000679116 -0.00029702 -0.0004332 0.00014622 0.00191176 0.0036675 -0.000589091 0.000733695 -0.000301739 0.000401114 0.00135631 0.00276483 -0.000363637 0.000497487 -0.000467308 -0.00128174 -0.000559286 0.00115086 0.000151119 -0.00114146
internal_weight=2830 537 265 2293 1406 1363 751 150 97 272 135 601 356 211 115 96 196 127 887 347 171 131 612
internal_count=2830 537 265 2293 1406 1363 751 150 97 272 135 601 356 211 115 96 196 127 887 347 171 131 612
is_linear=0
shrinkage=0.045


Tree=100
num_leaves=24
num_cat=1
split_feature=13 21 2 5 3 26 5 9 16 2 18 2 2 0 9 5 5 5 3 26 25 18 0
split_gain=0.337563 0.1863 0.622961 0.424922 0.406832 0.32061 0.404885 0.260059 0.221816 0.172374 0.801921 0.254021 0.247792 0.521502 0.544365 0.122097 0.121019 0.475768 0.110081 0.195517 0.106191 0.403926 0.186406
threshold=2.5543154480380736 0 7.8433918504606579 0.47229071138623485 0.032192293518011734 21.500000000000004 0.28001218757486462 0.4524996679784406 -1.4999999999999998 9.2063969127589189 10.500000000000002 9.0324336379383627 10.361075675341224 10.362009570337351 0.34704179125301998 0.27331690372394896 0.55188310396256679 0.65976067900674984 -0.032269810120650992 46.000000000000007 0.0018675329682284962 23.500000000000004 12.166660436599768
decision_type=2 1 10 10 10 2 10 10 2 8 2 10 10 10 10 10 10 10 8 2 2 2 10
left_child=1 2 -1 4 7 6 -6 15 -5 10 -3 -12 18 14 -14 -4 20 -18 19 -11 21 22 -15
right_child=-2 9 3 8 5 -7 -8 -9 -10 12 11 -13 13 16 -16 -17 17 -19 -20 -21 -22 -23 -24
leaf_value=0.00014529954613335408 0.0094635281122271223 0.0054116587106258062 -0.0026898539135324965 0.0016185628040157071 0.00027369309420277306 -0.00078477624597029767 0.007203005111584072 0.0026975459876887207 -0.0018799986290706297 -0.001391120908413561 -0.0027795745813946134 0.0031216565856097352 0.016636640498747517 -0.00044844650197416224 -0.0070594494496840458 -0.00010250788911008739 0.0039999525488404854 -0.0020798053009622014 -0.0017918163047888319 0.0048289969892824696 -0.00083179732388552691 -0.010543460409254352 0.01178860942980707
leaf_weight=70 48 64 126 51 75 70 49 64 308 165 218 55 48 41 41 78 64 122 394 64 511 91 40
leaf_count=70 48 64 126 51 75 70 49 64 308 165 218 55 48 41 41 78 64 122 394 64 511 91 40
internal_value=-0.000453934 -0.000519293 2.23999e-05 -0.000330401 0.000570967 0.00212436 0.00347244 -0.000564576 -0.0014855 -0.000766702 0.000152205 -0.000921196 -0.00096733 -0.000510406 0.00271467 -0.00134783 -0.000848911 0.000166666 -0.00166414 -0.000863147 -0.001125 -0.000154286 0.00211607
internal_weight=2857 2809 891 821 462 194 124 268 359 1918 337 273 1581 958 89 204 869 186 623 229 683 172 81
internal_count=2857 2809 891 821 462 194 124 268 359 1918 337 273 1581 958 89 204 869 186 623 229 683 172 81
cat_boundaries=0 1
cat_threshold=81
is_linear=0
shrinkage=0.045


Tree=101
num_leaves=24
num_cat=2
split_feature=25 10 21 1 0 2 2 21 4 10 3 25 3 3 4 0 2 0 1 10 25 4 2
split_gain=0.207268 0.387397 0.17749 0.2263 0.205552 0.161115 0.189942 0.42032 0.526131 0.333428 0.272348 0.274739 0.233987 0.273986 0.372858 0.175769 0.185255 0.304661 0.192522 0.181684 0.21921 0.304311 0.389192
threshold=0.0015177162795040719 -0.062002952351202532 0 12.66163107485292 13.12567890906041 12.709430161614064 9.2457212713673158 1 -0.059104615519409029 0.063889709279473697 0.31811795569158313 0.0028797254659379814 0.15736137690787619 0.11459479359570444 -0.16956788307836931 12.096642900966126 9.5231381366112657 9.7819789620358559 10.117200918058179 -0.047067533893092837 0.0020152644939536615 -0.078970852192863275 11.420121838832438
decision_type=2 10 1 10 10 10 10 1 10 8 10 2 10 8 10 10 10 8 8 10 2 8 10
left_child=1 -1 3 -2 5 6 7 8 9 -4 15 -12 13 14 -9 16 -8 -18 -19 20 -20 -22 -23
right_child=2 -3 4 -5 -6 -7 10 12 -10 -11 11 -13 -14 -15 -16 -17 17 18 19 -21 21 22 -24
leaf_value=0.0038353862643112106 -0.00089381710418702043 -0.00071013938102750559 -0.0043300537439264148 0.00079360443060668686 -0.0021569779809687047 0.0094173674337543097 -0.0015753889969622717 0.00016192701741945262 0.0050584878926576912 0.00026670375997537589 -0.00010054100846749512 0.0062002096916049755 -0.0039378987085981077 0.0028714751415226877 -0.0024461153530143105 -0.00088138207523547735 0.0017293742225832688 -0.0013375430094797916 -0.012380590162244439 -0.0003320862155918626 0.003750171084152354 -0.0014504150395186612 0.006909450984599246
leaf_weight=43 650 60 53 75 95 46 108 43 77 40 121 59 98 46 89 127 75 113 51 446 57 208 40
leaf_count=43 650 60 53 75 95 46 108 43 77 40 121 59 98 46 89 127 75 113 51 446 57 208 40
internal_value=-0.00031881 0.00163443 -0.000394578 -0.000990854 -0.000170574 -6.75005e-05 -0.000134709 0.000671492 0.00233607 0.000164062 -0.000391513 0.00122951 -0.000435987 0.000522099 -0.000533334 -0.000632126 -0.000445505 -0.000249245 -0.000477942 -0.000229193 0.000526462 0.000986201 0.000286852
internal_weight=2820 103 2717 725 1992 1897 1851 446 170 93 1405 180 276 178 132 1225 1098 990 915 802 356 305 248
internal_count=2820 103 2717 725 1992 1897 1851 446 170 93 1405 180 276 178 132 1225 1098 990 915 802 356 305 248
cat_boundaries=0 1 2
cat_threshold=42 129
is_linear=0
shrinkage=0.045


Tree=102
num_leaves=24
num_cat=1
split_feature=6 5 21 5 5 16 26 16 19 24 10 24 1 19 19 9 3 2 3 5 25 10 5
split_gain=0.45605 0.180548 0.214756 0.307385 0.492117 0.321879 0.546736 0.256812 0.593062 0.46134 0.223097 0.297225 0.484948 0.21934 0.492443 0.337155 0.220531 0.299533 0.219095 0.216598 0.199322 0.252375 0.197518
threshold=0.46341955552787778 0.85113369893523394 0 0.33206659613335526 0.30271977837144487 3.5000000000000004 18.500000000000004 1.0000000180025095e-35 0.82115000000000016 7.4948364593325258e-05 0.021386095866747935 0.00012968754612905983 10.94640395619828 0.6029500000000001 0.58210000000000017 0.19499125099829309 -0.12137460673832463 11.795359501732454 0.085648276804151421 0.096925328966237539 0.002199838609870503 0.0060060745615306841 0.18576173007285182
decision_type=10 10 1 10 10 2 2 2 2 2 8 2 8 2 2 8 10 10 10 10 2 8 10
left_child=1 2 7 4 13 -5 -7 8 9 -1 -9 -12 -13 14 15 18 17 19 -4 -15 -11 -22 -21
right_child=-2 -3 3 5 -6 6 -8 10 -10 20 11 12 -14 16 -16 -17 -18 -19 -20 22 21 -23 -24
leaf_value=0.0039382753025869422 0.0013831009402554292 -0.011413741712946247 -0.0036876124376601137 -0.0022645330996479032 0.0083797320090920734 0.00070571585599340126 -0.0047803574945523893 -0.0012001578375928005 0.0054634117781889391 -0.00045324936572997324 -0.0033260470555384848 0.0021344243648014675 -0.0004973019888458082 -0.0082312584267673263 0.010607997599423496 -0.0022837424119318624 -0.00080785381175687123 0.010654230701800818 0.0064969608868719209 0.0055484610719412231 -0.0024882222711159739 0.00062578531039979117 -0.0030721603326029218
leaf_weight=58 41 130 45 680 72 45 52 156 51 125 77 46 45 93 43 240 557 47 48 40 41 81 83
leaf_count=58 41 130 45 680 72 45 52 156 51 125 77 46 45 93 43 240 557 47 48 40 41 81 83
internal_value=-0.000509142 -0.000578639 -0.000498992 -0.000727041 -0.000297404 -0.00143365 0.000967499 0.000194805 0.00102785 0.000255681 -0.000715597 0.000421052 0.00213032 -0.000517932 0.000379947 -0.000220983 -0.000929527 0.000143796 0.00203906 -0.000575343 -0.000603001 0.000683999 0.000660714
internal_weight=2896 2855 2725 2045 1268 777 97 680 356 305 324 168 91 1196 376 333 820 263 93 216 247 122 123
internal_count=2896 2855 2725 2045 1268 777 97 680 356 305 324 168 91 1196 376 333 820 263 93 216 247 122 123
cat_boundaries=0 1
cat_threshold=192
is_linear=0
shrinkage=0.045


Tree=103
num_leaves=24
num_cat=1
split_feature=23 26 3 25 18 19 0 10 16 6 25 16 18 16 8 8 26 23 6 25 19 21 6
split_gain=0.33213 0.192539 0.314788 0.20027 0.278076 0.67767 0.329708 0.259577 0.264027 0.190841 0.305978 0.240581 0.149156 0.274781 0.119508 0.379412 0.555217 0.188364 0.261175 0.226701 0.151882 0.139162 0.163876
threshold=0.00046562969589548339 23.500000000000004 -0.23221752854534669 0.002165469658980929 27.500000000000004 0.72215000000000007 10.445609891301251 -0.048957966513394562 4.5000000000000009 0.034941943973587034 0.0025544205362843793 -1.4999999999999998 16.500000000000004 1.0000000180025095e-35 8.8247204002351562 9.3983714159583247 19.500000000000004 0.0026797026708704715 0.37792043632761047 0.0048436860174567225 0.85585000000000011 0 0.28865241889315152
decision_type=2 2 8 2 2 2 8 8 2 10 2 2 2 2 8 8 2 2 10 2 2 1 10
left_child=-1 14 -3 12 7 6 -6 -5 9 10 -9 -11 13 -4 -2 16 -16 18 20 -20 21 22 -17
right_child=1 2 3 4 5 -7 -8 8 -10 11 -12 -13 -14 -15 15 17 -18 -19 19 -21 -22 -23 -24
leaf_value=0.0033017392986089862 -0.0038345710566168641 -0.0016929015547831781 0.0042744251438074652 0.0098191256702408365 -0.0022697494985967986 0.0057940031826494015 0.0045221487348490793 0.0069581077712360263 0.0013915217887795037 5.6485350510062671e-05 -0.0024981060245234002 -0.0030575772442364832 -0.00070688361012480425 -0.0034890023218857539 0.002383084524180261 -0.0013443250894926394 -0.009663198547439366 -0.0023468998958058834 -0.0004728132973134481 3.5542789572309803e-05 0.00061670791045478717 -0.0016209689611406646 0.00052225927260384213
leaf_weight=49 230 131 71 50 89 77 53 42 41 80 67 309 176 51 78 235 68 310 51 42 66 369 110
leaf_count=49 230 131 71 50 89 77 53 42 41 80 67 309 176 51 78 235 68 310 51 42 66 369 110
internal_value=-0.000493768 -0.000559486 -0.000139718 0.000109558 0.000477188 0.00183446 -3.1035e-05 -3.42066e-05 -0.000327953 -0.000619761 0.00102455 -0.00108482 -0.00088206 0.000323999 -0.000891646 -0.000724663 0.00141946 -0.000992201 -0.000649829 0.00157031 -0.000919541 -0.00111088 -0.00040852
internal_weight=2845 2796 1237 1106 808 219 142 589 539 498 109 389 298 122 1559 1329 146 1183 873 93 780 714 345
internal_count=2845 2796 1237 1106 808 219 142 589 539 498 109 389 298 122 1559 1329 146 1183 873 93 780 714 345
cat_boundaries=0 1
cat_threshold=89
is_linear=0
shrinkage=0.045


Tree=104
num_leaves=24
num_cat=1
split_feature=10 5 1 4 6 18 2 21 4 1 18 5 2 4 1 4 25 6 6 2 4 8 10
split_gain=0.229762 0.262373 0.365451 0.652615 0.349287 0.564343 0.409637 0.342674 0.389392 0.266863 0.273004 0.222554 0.198264 0.322877 0.290095 0.245388 0.332388 0.179238 0.336336 0.261614 0.307691 0.263268 0.311064
threshold=-0.03464358834719742 0.57207179688848331 12.009990006903363 -0.074899861242344365 0.32551028452753361 16.500000000000004 11.211860495784498 0 0.018573532335914748 10.117200918058179 14.500000000000002 0.010807967113036844 9.1391670885947551 0.18780302064090873 10.267443623409395 -0.038912662111669896 0.0048307899726302327 0.14976437412073226 0.062787741819988432 12.045284582608609 -0.13090190886138522 9.5069495985066688 0.0060060745615306841
decision_type=10 8 10 10 10 2 10 1 10 8 2 10 8 8 10 8 2 10 10 10 8 10 10
left_child=1 4 12 -4 6 -6 7 9 -9 -1 -11 -2 13 -3 -14 -16 -17 18 -13 20 -20 22 -22
right_child=11 2 3 -5 5 -7 -8 8 -10 10 -12 17 14 -15 15 16 -18 -19 19 -21 21 -23 -24
leaf_value=-0.0021193735910287012 0.0017790074570263178 0.0022132457143203398 0.025066303662828564 -0.0089367513706071298 0.0078881446803148719 -1.2345703740325493e-05 -0.0019148692251751372 0.0054123947598815328 -7.1915763517594545e-05 0.012744622167466892 -0.0028545920495598415 -0.0012683554028186654 -0.0017354075377638025 -0.0086177804262407617 0.00052227757339799448 -0.0039745984101216877 0.010272202495620388 -0.00057727625727939619 0.00071110973545337477 0.00067973753004530574 0.00055643653040737514 -0.0035161453316764468 -0.0048202937706653759
leaf_weight=96 49 71 40 49 49 58 126 61 52 50 57 136 263 43 56 176 46 1067 46 52 41 126 46
leaf_count=96 49 71 40 49 49 58 126 61 52 50 57 136 263 43 56 176 46 1067 46 52 41 126 46
internal_value=-0.000327388 0.000116319 -0.000433735 0.00222554 0.000860054 0.00312954 0.000293258 0.00115674 0.00298214 -3.12505e-05 0.00149318 -0.000693966 -0.000803572 0.000884615 -0.00116222 -0.000144129 -0.000820001 -0.000792024 -3.50005e-05 0.00078105 0.000180343 -0.000552084 0.001325
internal_weight=2856 1293 744 89 549 107 442 316 113 203 107 1563 655 114 541 278 222 1514 447 311 259 213 87
internal_count=2856 1293 744 89 549 107 442 316 113 203 107 1563 655 114 541 278 222 1514 447 311 259 213 87
cat_boundaries=0 1
cat_threshold=44
is_linear=0
shrinkage=0.045


Tree=105
num_leaves=24
num_cat=0
split_feature=23 7 7 10 24 18 4 18 10 6 4 25 23 9 25 9 23 26 2 24 18 6 24
split_gain=0.488355 0.33597 0.620187 0.78807 0.759719 0.726537 0.383144 0.31372 0.390252 0.378305 0.430471 0.332481 0.295802 0.234624 0.37225 0.197561 0.17719 0.28535 0.405643 0.304011 0.364576 0.24009 0.174323
threshold=0.0018219555141239575 0.0093611111355508137 0.015343818523871676 -0.015080716083445035 5.3878529892142272e-05 25.500000000000004 0.032084730043532766 24.500000000000004 -0.02838399428532001 0.18873008363273255 -0.055358677934261503 0.0024004324208122558 0.00066696014571561663 0.55950480457840046 0.0027595139942849997 0.65843657057087812 0.0024812631531228257 13.500000000000002 10.983189624940517 0.00041464458510374685 24.500000000000004 0.21816024726158897 0.00057951202463604593
decision_type=2 10 10 8 2 2 8 2 8 10 8 2 2 8 2 8 2 2 10 2 2 10 2
left_child=1 12 3 -3 -5 6 -6 8 -4 10 -10 -12 -1 -14 -15 16 17 -2 19 20 -19 -20 -18
right_child=15 2 7 4 5 -7 -8 -9 9 -11 11 -13 13 14 -16 -17 22 18 21 -21 -22 -23 -24
leaf_value=0.0069660413461422304 -0.0015892718832004437 -0.0050155389014160398 0.012378051314111342 -0.00077820668344569233 -0.0011482061362322929 0.0042037227448799138 0.0050185661409644063 -0.0010686940427196605 0.011058120980478828 -0.0037188945809054014 9.6857028190690828e-05 -0.0026618845517010245 -0.0023360028545795592 -0.0014035540543744986 0.00702931496472622 -0.00067436606016188548 -0.0016381283199532241 -9.6582345614706984e-05 0.011001476421664899 -0.001019204174370284 0.0056943201855416048 -5.9248618059684687e-06 8.9395776007772366e-07
leaf_weight=57 116 66 74 51 40 48 41 259 47 167 60 99 270 204 57 408 347 85 44 93 47 43 127
leaf_count=57 116 66 74 51 40 48 41 259 47 167 60 99 270 204 57 408 347 85 44 93 47 43 127
internal_value=-0.000339117 0.000204147 0.000725654 0.00265663 0.00418033 0.00598295 0.0031875 4.44282e-05 0.000764999 0.000161569 0.00144258 0.000291666 -0.000639594 -0.000973315 -8.52326e-06 -0.000976771 -0.000601658 6.26445e-05 0.000771428 -0.000246711 0.00113333 0.003325 -0.00119811
internal_weight=2850 1540 952 246 180 129 81 706 447 373 206 159 588 531 261 1310 902 428 312 225 132 87 474
internal_count=2850 1540 952 246 180 129 81 706 447 373 206 159 588 531 261 1310 902 428 312 225 132 87 474
is_linear=0
shrinkage=0.045


Tree=106
num_leaves=24
num_cat=0
split_feature=9 25 2 0 26 10 7 7 0 2 18 10 10 18 25 9 7 7 5 7 9 2 9
split_gain=0.2228 0.387346 0.188329 0.643601 0.349904 0.317116 0.17973 0.211497 0.203308 0.486766 0.432544 0.430334 0.425748 0.634313 0.232413 0.150803 0.126813 0.382828 0.252052 0.124262 0.174634 0.11713 0.104006
threshold=0.54770470946509253 0.0015177162795040719 9.2063969127589189 8.9047366470798082 27.000000000000004 0.028167694765926152 0.0061042847172055612 0.033073610150484614 11.376065614307555 10.730018875364008 12.500000000000002 0.047568834640476738 -0.0041099469252759277 26.500000000000004 0.0017505593325179329 0.16633387908165823 0.014887246978587529 0.017837050576126685 0.55188310396256679 0.010526387596488261 0.27837696091346381 8.385076704652457 0.35253036859324655
decision_type=10 2 8 10 2 8 8 10 10 10 2 10 10 2 2 8 10 10 8 8 10 8 10
left_child=1 -1 3 22 5 -5 -4 8 9 11 -11 16 13 -12 -10 -9 19 -18 -19 20 -8 -2 -3
right_child=21 2 6 4 -6 -7 7 15 14 10 12 -13 -14 -15 -16 -17 17 18 -20 -21 -22 -23 -24
leaf_value=0.0024493629715361793 0.00059455639416491804 -0.004714765966013717 -0.00078959143830441129 0.0044335829099819042 0.0069443498489115286 -0.00035616039154031504 -0.0031295664903879389 8.207916853552886e-05 0.008680909925476387 -0.00031586537259290941 0.019310186826376873 0.0027806955135335288 -0.00011146681422076135 0.00085787526512913351 -0.00079252011541530081 -0.0027557037411698937 0.0012890069463809893 -0.0016119904788913118 4.9604561642721258e-05 -0.0021213858197243899 0.00016671424781345914 -0.0015670137699837503 -1.9972620586248918e-05
leaf_weight=56 41 108 347 43 49 52 73 65 58 63 40 43 41 45 306 270 44 133 40 162 41 680 55
leaf_count=56 41 108 347 43 49 52 73 65 58 63 40 43 41 45 306 270 44 133 40 162 41 680 55
internal_value=-0.000625875 -0.000393777 -0.000495195 0.000529838 0.00269388 0.00103316 -0.000673479 -0.000447793 -0.000142171 0.000293612 0.00223828 -0.000400743 0.00373256 0.00549716 -0.00100545 -0.00143121 -0.000784779 3.06813e-05 -0.000933239 -0.00141936 -0.000269231 -0.00130836 -0.00139608
internal_weight=2855 2134 2078 307 144 95 1771 1424 1089 725 189 536 126 85 364 335 493 217 173 276 114 721 163
internal_count=2855 2134 2078 307 144 95 1771 1424 1089 725 189 536 126 85 364 335 493 217 173 276 114 721 163
is_linear=0
shrinkage=0.045


Tree=107
num_leaves=24
num_cat=1
split_feature=4 6 26 6 1 25 21 4 4 10 18 18 18 9 7 4 10 26 6 0 16 2 9
split_gain=0.385936 0.293643 0.184124 0.26141 0.447562 0.292581 0.321353 0.406239 0.34408 0.282691 0.258155 0.311482 0.418735 0.224408 0.230061 0.309972 0.364988 0.212117 0.246893 0.215446 0.206404 0.205075 0.339042
threshold=0.4957878864500565 0.45107692115107939 19.500000000000004 0.13831321459443 11.907808279968711 0.0025544205362843793 0 0.0070733475074267384 0.25005996941994968 -0.02838399428532001 27.500000000000004 22.500000000000004 24.500000000000004 0.24218931844557684 0.015091941633185677 0.039558921699198023 -0.017962985090924085 56.500000000000007 0.1136243667242363 9.1692640089571444 -1.4999999999999998 9.9123164169066822 0.6885620464635277
decision_type=10 10 2 10 10 2 1 10 10 10 2 2 2 10 10 10 10 2 10 8 2 8 8
left_child=1 2 10 4 17 -5 7 -7 20 -9 11 13 -13 -1 15 16 -15 18 19 -4 -8 -21 -23
right_child=-2 -3 3 5 -6 6 8 9 -10 -11 -12 12 -14 14 -16 -17 -18 -19 -20 21 -22 22 -24
leaf_value=-0.0022063324245599194 0.0013906259327414203 0.00055189459413826911 0.0030224215205592077 -0.0011344268715406702 0.0076157918957097219 -0.00037831172229669445 0.010004046033047619 0.0081351853264776206 0.0042592156726773168 0.003453436998385843 -0.0024052148004780035 0.0036588821875802977 -0.0001263944659998454 -9.946803679791071e-05 -0.0017811172999018202 -0.00027288439573627967 0.0091155376133400714 -0.00072212505497031021 0.0071569033661412944 -0.001833412205946504 -0.0016656632621772324 0.0017444155411456524 -0.016112797385288046
leaf_weight=257 57 53 83 345 65 86 47 40 42 41 283 42 79 60 180 89 46 111 70 135 362 167 102
leaf_count=257 57 53 83 345 65 86 47 40 42 41 283 42 79 60 180 89 46 111 70 135 362 167 102
internal_value=-0.000460282 -0.000536676 -0.000602194 -0.000312537 0.000327105 -0.000798914 -0.000210145 0.0014125 -0.000829203 0.00372321 -0.00107411 -0.000633929 0.00143347 -0.00103465 -0.000327381 0.000738636 0.00235321 -2.68262e-05 0.000333482 -3.21434e-05 -0.00125061 -0.000464374 0.000256433
internal_weight=2842 2785 2732 1696 733 963 618 167 451 81 1036 753 121 632 375 195 106 668 557 487 409 404 269
internal_count=2842 2785 2732 1696 733 963 618 167 451 81 1036 753 121 632 375 195 106 668 557 487 409 404 269
cat_boundaries=0 1
cat_threshold=144
is_linear=0
shrinkage=0.045


Tree=108
num_leaves=24
num_cat=0
split_feature=2 18 24 2 10 8 25 18 8 26 4 1 10 2 16 10 8 18 1 6 24 25 6
split_gain=0.219035 0.550469 0.291894 0.2025 0.213789 0.200216 0.168816 0.592764 0.342827 0.207572 0.224 0.279009 0.307815 0.177511 0.179245 0.308122 0.197017 0.482098 0.143759 0.28728 0.27832 0.292262 0.208549
threshold=9.1391670885947551 11.500000000000002 7.6333331755188062e-05 9.0324336379383627 -0.037826907557666316 9.1335866907464727 0.0017505593325179329 24.500000000000004 11.972356111084077 14.500000000000002 0.16030212404269564 12.180087282140731 0.0083576883879799297 9.3450827411823933 1.5000000000000002 -0.044601329174740655 9.8533366168166889 22.500000000000004 11.731452560109942 0.13831321459443 5.4927164322160484e-05 0.002199838609870503 0.17116982508518921
decision_type=8 2 2 10 8 8 2 2 10 2 8 10 8 10 2 8 10 2 10 10 2 2 10
left_child=1 2 -1 4 -3 -2 7 8 -7 10 -8 -12 -13 -11 15 -15 17 -16 20 -20 22 -22 -17
right_child=5 3 -4 -5 -6 6 9 -9 -10 13 11 12 -14 14 16 18 -18 -19 19 -21 21 -23 -24
leaf_value=0.0050993856794536987 -0.0012145966877223095 0.00038379197125775491 6.5744951161808535e-05 0.0025154607149356144 -0.002830380099883365 0.001376873199496447 -0.0024659809211976871 -0.003115708481618839 0.016181905255817291 -0.0035015650792532198 -0.0031744169073836125 -0.00032456570720140119 0.0022880235757153072 0.0034646435119575613 -0.0018452628085199893 -0.0044172387810724389 -0.0055308840553827563 0.0052582450454019278 0.0059944774184318645 -0.00055697193393934618 0.0005462887819771146 -8.9988571736896399e-05 1.368855949985531e-05
leaf_weight=57 318 43 47 51 210 46 315 67 40 165 78 51 63 66 89 191 151 41 50 42 78 498 82
leaf_count=57 318 43 47 51 210 46 315 67 40 165 78 51 63 66 89 191 151 41 50 42 78 498 82
internal_value=-0.000458393 0.000503649 0.00328037 -0.000469056 -0.000993165 -0.000620276 -0.000460421 0.000966346 0.00338764 -0.000573103 -0.00135441 -0.000138462 0.00126923 -0.000298249 -0.000118513 0.000162623 -0.00111708 0.000169172 -5.00535e-05 0.00161053 -0.000235036 0.000326424 -0.00141033
internal_weight=2839 408 104 304 253 2431 2113 153 86 1960 507 192 114 1453 1288 1007 281 130 941 92 849 576 273
internal_count=2839 408 104 304 253 2431 2113 153 86 1960 507 192 114 1453 1288 1007 281 130 941 92 849 576 273
is_linear=0
shrinkage=0.045


Tree=109
num_leaves=24
num_cat=1
split_feature=21 23 6 5 25 9 25 3 3 23 4 24 1 16 4 1 1 7 5 18 4 16 7
split_gain=0.292305 0.230069 0.233982 0.221891 0.214067 0.197139 0.39465 0.193547 0.2068 0.191138 0.435772 0.262355 0.537998 0.774067 0.372181 0.667469 0.262944 0.327716 0.46332 0.462019 0.225612 0.222557 0.206274
threshold=0 0.0037959575887981704 0.43114483894148853 0.86764474283547177 0.0020910853892280273 0.061417702536852269 0.0017590542709987652 0.43846679315061016 -0.26127699138026511 0.0021814261295111863 0.54404753368225811 6.8572675579754486e-05 10.382865851323567 1.0000000180025095e-35 0.16030212404269564 11.218266931759041 10.267443623409395 0.038765201596711582 0.18576173007285182 14.500000000000002 -0.087226137592827213 -1.0000000180025095e-35 0.022168415554057113
decision_type=1 2 10 10 2 10 2 10 8 2 8 2 8 2 8 8 8 8 10 2 10 2 10
left_child=-1 2 3 4 5 6 -2 8 -6 11 -11 16 13 -13 20 -16 22 18 19 -18 -14 -20 -10
right_child=1 -3 -4 -5 7 -7 -8 -9 9 10 -12 12 14 -15 15 -17 17 -19 21 -21 -22 -23 -24
leaf_value=-0.00097015183379727313 0.0079208286419730559 -0.0045450947006361233 0.00074318854519527823 -0.011608464581334611 -0.0013467404600939921 -0.00057694086412272917 -0.0026317751101334044 -0.0010809032076847683 -0.0018630876414745213 -0.00038372874171062408 0.0073765116346483708 0.0072284222096565863 0.00011693198129227744 -2.3777610878159187e-05 -0.0032650251393807686 0.0021843751174292353 0.01980232474521261 -0.0043746277497561832 -0.0093964093934642487 0.00043720877792012558 -0.00089454533984302032 0.00011339952990719401 0.0031470545282634237
leaf_weight=502 56 111 65 105 97 322 51 68 210 388 69 78 40 71 52 62 44 46 50 42 148 52 100
leaf_count=502 56 111 65 105 97 322 51 68 210 388 69 78 40 71 52 62 44 46 50 42 148 52 100
internal_value=-0.000436176 -0.00021827 -0.000117621 -0.000199513 -9.44368e-05 -0.000984376 0.000674999 0.000143055 0.000247905 0.000383505 -0.000376631 0.000732715 0.00153139 0.00371546 0.000427868 0.00242308 6.5813e-05 0.0011962 0.00202618 0.00439888 -0.000801048 -4.28577e-05 -0.000790735
internal_weight=2829 2327 2216 2151 2046 429 107 1617 1549 1452 457 995 451 149 302 114 544 234 188 86 188 102 310
internal_count=2829 2327 2216 2151 2046 429 107 1617 1549 1452 457 995 451 149 302 114 544 234 188 86 188 102 310
cat_boundaries=0 1
cat_threshold=34
is_linear=0
shrinkage=0.045


end of trees

feature_importances:
f_s5_import_share=226
f_s5_export_share=222
f_s4_prod_lag4=198
f_s2_peer_median_prev=186
f_firm_age_years=185
f_s5_export_share_lag1=184
f_s4_prod_yoy=157
f_s4_prod_lag1=150
production_qty=127
f_s5_domestic_derived=117
f_s5_return_share=115
f_s4_prod_qoq=107
f_s2_peer_iqr_prev=105
f_s5_export_share_delta=91
f_s2_peer_n_prev=78
f_s2_peer_p10_prev=70
sector=68
f_data_quality_score=67
f_s7_matrix_age_years=45
f_s5_correction_qty=11
f_s6_quarter=6
size_band=5
f_s5_exempt_share=4
f_missing_field_count=4
f_s5_trade_data_missing=1
f_s7_matrix_stale_flag=1

parameters:
[boosting: gbdt]
[objective: quantile]
[metric: quantile]
[tree_learner: serial]
[device_type: cpu]
[data_sample_strategy: bagging]
[data: ]
[valid: ]
[num_iterations: 900]
[learning_rate: 0.045]
[num_leaves: 24]
[num_threads: 4]
[seed: 20261852]
[deterministic: 1]
[force_col_wise: 0]
[force_row_wise: 1]
[histogram_pool_size: -1]
[max_depth: -1]
[min_data_in_leaf: 40]
[min_sum_hessian_in_leaf: 0.001]
[bagging_fraction: 0.8]
[pos_bagging_fraction: 1]
[neg_bagging_fraction: 1]
[bagging_freq: 1]
[bagging_seed: 11111]
[bagging_by_query: 0]
[feature_fraction: 0.75]
[feature_fraction_bynode: 1]
[feature_fraction_seed: 9520]
[extra_trees: 0]
[extra_seed: 30189]
[early_stopping_round: 0]
[early_stopping_min_delta: 0]
[first_metric_only: 0]
[max_delta_step: 0]
[lambda_l1: 0]
[lambda_l2: 3]
[linear_lambda: 0]
[min_gain_to_split: 0]
[drop_rate: 0.1]
[max_drop: 50]
[skip_drop: 0.5]
[xgboost_dart_mode: 0]
[uniform_drop: 0]
[drop_seed: 26052]
[top_rate: 0.2]
[other_rate: 0.1]
[min_data_per_group: 100]
[max_cat_threshold: 32]
[cat_l2: 10]
[cat_smooth: 10]
[max_cat_to_onehot: 4]
[top_k: 20]
[monotone_constraints: ]
[monotone_constraints_method: basic]
[monotone_penalty: 0]
[feature_contri: ]
[forcedsplits_filename: ]
[refit_decay_rate: 0.9]
[cegb_tradeoff: 1]
[cegb_penalty_split: 0]
[cegb_penalty_feature_lazy: ]
[cegb_penalty_feature_coupled: ]
[path_smooth: 0]
[interaction_constraints: ]
[verbosity: -1]
[saved_feature_importance_type: 0]
[use_quantized_grad: 0]
[num_grad_quant_bins: 4]
[quant_train_renew_leaf: 0]
[stochastic_rounding: 1]
[linear_tree: 0]
[max_bin: 127]
[max_bin_by_feature: ]
[min_data_in_bin: 3]
[bin_construct_sample_cnt: 200000]
[data_random_seed: 8129]
[is_enable_sparse: 1]
[enable_bundle: 1]
[use_missing: 1]
[zero_as_missing: 0]
[feature_pre_filter: 1]
[pre_partition: 0]
[two_round: 0]
[header: 0]
[label_column: ]
[weight_column: ]
[group_column: ]
[ignore_column: ]
[categorical_feature: 21,22]
[forcedbins_filename: ]
[precise_float_parser: 0]
[parser_config_file: ]
[objective_seed: 18449]
[num_class: 1]
[is_unbalance: 0]
[scale_pos_weight: 1]
[sigmoid: 1]
[boost_from_average: 1]
[reg_sqrt: 0]
[alpha: 0.95]
[fair_c: 1]
[poisson_max_delta_step: 0.7]
[tweedie_variance_power: 1.5]
[lambdarank_truncation_level: 30]
[lambdarank_norm: 1]
[label_gain: ]
[lambdarank_position_bias_regularization: 0]
[eval_at: ]
[multi_error_top_k: 1]
[auc_mu_weights: ]
[num_machines: 1]
[local_listen_port: 12400]
[time_out: 120]
[machine_list_filename: ]
[machines: ]
[gpu_platform_id: -1]
[gpu_device_id: -1]
[gpu_device_id_list: ]
[gpu_use_dp: 0]
[num_gpu: 1]

end of parameters

pandas_categorical:[["elektronik", "ev_temizlik", "gida_icecek", "ilac", "kimya_boya", "kozmetik", "otomotiv_yan_sanayi", "tekstil"], ["buyuk", "kucuk", "mikro", "orta"]]
