tree
version=v4
num_class=1
num_tree_per_iteration=1
label_index=0
max_feature_idx=35
objective=quantile
feature_names=production_qty f_s4_prod_lag1 f_s4_prod_lag4 f_s4_prod_qoq f_s4_prod_yoy f_s5_export_share f_s5_import_share f_s5_return_share f_s5_domestic_derived f_s5_export_share_lag1 f_s5_export_share_delta f_s5_exemption_flag f_s5_exempt_share f_s5_correction_qty f_s5_trade_data_missing f_s6_quarter f_s7_matrix_age_years f_s7_matrix_stale_flag f_firm_age_years f_data_quality_score f_missing_field_count sector size_band f_s1_decl_lag1 f_s1_decl_lag2 f_s1_decl_lag3 f_s1_decl_lag4 f_s1_hist_median f_s1_hist_std f_s1_hist_p10 f_s1_history_len f_s1_ratio_hist_median f_s1_ratio_hist_std f_s5_dpd_hist_median f_s5_dpd_hist_std f_s6_own_quarter_mean_prev
feature_infos=[7.145401161296455:14.564719245148021] [7.2097174044086447:14.564719245148021] [7.1456692091997969:14.564719245148021] [-0.55166851143189144:1.1485300343409306] [-0.52668932022020643:1.0695389907822099] [0:0.99285239990955509] [0.004662244764218575:0.60646678843360002] [1.6101292713061326e-05:0.13933537862383175] [0:14.447287388096308] [0:0.99285239990955509] [-0.28378749457722374:0.34752325482559604] [0:1] [0:0.3488] [0:7.9420386245496646] [0:1] [1:4] [-2:6] [0:1] [0:40] [0.1346:1] [0:4] -1:2:7:6:5:4:0:3:1 -1:1:2:3:0 [0:9.6078497503577935] [0:9.6078497503577935] [0:9.6078497503577935] [0.0068763039394321565:9.6078497503577935] [0.012224969622568971:9.2629509528607805] [0.0030605546616233555:8.0789204729899406] [0.0078689583786951799:8.9984013040933526] [0:9] [3.7520350972995417e-06:0.019830507004087505] [1.0479797056964681e-06:0.0044166088976126108] [-0.01362445320151:0.018373157770166751] [7.3826367859445561e-07:0.091766443413435816] [2.7171364046200448e-06:0.021972204967929954]
tree_sizes=2260 2273 2274 2266 2271 2266 2266 2279 2277 2298 2283 2299 2299 2307 2310 2307 2293 2312 2301 2301 2310 2316 2328 2266 2280 2321 2309 2303 2311 2326 2345 2320 2301 2325 2324 2345 2317 2309 2350 2361 2304 2318 2340 2312 2332 2322 2350 2324 2295 2290 2305 2332 2266 2289 2346 2326 2315 2346 2303 2342 2348 2317 2310 2326 2330 2317 2321 2298 2313 2323 2309 2335 2318 2316 2325 2324 2339 2285 2313 2315 2327 2341 2350 2321 2292 2341 2328 2348 2322 2311 2320 2315 2323 2333 2314 2351 2332 2339 2322 2303 2337 2310 2299 2333

Tree=0
num_leaves=24
num_cat=0
split_feature=5 6 5 7 7 0 31 34 33 9 1 34 6 1 6 3 9 4 3 16 9 3 7
split_gain=10.6494 8.1265 5.94914 5.51795 5.48538 3.09599 2.98879 2.45286 3.09649 2.13324 1.79927 2.25702 1.70442 1.59148 1.35102 1.30985 1.52367 1.40219 1.24762 1.2175 1.68286 1.61721 2.12146
threshold=0.51033630373862338 0.37344116728644478 0.023132418762125236 0.012037212221729427 0.025074335104256298 10.576887750332544 0.0087554986280631349 0.001228924906070531 0.0019494973431673859 0.061417702536852269 10.338583095161644 0.0011458368659502457 0.29166743343356133 10.546293612708453 0.4231397547624916 -0.072743983638082543 0.23141363562334236 0.032084730043532766 1.0000000180025095e-35 1.5000000000000002 0.23705688073375716 0.16867207177529517 0.01326041284658197
decision_type=10 10 8 10 10 10 8 8 10 8 10 10 10 10 10 8 8 8 10 2 8 10 10
left_child=1 2 -1 7 5 6 9 8 -2 -4 -5 -12 -11 -7 18 16 -6 -18 -3 21 -21 22 -15
right_child=3 14 4 10 15 13 -8 -9 -10 12 11 -13 -14 19 -16 -17 17 -19 -20 20 -22 -23 -24
leaf_value=-0.0077589900873557723 -0.018845682244305263 -0.011292720936784618 -0.014327405957072374 -0.038630942998108729 -0.010729763671429552 -0.010565313686303238 -0.13178270997150793 -0.027817254886838144 -0.035933460201976825 -0.022354121184308719 -0.04477616824215435 -0.065715397949365678 -0.011487432609268372 -0.013486701500558069 -0.0055635081764453418 -0.020722598139222521 -0.015458112442017407 -0.029798160620575994 -0.01168540467051645 -0.0098856344940754532 -0.0089691556830519548 -0.017187969468197149 -0.016373798907055787
leaf_weight=73 80 59 42 227 41 52 50 100 158 591 189 60 77 174 68 318 57 44 55 41 61 129 112
leaf_count=73 80 59 42 227 41 52 50 100 158 591 189 60 77 174 68 318 57 44 55 41 61 129 112
internal_value=-0.0205748 -0.0187694 -0.0196625 -0.0250226 -0.0201784 -0.0185997 -0.0205832 -0.0202038 -0.0227988 -0.0196599 -0.0282965 -0.0247411 -0.0202936 -0.0158562 -0.00946216 -0.0245896 -0.019831 -0.0229111 -0.0124231 -0.0166284 -0.0115286 -0.0177901 -0.0155242
internal_weight=2858 2044 1862 814 1789 1329 760 338 238 710 476 249 668 569 182 460 142 101 114 517 102 415 286
internal_count=2858 2044 1862 814 1789 1329 760 338 238 710 476 249 668 569 182 460 142 101 114 517 102 415 286
is_linear=0
shrinkage=0.045


Tree=1
num_leaves=24
num_cat=0
split_feature=10 5 12 7 9 1 10 23 7 10 31 29 9 7 16 2 10 19 3 10 25 1 2
split_gain=19.4758 10.9705 7.83772 6.27691 3.42001 2.63974 2.50829 2.27704 3.32307 2.26937 2.13927 2.04045 1.95818 2.06704 1.64614 1.80354 1.53212 1.42527 1.33718 1.41839 1.30489 1.32349 1.25303
threshold=-0.022388248954553238 0.56485258841325681 0.15605000000000005 0.025074335104256298 0.11959199886841322 11.104240791491351 0.018209708546225337 3.2158105928232148 0.020866214522028897 -0.055114801882026242 9.2880597330937309e-05 3.7561194670748206 0.26209619667089129 0.014049228053336945 1.5000000000000002 10.030326787667759 0.0083576883879799297 0.68795000000000006 -0.067025813226445644 -0.0084391842506751618 4.2688085750348188 9.4603953260143907 10.334284244639013
decision_type=8 10 2 10 8 8 8 8 10 10 8 10 10 10 2 10 8 2 8 10 10 8 10
left_child=9 2 3 4 -2 10 22 -8 11 20 -6 -9 -11 -14 15 -7 -5 -17 -12 -20 21 -1 -3
right_child=1 6 -4 16 5 14 7 8 -10 12 18 -13 13 -15 -16 17 -18 -19 19 -21 -22 -23 -24
leaf_value=-0.011381688217640478 -0.010758297742486298 -0.02618260712904983 -0.031034492216128088 -0.013290408495692978 -0.0060220486061609516 -0.027655499534036468 -0.048735603670941804 -0.027583972440815039 -0.074266748549341885 -0.0059113645501557583 -0.015913990733745921 -0.046454501932332685 -0.015264454451014899 -0.019551616334846273 -0.015211564476683207 -0.018619039398136441 -0.020791992908902223 -0.014691846019456665 -0.025758135332496379 -0.018625205779243099 -0.01009836244112902 0.00041536225758028367 -0.027108499170669931
leaf_weight=43 186 93 61 121 65 44 128 40 63 104 172 105 132 148 89 125 347 132 262 150 61 60 104
leaf_count=43 186 93 61 121 65 44 128 40 63 104 172 105 132 148 89 125 347 132 262 150 61 60 104
internal_value=-0.0184606 -0.0202922 -0.0184994 -0.017866 -0.016078 -0.0171039 -0.0260555 -0.0286991 -0.0248673 -0.0107477 -0.018949 -0.0202956 -0.0126512 -0.014629 -0.0139122 -0.0155354 -0.022414 -0.0169875 -0.0198399 -0.0214048 -0.00614371 -0.00290802 -0.0211837
internal_weight=2835 2287 1754 1693 1225 1039 533 336 208 548 649 145 384 280 390 301 468 257 584 412 164 103 197
internal_count=2835 2287 1754 1693 1225 1039 533 336 208 548 649 145 384 280 390 301 468 257 584 412 164 103 197
is_linear=0
shrinkage=0.045


Tree=2
num_leaves=24
num_cat=0
split_feature=10 12 7 8 28 10 10 9 31 8 9 10 3 23 9 31 2 3 32 7 7 1 27
split_gain=16.0568 12.5414 9.04712 6.02977 5.10583 2.69243 2.54798 2.44026 2.18417 2.57064 1.88487 1.6597 1.63995 1.58231 1.50407 1.47494 1.66718 1.29428 1.25174 1.16831 1.22195 1.1143 1.52461
threshold=-0.022388248954553238 0.11760000000000002 0.031317652612930812 9.6207333063747402 0.36725164777923941 -0.062002952351202532 0.0074904401274813815 0.0368621249038339 0.00012019635032724016 10.25113929780415 0.80357494617056069 0.063889709279473697 0.23015218603283924 2.3472516877418887 0.78787264632193998 0.0012032071308503056 9.4793136698917859 -0.032269810120650992 0.00032943310080156839 0.0085560038932139277 0.016942948697712689 11.040508193315427 4.4061206523766101
decision_type=8 2 10 8 8 10 8 8 10 8 10 10 10 10 10 8 10 10 10 10 10 8 10
left_child=5 2 3 4 -2 -1 18 -5 -8 -10 12 14 19 -6 21 -15 -17 -11 -4 -7 -21 -9 -23
right_child=1 -3 6 7 13 10 8 11 9 17 -12 -13 -14 15 -16 16 -18 -19 -20 20 -22 22 -24
leaf_value=-0.0063132614405814434 -0.0050483211709040051 -0.039674424210304565 -0.015070457373274724 -0.0090984917619291675 -0.047827794133493931 -0.0038927971266142784 -0.023136559102943266 -0.017272098335012122 -0.049615621271260506 -0.019951970353983026 -0.03679596916566507 -0.033490595797456647 -0.014500852076115138 -0.025620605221139941 -0.052579827770673576 -0.018873125576448487 -0.036167040112744749 -0.023485718908100431 -0.010400529682666367 -0.017675084345157105 -0.008244871635409181 -0.014143353229679766 -0.013720513855457301
leaf_weight=132 73 92 54 76 104 98 59 513 131 68 40 58 89 53 43 156 104 97 56 71 128 195 419
leaf_count=132 73 92 54 76 104 98 59 513 131 68 40 58 89 53 43 156 104 97 56 71 128 195 419
internal_value=-0.0168217 -0.0184559 -0.0177464 -0.0162346 -0.0205832 -0.00987433 -0.0234375 -0.014557 -0.0254225 -0.0271204 -0.0116119 -0.0150463 -0.0104923 -0.0225161 -0.0145972 -0.0204138 -0.0219011 -0.022433 -0.0165265 -0.0087225 -0.0107042 -0.0142029 -0.0127123
internal_weight=2909 2351 2259 1794 490 558 465 1304 355 296 426 1228 386 417 1170 313 260 165 110 297 199 1127 614
internal_count=2909 2351 2259 1794 490 558 465 1304 355 296 426 1228 386 417 1170 313 260 165 110 297 199 1127 614
is_linear=0
shrinkage=0.045


Tree=3
num_leaves=24
num_cat=0
split_feature=10 12 7 5 26 33 5 10 35 7 30 10 8 5 34 9 7 25 25 7 25 18 33
split_gain=14.1723 8.67919 8.40112 3.905 4.84525 3.23639 2.54778 2.52216 1.95208 2.84618 2.65997 3.36373 1.77 1.68055 1.65162 1.95443 1.62876 1.6775 2.29614 1.50924 1.50468 1.44837 1.30389
threshold=-0.016354222521170671 0.097650000000000015 0.02253651796180502 0.80905815230801137 0.72299614272476065 0.0015528130354310408 0.81855929108860603 -0.042044004593402247 0.0030138824518150301 0.034448192503954048 5.5000000000000009 0.0074904401274813815 10.984642043621445 0.24204012303164199 0.00080746042290935583 0.27258760045072233 0.018172373328449953 0.82377100216045474 2.0934899851422428 0.016465642070382563 4.4610612598446755 19.500000000000004 0.0026342344694859523
decision_type=8 2 10 10 10 8 10 10 10 10 2 10 8 10 8 8 8 10 10 10 10 2 8
left_child=7 2 5 4 -4 16 14 20 9 12 -10 -12 -6 -9 15 -7 17 -2 -19 -17 -1 -22 -3
right_child=1 22 3 -5 8 6 -8 13 10 -11 11 -13 -14 -15 -16 19 -18 18 -20 -21 21 -23 -24
leaf_value=-0.0038283520627311004 -0.0020629973845459233 -0.018636151882957638 -0.013066115061509015 -0.091258221573776485 -0.00957888249344554 -0.014891987218152079 -0.046097831529992354 -0.0069798936629371922 -0.017346243408111389 -0.020011639013054482 -0.0063956300889052254 -0.0190355476030463 -0.019313604576054862 -0.014452154330235532 -0.025270694430741817 -0.01721002046521487 -0.012680497183630535 -0.011300283101116519 -0.0093402703058103886 -0.020552358052610117 -0.0051091911904374513 -0.014930250445726427 -0.04976503505865431
leaf_weight=167 61 50 42 58 76 143 67 107 69 186 93 51 85 253 435 297 100 99 179 59 58 49 52
leaf_count=167 61 50 42 58 76 143 67 107 69 186 93 51 85 253 435 297 100 99 179 59 58 49 52
internal_value=-0.0149186 -0.0166306 -0.0159629 -0.0202262 -0.0189595 -0.0139709 -0.0154161 -0.00892229 -0.0200622 -0.0223264 -0.0161146 -0.0121837 -0.0172729 -0.011405 -0.0147102 -0.0165881 -0.0105933 -0.00895395 -0.0104253 -0.0184513 -0.0055722 -0.009675 -0.0295286
internal_weight=2836 2202 2100 660 602 1440 1001 634 560 347 213 144 161 360 934 499 439 339 278 356 274 107 102
internal_count=2836 2202 2100 660 602 1440 1001 634 560 347 213 144 161 360 934 499 439 339 278 356 274 107 102
is_linear=0
shrinkage=0.045


Tree=4
num_leaves=24
num_cat=0
split_feature=12 10 9 26 7 10 10 1 10 32 3 31 9 31 31 9 8 30 4 4 7 8 9
split_gain=11.6455 8.84093 6.51716 4.79074 5.36112 2.90724 2.61894 2.2716 1.85756 2.15918 1.6462 1.46408 1.42714 1.53563 2.09783 1.32677 1.20623 1.19705 1.10324 1.29352 1.05457 1.16712 1.02532
threshold=0.15255000000000002 -0.023539217930406014 0.70310379615254537 0.83865344322574942 0.02253651796180502 0.011854464984504738 0.058216129788960326 11.076024865401816 -0.078904695624663082 9.4863770062846215e-05 0.17329717030868227 0.00090943706852634391 0.097111482179700462 0.00029525446110311826 0.0012624559154616954 0.38697487402532943 9.684756398349279 5.5000000000000009 -0.15161774732119623 0.2440413705774209 0.0048828282208484182 9.9943282194054568 0.43055561749448773
decision_type=2 8 10 8 10 8 10 10 10 8 8 10 8 8 8 8 10 2 10 10 8 8 8
left_child=1 8 3 -3 7 11 10 12 -1 -10 15 -4 -5 -14 -15 17 -17 -6 -11 -20 21 -16 -9
right_child=-2 2 5 4 6 -7 -8 22 9 18 -12 -13 13 14 20 16 -18 -19 19 -21 -22 -23 -24
leaf_value=3.6897896049819592e-05 -0.032475068147911242 -0.002944898055390725 -0.022276664697714488 -0.018065742104001605 -0.0097367343110733064 -0.04694080488061321 -0.018480899362292112 -0.0082538439608577461 -0.003304415793702832 -0.0068648701528466098 -0.01943521432689075 -0.036339390803503978 -0.014205517199449694 -0.011653740532627986 -0.016974913537333523 -0.02020661468076046 -0.0079752297446698626 -0.0092467881619485506 -0.017176155234658375 -0.012991516267007956 -0.017851525159054232 -0.0098248372275785683 -0.01720553139292547
leaf_weight=60 96 109 48 79 53 165 41 244 127 45 216 52 77 149 63 82 89 114 222 59 409 60 184
leaf_count=60 96 109 48 79 53 165 41 244 127 45 216 52 77 149 63 82 89 114 222 59 409 60 184
internal_value=-0.0134059 -0.0128397 -0.0140673 -0.0131337 -0.0136715 -0.0207789 -0.0172513 -0.0119509 -0.00744331 -0.0084227 -0.016263 -0.0139806 -0.0133473 -0.0139612 -0.0131546 -0.0140015 -0.0169267 -0.0107603 -0.0103541 -0.0114005 -0.0145009 -0.0185179 -0.00914617
internal_weight=2843 2747 2234 1969 1860 265 595 1265 513 453 554 100 837 758 681 338 171 167 326 281 532 123 428
internal_count=2843 2747 2234 1969 1860 265 595 1265 513 453 554 100 837 758 681 338 171 167 326 281 532 123 428
is_linear=0
shrinkage=0.045


Tree=5
num_leaves=24
num_cat=0
split_feature=10 5 25 11 7 5 26 9 23 7 28 2 10 4 4 23 32 30 26 23 19 24 7
split_gain=10.6086 10.6642 5.47006 6.16019 3.79372 2.63261 2.51819 2.42722 2.30508 2.14562 1.90843 1.74121 1.5174 1.80622 2.32604 1.44679 1.55566 1.49601 1.25699 3.48944 1.77522 1.6379 1.52649
threshold=-0.002374438432327652 0.83090678586471023 0.82377100216045474 1.0000000180025095e-35 0.023606967464018139 0.3676998998529401 4.5396836780389114 0.11054144310045093 5.1439896741291857 0.01018764925613912 4.8342772521942621 11.795359501732454 0.055824150842543975 0.093915859811925281 0.27614848903058103 5.5928857258285847 9.4863770062846215e-05 7.5000000000000009 3.9878036962850287 4.2508602763063195 0.82490000000000008 4.2704974834948013 0.0088983598679218626
decision_type=8 10 8 2 10 10 8 8 10 10 10 10 10 8 10 10 10 2 8 8 2 10 8
left_child=5 2 -2 4 7 -1 9 -4 -8 -7 -10 18 13 15 -15 16 -6 -18 -9 -20 21 -21 -23
right_child=1 -3 3 -5 12 6 8 11 10 -11 -12 -13 -14 14 -16 -17 17 -19 19 20 -22 22 -24
leaf_value=-0.0061900855001778641 -0.002545302853375217 -0.063592693878022286 -0.0081059298708462939 -0.02441435561090162 -0.0039961528681040697 -0.0080618852643444781 -0.01909736057704815 -0.014168761344008221 -0.0046075664506455968 -0.013163405453437416 -0.014337780656545453 -0.0088393382466871208 -0.023237532674805411 -0.021555248519631223 -0.010306487126843681 -0.0042026534263745691 -0.027152165620266427 -0.0061801424882218679 -0.041831814465955443 -0.084508041072879791 -0.0029603908059953696 -0.01466314574894355 -0.016189552773256163
leaf_weight=419 106 118 132 80 50 112 46 439 65 198 41 203 41 135 44 57 99 50 91 40 42 98 139
leaf_count=419 106 118 132 80 50 112 46 439 65 198 41 203 41 135 44 57 99 50 91 40 42 98 139
internal_value=-0.0122415 -0.014088 -0.013208 -0.0138124 -0.013178 -0.00809135 -0.0104419 -0.0117447 -0.0152129 -0.00797923 -0.0110229 -0.012472 -0.0166472 -0.0156421 -0.0192981 -0.0128919 -0.0147141 -0.0170378 -0.0133917 -0.0153087 -0.0128641 -0.014167 -0.0155906
internal_weight=2845 1964 1846 1740 1660 881 462 1184 152 310 106 1052 476 435 179 256 199 149 849 410 319 277 237
internal_count=2845 1964 1846 1740 1660 881 462 1184 152 310 106 1052 476 435 179 256 199 149 849 410 319 277 237
is_linear=0
shrinkage=0.045


Tree=6
num_leaves=24
num_cat=0
split_feature=12 10 29 7 9 10 25 9 6 2 6 9 10 30 28 23 0 29 7 29 35 0 26
split_gain=9.96557 8.42929 5.61403 5.98522 3.45239 2.89604 2.39344 2.16755 3.30554 2.11574 2.13759 1.854 2.06797 1.47937 1.38152 1.22505 2.10912 1.50885 1.27201 1.13676 2.13939 1.08965 1.55795
threshold=0.15255000000000002 -0.002374438432327652 0.72775343404260229 0.030685809170690772 0.83497918543659044 0.076668439084327897 3.6759512437467081 0.55565028551018203 0.37792043632761047 8.8956760564941497 0.085567903236654516 0.26209619667089129 -0.078904695624663082 5.5000000000000009 0.56297663057647007 5.5272706071994504 12.052526620972101 4.8953383039663407 0.0066167726917368188 1.4390813680057566 0.0012735764352085632 9.2622418661045405 2.7030741272859125
decision_type=2 8 8 10 10 10 10 10 8 10 8 10 10 2 8 10 10 8 10 10 8 10 8
left_child=1 11 -3 4 5 9 -2 8 13 21 -11 -1 -13 -5 -14 17 -17 18 -16 -12 -21 22 -4
right_child=6 2 3 7 -6 -7 -8 -9 -10 10 19 12 14 -15 15 16 -18 -19 -20 20 -22 -23 -24
leaf_value=-0.0041174199468841065 -0.067088580450627544 -0.0013216341889440042 -0.012533220308838819 -0.018994863686872671 -0.044157361090590853 -0.035499414121272832 -0.033267481371663424 -0.059847847493543861 -0.0071650929040792651 -0.011007017757057726 -0.013711659640735525 0.00078320078122551533 -0.0057472405717023615 -0.021399308322895126 -0.009432277519348874 -3.3166320333873455e-05 -0.011264410705172237 -0.027943176297029991 -0.014663797788994994 -0.0096680152458373941 -0.012388146423686776 -0.017379902374026406 -0.089466734197545389
leaf_weight=265 40 116 51 74 45 44 53 82 105 97 63 47 60 121 78 60 62 40 265 280 652 65 53
leaf_count=265 40 116 51 74 45 44 53 82 105 97 63 47 60 121 78 60 62 40 265 280 652 65 53
internal_value=-0.0115666 -0.0110479 -0.012778 -0.0134196 -0.0119568 -0.0114822 -0.0259453 -0.0184558 -0.0163366 -0.0110346 -0.0102493 -0.00737131 -0.00873659 -0.0198295 -0.00948724 -0.0102534 -0.006084 -0.011524 -0.0103851 -0.00957039 -0.00911551 -0.0158416 -0.0188411
internal_weight=2818 2725 1848 1732 1350 1305 93 382 300 1261 1092 877 612 195 565 505 122 383 343 995 932 169 104
internal_count=2818 2725 1848 1732 1350 1305 93 382 300 1261 1092 877 612 195 565 505 122 383 343 995 932 169 104
is_linear=0
shrinkage=0.045


Tree=7
num_leaves=24
num_cat=0
split_feature=5 12 31 10 7 29 5 24 30 3 1 7 5 23 26 31 29 23 18 1 26 33 35
split_gain=8.97935 6.0837 5.32945 5.27016 4.13238 2.57219 2.17137 2.21266 2.27762 2.76154 2.10634 2.00999 1.81663 1.48253 2.16195 2.0533 1.92815 1.7234 1.4937 1.75847 1.40544 1.85017 1.28843
threshold=0.83090678586471023 0.21545000000000003 0.00073721440933316635 -0.037826907557666316 0.023041535337621825 0.83561847018281599 0.079523372069441239 0.59111062254754787 5.5000000000000009 0.073430746938869682 9.7357707136260547 0.018558116252456354 0.079523372069441239 5.4764968991063352 4.5855125094923475 0.0087554986280631349 4.3718333865394605 4.3115544029131208 24.500000000000004 10.631817470046977 3.0215349587173859 0.00016983160913722144 0.0030138824518150301
decision_type=10 2 10 8 8 8 8 8 2 10 10 10 8 8 8 10 10 10 2 8 10 8 10
left_child=1 3 11 -1 5 -5 -6 -8 9 10 -9 -2 -7 14 17 -15 -16 18 20 -20 21 -14 -10
right_child=2 -3 -4 4 6 12 7 8 22 -11 -12 -13 13 15 16 -17 -18 -19 19 -21 -22 -23 -24
leaf_value=-0.0062719498598983077 -0.01942708216322139 -0.027366137645367106 -0.06423078489368228 -0.0011895513687034732 -0.0028315611656273992 -0.0041075117819000728 -0.003637826308812946 -0.078312289062746232 -0.013283864532317571 -0.021174287998122002 -0.011565731879591151 -0.043133074831129443 -0.016718079493854673 -0.0065573265933271639 -0.038844632231496874 -0.0084290863195826838 -0.015071282257297427 -0.0060102451317200628 -0.01308303271775834 -0.0089102210640584871 -0.01500097968017762 -0.0087894253307315255 -0.012473868885653128
leaf_weight=304 49 74 62 102 57 119 42 57 346 108 92 41 61 273 45 49 146 97 147 56 217 131 171
leaf_count=304 49 74 62 102 57 119 42 57 346 108 92 41 61 273 45 49 146 97 147 56 217 131 171
internal_value=-0.0104042 -0.00978254 -0.0210194 -0.00940145 -0.0101332 -0.00861566 -0.0126036 -0.0131978 -0.0137432 -0.0173337 -0.0128931 -0.0133065 -0.00913895 -0.00965755 -0.0106146 -0.00690923 -0.0149497 -0.00938869 -0.0102732 -0.0135109 -0.00857949 -0.00563077 -0.0118687
internal_weight=2846 2694 152 2620 2316 1443 873 816 774 257 149 90 1341 1222 900 322 191 709 612 203 409 192 517
internal_count=2846 2694 152 2620 2316 1443 873 816 774 257 149 90 1341 1222 900 322 191 709 612 203 409 192 517
is_linear=0
shrinkage=0.045


Tree=8
num_leaves=24
num_cat=0
split_feature=10 29 5 12 0 7 27 31 10 33 0 5 31 15 5 0 4 2 6 3 4 15 10
split_gain=7.00255 5.80383 6.35863 4.74549 3.84319 3.70851 3.13201 2.99914 2.45521 1.96336 1.83168 1.68691 1.34134 1.28426 3.57106 2.18808 1.76014 1.48284 1.41865 1.98924 1.1956 2.80656 1.19857
threshold=0.093155811668094654 0.83561847018281599 0.76746326457489811 0.15890000000000001 10.416747459065169 0.031317652612930812 1.2995156530861935 0.00090943706852634391 -0.016354222521170671 0.00071107677706603461 9.8197696589583909 0.18576173007285182 8.357434651265945e-05 2.5000000000000004 0.48599050449224807 9.7819789620358559 0.13336022980398263 9.1391670885947551 0.18193283788418121 -0.057604356434234026 0.1096799962124692 2.5000000000000004 0.010346348556039249
decision_type=10 8 10 2 10 10 10 10 8 10 8 8 10 2 8 8 10 10 8 8 8 2 8
left_child=1 10 3 4 6 7 -3 -4 -6 -8 -1 -11 -10 16 17 -16 18 -15 19 -13 22 -22 -14
right_child=-2 2 5 -5 8 -7 9 -9 12 11 -12 13 20 14 15 -17 -18 -19 -20 -21 21 -23 -24
leaf_value=0.00030890051782131081 -0.041307107610045676 -0.10972909282367624 -0.018551108119478937 -0.0180371394548988 -0.0042791475390384628 -0.082641053031226222 -0.004303226321056214 -0.037395877092047711 -0.003669103467547407 -0.0058892318025597652 -0.0050867035826833232 -0.011646605912163151 -0.0041642493266907457 -0.0023353253582201828 -0.014752762119768521 -0.025608847669971138 -0.015864616236382488 -0.011615111530738935 -0.012614367290562135 -0.014160861323787839 -0.01204503693561362 -0.0094686755853166799 -0.0098508843536806619
leaf_weight=152 40 78 90 78 295 46 96 67 63 130 71 43 148 54 76 73 93 64 311 63 229 119 360
leaf_count=152 40 78 90 78 295 46 96 67 63 130 71 43 148 54 76 73 93 64 311 63 229 119 360
internal_value=-0.00904196 -0.00875348 -0.00935595 -0.00868087 -0.00828819 -0.0170061 -0.0102516 -0.0132609 -0.0065189 -0.00952112 -0.00176217 -0.0101695 -0.00766513 -0.0109702 -0.0136083 -0.018222 -0.00951754 -0.00747521 -0.00815893 -0.0126743 -0.00813038 -0.0102051 -0.00665753
internal_weight=2839 2799 2576 2373 2295 203 1081 157 1214 1003 223 907 919 777 267 149 510 118 417 106 856 348 508
internal_count=2839 2799 2576 2373 2295 203 1081 157 1214 1003 223 907 919 777 267 149 510 118 417 106 856 348 508
is_linear=0
shrinkage=0.045


Tree=9
num_leaves=24
num_cat=1
split_feature=10 29 9 12 10 8 9 26 34 24 33 25 25 10 4 26 19 21 18 4 16 3 33
split_gain=9.93509 6.26037 6.62244 3.73654 3.48619 2.87221 3.18424 2.29847 2.25842 2.1693 1.94762 1.62012 1.61696 1.57893 1.62956 1.5566 1.55207 1.49956 1.26155 2.18611 2.08006 1.97906 1.48006
threshold=0.093155811668094654 1.1812283458728239 0.82677118677134587 1.0000000180025095e-35 -0.00079628312931043211 10.330539754489898 0.50319602871360358 5.757267449902197 0.0015755823577304983 2.2484291441976496 0.0015528130354310408 5.8464273272452862 3.7130935305228845 -0.016354222521170671 -0.0032615366789014856 4.8587330672581226 0.72435000000000016 0 17.500000000000004 0.16030212404269564 -1.0000000180025095e-35 -0.051571560746821031 0.0037071862186241456
decision_type=10 8 10 2 8 10 8 8 8 8 10 10 8 8 8 8 2 1 2 10 2 10 10
left_child=1 -1 3 5 -4 6 12 8 10 -7 -8 17 -3 -13 -15 -5 -16 -11 20 21 -12 22 -20
right_child=-2 2 4 15 -6 9 7 -9 -10 11 18 13 -14 14 16 -17 -18 -19 19 -21 -22 -23 -24
leaf_value=-0.003547274375041458 -0.032266958624986901 -0.0052613544223004804 -0.032267178006989389 -0.020547812032918448 -0.054468960629519836 -0.014610724635841572 -0.013457336620184352 -0.098364195012330513 -0.015265110563110708 0.0014360471976139285 -0.02040244013742323 -0.0042011556996220979 -0.011886466673103726 -0.0047086039027763246 -0.0080508987925608094 -0.1083560336525158 -0.007900931594487768 -0.0085696174212233391 -0.018041021717647179 -0.013097185839562613 -0.0083406689500330356 -0.015231881264788322 -0.012165349641521927
leaf_weight=318 46 291 52 63 65 48 77 41 142 154 68 91 371 87 77 42 104 378 41 44 107 62 46
leaf_count=318 46 291 52 63 65 48 77 41 142 154 68 91 371 87 77 42 104 378 41 44 107 62 46
internal_value=-0.00802032 -0.00765503 -0.00842512 -0.00788126 -0.0188062 -0.00747077 -0.00885731 -0.011168 -0.0103462 -0.00554379 -0.011928 -0.00500587 -0.00662481 -0.00734047 -0.00906642 -0.0161458 -0.0114823 -0.00339813 -0.0132938 -0.0159222 -0.0101756 -0.0185181 -0.013325
internal_weight=2815 2769 2451 2334 117 2229 1290 628 587 939 445 891 662 359 268 105 181 532 368 193 175 149 87
internal_count=2815 2769 2451 2334 117 2229 1290 628 587 939 445 891 662 359 268 105 181 532 368 193 175 149 87
cat_boundaries=0 1
cat_threshold=145
is_linear=0
shrinkage=0.045


Tree=10
num_leaves=24
num_cat=2
split_feature=10 32 9 23 26 10 9 25 9 28 21 2 28 7 21 9 6 2 25 32 7 32 2
split_gain=6.86182 5.51235 5.65835 3.03661 3.04483 1.98261 1.98453 1.78161 1.70219 1.50361 1.70174 1.44956 1.88523 1.41945 1.36582 1.53018 1.56795 1.45295 1.44846 1.2354 1.77772 1.12921 1.11819
threshold=0.076668439084327897 9.4863770062846215e-05 0.80357494617056069 3.4110949054919613 3.0215349587173859 -0.019825295974322695 0.11959199886841322 3.6342617634269874 0.9480619402970093 0.2098552633608444 0 9.5231381366112657 2.1183001577703524 0.012607667501171557 1 0.39041269663435346 0.20444140124112467 10.090914250625504 5.9490917192976811 0.0014675903250891207 0.014887246978587529 0.000288084255765722 10.466922656877815
decision_type=10 8 8 10 8 8 10 10 8 10 1 8 10 10 1 10 10 10 8 8 10 10 8
left_child=1 9 5 4 13 11 -7 -5 -9 -1 -11 12 -3 -4 22 -16 17 -17 -18 20 -10 -19 -8
right_child=-2 2 3 7 -6 6 14 8 19 10 -12 -13 -14 -15 15 16 18 21 -20 -21 -22 -23 -24
leaf_value=0.00022355083792744801 -0.030870188635749876 -0.0049821912118117708 -0.010545776687816257 -4.0328097643775875e-05 -0.083555988649857763 -0.0034988408830940129 -0.010114472818165497 -0.041690112568791945 -0.0099013202468185429 -0.0065643298036597948 0.00047863796293155184 -0.0041520035450754427 -0.017734368635791625 -0.039210012208313397 -0.010751132632336331 -0.015625384539919088 -0.010686895195162204 -0.014557248286242195 -0.010458030694503087 -0.0050732049236003563 -0.014597730615659204 -0.025214208633584607 -0.001125505404571506
leaf_weight=127 65 67 41 43 93 182 62 50 111 419 138 260 48 71 411 93 171 45 49 48 84 67 85
leaf_count=127 65 67 41 43 93 182 62 50 111 419 138 260 48 71 411 93 171 45 49 48 84 67 85
internal_value=-0.00747353 -0.0071166 -0.00826907 -0.0122385 -0.0166046 -0.00685353 -0.0077729 -0.00945133 -0.0106951 -0.00358952 -0.00459241 -0.00395833 -0.00810381 -0.011113 -0.00857328 -0.00928622 -0.0113289 -0.0142248 -0.00847534 -0.00893598 -0.0105114 -0.0177652 -0.00355781
internal_weight=2830 2765 2081 541 205 1540 1165 336 293 684 557 375 115 112 983 836 425 205 220 243 195 112 147
internal_count=2830 2765 2081 541 205 1540 1165 336 293 684 557 375 115 112 983 836 425 205 220 243 195 112 147
cat_boundaries=0 1 2
cat_threshold=141 128
is_linear=0
shrinkage=0.045


Tree=11
num_leaves=24
num_cat=1
split_feature=5 31 5 31 33 5 21 10 6 0 2 24 6 0 18 10 1 23 28 19 30 9 10
split_gain=5.64885 4.47042 4.4487 3.58558 3.5503 2.36303 2.0028 1.93284 1.5382 1.4233 1.87285 1.40668 1.25284 1.145 1.12497 1.10304 1.05524 1.10753 3.64739 1.03952 1.16884 1.70871 1.55894
threshold=0.9140108091064485 0.00066114156547191925 0.69602308626881115 0.0026295050251406659 0.0048075653463207817 0.23553902951304703 0 -0.042044004593402247 0.085567903236654516 10.576887750332544 10.361075675341224 2.2484291441976496 0.062787741819988432 9.7362923451237524 18.500000000000004 -0.016354222521170671 8.5917632301940401 3.2158105928232148 1.9097579782845178 0.66380000000000006 7.5000000000000009 0.25176328581362167 -0.029643819077873609
decision_type=10 8 10 10 8 8 1 8 10 8 10 10 8 10 2 10 8 10 8 2 2 10 10
left_child=1 9 5 4 -4 8 13 -8 -3 -1 -11 -12 -9 -7 15 -10 -14 18 -18 20 21 -19 -23
right_child=-2 2 3 -5 -6 6 7 12 14 10 11 -13 16 -15 -16 -17 17 19 -20 -21 -22 22 -24
leaf_value=-0.003207394545706759 -0.071487161893937487 -0.047293389675774337 -0.014918441662811682 -0.036804473413705956 -0.0052030112475675312 -0.014203311352444245 -0.0067213051344523671 -0.011547163322742259 -0.002506883878178072 -0.010800811829534509 -0.01015591357529691 -0.0051425662664723723 -0.0025421126823054396 -0.00038776538226032695 -0.001249601131146299 -0.014361119618299912 -0.013619630697182668 -0.0041894585694594632 -0.081247106571058991 -0.011883693286600293 -0.0096604663629768321 -0.023900776971675166 -0.0081964438282878423
leaf_weight=347 56 86 82 55 97 76 89 42 79 45 99 284 43 126 215 85 103 95 50 453 139 84 44
leaf_count=347 56 86 82 55 97 76 89 42 79 45 99 284 43 126 215 85 103 95 50 453 139 84 44
internal_value=-0.00688686 -0.00658968 -0.00769465 -0.013538 -0.0101497 -0.00691763 -0.00787751 -0.00860649 -0.00411058 -0.00365842 -0.00538747 -0.00429598 -0.00921946 -0.0031186 -0.00283312 -0.00560479 -0.00885133 -0.00915757 -0.0127933 -0.00843062 -0.00652192 -0.00853208 -0.0118855
internal_weight=2874 2818 2043 234 179 1809 1344 1142 465 775 428 383 1053 202 379 164 1011 968 153 815 362 223 128
internal_count=2874 2818 2043 234 179 1809 1344 1142 465 775 428 383 1053 202 379 164 1011 968 153 815 362 223 128
cat_boundaries=0 1
cat_threshold=128
is_linear=0
shrinkage=0.045


Tree=12
num_leaves=24
num_cat=1
split_feature=5 26 5 28 21 5 34 33 26 8 1 1 34 4 7 23 34 33 6 15 7 1 6
split_gain=5.72512 5.36185 3.28968 2.88999 2.48607 3.08699 2.32826 1.90611 1.85053 2.2557 1.89304 1.79104 1.71749 1.713 1.61944 2.24008 1.30689 2.08259 1.1652 1.34303 1.15082 1.05313 1.03697
threshold=0.83883000246415396 1.9113852206632875 0.15616982089289827 0.2098552633608444 0 0.48599050449224807 0.0014531723216269752 5.8761274134301185e-05 4.6373439555676788 9.086240362186734 10.789652282589742 12.180087282140731 0.00090060364311494111 0.042727460548580412 0.014618372838895334 2.39675353468692 0.00019103659364247007 0.00071107677706603461 0.24121524460914959 1.5000000000000002 0.016067103199226326 10.188261899752685 0.27318452317143022
decision_type=10 10 8 8 1 10 8 10 10 10 8 10 10 8 8 10 8 10 10 2 8 10 10
left_child=2 -2 -1 -4 13 7 8 -6 9 -7 -11 -10 16 22 -15 -16 17 21 19 -14 -19 -9 -5
right_child=1 -3 3 4 5 6 -8 12 11 10 -12 -13 18 14 15 -17 -18 20 -20 -21 -22 -23 -24
leaf_value=-0.0022927765732765819 -0.0097815037067771459 -0.035839734930872495 0.00037325165563895638 -0.0090749718446672435 -0.086607223006056472 -0.012754118136489287 -0.0070992865770363577 -0.002963789268936336 -0.024104148625610163 0.00069519388157850332 -0.012046563263930981 -0.010111691277255482 -0.011646581798049992 -0.0084312074790697817 -0.019706305772358653 -0.010134098280715697 -0.0065917896762658981 -0.0085417527973600301 -0.0056867381770937704 -0.021339376448585679 -0.014774503559021763 -0.0052325600384272733 0.00035765105083690918
leaf_weight=430 50 86 98 230 56 65 42 89 45 46 47 55 45 185 42 207 432 60 87 92 57 155 139
leaf_count=430 50 86 98 230 56 65 42 89 45 46 47 55 45 185 42 207 432 60 87 92 57 155 139
internal_value=-0.00601477 -0.0149568 -0.00554895 -0.00623123 -0.00657136 -0.0077711 -0.0118812 -0.00666427 -0.0134655 -0.0100901 -0.00532031 -0.0183495 -0.00618309 -0.00434835 -0.00631236 -0.00866964 -0.00516426 -0.00716415 -0.00967401 -0.0122625 -0.0120562 -0.0047004 -0.00212298
internal_weight=2840 136 2704 2274 2176 1373 300 1073 258 158 93 100 1017 803 434 249 793 361 224 137 117 244 369
internal_count=2840 136 2704 2274 2176 1373 300 1073 258 158 93 100 1017 803 434 249 793 361 224 137 117 244 369
cat_boundaries=0 1
cat_threshold=200
is_linear=0
shrinkage=0.045


Tree=13
num_leaves=24
num_cat=0
split_feature=9 10 10 32 26 5 6 27 9 32 12 0 2 34 10 33 2 2 3 3 33 16 0
split_gain=5.85263 4.39079 3.56451 2.9984 2.06533 1.61053 1.84693 1.87198 1.31672 1.55276 1.11428 1.03207 1.85897 1.01228 1.17688 0.960531 0.910908 1.21512 1.68004 1.49664 0.871702 0.819874 1.24743
threshold=0.82677118677134587 0.093155811668094654 -1.0000000180025095e-35 2.0148006101959769e-05 2.1931940490747057 0.64052993918732648 0.37010083484915307 8.6657523940616823 0.72597996884305271 0.00047308765693647475 0.23675000000000004 11.008744518903812 11.374278389255425 0.014118595564517425 0.017258626535447855 0.0042790615603560062 10.70619987112876 10.181629916766795 0.19739048246391874 0.0058768496335920919 0.0079349255531901888 -1.0000000180025095e-35 12.166660436599768
decision_type=10 10 8 8 10 10 10 8 10 10 2 8 10 8 8 10 10 8 10 10 10 2 8
left_child=1 3 -2 11 -4 6 7 10 9 -7 13 -1 -13 14 16 -10 17 18 -5 -19 -8 22 -16
right_child=2 -3 4 5 -6 8 20 -9 15 -11 -12 12 -14 -15 21 -17 -18 19 -20 -21 -22 -23 -24
leaf_value=0.00050834081415990142 -0.014078136549507519 -0.026162374266192182 -0.014247489119414709 -0.0010068538330983124 -0.04361172527132557 -0.013577839667432715 0.00090292987441443801 -0.10753961065075066 -0.010305783946795466 -0.01903240429897702 -0.0093715176729584262 -0.0066869056656089013 -0.00097267235406832853 0.00052669800390584649 -0.0061805950523998706 0.0012270489331746182 -0.0010964807991090495 -0.011925101180701909 -0.0095892075670915983 -0.0062861078124293555 -0.0052694449996538387 -0.01040624978128132 -0.012716600079301858
leaf_weight=198 71 45 40 193 53 156 170 40 48 70 41 40 103 72 234 59 316 59 91 65 46 579 82
leaf_count=198 71 45 40 193 53 156 170 40 48 70 41 40 103 72 234 59 316 59 91 65 46 579 82
internal_value=-0.00548721 -0.00497574 -0.0136886 -0.00472627 -0.0193828 -0.00530454 -0.00480512 -0.00528338 -0.00821652 -0.0101594 -0.00504207 -0.000778343 -0.0036524 -0.00484666 -0.00507845 -0.00394773 -0.00370151 -0.00510219 -0.00341812 -0.0087874 -0.000863014 -0.00617622 -0.00426019
internal_weight=2871 2707 164 2662 93 2321 1988 1772 333 226 1732 341 143 1691 1619 107 724 408 284 124 216 895 316
internal_count=2871 2707 164 2662 93 2321 1988 1772 333 226 1732 341 143 1691 1619 107 724 408 284 124 216 895 316
is_linear=0
shrinkage=0.045


Tree=14
num_leaves=24
num_cat=1
split_feature=5 27 10 23 27 5 26 23 21 5 26 6 34 8 34 6 23 27 26 27 26 31 31
split_gain=7.25218 3.70388 3.54944 3.77079 2.96943 2.24127 1.93815 2.53662 1.45171 3.70648 1.80318 1.27607 1.45977 0.901634 0.918389 0.892162 0.873635 1.26868 1.06155 0.86914 0.68779 0.678753 0.628511
threshold=0.9140108091064485 1.5691333889774339 0.082553774834906182 2.1560026114960977 2.1274722441905247 0.22329590721980594 3.0215349587173859 3.0394117054085545 0 0.59596898921116181 4.6373439555676788 0.16261881508395223 0.00023209620458330767 9.8245008900169815 0.0011458368659502457 0.085567903236654516 5.633317469522102 5.4448950078640728 6.5778145450410062 4.1089966655861323 3.9253709484364583 0.0030024559563677552 0.0021816788554641264
decision_type=10 8 10 10 8 8 8 10 1 10 10 8 8 10 8 10 10 8 10 10 10 10 8
left_child=1 -1 3 4 15 -5 -7 -8 13 11 -11 12 -10 14 20 -3 17 -13 -18 -16 -9 22 -14
right_child=-2 2 -4 5 -6 6 7 8 9 10 -12 16 21 -15 19 -17 18 -19 -20 -21 -22 -23 -24
leaf_value=-0.0013090264612229847 -0.070071821450915103 -0.020723925449677248 -0.022967583309164406 -0.0023378541020977204 -0.091105197196251514 -0.0061735973660200661 -0.019757004181938626 -0.0068797892868894504 -0.010523641927944475 -0.011636204971862263 -0.028982005646554246 -0.010811526882474885 -0.0078160195335358219 -0.002811074221078499 0.0036214351317441097 -0.0049780673668121892 0.00036984797648110439 -0.011277827593380975 -0.0074835098077476979 -0.0088764058433619727 -0.011822099125704965 -0.0099524023016889472 0.00048725586591174343
leaf_weight=326 55 44 41 492 68 263 70 44 44 57 67 378 44 245 46 93 113 45 86 58 68 50 42
leaf_count=326 55 44 41 492 68 263 70 44 44 57 67 378 44 245 46 93 113 45 86 58 68 50 42
internal_value=-0.00535266 -0.0050183 -0.0056154 -0.00537676 -0.0111959 -0.00482302 -0.00558909 -0.00623065 -0.00578363 -0.00683866 -0.0141024 -0.00575217 -0.00909836 -0.00341297 -0.00558904 -0.00711964 -0.0047448 -0.00589965 -0.00223886 -0.00243925 -0.00837391 -0.00653957 -0.00389326
internal_weight=2839 2784 2458 2417 205 2212 1720 1457 1387 926 124 802 180 461 216 137 622 423 199 104 112 136 86
internal_count=2839 2784 2458 2417 205 2212 1720 1457 1387 926 124 802 180 461 216 137 622 423 199 104 112 136 86
cat_boundaries=0 1
cat_threshold=192
is_linear=0
shrinkage=0.045


Tree=15
num_leaves=24
num_cat=1
split_feature=10 32 5 31 5 26 8 23 27 4 34 4 5 0 24 1 0 2 15 7 21 8 10
split_gain=5.00857 3.60206 2.999 2.45355 2.86086 3.27813 1.73028 1.0904 1.46217 1.25179 0.95258 1.14037 1.09729 0.912092 1.19408 0.806484 0.789977 0.746111 0.74558 0.716008 0.653258 0.906288 0.793377
threshold=0.063889709279473697 2.0148006101959769e-05 0.55188310396256679 0.015924571492317064 0.7796254600444591 4.0926964426560621 7.8095530811895513 5.5272706071994504 5.3976530645109744 -0.01669265143713718 1.1898781162407477e-05 0.083125908239504789 0.63163110161059988 9.2016560294273351 3.6163252516419218 8.5307754235228561 11.080293648304174 11.374278389255425 2.5000000000000004 0.0027951915893831779 0 9.2462435153854781 0.0029364099951367244
decision_type=10 8 10 8 10 8 10 10 10 10 10 8 8 10 10 10 8 10 2 8 1 10 8
left_child=1 16 -2 4 7 6 -6 8 10 -10 -3 12 20 -14 -15 -13 -1 -18 -16 -17 21 -12 -23
right_child=2 3 -4 -5 5 -7 -8 -9 9 -11 11 15 13 14 18 19 17 -19 -20 -21 -22 22 -24
leaf_value=0.00096830533668813249 -0.00599512812841815 0.00022913767374225315 -0.035666734569908987 -0.094661293987979192 -0.05745741710274134 -0.028295891921069107 -0.0037411178550838592 -0.0040848299148547847 -0.0044155663452746605 -0.010613666992928511 0.00082866220086758036 -0.002441740675063087 -0.0013132623425395659 -0.011234185593472234 -0.0039520598271561109 -0.0013699706411052469 -0.0061191283073605846 -0.00017068050991413803 -0.012936767472194525 -0.012082731491137042 -0.0017605258468742703 -0.0021558727002225957 -0.0071038108518614177
leaf_weight=199 67 89 50 64 55 52 81 554 40 43 48 64 57 66 83 42 40 106 40 499 382 53 62
leaf_count=199 67 89 50 64 55 52 81 554 40 43 48 64 57 66 83 42 40 106 40 499 382 53 62
internal_value=-0.00453646 -0.00413382 -0.0135562 -0.00475747 -0.00450389 -0.00980105 -0.00589209 -0.00402141 -0.0046289 -0.0103866 -0.00428679 -0.00457398 -0.00342601 -0.00590964 -0.00739453 -0.00605058 0.000161638 -0.0023255 -0.00458929 -0.00661351 -0.00227874 -0.00456392 -0.00695975
internal_weight=2836 2719 117 2374 2310 188 136 2122 1568 83 1485 1396 791 246 189 605 345 146 123 541 545 163 115
internal_count=2836 2719 117 2374 2310 188 136 2122 1568 83 1485 1396 791 246 189 605 345 146 123 541 545 163 115
cat_boundaries=0 1
cat_threshold=4
is_linear=0
shrinkage=0.045


Tree=16
num_leaves=24
num_cat=0
split_feature=10 32 35 6 9 10 34 2 0 0 7 10 0 2 10 7 9 18 7 18 7 9 7
split_gain=4.42909 2.95965 4.50799 4.04172 2.09485 1.98254 1.76366 1.13382 1.12135 1.53306 1.6164 1.88083 0.782151 1.87223 0.760031 0.842373 0.911613 0.722288 0.723967 0.679189 0.666058 0.58915 0.712854
threshold=0.093155811668094654 8.133102204990003e-05 0.00045423336565898119 0.10719863697830553 0.69570302941363316 0.0074904401274813815 0.0010945444051979763 11.111322541872271 10.381589089876302 9.8617549626122045 0.022168415554057113 -0.032812397026222122 11.008744518903812 11.288675617193034 -0.043079037177672357 0.032433714058146261 0.29953816944745609 10.500000000000002 0.011456804601018415 34.500000000000007 0.011807548980026981 0.49898124188950793 0.0093611111355508137
decision_type=10 8 10 10 10 10 8 8 8 10 10 10 8 10 8 10 8 2 10 2 10 8 10
left_child=1 12 3 -3 8 6 7 -6 9 19 17 -12 -1 20 -10 -16 -17 -11 -19 21 -14 22 -4
right_child=-2 2 4 -5 5 -7 -8 -9 14 10 11 -13 13 -15 15 16 -18 18 -20 -21 -22 -23 -24
leaf_value=0.00017806792622283141 -0.027830501660601054 -0.092241350592327784 -0.014071661446927838 -0.019540233439026857 -0.01042641058940214 -0.028749297086691359 -0.0019171638343729893 -0.02220836107720435 0.0024927728593853236 0.00049619152136161717 -0.0077590212634030004 -0.009274289670735637 -0.0048377436367435783 -0.0007188810954790165 -0.0056545730459199748 -5.1701059399136134e-05 -0.0079693051843586632 -0.0091564226106435886 -0.0082944979684530327 -0.0085451551646741047 -0.0094063626442339471 -0.0077467001827960322 1.4458263828684373e-05
leaf_weight=364 48 42 94 79 55 75 97 42 79 43 45 47 46 226 734 47 111 51 46 59 40 202 195
leaf_count=364 48 42 94 79 55 75 97 42 79 43 45 47 46 226 734 47 111 51 46 59 40 202 195
internal_value=-0.00411821 -0.00387571 -0.00469397 -0.0130464 -0.00417556 -0.00786673 -0.00532233 -0.0095175 -0.00359667 -0.00486688 -0.00792766 -0.0125053 -0.00127246 -0.00291429 -0.00256186 -0.00293631 -0.00589752 -0.00472028 -0.0068175 -0.00353978 -0.00844382 -0.00295597 -0.00162586
internal_weight=2867 2819 2143 121 2022 269 194 97 1753 782 232 92 676 312 971 892 158 140 97 550 86 491 289
internal_count=2867 2819 2143 121 2022 269 194 97 1753 782 232 92 676 312 971 892 158 140 97 550 86 491 289
is_linear=0
shrinkage=0.045


Tree=17
num_leaves=24
num_cat=0
split_feature=10 31 9 7 27 29 6 8 27 34 7 32 6 5 35 32 3 9 2 4 6 4 32
split_gain=4.16211 2.55682 2.8357 2.99578 1.9236 1.84608 1.67483 1.15522 1.13584 1.10878 1.12738 0.983643 1.32492 0.973639 0.918455 0.939714 0.815716 0.779671 1.2086 1.3259 1.63851 0.688358 0.704466
threshold=0.093155811668094654 0.00011481118954560818 0.82677118677134587 0.031317652612930812 0.3405869429472887 2.8550760718824093 0.4231397547624916 10.307516274608572 5.2751495532498582 0.0012818380917440379 0.05082629776484026 0.00053435576875032265 0.081871249253160791 0.24204012303164199 0.00014413091047673767 6.7091333311007252e-05 -0.23221752854534669 0.35253036859324655 10.314060585308164 -0.0066521228274107362 0.18873008363273255 0.1096799962124692 0.0013106198064144815
decision_type=10 8 10 8 10 10 10 8 10 8 10 10 10 10 8 10 10 10 10 10 8 8 10
left_child=1 -1 4 5 -3 -4 7 8 9 10 11 12 -6 -13 -9 -16 -11 21 -19 -20 -21 22 -17
right_child=-2 2 3 -5 6 -7 -8 14 -10 16 -12 13 -14 -15 15 17 -18 18 19 20 -22 -23 -24
leaf_value=0.00016920732648102076 -0.028110316086613917 -0.088521554846872241 0.00011959235652168161 -0.04906673156819321 -0.0056267126203712794 -0.026511510751777458 0.001902168842236883 -0.0080371708190032295 -0.01191301036257212 -0.01712673672160115 -0.010127008914289755 -0.007680070759908863 -0.0034325868119937492 -0.011328524362979651 0.00041131063530088841 0.00050012314501382267 -0.00044518991434419045 -0.016367110005981692 0.00049627907254285819 -0.010180749018476846 -0.0057132073823644844 -0.0070774993260863152 -0.0087660892904124332
leaf_weight=363 44 42 56 42 56 40 100 52 46 40 44 65 400 113 139 273 184 89 126 55 149 284 62
leaf_count=363 44 42 56 42 56 40 100 52 46 40 44 65 400 113 139 273 184 89 126 55 149 284 62
internal_value=-0.00373247 -0.00350691 -0.00402713 -0.0102447 -0.00364438 -0.00554545 -0.00345691 -0.00371869 -0.00490221 -0.00451989 -0.00542511 -0.0048956 -0.0037451 -0.00773204 -0.00279606 -0.00252267 -0.00174449 -0.00298703 -0.004484 -0.00317568 -0.0053913 -0.00195699 -0.000565828
internal_weight=2864 2820 2457 138 2319 96 2277 2177 948 902 678 634 456 178 1229 1177 224 1038 419 330 204 619 335
internal_count=2864 2820 2457 138 2319 96 2277 2177 948 902 678 634 456 178 1229 1177 224 1038 419 330 204 619 335
is_linear=0
shrinkage=0.045


Tree=18
num_leaves=24
num_cat=0
split_feature=5 10 5 7 31 31 6 26 0 2 16 18 6 4 19 16 10 19 3 19 24 4 26
split_gain=3.80423 1.79505 1.90779 2.65116 1.91581 1.79035 1.42327 0.905579 1.46209 1.13377 1.31228 1.15953 1.00402 0.859784 1.2945 0.815503 0.616913 0.550611 0.513179 0.496954 0.654492 0.676387 0.700029
threshold=0.9140108091064485 -0.037826907557666316 0.63163110161059988 0.040349081378322035 1.0000000180025095e-35 0.00066114156547191925 0.24516442444250708 1.3230746396640218 10.381589089876302 9.3772481051084338 3.5000000000000004 32.500000000000007 0.055450362889944281 0.1096799962124692 0.62265000000000015 1.0000000180025095e-35 0.029183924137461941 0.71665000000000012 0.24632865471712984 0.7279500000000001 6.2052465856356784 -0.043314436556788634 5.4025124652803163
decision_type=10 8 10 10 10 10 10 10 10 8 2 2 8 8 2 2 8 2 8 2 10 8 10
left_child=1 -1 4 5 -3 -4 16 18 9 11 13 -9 -10 14 -11 -15 -7 -8 -6 20 21 -14 -23
right_child=-2 2 3 -5 7 6 17 8 12 10 -12 -13 19 15 -16 -17 -18 -19 -20 -21 -22 22 -24
leaf_value=0.00012894362686685507 -0.038478019668621889 -0.085228820105259659 0.00011018363988643516 -0.027032092345689603 0.0010397323615492944 -0.0068541326297259734 -0.01597508022790858 -0.0032132175797043613 -0.013642529138263557 -0.0094287937983565731 -0.01833042108276561 -0.0028854568863999311 0.00038562312531383551 -0.011365079176336406 -0.002701720905504283 -0.012769391928171824 -0.025841094233741584 -0.0053846711100298652 -0.0022131380026065013 -0.00085209738300867513 9.5201116826997863e-05 -0.0073459556379632234 -0.01121509015572498
leaf_weight=311 51 40 99 42 134 68 67 248 63 71 69 60 94 146 186 64 51 76 75 376 132 215 75
leaf_count=311 51 40 99 42 134 68 67 248 63 71 69 60 94 146 186 64 51 76 75 376 132 215 75
internal_value=-0.00352122 -0.0032859 -0.00369407 -0.00652278 -0.00312872 -0.00518613 -0.00711509 -0.00292243 -0.00324764 -0.00461157 -0.00586085 -0.00240193 -0.00203158 -0.00494521 -0.00314135 -0.00707746 -0.0107152 -0.00396062 -0.000116745 -0.00162905 -0.00253179 -0.00346512 -0.00453072
internal_weight=2813 2762 2451 403 2048 361 262 2008 1799 844 536 308 955 467 257 210 119 143 209 892 516 384 290
internal_count=2813 2762 2451 403 2048 361 262 2008 1799 844 536 308 955 467 257 210 119 143 209 892 516 384 290
is_linear=0
shrinkage=0.045


Tree=19
num_leaves=24
num_cat=1
split_feature=10 26 8 8 23 25 26 23 29 23 29 21 6 0 6 10 4 6 10 6 32 3 28
split_gain=3.33188 1.77193 2.36216 1.79778 1.31587 1.76973 1.06415 3.5479 1.12615 1.67495 1.39738 1.08313 1.61159 1.70997 0.913608 0.855855 0.825999 1.14602 0.941518 0.72999 0.627945 0.616304 0.713515
threshold=0.093155811668094654 1.2025814578753629 10.307516274608572 7.3159249702246925 1.5760409640743942 1.5863427168791591 3.9878036962850287 4.087608136057983 4.0902511951395715 5.633317469522102 5.1484218679829494 0 0.20179725356850409 9.0599998781169955 0.24876639924695781 0.012667707595721613 0.1096799962124692 0.18508233214817407 0.024321287900202219 0.20179725356850409 0.0010393017223033105 0.085648276804151421 2.0218822543312189
decision_type=10 8 10 8 10 8 8 10 10 10 10 1 10 10 10 8 10 10 8 10 10 10 10
left_child=1 -1 3 -3 5 -5 11 14 -9 10 19 12 13 -6 -8 -13 -4 18 -18 -10 -21 -17 -23
right_child=-2 2 16 4 6 -7 7 8 9 -11 -12 15 -14 -15 -16 21 17 -19 -20 20 -22 22 -24
leaf_value=0.00028635304016098341 -0.025775027831709787 -0.05202713041562141 -0.0021613153244185168 -0.0019392338692834476 -0.0071327607239374605 -0.069807444363612234 -0.027843279049293127 8.5956944713579177e-05 -0.0061738843831619112 0.00038084970332519306 -0.021840077072945007 0.00093320071025142269 -0.0036471556470778258 -0.016979660126618869 -0.0160864656005738 -0.004195274387199314 -0.0045144124580154491 -0.0022950615061275966 -0.007838763238453476 -0.007934856290427757 -0.010408708667192712 -0.0015107558326773031 -0.014097297000825586
leaf_weight=260 44 48 649 44 50 46 71 116 141 106 46 232 86 44 40 231 86 228 41 55 50 48 40
leaf_count=260 44 48 649 44 50 46 71 116 141 106 46 232 86 44 40 231 86 228 41 55 50 48 40
internal_value=-0.00322299 -0.00301684 -0.00338445 -0.00451804 -0.00421429 -0.00943548 -0.00384768 -0.00521298 -0.00359478 -0.00472444 -0.0064678 -0.00266383 -0.00559585 -0.00988144 -0.0124145 -0.00155186 -0.00168918 -0.00342528 -0.00680192 -0.00500602 -0.0078125 -0.00308152 -0.00623077
internal_weight=2802 2758 2498 1494 1446 90 1356 625 514 398 292 731 180 94 111 551 1004 355 127 246 105 319 88
internal_count=2802 2758 2498 1494 1446 90 1356 625 514 398 292 731 180 94 111 551 1004 355 127 246 105 319 88
cat_boundaries=0 1
cat_threshold=66
is_linear=0
shrinkage=0.045


Tree=20
num_leaves=24
num_cat=1
split_feature=5 24 10 33 23 2 6 9 21 5 34 6 5 7 24 23 10 10 34 5 30 24 23
split_gain=3.03126 2.59331 1.1992 0.927793 1.82632 2.85535 2.28113 1.05674 0.777376 0.836466 0.64777 0.628396 1.00291 0.795823 0.762348 0.612596 0.87915 0.570553 0.61167 0.927566 0.566139 0.86411 1.50823
threshold=0.88179025123519905 2.5792536239562107 0.067853118459027875 0.00079401185181151961 3.0394117054085545 9.3450827411823933 0.1959008943445491 0.83497918543659044 0 0.70343346059814771 0.00046924645050304225 0.15224150713395837 0.096925328966237539 0.03385113903675558 4.6504839978757184 2.542872783289571 -0.043079037177672357 -0.037826907557666316 0.00048656882399898595 0.54247413984709625 7.5000000000000009 4.5654486231447189 5.3520896131312998
decision_type=10 10 10 8 10 8 10 10 1 10 8 8 10 10 10 10 10 8 10 10 2 10 10
left_child=2 -2 3 -1 5 15 -7 8 -6 11 -4 12 -10 14 -14 16 -5 -13 -19 20 21 -20 -23
right_child=1 -3 10 4 7 6 -8 -9 9 -11 -12 17 13 -15 -16 -17 -18 18 19 -21 -22 22 -24
leaf_value=-0.0012006459305439758 -0.019797786560843959 -0.057562322888750989 -0.0039612925584298405 -0.013109185308625941 -7.0169719766022259e-06 -0.065323933171717946 -0.0053441155274218562 -0.016499074088541402 0.0016827831795612667 -0.020716003592382053 -0.016008887091275313 0.0020114711413163518 -0.0066278716333516112 -0.014170679671113335 -0.001119745140784857 0.0016162922087002989 -0.0002806001935702386 -0.001201577663249918 0.0002013954615039972 -0.0094591495326465467 0.0003095877065306292 -0.016603615959444266 -0.0048330638820522406
leaf_weight=623 47 40 57 58 359 82 50 42 50 83 40 93 56 41 72 84 63 379 99 70 146 49 122
leaf_count=623 47 40 57 58 359 82 50 42 50 83 40 93 56 41 72 84 63 379 99 70 146 49 122
internal_value=-0.0026883 -0.010825 -0.00241621 -0.00222856 -0.0027009 -0.00571103 -0.0108 -0.00208098 -0.00188795 -0.00240377 -0.0072675 -0.00210318 -0.00426689 -0.00589971 -0.00398473 -0.00232572 -0.00433669 -0.00159677 -0.00195709 -0.0030092 -0.00216945 -0.00337912 -0.00528879
internal_weight=2805 87 2718 2621 1998 337 132 1661 1619 1260 97 1177 219 169 128 205 121 958 865 486 416 270 171
internal_count=2805 87 2718 2621 1998 337 132 1661 1619 1260 97 1177 219 169 128 205 121 958 865 486 416 270 171
cat_boundaries=0 1
cat_threshold=130
is_linear=0
shrinkage=0.045


Tree=21
num_leaves=24
num_cat=1
split_feature=10 5 32 21 8 9 33 20 4 10 25 4 4 3 23 9 31 26 23 28 10 10 6
split_gain=2.00369 1.45656 2.39115 1.96206 1.78055 1.35384 1.19457 1.0315 1.01335 0.973002 0.922743 0.750156 1.11049 0.74484 0.719795 0.641812 0.710966 0.708456 1.4777 0.626922 0.799808 1.08662 0.611595
threshold=0.093155811668094654 0.70343346059814771 9.4863770062846215e-05 0 10.35386246865489 0.8616987032915 0.003340619196582901 2.5000000000000004 0.087535292839094933 0.011120629516356772 3.3685967068318505 -0.02991068108790192 -0.066172732313628718 0.18271940470686809 3.9957637874771677 0.17461915874115017 0.0083880655302568646 2.8735277990639867 3.0394117054085545 3.993282302690373 -0.022388248954553238 -0.0066362851341243414 0.078395045809638644
decision_type=10 8 8 1 8 8 10 2 8 10 8 10 10 10 10 8 8 8 10 8 10 10 10
left_child=1 8 -3 5 -5 -4 -6 -8 9 22 -7 12 -11 -13 -12 16 -10 -17 -19 20 -20 -22 -1
right_child=-2 2 3 4 6 10 7 -9 15 11 14 13 -14 -15 -16 17 -18 18 19 -21 21 -23 -24
leaf_value=-0.0050244274444306127 -0.01625511536957993 0.0005390920325482354 -0.004807189985016341 -0.035720952675552607 -0.025583962826668413 -0.0083042389715793797 0.0014528924827708167 -0.022812218273188682 0.0005991984898414518 -0.0029584724299085929 -0.01730115980982903 0.0017690347408439307 -0.010541435157102539 -0.0094828977651315455 -0.0077919863335646281 -0.0018024983881587877 -0.005225211448220528 -0.064086523579614599 -0.0059925408380519509 -0.0023748336429730028 -0.013022383454764121 -0.0090767461199673157 0.00026154478112774186
leaf_weight=89 42 202 296 58 76 60 45 45 122 143 43 105 48 40 47 180 40 41 117 165 42 113 647
leaf_count=89 42 202 296 58 76 60 45 45 122 143 43 105 48 40 47 180 40 41 117 165 42 113 647
internal_value=-0.00246226 -0.00230611 -0.00382629 -0.00511516 -0.00850633 -0.00310784 -0.00631065 -0.00266129 -0.00160053 -0.000686512 -0.00661765 -0.00268142 -0.0045116 -0.00022804 -0.00943548 -0.00278858 -0.000245454 -0.00341074 -0.00431289 -0.00349261 -0.00481091 -0.00690665 0.000231394
internal_weight=2806 2764 872 670 224 446 166 90 1892 1072 150 336 191 145 90 820 162 658 478 437 272 155 736
internal_count=2806 2764 872 670 224 446 166 90 1892 1072 150 336 191 145 90 820 162 658 478 437 272 155 736
cat_boundaries=0 1
cat_threshold=204
is_linear=0
shrinkage=0.045


Tree=22
num_leaves=24
num_cat=1
split_feature=10 24 34 32 9 10 23 10 18 10 32 23 2 34 10 15 1 18 1 0 21 32 34
split_gain=1.58909 1.67373 1.46001 1.08839 1.39641 1.5628 1.07157 0.897278 0.777568 0.794696 0.72364 1.00045 0.996491 0.604448 0.987096 0.507354 0.819108 0.505183 0.594827 0.558688 0.501794 0.513202 0.577914
threshold=0.067853118459027875 inf 0.00071807633197167172 8.133102204990003e-05 0.82677118677134587 0.0083576883879799297 4.9970392650033597 -0.017962985090924085 2.5000000000000004 -0.0076067684663847215 0.00032001182160737294 2.8694710634295988 9.0080214421549112 0.0018958337621035703 -0.016354222521170671 3.5000000000000004 11.777108560571332 31.500000000000004 10.117200918058179 10.381589089876302 0 1.7597016884253071e-05 2.3283814835354098e-05
decision_type=10 8 10 10 10 8 10 8 2 8 10 10 8 8 10 2 10 2 10 10 1 8 8
left_child=1 3 -2 20 6 -6 7 -5 -9 -10 -11 -12 -13 15 -15 -8 -17 18 -14 -20 -1 -22 -23
right_child=2 -3 -4 4 5 -7 13 8 9 10 11 12 17 14 -16 16 -18 -19 19 -21 21 22 -24
leaf_value=0.00096187053076521062 -0.0039363311642926181 -0.076121208269324406 -0.031127015294316881 -0.0021688209690369983 -0.0074288626721093921 -0.036870292951592019 7.074246215774394e-05 -0.015995246554641629 -0.005746034742362887 -0.0033567189886308836 -0.013289425375432843 0.001372809930131492 -0.0051499744552077871 0.0012083947884870567 -0.010225105137167512 3.469433970537695e-05 -0.009193602288377449 -0.0081940541867505708 -0.0073053545352775419 -0.0073075369250628535 0.00057844994507344472 -0.0060809067686176744 -0.0011234540472967167
leaf_weight=219 59 43 42 258 66 51 554 49 74 309 49 57 179 62 54 72 58 54 42 65 216 84 164
leaf_count=219 59 43 42 258 66 51 554 49 74 309 49 57 179 62 54 72 58 54 42 65 216 84 164
internal_value=-0.00229448 -0.00208744 -0.00776683 -0.00194195 -0.00245902 -0.00718125 -0.00216297 -0.00305004 -0.00373383 -0.00338311 -0.00292381 -0.00407906 -0.00327937 -0.000896638 -0.00385714 -0.000379913 -0.00287594 -0.00419825 -0.00337889 -0.00599318 -0.000383746 -0.00120755 -0.00261753
internal_weight=2880 2779 101 2736 2053 117 1936 1136 878 829 755 446 397 800 116 684 130 340 286 107 683 464 248
internal_count=2880 2779 101 2736 2053 117 1936 1136 878 829 755 446 397 800 116 684 130 340 286 107 683 464 248
cat_boundaries=0 1
cat_threshold=240
is_linear=0
shrinkage=0.045


Tree=23
num_leaves=24
num_cat=0
split_feature=5 24 5 26 12 4 23 32 5 26 23 6 4 10 7 19 3 24 16 1 19 0 1
split_gain=2.15816 1.29982 1.39385 1.1347 0.98034 0.807049 0.860834 1.64766 0.71643 1.0733 1.3686 0.80237 0.677393 0.939512 1.07349 0.707717 0.588213 0.54301 0.647159 0.536103 0.50705 0.499076 0.453562
threshold=0.9140108091064485 inf 0.15052463162541826 0.72299614272476065 0.15605000000000005 0.087535292839094933 5.633317469522102 0.001691827219036346 0.63163110161059988 4.2736166380686758 4.9063733914593612 0.055450362889944281 0.21969512374923791 0.012667707595721613 0.015746362436860211 0.78245000000000009 0.2511788762675829 3.5749768534718691 1.0000000180025095e-35 11.777108560571332 0.60730000000000006 10.696758096162254 9.9021253842615788
decision_type=10 8 8 10 2 8 10 10 8 10 10 10 10 10 10 2 10 10 2 8 2 10 10
left_child=1 2 -1 -4 5 8 7 12 11 17 -11 -5 13 15 -15 -7 -13 18 20 -12 -10 -18 -14
right_child=-2 -3 3 4 -6 6 -8 -9 9 10 19 16 22 14 -16 -17 21 -19 -20 -21 -22 -23 -24
leaf_value=0.00047262676314537228 -0.053520480732018511 -0.07350513473078861 0.00066897068907559309 -0.0058105641150454426 -0.013585841825738951 -0.0098008908023287516 -0.0011929872080005128 -0.022649659486820899 -0.00021169682588166044 -0.0098242309324362669 -0.020139162186751002 0.0001367875633084804 -0.0077820874087075826 -0.0067591375020958442 -0.0056609521997034165 0.00237013291996005 -0.0064465240329917191 0.0030429420102408358 0.0012794589727970363 0.00042862021990466024 -0.010974886903180887 0.00055962227192964868 0.00026081480042361535
leaf_weight=395 52 44 145 46 77 347 223 40 42 69 55 572 76 42 48 66 50 77 70 68 53 43 148
leaf_count=395 52 44 145 46 77 347 223 40 42 69 55 572 76 42 48 66 50 77 70 68 53 43 148
internal_value=-0.00212452 -0.00194855 -0.0018196 -0.00223379 -0.00248668 -0.00229946 -0.00324018 -0.00395357 -0.00147975 -0.00291419 -0.0054 -0.000595588 -0.00343048 -0.00434437 -0.00846774 -0.00339123 -0.000185254 -0.0009 -0.00234375 -0.00244643 -0.00470663 -0.00344531 -0.00134802
internal_weight=2848 2796 2752 2357 2212 2135 990 767 1145 434 192 711 727 503 90 413 665 242 165 123 95 93 224
internal_count=2848 2796 2752 2357 2212 2135 990 767 1145 434 192 711 727 503 90 413 665 242 165 123 95 93 224
is_linear=0
shrinkage=0.045


Tree=24
num_leaves=24
num_cat=0
split_feature=5 27 24 7 31 10 23 26 5 2 0 18 6 1 18 5 16 34 24 34 2 35 7
split_gain=2.36774 3.6764 1.5209 1.2974 1.14251 0.839475 1.111 1.7615 2.40897 0.903079 1.18009 0.955274 0.728714 0.721546 0.721419 0.684491 0.989381 0.643375 0.594771 0.741062 0.566788 0.655303 0.543637
threshold=0.83883000246415396 3.7822705766763023 inf 0.020866214522028897 0.00010283190925472188 0.011120629516356772 4.356474800138125 4.185053047151877 0.55188310396256679 10.334284244639013 9.5901606968599644 15.500000000000002 0.31942726464653931 8.5917632301940401 25.500000000000004 0.53672644179480722 1.0000000180025095e-35 0.00044318400994981712 4.7804364937771995 0.0016343072775241039 8.8956760564941497 0.00013454420094291146 0.011201250232832765
decision_type=10 10 8 10 10 8 10 10 8 10 10 2 10 10 2 10 2 10 10 10 10 10 10
left_child=2 3 4 -2 -1 9 7 13 -9 10 14 22 15 -7 -6 18 -17 -13 -8 -20 -15 -22 -12
right_child=1 -3 -4 -5 5 6 12 8 -10 -11 11 17 -14 20 -16 16 -18 -19 19 -21 21 -23 -24
leaf_value=0.00065457378791099121 0.0048949949705625771 -0.030744686295596561 -0.070749088878523742 -0.030885311544251552 0.001254582536510249 0.00013963943147901321 0.0013324966413120717 -0.0041406837326550669 -0.020326058265777991 9.8450014996603617e-05 -0.0057294141819014301 -0.0057792202512727819 0.00081787832794207981 -0.011081898291141111 -0.0061529310276625514 -0.00082020245357280715 -0.017752906038023788 0.0025646416152971521 -0.0041943708793184221 -0.01212664662850645 -0.0099474013382833404 -0.0046785806036742632 -0.012185113115431424
leaf_weight=299 58 40 41 43 172 120 91 43 48 543 46 40 148 71 88 43 44 64 287 43 45 373 50
leaf_count=299 58 40 41 43 172 120 91 43 48 543 46 40 148 71 88 43 44 64 287 43 45 373 50
internal_value=-0.00216848 -0.00779687 -0.00186612 -0.00300721 -0.00172661 -0.00205853 -0.00278808 -0.00403272 -0.00978989 -0.00106685 -0.002527 -0.00509852 -0.00144765 -0.00312868 -0.000513308 -0.0022544 -0.005825 -0.00201869 -0.00148054 -0.00236486 -0.00389177 -0.00321734 -0.00827273
internal_weight=2840 141 2699 101 2658 2359 1356 700 91 1003 460 200 656 609 260 508 87 104 421 330 489 418 96
internal_count=2840 141 2699 101 2658 2359 1356 700 91 1003 460 200 656 609 260 508 87 104 421 330 489 418 96
is_linear=0
shrinkage=0.045


Tree=25
num_leaves=24
num_cat=0
split_feature=5 5 10 32 33 9 8 6 32 3 32 31 32 3 7 34 7 23 34 19 28 10 5
split_gain=2.47913 0.932094 1.19314 0.797312 1.06932 1.17827 1.34459 0.711303 1.02079 0.763398 0.69732 1.37289 0.639347 0.797637 0.503782 0.469703 0.575486 0.450344 0.433438 0.466036 0.69954 0.614543 0.724139
threshold=0.9140108091064485 0.59596898921116181 0.061065736686718018 9.4863770062846215e-05 0.0030340046461237702 0.40118223791731034 10.08350718034192 0.25840455922847322 0.0015197876210990282 0.15262055330662852 0.00028114884047645075 0.001049727867809681 0.00070270753998241437 -0.090870473128816492 0.063776543824097656 0.00080746042290935583 0.010526387596488261 4.1804476876303385 1.1898781162407477e-05 0.63495000000000013 2.7551960636149047 0.020568787231472294 0.39836832825739188
decision_type=10 8 10 8 10 8 8 10 8 8 10 8 10 8 8 10 10 10 10 2 10 8 10
left_child=1 7 3 14 5 -5 -7 8 18 -10 11 -8 15 -14 -3 16 -6 -15 -1 20 -20 -21 -23
right_child=-2 2 -4 4 12 6 10 -9 9 -11 -12 -13 13 17 -16 -17 -18 -19 19 21 -22 22 -24
leaf_value=0.0014288628086302226 -0.050279276134787575 0.0013541559342655511 -0.024706459009406032 0.00060673230230386902 0.0011836964587987656 -0.0059229800850345285 -0.014519780228386079 6.4115573704246563e-05 -0.0056471572862803179 -0.012344545575444886 -0.018371879901215079 -0.0050373722706736164 -0.017082117521070115 -0.0087146954128284014 -0.0038820235962217448 0.0025918538254516787 -0.0056351630669627473 0.00044707205282207323 -0.0079399857774927612 7.195780926950303e-05 0.00014300991165174627 -0.0010638197182630158 -0.0084203272606199284
leaf_weight=136 51 181 43 54 73 73 40 660 50 40 40 41 47 53 51 151 103 84 58 426 52 185 108
leaf_count=136 51 181 43 54 73 73 40 660 50 40 40 41 47 53 51 151 103 84 58 426 52 185 108
internal_value=-0.00165359 -0.0014643 -0.00252989 -0.00219341 -0.00289665 -0.00530677 -0.00692132 -0.000818539 -0.00154182 -0.00604839 -0.00978024 -0.0069375 -0.00170282 -0.00380214 0.000114894 -0.000497727 -0.00206145 -0.00197679 -0.00110408 -0.00149008 -0.00418142 -0.00106267 -0.00263767
internal_weight=2800 2749 1034 991 759 248 194 1715 1055 90 121 81 511 184 232 327 176 137 965 829 110 719 293
internal_count=2800 2749 1034 991 759 248 194 1715 1055 90 121 81 511 184 232 327 176 137 965 829 110 719 293
is_linear=0
shrinkage=0.045


Tree=26
num_leaves=24
num_cat=2
split_feature=5 10 34 4 24 23 21 5 34 18 3 21 18 18 3 12 5 0 9 0 2 3 35
split_gain=1.3399 1.02298 1.13895 0.889071 0.799456 2.31276 0.79274 2.37554 0.735589 0.731218 0.485843 0.72579 0.824278 0.667119 1.0329 0.523598 0.473227 0.48004 0.379061 0.377559 0.364084 0.422329 0.33496
threshold=0.9140108091064485 0.063889709279473697 0.00050135369434842431 0.63251528501462895 4.0050844471372873 4.2132908792591719 0 0.50659533192084216 0.00033938784616221671 6.5000000000000009 0.13240531789753177 1 7.5000000000000009 17.500000000000004 0.23408742101475524 0.10675000000000003 0.49346678636932706 11.528606001430575 0.13246174628754123 8.9344603800065308 10.181629916766795 -0.10034407462646176 0.0013437060419452791
decision_type=10 10 10 8 8 10 1 10 8 2 10 1 2 2 10 2 10 10 10 10 8 10 8
left_child=1 3 -3 6 20 -6 7 9 -7 -1 15 -12 -13 14 -14 19 17 18 -15 -8 -5 -22 -21
right_child=-2 2 -4 4 5 8 10 -9 -10 -11 11 12 13 16 -16 -17 -18 -19 -20 22 21 -23 -24
leaf_value=-0.013260552767570405 -0.04396283882711452 -0.0014415104670255879 -0.021640930395543965 -0.0058318621051093381 -0.048868786860147201 -0.0054923631382564229 0.0017300513536795672 -0.018268698781814419 -0.0002749802641220809 0.00016685060770871244 0.00012770184919910137 0.0013927522515428867 -0.011951887600961802 0.0004685713579570159 -0.0051284733384645937 -0.0082185482071376777 -0.0042514663855813496 0.0015059293850845955 -0.0049597295349608642 0.00031959125642436333 0.0022174017784851933 -0.0048308021282501409 -0.0018014416511113562
leaf_weight=48 51 58 45 53 44 40 136 52 92 148 294 83 51 45 57 61 44 69 80 434 75 49 684
leaf_count=48 51 58 45 53 44 40 136 52 92 148 294 83 51 45 57 61 44 69 80 434 75 49 684
internal_value=-0.00167945 -0.00153934 -0.00587972 -0.00136346 -0.00345716 -0.00558101 -0.00103604 -0.00337931 -0.00246667 -0.00117588 -0.000726231 -0.00166426 -0.00280486 -0.00382951 -0.00672973 -0.000213391 -0.00244606 -0.00143909 -0.00307617 -1.07398e-05 -0.0012875 7.08662e-05 -0.000285013
internal_weight=2793 2742 103 2639 353 176 2286 248 132 196 2038 723 429 346 108 1315 238 194 125 1254 177 124 1118
internal_count=2793 2742 103 2639 353 176 2286 248 132 196 2038 723 429 346 108 1315 238 194 125 1254 177 124 1118
cat_boundaries=0 1 2
cat_threshold=32 153
is_linear=0
shrinkage=0.045


Tree=27
num_leaves=24
num_cat=0
split_feature=30 5 7 31 33 16 26 2 1 33 1 10 4 6 10 8 1 4 5 26 9 7 19
split_gain=1.46076 1.50172 2.73818 2.29419 2.67602 1.0803 0.620732 0.548255 0.727699 0.938352 1.14954 0.703691 0.559477 0.652405 0.879441 0.55337 0.536716 0.627929 0.856203 1.21858 1.23042 0.737972 0.614614
threshold=1.5000000000000002 0.71027824316903299 0.041285677469552258 0.0012032071308503056 0.0084042792824100508 1.0000000180025095e-35 0.51491722560127162 10.466922656877815 10.188261899752685 0.0076314784917047504 10.314839920857297 0.012667707595721613 -0.074899861242344365 0.17684680484004467 0.024321287900202219 10.565970060424535 10.057598073874768 0.087535292839094933 0.23553902951304703 4.0926964426560621 0.29953816944745609 0.010804985364303412 0.79195000000000015
decision_type=2 10 10 10 10 2 10 10 10 8 10 8 8 8 10 8 8 8 8 10 10 8 2
left_child=-1 6 3 -3 5 -5 -2 8 16 10 -10 -12 -9 14 -14 -15 17 22 -19 20 -20 -22 -8
right_child=1 2 -4 4 -6 -7 7 12 9 -11 11 -13 13 15 -16 -17 -18 18 19 -21 21 -23 -24
leaf_value=-0.063753840381625404 0.00082211691067513666 0.00039833310210017078 -0.040899088923632039 -0.0070048768154139561 0.0025584903152514379 -0.040897499562354854 1.5260038833771607e-05 0.00054509772937719441 -0.018230751672487118 0.00095557662955543792 -0.0067240282265458558 -0.0026986166050629781 -0.0026867009803920299 -0.0061065893467853148 -0.0085500148980475078 8.7577235974524458e-05 0.00058243967449364 0.0010473420603596835 -0.0054144036637395329 -0.0091277213165143443 -0.0089916339036105169 0.0023213592043083626 -0.0053094466342959792
leaf_weight=43 106 184 43 41 48 42 374 264 62 40 57 94 215 59 49 581 152 72 82 40 51 83 62
leaf_count=43 106 184 43 41 48 42 374 264 62 40 57 94 215 59 49 581 152 72 82 40 51 83 62
internal_value=-0.00167229 -0.00153985 -0.00425069 -0.00272406 -0.00720336 -0.0119564 -0.00113788 -0.00129135 -0.00197931 -0.00410449 -0.00528125 -0.00305357 -0.000599488 -0.0011312 -0.003 -0.000349922 -0.00138085 -0.00186571 -0.00334441 -0.00455212 -0.00312329 -0.000427007 -0.000738041
internal_weight=2844 2801 358 315 131 83 2443 2337 1169 253 213 151 1168 904 264 640 916 764 328 256 216 134 436
internal_count=2844 2801 358 315 131 83 2443 2337 1169 253 213 151 1168 904 264 640 916 764 328 256 216 134 436
is_linear=0
shrinkage=0.045


Tree=28
num_leaves=24
num_cat=1
split_feature=5 27 12 5 21 18 4 32 1 7 18 3 3 4 25 28 16 3 4 18 1 1 35
split_gain=1.51945 2.46709 1.37664 0.687678 0.986237 1.30036 1.00132 0.943123 0.597935 0.573326 0.430545 0.579356 0.375846 0.357113 0.413956 1.30935 0.389631 0.553984 0.851967 0.345115 0.645497 0.336182 0.300179
threshold=0.83883000246415396 3.3685967068318505 0.19875000000000001 0.64052993918732648 0 6.5000000000000009 -0.24794102027232948 0.0003121830610270815 10.631817470046977 0.020866214522028897 22.500000000000004 -0.17955579797487359 0.18827989694628069 0.1170348783926483 5.3585639079553529 3.388773922896656 1.0000000180025095e-35 0.037723319331596387 0.18125509845477461 20.500000000000004 10.764490378527531 10.670547770431522 0.0011479976365332261
decision_type=10 10 2 8 1 2 10 10 8 10 2 10 10 8 10 10 2 8 10 2 8 8 10
left_child=2 9 3 13 5 -5 19 -7 -9 -2 -8 -12 -13 22 15 16 21 -18 -19 20 -6 -15 -1
right_child=1 -3 -4 4 6 7 10 8 -10 -11 11 12 -14 14 -16 -17 17 18 -20 -21 -22 -23 -24
leaf_value=0.00051181590078967787 0.0082143333684875849 -0.028871429632294967 -0.0096722492566837862 -0.017046513763426804 -0.011682494597289112 0.0013758180949529461 0.0011193923351967752 -0.017518032875511944 -0.0055858557314454708 -0.018481045697592027 -0.0065275001428702524 0.00074455657006162633 -0.0022491444742678518 0.0013083542145521626 0.00020906931379931757 -0.0065572423777829304 0.00049054586988820552 -0.010727798487036713 -0.00078088167982955656 -0.0030637107370780205 -0.0066270184128473025 -0.0050268523352745538 -0.0024246391369616826
leaf_weight=376 47 52 75 59 43 80 269 57 55 42 41 87 60 167 197 58 45 45 56 78 43 89 714
leaf_count=376 47 52 75 59 43 80 269 57 55 42 41 87 60 167 197 58 45 45 56 78 43 89 714
internal_value=-0.00141517 -0.00592187 -0.00117297 -0.000996281 -0.00202629 -0.00433807 -0.000990142 -0.00263077 -0.00524348 -0.00124728 8.31522e-05 -0.00155497 -0.000195 -0.000479571 -0.00130568 -0.00204104 -0.0011 -0.00292953 -0.00473798 -0.00398802 -0.00591573 -3.4749e-05 2.05856e-05
internal_weight=2835 141 2694 2619 872 251 621 192 112 89 457 188 147 1747 657 460 402 146 101 164 86 256 1090
internal_count=2835 141 2694 2619 872 251 621 192 112 89 457 188 147 1747 657 460 402 146 101 164 86 256 1090
cat_boundaries=0 1
cat_threshold=43
is_linear=0
shrinkage=0.045


Tree=29
num_leaves=24
num_cat=0
split_feature=5 32 4 10 34 24 19 15 26 18 25 34 1 18 34 10 31 34 7 10 6 4 4
split_gain=1.37925 2.12457 1.2271 1.12981 0.962013 0.83529 0.587667 0.634522 0.749423 0.583655 0.576985 1.0074 0.778696 0.594136 0.557931 0.636467 0.536908 0.471483 0.483559 0.852247 0.43368 0.411454 0.344219
threshold=0.72597996884305271 0.00064555117737047818 0.1170348783926483 0.031750946628247116 0.00045795408313552196 1.0000000180025095e-35 0.63495000000000013 2.5000000000000004 4.0926964426560621 16.500000000000004 5.3585639079553529 0.0013414872607541576 8.5917632301940401 35.500000000000007 0.00012066233532717308 -0.026178660127708333 0.010635273809137728 0.0008522069541968449 0.019235487588208328 -0.00079628312931043211 0.055450362889944281 0.16030212404269564 -0.010007759013486651
decision_type=10 10 8 8 8 10 2 2 10 2 8 10 10 2 10 8 10 10 8 10 10 8 10
left_child=2 3 6 -2 -5 -4 7 9 -9 22 11 12 -7 14 21 -16 20 18 19 -17 -8 -14 -1
right_child=1 -3 5 4 -6 10 16 8 -10 -11 -12 -13 13 -15 15 17 -18 -19 -20 -21 -22 -23 -24
leaf_value=-0.0038167081381390269 0.00026112146727632398 -0.025519487332175878 -0.063135693211218008 -0.0019557435682406995 -0.017264022956718281 0.0016280940717194612 -0.0022343120944248052 -0.00034199603155727319 -0.0060737897237161838 0.0014231551354604828 -0.0002109480781170163 -0.020118158303279478 -0.0018296333727149412 -0.0051865097990848328 0.0010908892157561968 -0.010550940873953356 -0.0055596179361146842 0.0012021249735787386 -0.0063326715865366567 -0.0060898153875832538 0.00048368533169379122 0.00035028741082928272 -0.0073480223174949124
leaf_weight=72 149 54 40 51 58 77 85 63 68 158 289 77 47 44 47 45 47 40 106 42 921 194 42
leaf_count=72 149 54 40 51 58 77 85 63 68 158 289 77 47 44 47 45 47 40 106 42 921 194 42
internal_value=-0.00139198 -0.0042 -0.00103749 -0.00243103 -0.00584598 -0.00220932 -0.000191227 -0.00164594 -0.00418097 -0.000392727 -0.00194065 -0.00262084 -0.00201628 -0.00259463 -0.00214265 -0.00349823 0.000368608 -0.00445233 -0.00536097 -0.007825 0.000593162 -0.000544057 -0.00280769
internal_weight=2816 312 2504 258 109 1048 1456 403 131 272 1008 719 642 565 521 280 1053 233 193 87 1006 241 114
internal_count=2816 312 2504 258 109 1048 1456 403 131 272 1008 719 642 565 521 280 1053 233 193 87 1006 241 114
is_linear=0
shrinkage=0.045


Tree=30
num_leaves=24
num_cat=0
split_feature=10 34 4 32 33 8 7 24 23 32 4 34 18 18 10 8 10 23 34 33 32 9 33
split_gain=1.0212 1.40859 0.781333 0.805372 0.721422 0.586404 0.593352 0.540563 0.942698 0.393826 0.623558 1.00939 0.808319 0.899097 0.51777 0.425111 0.343485 0.414079 0.514561 0.413264 0.577014 1.05013 0.351674
threshold=0.063889709279473697 0.00071807633197167172 0.63251528501462895 1.8798011685110963e-05 0.00014953733058013118 7.6446101579004999 0.018558116252456354 5.2890052108639818 5.633317469522102 0.00021238038694235446 0.13738884605579238 0.0008522069541968449 29.500000000000004 20.500000000000004 -1.0000000180025095e-35 9.684756398349279 0.011120629516356772 4.1804476876303385 0.0013414872607541576 0.0079349255531901888 0.00099146448247474967 0.26209619667089129 0.0028706829243908424
decision_type=10 10 8 8 8 8 10 8 10 8 10 8 2 2 10 8 10 10 8 10 8 10 10
left_child=2 -2 3 -1 -5 6 -6 -4 -9 15 16 12 13 14 -12 -7 19 -18 -19 20 22 -22 -11
right_child=1 -3 7 4 5 9 -8 8 -10 10 11 -13 -14 -15 -16 -17 17 18 -20 -21 21 -23 -24
leaf_value=0.0011063742947697677 -0.0017510878323781565 -0.022336169752066332 -0.0047869933422127718 -0.0069130184551486539 -0.0013305262518740579 -0.0015014848453034817 -0.028395740658538948 -0.041834367791516655 -0.0050278918239980049 -0.0023382787961803743 -0.010308011615853901 -0.00016175285297705483 -0.0006629203519418331 -0.0097764036189439355 0.00023168320801632465 0.0006913396356971965 -0.0050428725153655353 0.00054789837279535926 -0.0059910363568020722 0.002054908142331419 -0.00022268874162326266 -0.023489685612618497 0.0008329070091871348
leaf_weight=276 72 43 241 74 43 140 40 48 71 158 65 190 55 46 40 391 93 126 43 154 74 42 326
leaf_count=276 72 43 241 74 43 140 40 48 71 158 65 190 55 46 40 391 93 126 43 154 74 42 326
internal_value=-0.00133155 -0.00543432 -0.00115334 -0.000854981 -0.00115549 -0.000991375 -0.00463081 -0.00309917 -0.00555123 -0.000829008 -0.0012212 -0.00272932 -0.00488756 -0.00656006 -0.0040625 0.000214888 -0.000627085 -0.00202075 -0.000667151 -0.000136724 -0.000671642 -0.00347899 1.84806e-05
internal_weight=2851 115 2736 2376 2100 2026 83 360 119 1943 1412 396 206 151 105 531 1016 262 169 754 600 116 484
internal_count=2851 115 2736 2376 2100 2026 83 360 119 1943 1412 396 206 151 105 531 1016 262 169 754 600 116 484
is_linear=0
shrinkage=0.045


Tree=31
num_leaves=24
num_cat=0
split_feature=5 32 0 33 25 28 33 2 18 33 19 35 15 2 35 0 6 32 33 5 31 2 34
split_gain=0.858923 1.21277 1.59644 0.892423 0.812674 0.51245 0.593861 0.653127 0.588944 0.676035 0.457076 0.434542 0.397118 0.308379 0.301016 0.28947 0.231972 0.261627 0.656275 0.501077 0.555085 0.801648 0.414959
threshold=0.64052993918732648 0.0005935642028982185 10.980079472884023 0.0068141891556219051 4.0467916317515682 1.2521667408295571 0.0048075653463207817 11.894627854934575 5.5000000000000009 0.0016586280426898299 0.68305000000000016 0.013488449967583475 1.5000000000000002 10.202303824407847 0.0021575973285664651 10.890481586527526 0.4231397547624916 0.00020578590157300985 0.0035696061592216137 0.19367745732536137 0.0021816788554641264 10.090914250625504 0.0003961943469954654
decision_type=8 8 10 10 10 10 10 10 2 8 2 8 2 10 8 8 10 10 8 10 10 8 8
left_child=11 5 3 4 -3 15 7 8 -7 -10 12 16 -11 -14 -8 -2 17 -1 19 -19 -21 -22 -20
right_child=1 2 -4 -5 -6 6 14 -9 9 10 -12 -13 13 -15 -16 -17 -18 18 22 20 21 -23 -24
leaf_value=0.00032331555681844429 0.0025276152413338999 -0.027224382959627522 -0.021133026815737654 0.0012845297144588388 -0.0032505661726840115 -0.010946475319746419 0.0028399700916295419 0.00029934978861795693 0.0043453796703949426 -0.0089998347698196628 -0.012156264338909354 -0.035867168050079258 -0.0055109595717812068 0.0046747984568323948 -0.0028135108273117915 -0.0020769968382538355 0.0027752755606682946 0.00039763019553232996 -0.0052984980761465105 -0.0027456931296756678 -0.013388256120513115 -0.0019680828153511932 0.00050276619193153824
leaf_weight=691 148 53 64 101 43 44 93 100 44 44 73 64 40 45 67 53 77 106 53 184 57 73 538
leaf_count=691 148 53 64 101 43 44 93 100 44 44 73 64 40 45 67 53 77 106 53 184 57 73 538
internal_value=-0.000917162 -0.00196847 -0.00459375 -0.00250875 -0.00554545 -0.00104145 -0.00174955 -0.00269084 -0.0037628 -0.00283735 -0.00392927 -0.000337622 -0.00223295 -0.000383523 0.000552147 0.000893382 -0.000203283 -0.000314076 -0.000774408 -0.00212766 -0.00302366 -0.00524436 0.000193182
internal_weight=2855 1012 261 197 96 751 550 390 290 246 202 1843 129 85 160 201 1779 1702 1011 420 314 130 591
internal_count=2855 1012 261 197 96 751 550 390 290 246 202 1843 129 85 160 201 1779 1702 1011 420 314 130 591
is_linear=0
shrinkage=0.045


Tree=32
num_leaves=24
num_cat=0
split_feature=32 23 27 4 19 8 34 9 8 7 7 4 10 10 32 2 7 9 24 28 34 9 6
split_gain=0.987596 1.59128 1.29766 0.697479 0.816646 0.80977 0.631784 0.732103 0.853597 0.894595 0.793818 1.05652 0.848953 0.553119 0.733327 0.753073 0.66181 0.398334 0.318705 0.675942 0.526712 1.27138 1.34139
threshold=0.0017799266968804787 5.5928857258285847 5.3555195193355223 0.1170348783926483 0.79630000000000012 7.6446101579004999 0.0024165680923226786 0.17461915874115017 9.5447176367806623 0.0041044019504139781 0.0090907070381280927 0.32678200511009808 -0.024614966902761489 0.02736824054254099 0.00010906598192735651 9.600794030924634 0.03603172470973965 0.2652689672218117 3.8423362898679314 2.3772546662969822 0.00022323676490904179 0.31762685279456038 0.19416231553392618
decision_type=8 10 8 8 2 8 8 8 10 10 10 10 10 8 10 10 8 10 10 10 10 8 10
left_child=3 2 17 5 6 -1 7 -5 13 -10 -11 12 -12 -9 -15 16 -16 -2 -7 -20 21 -21 -23
right_child=1 -3 -4 4 -6 18 -8 8 9 10 11 -13 -14 14 15 -17 -18 -19 19 20 -22 22 -24
leaf_value=-0.026984809599420272 0.0019120793223726864 0.00076864741278873593 -0.039152026233915324 0.00062265076369307784 0.0012764170950639083 0.0005380933502728137 0.0021017443627178753 0.00098455610362677571 0.0017507425334600739 -0.0068503962413286384 -0.0050796114029295061 0.0007312198553213647 -0.0079717068369374276 0.0015808449180662056 -0.0090620069584405449 -0.0049600221075387068 -0.0058126949177719255 -0.018706412142018503 -0.0067949198599054307 0.0015857081911973725 0.00031594553757515403 -0.012277423642871016 0.00071113291354054492
leaf_weight=79 43 118 59 118 174 669 61 109 50 43 63 45 76 84 40 92 40 42 43 76 584 51 53
leaf_count=79 43 118 59 118 174 669 61 109 50 43 63 45 76 84 40 92 40 42 43 76 584 51 53
internal_value=-0.00093357 -0.00354906 -0.00667347 -0.000660987 -0.00158943 -6.49871e-05 -0.00218174 -0.00253604 -0.00313256 -0.00500625 -0.00619239 -0.00476471 -0.00667077 -0.00168139 -0.00281467 -0.00447429 -0.00759036 -0.00294034 0.000176471 -0.000425 -0.000105606 -0.00221311 -0.00538318
internal_weight=2812 262 144 2550 995 1555 821 760 642 277 227 184 139 365 256 172 80 85 1476 807 764 180 104
internal_count=2812 262 144 2550 995 1555 821 760 642 277 227 184 139 365 256 172 80 85 1476 807 764 180 104
is_linear=0
shrinkage=0.045


Tree=33
num_leaves=24
num_cat=1
split_feature=27 28 8 12 21 3 15 8 4 33 2 35 4 1 1 4 30 18 16 32 16 19 18
split_gain=0.86855 0.510684 0.538302 0.615753 0.691821 0.919079 0.884641 1.01171 0.876177 1.02381 0.589578 0.900577 0.431185 0.34836 0.617388 0.604288 0.606335 0.347848 0.296168 0.288941 0.219698 0.307387 0.568203
threshold=1.0000000180025095e-35 0.40554733828722073 7.3159249702246925 0.19875000000000001 0 0.054997689378550506 2.5000000000000004 9.2068461846300149 0.18780302064090873 0.0028706829243908424 13.797859800112727 0.0016695443201287109 0.1096799962124692 9.0132139684627006 10.42469429720464 0.32678200511009808 7.5000000000000009 16.500000000000004 4.5000000000000009 0.0021082611004772222 -1.0000000180025095e-35 0.76485000000000014 13.500000000000002
decision_type=10 10 8 2 1 10 2 10 8 10 8 10 8 8 8 10 2 2 2 8 2 2 2
left_child=-1 -2 -3 4 5 6 -4 -8 9 -7 12 -12 18 -14 15 16 17 -15 19 -6 -16 -22 -23
right_child=1 2 3 -5 10 8 7 -9 -10 -11 11 -13 13 14 20 -17 -18 -19 -20 -21 21 22 -24
leaf_value=-0.049729187873521007 0.00050517143761026368 -0.040323251874916019 0.00055873248431250453 -0.0068418839069025288 0.00058154105351362949 -0.015388447391273855 -0.017760668559472476 -0.00081649666169266355 -0.0016181576775144938 -0.012025038036891131 -0.0066078075940661117 0.0011570061462113435 0.00092120611233858878 -0.013401467938909693 0.0012261023644655803 0.000434471837502925 -0.0010276674494446296 -0.0045421507421713843 -0.0028107055518493389 -0.0046363135446253661 8.0931580439381402e-05 0.001163586704181906 -0.006468088012476384
leaf_weight=41 255 51 186 66 997 52 40 55 60 46 68 73 62 43 131 46 58 62 80 56 199 47 43
leaf_count=41 255 51 186 66 997 52 40 55 60 46 68 73 62 43 131 46 58 62 80 56 199 47 43
internal_value=-0.000832181 -0.000731918 -0.000926208 -0.000827942 -0.000706689 -0.0022948 -0.000784331 -0.00424745 -0.00505901 -0.00761881 -0.000335566 -0.00310937 -0.000118227 -0.0010018 -0.00132081 -0.00330071 -0.00456777 -0.0065625 0.000421875 0.00062429 -0.000319149 -0.00100942 -0.00314516
internal_weight=2817 2776 2521 2470 2404 439 281 95 158 98 1965 141 1824 691 629 209 163 105 1133 1053 420 289 90
internal_count=2817 2776 2521 2470 2404 439 281 95 158 98 1965 141 1824 691 629 209 163 105 1133 1053 420 289 90
cat_boundaries=0 1
cat_threshold=34
is_linear=0
shrinkage=0.045


Tree=34
num_leaves=24
num_cat=1
split_feature=24 5 2 8 21 5 10 34 4 5 4 33 16 3 7 6 18 6 16 24 7 1 6
split_gain=1.18702 0.853548 1.63308 0.564316 0.639241 0.975467 0.533662 0.471942 0.751187 0.644788 0.572424 0.583296 0.455172 0.455071 0.546092 0.44132 0.435569 0.81997 0.491118 0.363445 0.307376 0.26949 0.238372
threshold=1.0000000180025095e-35 0.88179025123519905 10.314060585308164 8.6385059419144721 0 0.72597996884305271 -0.042044004593402247 0.00071807633197167172 0.1170348783926483 0.44174182738622197 0.14273210224329283 0.0027913565134713319 4.5000000000000009 -0.193779671311857 0.025074335104256298 0.051994828320954055 9.5000000000000018 0.30107754276434817 1.0000000180025095e-35 5.2467185674618841 0.01018764925613912 9.6091665160487754 0.44099525954687396
decision_type=10 10 8 8 1 10 8 8 8 10 8 10 2 8 10 8 2 8 2 10 10 8 8
left_child=-1 3 -3 -2 7 6 -6 8 15 10 -10 20 13 -8 16 -5 17 -15 -18 -20 -12 -17 -23
right_child=1 2 -4 4 5 -7 12 -9 9 -11 11 -13 -14 14 -16 21 18 -19 19 -21 -22 22 -24
leaf_value=-0.053099230121259035 0.00067025638953772211 0.0026248322410261714 -0.040077224944469435 -0.001961354189493295 0.0016248723334335907 -0.014416240675652101 -0.0051524088341656947 0.00081884380023804042 -0.0031541255237946884 -0.0033502071270592238 -0.0012624376507566239 -0.0070617119830736989 -0.012802436260624089 -0.0012822467868996009 0.00073390758447795931 -0.0026680274592611212 0.0003277732202654412 -0.013038598400442535 -0.0051680859285378458 9.4874253930294936e-05 0.00093974086841124667 0.0010411238660006084 -0.0032093415300454174
leaf_weight=41 317 46 47 53 82 75 69 473 41 75 104 59 49 71 211 79 246 76 70 41 110 366 81
leaf_count=41 317 46 47 53 82 75 69 473 41 75 104 59 49 71 211 79 246 76 70 41 110 366 81
internal_value=-0.000793934 -0.000679589 -0.00485156 -0.000533261 -0.000766331 -0.00163759 -0.00123775 -0.000153198 -0.000722966 -0.00224426 -0.00132019 -0.000546196 -0.00157984 -0.00130368 -0.00095578 0.000305412 -0.0017574 -0.003795 -0.00089375 -0.00333553 0.000559908 0.000706049 0.001135
internal_weight=2882 2841 93 2748 2431 990 915 1441 968 389 314 273 833 784 715 579 504 147 357 111 214 526 447
internal_count=2882 2841 93 2748 2431 990 915 1441 968 389 314 273 833 784 715 579 504 147 357 111 214 526 447
cat_boundaries=0 1
cat_threshold=135
is_linear=0
shrinkage=0.045


Tree=35
num_leaves=24
num_cat=1
split_feature=24 5 7 7 26 21 5 12 33 34 6 4 3 33 33 26 33 33 19 4 34 34 26
split_gain=1.08054 1.04892 0.998509 0.461781 0.442571 0.47977 1.30178 0.512727 0.566955 0.993193 0.423706 0.405217 0.367796 0.327307 0.933744 0.303931 0.33392 0.419923 0.323216 0.287837 0.667233 0.691705 0.268505
threshold=inf 0.88179025123519905 0.017837050576126685 0.00033242110095414143 1.0994942303893798 0 0.51033630373862338 0.19875000000000001 0.00014953733058013118 8.7743276390666386e-06 0.16866286194388416 0.4957878864500565 0.40783151333904916 0.0023390726015882746 0.0028706829243908424 3.4195217798930169 0.0048075653463207817 0.0037071862186241456 0.79630000000000012 0.20204837908968457 0.00069873210399312745 0.00035035578243038584 4.1510280947355218
decision_type=8 10 10 10 10 1 10 2 8 8 10 8 10 10 10 10 8 10 2 10 10 8 10
left_child=1 3 -3 22 -5 6 -6 8 9 -7 11 13 19 -10 -15 -16 17 -17 -18 -12 21 -21 -1
right_child=-2 2 -4 4 5 7 -8 -9 10 -11 12 -13 -14 14 15 16 18 -19 -20 20 -22 -23 -24
leaf_value=-0.0021717561420883311 -0.050148979198980502 -0.00055184296549713415 -0.042026180141097047 0.00064612446013012702 -0.0021869235890545112 0.0016474171708365706 -0.01396695203401121 -0.0059279375180688546 0.00074239976897922874 -0.0069661192523528181 0.00088471237791543089 -0.0082687508321512299 -0.004657667865960665 -0.012702299717086854 0.0025118270625271301 -0.00067994877196770514 0.0015344172582702287 -0.012014175416272714 -0.00175787871168425 0.00079389792645766157 0.0018290631266997814 -0.007265321987645108 -0.0058087711769454929
leaf_weight=103 43 44 40 232 192 58 51 59 267 77 848 60 48 61 72 52 169 46 48 48 75 45 75
leaf_count=103 43 44 40 232 192 58 51 59 267 77 848 60 48 61 72 52 169 46 48 48 75 45 75
internal_value=-0.000836559 -0.000722142 -0.00558621 -0.000563964 -0.000405018 -0.000596314 -0.00243457 -0.000359604 -0.000234446 -0.0030163 -2.56514e-05 -0.000824229 0.000556701 -0.000517061 -0.00125721 -0.000421154 -0.00102594 -0.00316337 -3.06818e-05 0.000741904 -0.000947368 -0.00344531 -0.00275967
internal_weight=2813 2770 84 2686 2508 2276 243 2033 1974 135 1839 775 1064 715 448 387 315 98 217 1016 168 93 178
internal_count=2813 2770 84 2686 2508 2276 243 2033 1974 135 1839 775 1064 715 448 387 315 98 217 1016 168 93 178
cat_boundaries=0 1
cat_threshold=32
is_linear=0
shrinkage=0.045


Tree=36
num_leaves=24
num_cat=0
split_feature=5 1 30 4 5 28 28 2 33 32 35 31 2 4 32 10 3 2 1 3 19 32 1
split_gain=0.69528 2.09052 0.48423 0.47238 0.641894 0.479707 0.756083 0.783678 0.498053 0.594248 0.490952 0.480432 0.435628 0.530028 0.42735 0.326263 0.759215 0.374909 0.696506 0.298111 0.603173 0.756563 0.291563
threshold=0.7796254600444591 11.369371395539281 7.5000000000000009 0.12175636235639681 0.19367745732536137 3.7561750005370826 2.4156708846339421 10.090914250625504 0.0029741274312940331 0.00020578590157300985 0.0018204354529940067 0.00069720584901471444 9.1017913956469254 0.13060297218857941 0.00043300041912971331 0.011120629516356772 0.2511788762675829 10.952328748689293 11.555734108724154 -0.11084329429920768 0.68305000000000016 0.00062933467741193422 10.518881006801385
decision_type=10 8 2 8 8 10 8 8 8 10 10 10 10 10 10 10 10 10 10 8 2 8 10
left_child=3 2 -2 15 -5 6 8 -8 9 12 11 -9 -6 -14 -12 19 17 -17 -19 20 21 22 -1
right_child=1 -3 -4 4 5 -7 7 10 -10 -11 14 -13 13 -15 -16 16 -18 18 -20 -21 -22 -23 -24
leaf_value=0.0012170111236438595 0.0036629606428484228 -0.019150802595702902 -0.023689402588115145 0.001123198213585001 0.0012034394637723293 7.9241317261009967e-05 -0.015428867070771844 -0.023578002531509552 0.0031472930224423776 -0.0049481993831329589 0.0038277059649525339 -0.0073499349884851928 -0.0072995604690246057 4.8588650678673325e-05 -0.0042544010115596843 0.00093411245862828917 -0.00650416639917893 -0.0090657561553449326 0.00028929940670009469 0.00078925719993322299 0.00085258458883351546 -0.012452235487069934 -0.0033510802958632508
leaf_weight=49 102 67 54 190 68 250 67 50 82 45 59 59 56 110 45 224 63 45 94 780 199 52 55
leaf_count=49 102 67 54 190 68 250 67 50 82 45 59 59 56 110 45 224 63 45 94 780 199 52 55
internal_value=-0.000560931 -0.00295686 -5.66037e-05 -0.000355576 -0.00107726 -0.00158305 -0.00223253 -0.00397526 -0.000859203 -0.0017633 -0.00257292 -0.00464062 -0.000816456 -0.0020503 -0.000336449 0.000145301 -0.000912587 -0.000104508 -0.00191725 0.000543717 -0.000534218 -0.00260377 -0.000336449
internal_weight=2865 223 156 2642 1081 891 641 280 361 279 213 109 234 166 104 1561 426 363 139 1135 355 156 104
internal_count=2865 223 156 2642 1081 891 641 280 361 279 213 109 234 166 104 1561 426 363 139 1135 355 156 104
is_linear=0
shrinkage=0.045


Tree=37
num_leaves=24
num_cat=3
split_feature=27 10 35 32 21 5 19 27 32 22 21 26 5 23 15 2 23 2 2 2 34 10 30
split_gain=0.941245 0.643293 0.60669 0.894184 0.850766 1.10095 0.834044 0.680267 0.623621 0.558794 0.476992 0.567896 0.945812 0.680794 0.459446 0.426392 0.380989 0.807808 0.354073 0.606072 0.338172 0.291491 0.458331
threshold=1.0000000180025095e-35 0.021386095866747935 0.0065286925721714769 0.00034907114471642581 0 0.54247413984709625 0.47665000000000007 6.1279713068016681 0.00076600197426200678 1 2 4.6754352338994849 0.3153951970394786 5.1439896741291857 1.5000000000000002 10.678084861636348 4.2868027825995823 10.952328748689293 12.626971488458116 13.036236935637726 0.001784487445576454 -0.0066362851341243414 5.5000000000000009
decision_type=10 8 8 10 1 10 2 8 10 1 1 10 10 10 2 10 10 8 8 10 10 10 2
left_child=-1 10 3 9 7 6 -6 14 -8 16 18 21 15 -14 -5 -13 17 -3 -2 -20 -4 22 -12
right_child=1 2 20 4 5 -7 8 -9 -10 -11 11 12 13 -15 -16 -17 -18 -19 19 -21 -22 -23 -24
leaf_value=-0.049694303321346264 0.0013446465935730801 -0.0015027784936989894 0.0026875236090167435 -0.0033718824946323183 -0.017359226293163905 -0.012717460839404116 -0.01027057028670806 -0.0133754212655011 0.0022827613732184925 0.00025282053138394521 -0.0040148595614416258 -0.0026200389888818708 -0.0053016947357758422 -0.0049979582504572403 0.0015048439150026735 0.0013609390505267668 0.0015192046037350883 -0.0077709217096532182 -0.0050366792136719062 0.0016143365602157664 -0.0020019271115122562 0.00051120357692200269 0.00019476316406759646
leaf_weight=40 500 172 139 65 43 58 81 40 67 437 99 44 43 74 148 115 50 58 49 48 52 201 213
leaf_count=40 500 172 139 65 43 58 81 40 67 437 99 44 43 74 148 115 50 58 49 48 52 201 213
internal_value=-0.000716449 -0.000614148 -0.00128981 -0.00165896 -0.0031099 -0.00490363 -0.0033518 -0.00107425 -0.00166887 -0.000634375 7.45141e-05 -0.000648067 -0.00229032 -0.00530625 -7.29166e-05 -1.38888e-05 -0.00215017 -0.00299356 0.00102172 -0.0014175 0.00105541 0.000231105 -0.000628571
internal_weight=2836 2796 1410 1219 502 249 191 253 148 717 1386 789 276 117 213 159 280 230 597 97 191 513 312
internal_count=2836 2796 1410 1219 502 249 191 253 148 717 1386 789 276 117 213 159 280 230 597 97 191 513 312
cat_boundaries=0 1 2 3
cat_threshold=196 2 147
is_linear=0
shrinkage=0.045


Tree=38
num_leaves=24
num_cat=1
split_feature=10 24 26 24 25 32 33 9 10 32 2 32 9 10 32 10 32 8 25 9 28 25 21
split_gain=0.992787 0.565663 0.457651 0.429983 0.501863 0.390089 0.693365 0.71687 0.583384 0.505839 0.481108 0.404593 0.418881 0.392294 0.322923 0.637182 1.12353 0.575163 0.255402 0.279713 0.250127 0.569146 0.224627
threshold=0.093155811668094654 8.7334656020298258 1.4313290076423897 1.7183456757167661 1.782238110677514 0.00020578590157300985 0.0048075653463207817 0.74229626112328273 0.024321287900202219 3.7723955071885278e-05 13.797859800112727 0.00062933467741193422 0.67033974573282185 -0.035617512618382911 0.00037481147449925772 0.025588019391902809 0.00061236524044859227 8.1209499290179554 5.0547539178188048 0.40720964613413274 2.7551960636149047 4.7084092889235771 0
decision_type=10 8 10 10 10 8 10 10 10 10 8 8 10 8 10 8 10 10 10 8 10 10 1
left_child=1 2 -1 4 -4 8 7 13 10 -10 -5 -8 22 -7 18 20 17 -17 19 -15 -16 -22 -13
right_child=-2 -3 3 5 -6 6 11 -9 9 -11 -12 12 -14 14 15 16 -18 -19 -20 -21 21 -23 -24
leaf_value=0.00075650122031807403 -0.0090044439193487039 -0.042061469220834848 -0.0039830853580487885 0.00092775521878532335 -0.019219716142045731 -0.0060374002745745428 0.0021468072999156658 -0.021597041563216818 -0.0073514576816834706 0.00069183414556040531 -0.0027691724454931149 0.001342931608532802 -0.011177348053756201 -0.0048645860541293448 0.0011472917242076857 -0.0046167716896467325 0.000590696626360906 -0.0096187142399874314 0.0020841533708138215 0.00035796957600688387 -0.0054803388330571133 0.001353517600944732 -0.0025405621710836482
leaf_weight=331 48 56 62 513 42 72 222 40 40 62 50 311 66 78 72 55 93 71 83 150 40 62 212
leaf_count=331 48 56 62 513 42 72 222 40 40 62 50 311 66 78 72 55 93 71 83 150 40 62 212
internal_value=-0.000483504 -0.000369077 -0.00027445 -0.000491455 -0.00328037 -0.000360784 -0.000735736 -0.00165934 0.000555764 -0.00252857 0.001125 0.000196253 -0.000421875 -0.00134018 -0.00100566 -0.00185795 -0.00345608 -0.00617442 7.88217e-05 -0.000701299 0.000177966 -0.00124286 1.28328e-05
internal_weight=2831 2783 2727 2396 104 2292 1627 816 665 102 563 811 589 776 704 393 219 126 311 228 174 102 523
internal_count=2831 2783 2727 2396 104 2292 1627 816 665 102 563 811 589 776 704 393 219 126 311 228 174 102 523
cat_boundaries=0 1
cat_threshold=177
is_linear=0
shrinkage=0.045


Tree=39
num_leaves=24
num_cat=1
split_feature=10 32 23 2 10 10 9 32 5 6 35 32 34 5 0 10 29 5 21 10 10 18 0
split_gain=0.633042 0.614208 0.991558 1.589 0.402351 0.378485 0.575806 0.743147 0.372352 0.564466 0.324299 0.440764 0.726512 0.684504 0.621775 0.391971 0.287537 0.486099 0.253172 0.361421 0.634969 0.184369 0.178578
threshold=0.093155811668094654 0.0017799266968804787 5.4326399380052122 11.374278389255425 0.0013700619318466891 0.021386095866747935 0.75092262790976494 0.000288084255765722 0.1805983019152719 0.055450362889944281 0.0053935122509515951 0.00034251934850095027 0.0008522069541968449 0.43817022319889048 9.7819789620358559 0.033627001510658498 6.2814645742092265 0.27331690372394896 0 -0.015080716083445035 -0.026178660127708333 12.500000000000002 10.929584777276808
decision_type=10 8 10 8 10 8 10 10 8 8 8 10 10 10 10 8 10 10 1 10 10 2 8
left_child=1 5 3 -3 -4 16 8 -8 -7 -10 11 15 13 14 -13 -11 18 -18 19 20 21 -1 -17
right_child=-2 2 4 -5 -6 6 7 -9 9 10 -12 12 -14 -15 -16 22 17 -19 -20 -21 -22 -23 -24
leaf_value=-0.0013666105236309074 -0.0096769689685964853 -0.0027318733525465706 0.0033531793377203 -0.041290274239541049 -0.0025930636388504453 0.0011028625513462803 -7.7150039203578553e-05 -0.025113144460877517 -0.003579343936072473 -0.0047233277144971388 0.0025080563504164747 -0.01147070359678681 0.00077939674312829351 -0.011839308673466713 0.0029951895110099289 0.00098675867991668471 0.0014686592159509192 -0.0048776519240527529 0.00092909346756066323 0.00039569948222541141 -0.0077669781128517123 0.00069440106121235754 -0.0003565404117270204
leaf_weight=47 44 73 85 52 40 134 55 47 45 54 116 65 127 64 100 256 42 72 732 224 47 104 222
leaf_count=47 44 73 85 52 40 134 55 47 45 54 116 65 127 64 100 256 42 72 732 224 47 104 222
internal_value=-0.000373421 -0.000286262 -0.00240119 -0.00518555 0.000439453 -7.65844e-05 -0.000620147 -0.00381429 -0.000335793 -0.000622386 -0.000393247 -0.000686869 -0.00190529 -0.00340409 -0.00180804 0.000134579 0.00047443 -0.00165385 0.000688418 -0.000196552 -0.00158955 -0.000131493 0.000551975
internal_weight=2847 2803 250 125 125 2553 1285 102 1183 1049 1004 888 356 229 165 532 1268 114 1154 422 198 151 478
internal_count=2847 2803 250 125 125 2553 1285 102 1183 1049 1004 888 356 229 165 532 1268 114 1154 422 198 151 478
cat_boundaries=0 1
cat_threshold=12
is_linear=0
shrinkage=0.045


Tree=40
num_leaves=24
num_cat=2
split_feature=12 34 0 1 32 21 5 5 6 2 23 3 21 30 10 7 7 33 10 3 7 1 19
split_gain=0.67175 0.884942 0.748322 0.735361 0.690631 0.775078 1.36904 0.592304 0.60633 1.47798 0.496141 0.489825 0.450104 0.678013 0.553858 0.554172 0.378268 0.345729 0.702367 0.297845 0.408998 0.294727 0.225159
threshold=0.086200000000000013 0.00028866437307769791 14.044754594669492 10.42469429720464 0.00022210267942279811 0 0.7796254600444591 0.26298262994707117 0.16866286194388416 10.899927549761609 3.9302302310841339 0.32709399748404905 1 7.5000000000000009 0.018944376486428868 0.029158035892068317 0.014887246978587529 0.0035696061592216137 0.021386095866747935 0.032192293518011734 0.010526387596488261 11.64353385926036 0.64275000000000015
decision_type=2 8 8 10 8 1 10 8 8 10 8 10 1 2 10 10 10 8 8 10 10 10 2
left_child=2 -2 4 -4 -1 17 7 11 9 10 -9 22 19 14 15 16 -14 18 -6 -10 -21 -5 -7
right_child=1 -3 3 21 5 6 -8 8 12 -11 -12 -13 13 -15 -16 -17 -18 -19 -20 20 -22 -23 -24
leaf_value=0.00039278230718623505 0.00073384807636160438 -0.017262346653038305 -0.016051096074723176 0.0039140744034311808 0.0019354958621649481 -0.002689002730259057 -0.028823482982023439 -0.012344162035748089 0.0025481699201734672 -0.010494571912556948 0.0031925265058251324 -0.001329013961188607 -0.0051694342113381229 0.00086725706101179769 0.0012876979851492998 -0.0021396700276129065 -0.016528230734009851 0.0017445451894275738 -0.0039565621867744018 -0.0044669638431433425 0.0005078860001499234 -0.0037045513741676812 0.0010443195517334546
leaf_weight=985 66 71 75 43 69 60 60 65 107 46 47 41 69 99 51 46 47 331 44 47 76 52 270
leaf_count=985 66 71 75 43 69 60 60 65 107 46 47 41 69 99 51 46 47 331 44 47 76 52 270
internal_value=-0.000543293 -0.00358393 -0.000386937 -0.00325144 -0.000193133 -0.000777091 -0.00139445 -0.00102444 -0.00179232 -0.0042205 -0.00133043 0.000427139 -0.00106514 -0.00213231 -0.00361458 -0.00488182 -0.0065042 0.00080744 -0.00129957 0.000462963 -0.00101786 -0.00057398 0.00101351
internal_weight=2867 137 2730 170 2560 1575 1131 1071 700 158 112 371 542 312 213 162 116 444 113 230 123 95 330
internal_count=2867 137 2730 170 2560 1575 1131 1071 700 158 112 371 542 312 213 162 116 444 113 230 123 95 330
cat_boundaries=0 1 2
cat_threshold=129 68
is_linear=0
shrinkage=0.045


Tree=41
num_leaves=24
num_cat=1
split_feature=24 10 21 5 32 0 4 4 5 5 23 28 28 31 15 0 27 4 3 26 6 32 32
split_gain=1.32278 0.817445 0.433252 0.508521 0.539495 0.658978 1.24436 1.31286 0.900737 0.549387 1.0616 0.488393 0.587215 0.358834 0.368746 0.496409 0.255392 0.302791 0.296876 0.254109 0.21969 0.240277 0.181615
threshold=inf 0.093155811668094654 0 0.22329590721980594 0.00019896152143387673 11.180786960685488 0.0070733475074267384 0.076878187261086972 0.47798588731940245 0.32426228444652122 4.2132908792591719 2.1902193879876575 2.7199411377156291 0.00054450979419257302 1.5000000000000002 12.166660436599768 3.9183973537580874 0.15331315311583119 0.10871676335244244 6.5778145450410062 0.35047600486392194 2.0148006101959769e-05 0.001691827219036346
decision_type=8 10 1 8 8 10 10 10 10 10 10 10 10 10 2 8 10 10 10 10 8 10 10
left_child=1 2 19 22 13 9 -7 -8 -9 10 11 -6 -13 14 -5 20 -11 18 -18 -1 21 -16 -4
right_child=-2 -3 3 4 5 6 7 8 -10 16 -12 12 -14 -15 15 -17 17 -19 -20 -21 -22 -23 -24
leaf_value=0.0013774861520408242 -0.041459334133484405 -0.010142822413805918 0.00046380649653463235 0.0018188968347438068 -0.0019039574268383604 0.00024700989390760719 -0.012208476350658016 0.00041711272402204162 -0.006646451064950769 0.0011212050176072691 0.0007814537728650623 -0.015081869015937201 -0.004607866151552972 0.00097629799100313057 0.00049446206181714318 -0.0073513576397133051 0.00072733207317281061 -0.0051141154940433 -0.0023790672646861505 -0.0020377152140045188 0.0013564473780671108 -0.0048276606412986818 -0.0013184231055824577
leaf_weight=625 42 40 439 124 68 79 40 74 40 215 142 49 44 207 78 70 106 40 41 69 53 65 80
leaf_count=625 42 40 439 124 68 79 40 74 40 215 142 49 44 207 78 70 106 40 41 69 53 65 80
internal_value=-0.000246205 -0.000122537 -2.61722e-05 -0.000354862 -0.000768043 -0.00143943 -0.00349894 -0.00581847 -0.00319231 -0.000746822 -0.00218382 -0.00465091 -0.00672656 0.00028875 -0.000515267 -0.00145539 0.000344444 -0.000864474 0.000105 0.000935644 -0.000271357 -0.00118664 0.000857759
internal_weight=2830 2788 2748 2054 1535 938 233 154 114 705 303 161 93 597 390 266 402 187 147 694 196 143 519
internal_count=2830 2788 2748 2054 1535 938 233 154 114 705 303 161 93 597 390 266 402 187 147 694 196 143 519
cat_boundaries=0 1
cat_threshold=129
is_linear=0
shrinkage=0.045


Tree=42
num_leaves=24
num_cat=1
split_feature=27 32 33 5 31 10 30 21 9 34 23 4 4 6 35 31 9 30 2 4 34 9 33
split_gain=1.22252 0.406695 0.525564 1.2649 0.596988 0.526772 0.382746 0.356969 1.27912 0.39191 0.92465 0.350296 0.34941 0.268728 0.264028 0.43783 0.263587 0.246656 0.249611 0.229295 0.369021 0.262436 0.237427
threshold=1.0000000180025095e-35 0.00032943310080156839 0.0035696061592216137 0.54247413984709625 0.0035856661210179465 0.061065736686718018 7.5000000000000009 0 0.3652543963536154 0.0015103778941428019 4.5478609335648175 0.023802388095359523 0.27614848903058103 0.16261881508395223 0.0030138824518150301 0.0023870972625322112 0.27837696091346381 4.5000000000000009 8.8391534860352561 0.42934772952275618 2.3283814835354098e-05 0.59941108748878136 0.0027352728719670788
decision_type=10 10 10 10 10 10 2 1 10 10 10 8 8 10 8 10 8 2 8 8 10 10 8
left_child=-1 17 3 4 12 6 7 8 11 14 -11 -4 13 16 15 -9 -3 -2 -19 22 -21 -22 -20
right_child=1 2 5 -5 -6 -7 -8 9 -10 10 -12 -13 -14 -15 -16 -17 -18 18 19 20 21 -23 -24
leaf_value=-0.038752485747244769 0.0015894386117145715 0.0019071868631819523 -0.0080332081182415312 -0.011570900764300019 -0.0084947331075087857 -0.0067119065802898423 0.0012393354382236603 0.0016065114561754261 -0.0089795658999224665 0.0017599161472306908 -0.015945150103306598 0.0027228478071847327 -0.0045216076107908376 0.0018233248017224923 0.0012854783406296836 -0.0095018568994827152 -0.01028850264432799 0.00072376102066277104 -2.8583542890517305e-05 -0.0021016937089212082 0.00056128312625940721 -0.0027468706660594222 0.0015740782300005195
leaf_weight=45 269 44 65 47 43 43 330 44 50 59 61 95 55 134 215 40 44 114 725 41 85 40 149
leaf_count=45 269 44 65 47 43 43 330 44 50 59 61 95 55 134 215 40 44 114 725 41 85 40 149
internal_value=-0.000144982 -2.25402e-05 -0.000575619 -0.002025 -0.000975232 -4.02984e-05 0.000184771 -0.000466377 -0.00191704 0.000307292 -0.00182927 5.75934e-11 -0.000184821 0.00062 0.0011846 -0.000931034 -0.00128571 0.000509642 0.000221694 5.85046e-11 -0.00151775 -0.000263672 0.000292474
internal_weight=2837 2792 1369 367 320 1002 959 629 210 419 120 160 277 222 299 84 88 1423 1154 1040 166 125 874
internal_count=2837 2792 1369 367 320 1002 959 629 210 419 120 160 277 222 299 84 88 1423 1154 1040 166 125 874
cat_boundaries=0 1
cat_threshold=44
is_linear=0
shrinkage=0.045


Tree=43
num_leaves=24
num_cat=0
split_feature=32 23 2 32 10 28 7 6 6 0 5 3 7 0 0 9 9 34 10 18 2 5 27
split_gain=0.676658 0.917903 0.977616 0.747925 0.519137 0.432729 0.537443 0.490487 0.634581 0.485911 0.780291 0.812674 0.350581 0.368969 0.831247 0.34796 0.503976 0.526267 0.346587 0.332183 0.273251 0.270163 0.258877
threshold=0.001691827219036346 5.5928857258285847 9.5231381366112657 0.0025788203037898322 0.021386095866747935 0.40554733828722073 0.053018994401212848 0.25182608848724369 0.22939386886621008 10.480395062396768 0.42545518160357093 -0.10567980076096696 0.015091941633185677 10.222495965715416 9.5607254118988294 0.70889081559018863 0.080959000723672667 0.00038034393166476145 0.0013700619318466891 25.500000000000004 11.527460993281286 0.37142845059497515 2.6434298836637029
decision_type=8 10 8 8 8 10 10 10 10 8 10 10 10 10 10 10 10 8 10 2 10 10 10
left_child=4 2 -2 -4 12 -6 7 8 9 22 15 -12 13 14 19 16 17 20 -3 -1 -11 -16 -7
right_child=1 18 3 -5 5 6 -8 -9 -10 10 11 -13 -14 -15 21 -17 -18 -19 -20 -21 -22 -23 -24
leaf_value=0.0023211067872600825 0.0022988481866092567 0.0043870232911686876 -0.017738294321448536 -0.019105093255538018 0.0011997746710266217 0.0017930668388116049 -0.018066821194260851 0.0008275523800333087 -0.0052739855492990317 -0.0052781551908752484 -0.0014422258329824997 -0.012564361439053604 0.00090961774526399444 0.0005847056321423513 -0.004864651078289174 -0.0078307742628941183 0.0013026363243979402 0.0021682832844180664 -0.002177147757333396 -0.0014169489750679614 -0.0030913733525349454 -9.793058687705755e-05 -0.00078343764785280461
leaf_weight=109 42 79 44 73 137 99 67 313 44 49 43 53 591 387 51 43 201 60 44 57 40 41 187
leaf_count=109 42 79 44 73 137 99 67 313 44 49 43 53 591 387 51 43 201 60 44 57 40 41 187
internal_value=-0.000429996 -0.00251053 -0.00473611 -0.00680625 -0.000199223 -0.000813293 -0.00108756 -0.000848458 -0.00142609 -0.00111343 -0.00197104 -0.00554545 0.000464891 -0.000260417 -0.00156897 -0.0010625 -0.000573654 -0.00253125 0.000410714 0.000346154 -0.0046712 -0.00492632 0.000358132
internal_weight=2854 282 159 117 2572 1336 1199 1132 819 775 489 96 1236 645 258 393 350 149 123 166 89 92 286
internal_count=2854 282 159 117 2572 1336 1199 1132 819 775 489 96 1236 645 258 393 350 149 123 166 89 92 286
is_linear=0
shrinkage=0.045


Tree=44
num_leaves=24
num_cat=1
split_feature=21 5 9 19 28 28 5 24 23 16 34 32 7 10 18 34 10 32 3 3 3 5 31
split_gain=0.84947 2.11214 0.531461 0.478237 0.410502 0.53252 0.757355 0.343905 0.603897 0.425445 0.28717 0.431216 0.719734 0.522199 0.599577 0.27156 0.255951 0.217557 0.213594 0.167303 0.157168 0.289398 0.407019
threshold=0 0.72597996884305271 0.60737904452647118 0.37875000000000009 2.6908154582912363 3.4950999638694431 0.3676998998529401 6.0423081340876861 5.9433294625261572 3.5000000000000004 0.00069873210399312745 0.00054430321864866774 0.015746362436860211 0.021386095866747935 15.500000000000002 0.0005212854802767638 0.0029364099951367244 1.0409339100542002e-05 0.043180583044664843 -0.16817756119298258 0.17329717030868227 0.23017216153587874 0.0011649955117269395
decision_type=1 10 10 2 8 10 8 8 10 2 8 10 8 10 2 10 10 8 10 10 8 10 10
left_child=1 2 4 -2 17 6 15 10 -9 -10 11 13 -13 20 -15 -6 -7 -1 -18 -19 -5 -22 -23
right_child=3 -3 -4 7 5 16 -8 8 9 -11 -12 12 -14 14 -16 -17 18 19 -20 -21 21 22 -24
leaf_value=-0.0025183548637362071 -0.012770587966940391 -0.016119909817812 -0.0058628711602759171 0.0010542203166047125 0.0035991479329874647 0.001247732860759616 -0.0096449901494673057 -0.020795712718944009 0.00070948488224453429 -0.0059863985296732015 0.0011964617140142039 -0.005542483972773975 0.001787857391413533 -0.0071107114236053223 0.00067973069925122325 -0.004183875462120938 0.0015774027851965546 -0.0017820152093882885 -0.0021205721902100372 0.0015299215325065584 0.00075898837454934916 0.00039268632817076373 -0.0016230804357976426
leaf_weight=40 49 66 55 422 43 159 75 43 208 40 622 43 46 77 107 43 45 61 40 199 194 127 55
leaf_count=40 49 66 55 422 43 159 75 43 208 40 622 43 46 77 107 43 45 61 40 199 194 127 55
internal_value=-0.000173742 -0.00137843 -0.000707733 0.000322214 -0.000365466 -0.00129596 -0.00327896 0.000434826 -0.000987245 -0.00010757 0.000680572 0.000232542 -0.00271467 0.000507107 -0.00163636 -0.000353933 3.64373e-05 0.000891089 -0.00191761 0.00136882 0.00100562 0.000332454 -0.000948649
internal_weight=2859 826 760 2033 705 405 161 1984 291 248 1693 1071 89 982 184 86 244 300 85 260 798 376 182
internal_count=2859 826 760 2033 705 405 161 1984 291 248 1693 1071 89 982 184 86 244 300 85 260 798 376 182
cat_boundaries=0 1
cat_threshold=56
is_linear=0
shrinkage=0.045


Tree=45
num_leaves=24
num_cat=1
split_feature=31 28 27 9 26 21 9 0 32 18 0 8 18 28 8 2 2 3 26 10 3 9 7
split_gain=0.531713 0.433267 0.397608 0.366088 0.70217 0.231092 0.360773 0.594371 0.39698 0.412834 0.345096 0.632251 0.260688 0.260282 0.441751 0.279441 0.264904 0.523764 0.407636 0.238848 0.228451 0.375044 0.190912
threshold=1.0000000180025095e-35 0.76195466744740037 1.7173167901889712 0.82677118677134587 3.4195217798930169 0 0.40118223791731034 11.180786960685488 0.00030119765473678753 17.500000000000004 10.296125899105812 9.8533366168166889 9.5000000000000018 5.8589064596088525 12.395791673240581 11.211860495784498 10.899927549761609 -0.032269810120650992 4.9129966182498075 0.024321287900202219 0.40783151333904916 0.23705688073375716 0.021316607035642868
decision_type=10 10 10 10 10 1 8 10 10 2 8 8 2 10 10 10 8 8 8 10 8 10 10
left_child=-1 -2 -3 5 -5 6 10 8 -8 -10 11 -4 -12 15 -15 16 20 18 -18 -17 22 -22 -7
right_child=1 2 3 4 -6 13 7 -9 9 -11 12 -13 -14 14 -16 19 17 -19 -20 -21 21 -23 -24
leaf_value=-0.020122905795273774 0.0003591299672681869 -0.010137290650599777 0.0012583399790199051 0.0024163837830704308 -0.020177067097308654 4.3896305613319632e-05 0.0042457641905680448 -0.0078588519668994945 0.00070469809131580336 -0.0065370873525508596 -0.0016594318088851731 -0.013891286305807871 0.0011811229259860057 -0.010489984759308787 0.0023292489622429367 0.0012942017916817827 -0.0047288904566297621 0.000399469713095425 -0.001585242630877007 -0.0012917120518765935 0.00024607722480805128 -0.0037158025157290123 0.00096597159326466931
leaf_weight=41 388 46 78 48 58 432 61 66 71 72 57 40 200 48 44 403 40 120 41 84 81 54 234
leaf_count=41 388 46 78 48 58 432 61 66 71 72 57 40 200 48 44 403 40 120 41 84 81 54 234
internal_value=-0.000154537 -7.63813e-05 -0.000304284 -0.0002197 -0.00276605 -9.48855e-05 -0.000803571 -0.00206044 -0.000826087 -0.0021113 8.92858e-05 -0.00189669 0.0010125 0.000199028 -0.00208421 0.000345342 -8.50746e-05 -0.00153309 -0.00425893 0.00122602 0.000282649 -0.00138587 0.000625561
internal_weight=2807 2766 2378 2332 106 2226 645 270 204 143 375 118 257 1581 92 1489 1002 201 81 487 801 135 666
internal_count=2807 2766 2378 2332 106 2226 645 270 204 143 375 118 257 1581 92 1489 1002 201 81 487 801 135 666
cat_boundaries=0 1
cat_threshold=42
is_linear=0
shrinkage=0.045


Tree=46
num_leaves=24
num_cat=1
split_feature=27 19 4 0 21 5 7 16 2 19 8 33 5 34 34 33 32 27 23 7 34 9 9
split_gain=0.797829 0.452607 0.423811 0.383698 0.693439 0.81833 1.47951 0.552949 0.446088 0.347092 0.479878 0.55666 0.855852 0.742335 0.553105 0.460352 0.378214 0.270641 0.606967 0.718635 0.328161 0.508176 0.226007
threshold=1.0000000180025095e-35 0.40110000000000007 0.032084730043532766 9.5901606968599644 0 0.72597996884305271 0.0093611111355508137 3.5000000000000004 9.7110822946718791 0.74115000000000009 11.393855634614473 0.0042790615603560062 0.22329590721980594 0.00050135369434842431 0.00025348177599238863 0.002838290719921407 1.7597016884253071e-05 4.3471748581240286 4.9970392650033597 0.01326041284658197 0.00092616660354656306 0.069789519058565355 0.033125342489876815
decision_type=10 2 8 8 1 10 10 2 8 2 10 8 10 10 8 10 10 10 10 8 8 10 10
left_child=-1 2 -2 -3 9 7 -7 8 -6 10 11 12 15 14 16 22 -14 -10 19 -19 21 -20 -5
right_child=1 3 -4 4 5 6 -8 -9 17 -11 -12 -13 13 -15 -16 -17 -18 18 20 -21 -22 -23 -24
leaf_value=-0.01921737503448645 0.00028072325946704543 0.0005753515687287918 -0.012884085855479933 -0.0012990268046189463 -0.0030473457929466141 0.0046872539293496196 -0.023388314818519849 -0.0081460317611987444 0.00073640040076959894 0.0010671784870324315 0.00093741209506455984 0.00088360370099028703 -1.1965006636904287e-06 -0.0098421588630219162 0.0023123598605569607 -0.0021772220706053548 -0.0057919112766217588 -0.0039841136733400158 -0.0017768088774420578 4.2384945331932931e-05 0.0014223158111258559 0.00075330534501344187 0.0013871957506693677
leaf_weight=41 44 654 48 50 46 41 74 65 192 464 177 194 41 48 56 43 47 43 42 57 128 118 135
leaf_count=41 44 654 48 50 46 41 74 65 192 464 177 194 41 48 56 43 47 43 42 57 128 118 135
internal_value=-7.2606e-05 2.16193e-05 -0.00303158 0.000128311 -0.000173328 -0.00119231 -0.00467161 -0.000612752 -0.000193164 0.000487973 -8.21788e-05 -0.000678282 -0.00159574 -0.00378462 -0.00208163 0.000272727 -0.00425275 0.000154374 -0.000529412 -0.00349515 0.000525773 -0.000828221 0.00125665
internal_weight=2848 2807 92 2715 2061 806 115 691 626 1255 791 614 420 192 144 228 88 580 388 100 288 160 185
internal_count=2848 2807 92 2715 2061 806 115 691 626 1255 791 614 420 192 144 228 88 580 388 100 288 160 185
cat_boundaries=0 1
cat_threshold=135
is_linear=0
shrinkage=0.045


Tree=47
num_leaves=24
num_cat=1
split_feature=21 9 31 9 31 18 18 33 18 0 6 6 34 31 8 4 34 10 30 30 3 8 8
split_gain=0.5403 1.28916 0.494398 0.476465 1.55415 0.367576 0.353646 0.398618 0.270962 0.295298 0.231503 0.396421 0.228914 0.61853 0.656896 0.245644 0.283475 0.219252 0.192886 0.326647 0.437168 0.498605 0.190195
threshold=0 0.75963912917030973 0.015924571492317064 0.39547088950463882 0.0035090104123221039 22.500000000000004 9.5000000000000018 0.0025272134336977018 35.500000000000007 12.052526620972101 0.24876639924695781 0.20900002701059359 0.0008522069541968449 0.0034382975203264624 10.750834679505415 -0.087226137592827213 0.00066211424520666953 0.019730382471783995 5.5000000000000009 6.5000000000000009 0.049484140994947558 9.7511393606375005 8.6882376840661468
decision_type=1 10 8 10 8 2 2 8 2 8 8 10 8 10 8 8 10 8 2 2 10 10 8
left_child=1 3 8 6 5 -5 7 -1 12 17 11 -8 13 15 -15 -2 18 -10 -17 20 21 -20 -14
right_child=2 -3 -4 4 -6 -7 10 -9 9 -11 -12 -13 22 14 -16 16 -18 -19 19 -21 -22 -23 -24
leaf_value=-0.0097971901326789606 0.0017648134534044829 -0.025113032699304674 -0.015854091784643302 0.0010664356084642654 -0.010177759994921794 -0.0011717319687075426 0.0014041237922185021 0.001351893676782808 -0.00015181784836571641 -0.002438600411989619 0.0013389106733425902 -0.0051016949164787726 -3.1883565407300623e-05 -0.0087763460196758503 0.00034373580004592042 0.00089470081313453248 -0.002674207446247441 0.0013594001712902341 -0.00065758594218554424 0.00055056734423093137 0.0032280263377180208 -0.0065595280316001195 0.0013092405330908038
leaf_weight=50 204 40 40 126 44 57 87 90 57 62 279 41 117 42 65 264 69 63 53 399 42 43 488
leaf_count=50 204 40 40 126 44 57 87 90 57 62 279 41 117 42 65 264 69 63 53 399 42 43 488
internal_value=0.000192743 -0.000778114 0.000587828 -0.000364865 -0.0020837 -0.000205645 0.000355909 -0.00157343 0.000694064 -0.000948649 0.00102622 -0.000549618 0.000862773 0.000495988 -0.00272045 0.00082312 0.000489691 0.000365854 0.00073041 0.0002375 -0.00162766 -0.00327273 0.00157278
internal_weight=2822 814 2008 774 227 183 547 140 1968 182 407 128 1786 1181 107 1074 870 120 801 537 138 96 605
internal_count=2822 814 2008 774 227 183 547 140 1968 182 407 128 1786 1181 107 1074 870 120 801 537 138 96 605
cat_boundaries=0 1
cat_threshold=56
is_linear=0
shrinkage=0.045


Tree=48
num_leaves=24
num_cat=1
split_feature=19 26 27 8 23 28 5 2 3 24 3 8 7 35 1 19 2 32 21 2 7 1 8
split_gain=0.808725 0.697434 0.457642 2.00157 0.394135 0.55945 0.478269 0.37855 0.323958 0.771373 0.262027 0.504264 0.222885 0.378446 0.194562 0.178293 0.1505 0.1391 0.131729 0.215915 0.643611 0.175833 0.398273
threshold=0.40110000000000007 3.8246986949504849 6.1279713068016681 10.931783357127122 5.0421324230658575 3.388773922896656 0.38266112310502359 10.952328748689293 0.24632865471712984 4.1235876490523866 0.34540842505635871 10.196139055995117 0.032433714058146261 0.0042849867979126051 11.588644277883724 0.89875000000000016 10.159882401972874 0.00043300041912971331 0 8.9669849973941052 0.016748225915266229 11.254912049150812 12.026964595093281
decision_type=2 10 8 8 10 10 8 10 8 10 8 8 8 8 10 2 8 8 1 8 10 10 8
left_child=1 -1 4 -4 5 8 -7 -8 15 10 11 -10 14 -14 -5 18 -6 -16 -2 20 -20 -21 -23
right_child=2 -3 3 12 16 6 7 -9 9 -11 -12 -13 13 -15 17 -17 -18 -19 19 21 -22 22 -24
leaf_value=-0.031341327965329839 0.0011528406968943645 -0.0015806713573894822 -0.032168555285297024 -0.001127418881194212 -0.00055763302925187998 -0.0023378832856551816 0.0023721278421006036 -0.011962705356606776 0.00011702173139591316 -0.0042169726857733169 0.00043189597929234747 -0.0044684899229150811 -0.0088807704577104473 0.002297620881681498 -0.00031179208784475439 -0.0022662692380406289 0.0016306793132739121 0.001374269905875965 -0.0039693178690502866 0.0010650502949953338 0.001122880616801871 -0.0053474112541448829 0.0004939777632794578
leaf_weight=41 564 51 47 58 43 55 52 47 87 77 289 48 43 42 72 41 420 132 47 403 48 54 47
leaf_count=41 564 51 47 58 43 55 52 47 87 77 289 48 43 42 72 41 420 132 47 403 48 54 47
internal_value=0.000102455 -0.00397895 0.000244943 -0.00116751 0.000485807 0.000192132 -0.00237898 -0.000463235 0.000428132 -0.00053125 0.00023185 -0.00138587 4.50001e-05 -0.00191761 0.000696226 0.000827672 0.00165612 0.00134783 0.000932033 0.0004375 -0.00149235 0.000816568 -0.00084375
internal_weight=2808 92 2716 394 2322 1859 154 99 1705 501 424 135 347 85 262 1204 463 204 1163 599 95 504 101
internal_count=2808 92 2716 394 2322 1859 154 99 1705 501 424 135 347 85 262 1204 463 204 1163 599 95 504 101
cat_boundaries=0 1
cat_threshold=240
is_linear=0
shrinkage=0.045


Tree=49
num_leaves=24
num_cat=0
split_feature=19 25 32 33 3 8 29 18 6 2 2 10 16 6 19 3 10 30 1 0 4 30 2
split_gain=0.68037 0.443323 0.41517 0.499452 0.500504 0.925328 0.581317 0.424952 0.808968 0.333043 0.427013 0.412027 0.387967 0.42842 0.854485 0.474371 0.271508 0.409441 0.375474 0.884755 0.243656 0.227879 0.37064
threshold=0.40110000000000007 3.9738900989365042 0.00020578590157300985 0.0029741274312940331 0.15262055330662852 10.644055489365785 3.6403322079583584 25.500000000000004 0.23278877197769982 9.2457212713673158 9.5677747864114924 -0.025380052242294223 1.5000000000000002 0.1443858122115789 0.68795000000000006 -0.010958118804628663 -0.0015624640591748306 6.5000000000000009 11.689754254851673 11.080293648304174 -0.020187443109853844 5.5000000000000009 13.990268534078014
decision_type=2 10 8 10 8 10 8 2 8 8 8 10 2 10 2 10 8 2 8 8 10 2 8
left_child=1 -1 21 4 7 6 -6 -4 -9 -5 11 -11 16 -14 -15 -16 -12 18 19 20 -18 -2 -23
right_child=2 -3 3 9 5 -7 -8 8 -10 10 12 -13 13 14 15 -17 17 -19 -20 -21 -22 22 -24
leaf_value=-0.029930968206889993 0.0011735179116976397 -0.0024641791390162988 0.00047254404208599483 0.0013451599605579781 -0.0033703757672681467 0.001914282287043378 -0.012395473711959978 -0.0096961019621248871 0.0017099854929171758 -0.0099459797311431623 0.0017362077485932902 0.00025861705231635431 0.0010828598471072056 -0.018581657397169292 -0.0056058055591989191 0.0017168184066026712 -0.0024493136138550265 0.0011323249285041595 0.0011045279031927722 -0.0048409072311699072 0.0011526237420840422 0.00036872034581111651 -0.0052451718345931965
leaf_weight=41 395 45 196 238 77 60 67 40 46 48 233 43 77 40 40 52 51 242 85 42 77 574 45
leaf_count=41 395 45 196 238 77 60 67 40 46 48 233 43 77 40 40 52 51 242 85 42 77 574 45
internal_value=-2.0476e-05 -0.00389326 0.000103934 -0.000315026 -0.00153681 -0.00321739 -0.00514286 -0.0003 -0.00288202 0.000155783 -0.000196031 -0.00308777 9.31529e-05 -0.00160259 -0.00313333 -0.000663158 0.00058322 -1.34999e-05 -0.00126453 -0.0024711 -0.000549618 0.000827434 0.000285772
internal_weight=2854 86 2768 1754 486 204 144 282 86 1268 1030 91 939 209 132 92 730 497 255 170 128 1014 619
internal_count=2854 86 2768 1754 486 204 144 282 86 1268 1030 91 939 209 132 92 730 497 255 170 128 1014 619
is_linear=0
shrinkage=0.045


Tree=50
num_leaves=24
num_cat=0
split_feature=27 17 24 32 6 32 7 2 10 9 7 6 30 33 15 9 33 24 23 10 2 19 7
split_gain=0.479804 0.822062 0.463557 0.256338 0.486861 0.854183 0.385468 0.524148 0.237245 0.288561 0.286204 0.243234 0.231356 0.212697 0.318856 0.425412 0.211043 0.283099 0.395242 0.301417 0.381371 0.343156 0.464716
threshold=6.1279713068016681 1.0000000180025095e-35 6.3217946015891071 0.00073921414142463782 0.24876639924695781 0.0010393017223033105 0.090424372216035401 10.466922656877815 0.00077509855690831308 0.29467036612957997 0.019733817756017614 0.34453925553988834 5.5000000000000009 0.0077401788307645113 1.5000000000000002 0.3652543963536154 0.003899712065171848 2.5060113385509433 2.6220198527614902 0.021386095866747935 11.047885707542294 0.60730000000000006 0.02253651796180502
decision_type=8 2 10 8 8 8 8 8 10 10 8 10 2 8 2 8 8 10 10 10 8 2 10
left_child=3 2 -2 6 5 -5 16 -8 9 11 -11 -6 -7 14 -4 -16 17 -1 -19 21 -21 22 -20
right_child=1 -3 13 4 8 12 7 -9 -10 10 -12 -13 -14 -15 15 -17 -18 18 19 20 -22 -23 -24
leaf_value=0.00040799049701765327 -0.0067855833183053261 -0.0094913073032396097 0.0018121339403660477 -0.011721405396404412 0.0029109701697581326 -0.0011811903622847982 -0.011794696246586741 0.001841092385640323 0.0025008879279205995 -0.0041010364170775129 0.00039026682318421974 -0.0086975356090518447 0.0011871443040618057 0.001166368912030752 0.00041101926847689218 -0.0052821777466331545 0.0010823914987343314 -0.003953317554032167 -0.0036679165935324227 -0.0069263787813732026 0.00022905786269731876 0.00056297592182151166 0.0042637986516022557
leaf_weight=569 66 72 51 65 93 43 63 69 105 42 44 43 85 118 44 57 376 61 88 71 80 502 48
leaf_count=569 66 72 51 65 93 43 63 69 105 42 44 43 85 118 44 57 376 61 88 71 80 502 48
internal_value=4.32996e-05 -0.00137956 -0.000424779 0.000281939 -0.000602294 -0.00237628 0.000521114 -0.0018 0.000456818 -0.00038 -0.0023764 0.000906475 -0.000206107 0.000412088 -0.000696774 -0.00214183 0.000694522 0.000441456 -7.91324e-05 0.000196023 -0.00159253 0.000624805 -0.00135971
internal_weight=2855 408 336 2447 520 193 1927 132 327 222 86 136 128 270 152 101 1795 1419 850 789 151 638 136
internal_count=2855 408 336 2447 520 193 1927 132 327 222 86 136 128 270 152 101 1795 1419 850 789 151 638 136
is_linear=0
shrinkage=0.045


Tree=51
num_leaves=24
num_cat=2
split_feature=24 0 8 21 4 2 21 5 0 19 24 10 2 3 34 34 19 33 5 4 31 32 33
split_gain=0.600543 0.448407 0.600804 0.536995 0.551066 0.440774 0.32967 0.567104 0.268282 0.462269 0.358423 0.238704 0.339228 0.202024 0.200175 0.428667 0.322195 0.388899 0.188533 0.284267 0.187343 0.259233 0.372723
threshold=1.0000000180025095e-35 11.595354538207008 12.336235335436543 0 -0.14156003358056435 13.517231465716156 1 0.83883000246415396 12.096642900966126 0.6190500000000001 5.0802745613868714 0.00077509855690831308 10.159882401972874 0.12126229800378756 0.0008522069541968449 0.00050135369434842431 0.73745000000000005 0.003340619196582901 0.29279935287466463 0.048856752315912029 0.0012624559154616954 1.8798011685110963e-05 0.00013590532827159287
decision_type=10 8 10 1 10 8 1 8 8 2 10 10 8 8 8 10 2 10 10 10 10 10 10
left_child=-1 6 3 4 -3 8 7 11 -5 -10 -11 -2 -13 -12 15 20 17 -17 -4 -20 21 -8 -23
right_child=1 2 18 5 -6 -7 14 -9 9 10 13 12 -14 -15 -16 16 -18 -19 19 -21 -22 22 -24
leaf_value=-0.033280985907260453 0.00060925010326532965 -0.0004682574483532589 0.0020096431942817788 0.0012757247323847752 -0.0083564437526904931 -0.0050736563124420212 0.00046700965003210085 -0.013076099629337904 0.0013895553141074041 -0.0032456394953747358 -0.00093001318981600963 0.0017540199267917867 -0.006023309794171039 0.0012691179531298773 0.0008147123336320328 -0.0031604542278456287 0.00076000603159348881 -0.0016948327718805517 0.0019651777138679082 -0.002317145688527597 0.00081993938581260571 -0.0052114819786245057 0.00015863606927770407
leaf_weight=40 169 47 132 140 72 41 208 65 112 64 41 48 58 46 598 40 72 94 56 72 287 49 286
leaf_count=40 169 47 132 140 72 41 208 65 112 64 41 48 58 46 598 40 72 94 56 72 287 49 286
internal_value=4.51585e-05 0.000126161 -0.00075454 -0.00157818 -0.00410795 -0.000768052 0.00049393 -0.000764872 -0.000315887 -0.00115883 -0.00276136 0.000121403 -0.00152752 -0.000825 0.000756831 0.000381136 -0.00144258 -0.00272628 0.00102662 -0.000206107 0.000837335 0.000342033 -0.000432692
internal_weight=2837 2797 823 563 119 444 1974 340 403 263 151 275 106 87 1634 1036 206 134 260 128 830 543 335
internal_count=2837 2797 823 563 119 444 1974 340 403 263 151 275 106 87 1634 1036 206 134 260 128 830 543 335
cat_boundaries=0 1 2
cat_threshold=96 18
is_linear=0
shrinkage=0.045


Tree=52
num_leaves=24
num_cat=0
split_feature=27 8 7 31 26 8 19 18 18 1 19 9 8 33 9 8 19 4 2 8 3 9 32
split_gain=0.398593 1.6041 0.405948 0.458762 0.280171 0.331588 0.333231 0.252876 0.356734 0.731236 0.383973 0.456939 0.849229 0.269697 0.255303 0.491046 0.229789 0.353779 0.176865 0.430494 0.170037 0.137966 0.129585
threshold=6.1279713068016681 10.931783357127122 0.028327654481363321 0.0047431105550916385 1.5324056685298186 7.3159249702246925 0.37875000000000009 27.500000000000004 25.500000000000004 10.243385342914243 0.68305000000000016 0.23705688073375716 10.278244967940596 0.00013590532827159287 0.63387992017184958 10.386484557778255 0.63495000000000013 0.1096799962124692 11.844492470153536 12.026964595093281 inf inf 0.0005257566039322079
decision_type=8 8 8 10 10 8 2 2 2 10 2 8 8 8 10 8 2 10 8 8 8 8 10
left_child=4 -2 -3 -4 -1 -6 -7 8 10 -10 11 12 -8 -12 16 -16 17 22 -9 -20 21 -15 -13
right_child=1 2 3 -5 5 6 7 18 9 -11 13 14 -14 20 15 -17 -18 -19 19 -21 -22 -23 -24
leaf_value=0.0008180490651360135 -0.028765520904676489 0.00085352098211922641 -0.0073755097369048476 0.0042509115169225122 -0.022364681790134323 -0.010376031058933158 -0.007318360915304141 0.00081685416314386289 -0.0081337603046635898 0.00084394813569142984 -0.0054390730243127237 0.0020317581499384061 -0.00047819681915722541 0.00079835471925423173 0.0012008301870382228 -0.0036256198660026243 0.0017918181614513453 -0.0052804265969907324 -0.0036609500909092797 0.0010897248025858166 -0.0030783446254059655 -0.00021353088926130928 -0.0011219930693680202
leaf_weight=339 47 278 61 42 45 46 41 457 43 47 64 95 73 581 62 46 117 43 42 77 48 85 55
leaf_count=339 47 278 61 42 45 46 41 457 43 47 64 95 73 581 62 46 117 43 42 77 48 85 55
internal_value=0.00015386 -0.00110673 -0.000111328 -0.00248349 0.000379203 0.000181522 0.000268889 0.000359272 3.20742e-05 -0.00266129 0.000222772 -0.000706542 -0.00319231 0.000858515 -1.06888e-05 -0.00186486 0.000646965 -0.000309949 0.00115026 -0.000387295 0.00111088 0.00129821 0.000735294
internal_weight=2834 428 381 103 2406 2067 2022 1976 1400 90 1310 532 114 778 418 108 310 193 576 119 714 666 150
internal_count=2834 428 381 103 2406 2067 2022 1976 1400 90 1310 532 114 778 418 108 310 193 576 119 714 666 150
is_linear=0
shrinkage=0.045


Tree=53
num_leaves=24
num_cat=0
split_feature=24 3 30 35 16 5 18 18 7 33 9 4 31 31 33 0 5 4 29 28 3 25 10
split_gain=0.380835 0.244808 0.253396 0.631981 0.692357 0.930969 0.825862 1.44037 0.614107 0.77451 0.956525 0.3642 0.420375 1.2016 0.37945 0.338421 0.302291 0.354626 0.592442 0.295378 0.271173 0.189847 0.138763
threshold=inf -0.21287307843834544 7.5000000000000009 0.0016695443201287109 1.0000000180025095e-35 0.37649307547367811 14.500000000000002 26.500000000000004 0.03603172470973965 0.0043449102497903494 0.41909395740874616 0.28874848555503529 0.0041958778100286169 0.0053000180499897416 0.0029741274312940331 13.722489329196542 0.55188310396256679 0.15331315311583119 1.9829364140162065 3.4617874576956686 0.067687343167012373 1.6753231827011155 0.038478195498035835
decision_type=8 8 2 10 2 8 2 2 10 10 8 8 10 10 10 8 8 10 10 10 8 8 10
left_child=1 22 3 15 11 19 -7 -8 -4 10 -10 12 14 -14 -5 16 17 21 -19 -6 -15 -3 -1
right_child=-2 2 8 4 5 6 7 -9 9 -11 -12 -13 13 20 -16 -17 -18 18 -20 -21 -22 -23 -24
leaf_value=0.00050246989537527367 -0.029327147406699925 -0.00039175143252921288 0.00082616242769746704 -0.0019515085476458356 -0.0031815482826088328 -0.00017595767146624241 -0.012602310622720617 -0.0010610546372840876 -0.0009461821864492748 0.0050609922203911951 -0.023093281705116701 0.0010074464251622632 -0.0074814674808192086 -0.0012166110295428884 0.0016234625447157265 -0.0015238936485433288 0.0020875862213784865 0.0001365133234848974 -0.0036424824190765142 0.0014090983884685873 0.002045328911293652 0.0010270301571308352 -0.0013192880120708966
leaf_weight=270 41 79 724 78 60 67 57 47 52 56 40 129 42 59 173 66 346 43 40 64 52 220 40
leaf_count=270 41 79 724 78 60 67 57 47 52 56 40 129 42 59 173 66 346 43 40 64 52 220 40
internal_value=0.000114554 0.000179551 3.06368e-05 -0.000301846 -0.00116968 -0.00290688 -0.00503017 -0.00748598 0.000648 -0.00196689 -0.00445263 -0.000197295 -0.000862408 -0.00269712 0.000274606 0.000604141 0.000886457 1.16884e-05 -0.00253779 7.08662e-05 -0.000177632 0.000737583 0.00136581
internal_weight=2845 2804 2494 1622 828 295 171 104 872 148 92 533 404 153 251 794 728 382 83 124 111 299 310
internal_count=2845 2804 2494 1622 828 295 171 104 872 148 92 533 404 153 251 794 728 382 83 124 111 299 310
is_linear=0
shrinkage=0.045


Tree=54
num_leaves=24
num_cat=1
split_feature=19 26 5 27 34 31 35 21 26 35 30 18 7 31 31 0 1 31 26 27 31 9 16
split_gain=0.57948 0.274851 0.383551 0.350877 0.314506 0.752884 1.47159 0.304559 0.428757 0.523425 0.402532 0.265264 0.166394 0.202987 0.556988 0.230572 0.270077 0.455182 0.321609 0.714933 0.46537 0.426484 0.41188
threshold=0.37875000000000009 1.3230746396640218 0.88179025123519905 1.2042626741351901 0.0008522069541968449 0.00407146723920281 0.004715305394166096 0 3.9878036962850287 0.0080800802742629768 6.5000000000000009 29.500000000000004 0.001489287471177956 0.0027781853676802845 0.0025095572386216315 12.293621396813521 11.823222232333523 0.00077211086695002848 3.9253709484364583 3.7503658398339845 0.0020426792898135221 0.59941108748878136 1.0000000180025095e-35
decision_type=2 8 10 10 8 10 10 1 10 8 2 2 8 10 10 10 10 10 8 10 10 10 2
left_child=-1 -2 3 -3 5 12 -7 8 -6 10 -10 -8 -5 14 15 16 18 -18 19 20 21 -14 -23
right_child=1 2 -4 4 7 6 11 -9 9 -11 -12 -13 13 -15 -16 -17 17 -19 -20 -21 -22 22 -24
leaf_value=-0.0077650512128349895 0.00054242590876354209 -0.011803766660017496 -0.01804468940136451 -0.00038888015233520248 0.0015845762862608602 -0.011023186351758715 -0.0021113370840382581 0.0014116163170203478 -0.0069222762747468171 0.0038332700702267434 0.00086276614349906034 0.00064671696989258821 0.00084627759106538358 0.0010057831779585029 -0.0030074464813114967 0.0011088440647393633 0.0015889561684843474 -0.0031267767205618142 0.0014887265517048 -0.0027988509528029137 -0.0042361868741410845 -0.0058257736635091298 0.00094221993353813037
leaf_weight=74 283 56 76 63 103 42 59 509 68 89 42 50 336 186 65 198 62 56 252 44 40 40 40
leaf_count=74 283 56 76 63 103 42 59 509 68 89 42 50 336 186 65 198 62 56 252 44 40 40 40
internal_value=0.000168988 0.000276159 0.000123437 0.000224719 0.000310609 -6.88476e-05 -0.00305357 0.00102549 -0.000128571 -0.00134777 -0.00338496 -0.000220982 0.000263177 0.000372731 0.000144586 0.000394958 7.73196e-05 -0.00189669 0.000393378 -0.00026839 0.00027451 0.00073031 -0.00216867
internal_weight=2833 2759 2476 2400 2344 1533 151 811 302 199 110 109 1382 1319 1133 1068 870 118 752 500 456 416 80
internal_count=2833 2759 2476 2400 2344 1533 151 811 302 199 110 109 1382 1319 1133 1068 870 118 752 500 456 416 80
cat_boundaries=0 1
cat_threshold=52
is_linear=0
shrinkage=0.045


Tree=55
num_leaves=24
num_cat=0
split_feature=27 5 2 34 34 4 8 9 10 11 34 8 18 9 10 8 33 33 29 4 10 9 3
split_gain=0.652348 0.295566 0.846513 0.202594 0.351962 0.448068 0.458427 0.331033 0.518846 0.278128 0.206824 0.400915 0.338045 1.00663 0.276633 0.226283 0.341848 0.206508 0.206044 0.411295 0.407148 0.398298 0.193374
threshold=1.0000000180025095e-35 0.88179025123519905 10.314060585308164 0.0008522069541968449 0.00046924645050304225 0.13336022980398263 10.196139055995117 0.32426228444652122 0.02736824054254099 1.0000000180025095e-35 0.00021476866301531482 12.026964595093281 24.500000000000004 0.46709759621635449 -0.010671471739320397 10.386484557778255 0.00013590532827159287 0.0016586280426898299 4.3124294173251441 0.045956510225510477 -1.0000000180025095e-35 0.49172679394216173 0.16296621244514067
decision_type=10 10 8 8 10 10 8 10 8 2 10 8 2 10 10 10 10 10 10 8 8 8 8
left_child=-1 3 -3 4 9 7 -7 -6 -9 10 11 12 15 14 22 -2 -17 -13 -5 20 -20 -22 -14
right_child=1 2 -4 18 5 6 -8 8 -10 -11 -12 17 13 -15 -16 16 -18 -19 19 -21 21 -23 -24
leaf_value=-0.028638001967721014 0.00052411097596528563 0.0065212465784115171 -0.030458151574912107 0.0014360874276352655 0.0012817626992543221 0.0005427016291886037 -0.0071956351912631231 0.00062899338238927259 -0.0052052758488225735 -0.0018250675990627598 0.00070527305680828092 0.001369740160439513 -0.00084813156914454021 -0.0026106360884461674 0.0002407486925620015 -0.004480161948770137 0.0016063105433449642 -0.001604459821362162 0.00032817161664742863 0.0008431160509219009 -0.0083560677712488877 -0.00020627661992361282 0.00024583769140822749
leaf_weight=40 200 46 45 425 158 44 66 93 75 69 482 290 40 42 78 61 93 53 74 229 67 74 42
leaf_count=40 200 46 45 425 158 44 66 93 75 69 482 290 40 42 78 61 93 53 74 229 67 74 42
internal_value=0.00026947 0.000352229 -0.00213032 0.000436458 0.000173902 -0.000943052 -0.00338496 -9.57446e-05 -0.00147368 0.000511012 0.000651915 0.000246951 -0.000499105 -0.00195366 -0.000276074 0.000340336 -0.00094586 0.00145014 0.00100373 0.000322148 -0.00108372 -0.00248437 -0.00206471
internal_weight=2886 2846 91 2755 1886 436 110 326 168 1450 1381 899 556 202 160 354 154 343 869 444 215 141 82
internal_count=2886 2846 91 2755 1886 436 110 326 168 1450 1381 899 556 202 160 354 154 343 869 444 215 141 82
is_linear=0
shrinkage=0.045


Tree=56
num_leaves=24
num_cat=0
split_feature=32 1 8 19 3 1 7 5 19 7 8 29 9 25 1 34 18 4 3 19 9 0 3
split_gain=0.400407 0.326301 0.712382 0.451342 0.383144 0.348973 0.543375 0.474836 0.37701 0.321445 0.426428 0.549803 0.390984 0.490429 0.643778 0.603015 0.589536 0.487695 0.183749 0.183454 0.242581 0.161575 0.15475
threshold=1.0000000180025095e-35 9.2288365443781366 7.8951546142089546 0.40110000000000007 -0.040360490798283057 9.5144317725763745 0.0052892305305745112 0.32426228444652122 0.78605000000000014 0.0066167726917368188 12.336235335436543 5.9291027958841065 0.6885620464635277 5.117398414583282 10.213508079952552 1.6855910692559731e-05 15.500000000000002 0.074597338128394225 -0.040360490798283057 0.51660000000000006 0.44615400417707712 11.263361836802472 -0.19838431830042499
decision_type=10 10 8 2 10 10 10 10 2 10 8 10 8 10 10 10 2 8 10 2 8 10 8
left_child=-1 -2 -3 4 -4 6 -5 -8 9 22 11 12 13 14 18 -16 -17 -18 -11 20 -12 -14 -7
right_child=1 2 3 5 -6 8 7 -9 -10 10 19 -13 21 -15 15 16 17 -19 -20 -21 -22 -23 -24
leaf_value=-0.019334477949346986 0.00048370458167892172 -0.029701940004220665 -0.0095742756653486739 -0.0025114095053258342 8.6339127519632076e-05 -0.00067106220211504209 0.0014366675770469332 -0.0047147265088795806 0.001272064117136639 0.0021145527436109818 0.0023655158664919458 -0.0041952609829548747 0.0019980999749092147 0.00043226548144544306 0.00018055876570298153 -0.006204107327433709 0.00031482018903865105 -0.0035860370813771245 -2.6864012017461434e-05 0.0020793866563330859 -0.0021607151033468117 -8.0872535220647283e-05 0.0010225087659552266
leaf_weight=62 596 44 41 41 40 52 70 55 463 56 54 69 142 158 41 67 60 40 78 203 40 56 339
leaf_count=62 596 44 41 41 40 52 70 55 463 56 54 69 142 158 41 67 60 40 78 203 40 56 339
internal_value=9.95645e-05 0.000180289 -7.22197e-05 4.67021e-05 -0.0031875 0.000176809 -0.00178402 -0.000263672 0.000349037 -7.71599e-06 -0.000413308 -0.000973052 -0.000584165 -0.00125249 -0.00220435 -0.00375355 -0.00493676 -0.00262136 0.000229927 0.0010275 -0.000603093 0.00109701 0.00109074
internal_weight=2867 2805 2209 2165 81 2084 166 125 1918 1455 1064 767 698 500 342 208 167 100 134 297 94 198 391
internal_count=2867 2805 2209 2165 81 2084 166 125 1918 1455 1064 767 698 500 342 208 167 100 134 297 94 198 391
is_linear=0
shrinkage=0.045


Tree=57
num_leaves=24
num_cat=1
split_feature=27 8 27 33 1 7 19 8 19 33 18 29 6 3 3 10 21 18 2 1 33 10 16
split_gain=0.503371 0.217898 0.433419 0.454505 0.953199 0.360096 0.469151 0.48801 0.703327 0.636629 0.311217 0.292763 0.235816 0.274417 0.392592 0.346656 0.224344 0.287427 0.667656 0.210189 0.370666 0.422826 0.831096
threshold=1.0000000180025095e-35 10.791733207773722 3.7822705766763023 0.0082372879222594175 9.5504440001426598 0.024604043390632546 0.76645000000000008 9.9216846430149968 0.46785000000000004 0.0031960150930448196 25.500000000000004 3.9334043138344108 0.24121524460914959 0.11459479359570444 0.27516134537823772 -0.018889236869007592 0 10.500000000000002 9.6275297750069768 9.6091665160487754 0.0029741274312940331 -0.0049878536794644287 1.0000000180025095e-35
decision_type=10 10 10 10 8 10 2 10 2 10 2 10 10 10 10 10 1 2 10 10 10 10 2
left_child=-1 2 16 4 -4 6 7 8 -6 -9 -10 -7 13 -3 15 -15 -2 18 -18 20 21 22 -19
right_child=1 12 3 -5 5 11 -8 9 10 -11 -12 -13 -14 14 -16 -17 17 19 -20 -21 -22 -23 -24
leaf_value=-0.017512504406570744 0.00050701947077981644 0.00079119596241009982 -0.0096163705264157226 0.0012658613642805119 -0.007578160355289144 -0.0073566668227456411 0.00071476206953712386 -0.0045779836824466928 0.0011019693330212924 -0.00090254874532295307 -0.0017073686560009256 0.00093106983539090627 0.0007357036054204657 -0.0068418304664317363 0.00010386430902222921 -0.00021438540461573248 0.0006564374203584792 4.305318741775293e-05 -0.010323207605795269 0.0013351300863362139 0.003167904972045576 0.00081904083801627491 -0.0017294037311236974
leaf_weight=45 531 210 66 201 52 52 98 69 120 76 47 143 376 41 81 59 77 63 66 173 78 60 42
leaf_count=45 531 210 66 201 52 52 98 69 120 76 47 143 376 41 81 59 77 63 66 173 78 60 42
internal_value=0.000116119 0.000194774 -5.13138e-05 -0.00076699 -0.00129236 -0.000760227 -0.00144194 -0.00218256 -0.000820946 -0.00418074 0.000622059 0.000852273 0.000838636 6.28173e-05 -0.0012106 -0.00305825 0.00055581 -8.26048e-05 -0.00180308 0.000515513 -0.000338415 -0.00154018 -0.00322917
internal_weight=2826 2781 2014 924 723 657 462 364 219 145 167 195 767 391 181 100 1090 559 143 416 243 165 105
internal_count=2826 2781 2014 924 723 657 462 364 219 145 167 195 767 391 181 100 1090 559 143 416 243 165 105
cat_boundaries=0 1
cat_threshold=232
is_linear=0
shrinkage=0.045


Tree=58
num_leaves=24
num_cat=0
split_feature=27 5 8 4 1 34 33 10 4 4 32 6 28 33 7 8 23 4 27 7 19 8 3
split_gain=0.866693 0.277473 0.33667 0.258183 0.376319 0.458384 0.909944 0.414559 0.45803 0.289427 0.321794 0.274392 0.229738 0.321157 0.202699 0.196907 0.252041 0.245241 0.230187 0.150187 0.136082 0.290277 0.134211
threshold=1.0000000180025095e-35 0.9140108091064485 9.9703655036951258 0.12175636235639681 10.577557153608161 0.00030910229844114518 0.0030340046461237702 -0.010671471739320397 0.31370284776700186 0.06343880491032465 0.0021082611004772222 0.12105611573626408 4.5306435186204874 0.006113755894948599 0.029158035892068317 10.791733207773722 4.2508602763063195 0.032084730043532766 1.9429962584403584 0.0073788045496306614 0.84365000000000012 9.1767881649961129 0.13240531789753177
decision_type=10 10 8 8 8 10 10 8 8 10 8 8 10 10 8 8 10 10 10 10 2 10 10
left_child=-1 2 20 9 5 19 -7 8 -6 10 12 -9 15 -14 -8 16 18 -17 -4 -5 22 -22 -2
right_child=1 -3 3 4 7 6 14 11 -10 -11 -12 -13 13 -15 -16 17 -18 -19 -20 -21 21 -23 -24
leaf_value=-0.023910740331555949 0.0012426742583941332 -0.021927331917185031 0.00045723964568751552 -0.0016569677801397701 -0.0028265402683393839 -0.010998861899046279 -0.0061395447211887999 -0.00029882024967845341 0.00083517592119627536 0.0013668474292546366 -0.0086318598980980304 0.001090361257393969 -0.0021992107287561796 0.00062592876500039429 0.00077340457555814118 0.0011778692284712873 0.0019517646655733631 -0.00087458933510580394 -0.0030344220457042912 0.0043215799640120133 -0.002044960506497931 0.0024290624867498401 0.00015048538674250378
leaf_weight=43 633 54 41 49 75 42 40 50 50 193 48 356 74 75 44 332 109 48 75 47 40 40 297
leaf_count=43 633 54 41 49 75 42 40 50 50 193 48 356 74 75 44 332 109 48 75 47 40 40 297
internal_value=0.000405441 0.000505151 0.000568816 0.000190177 -0.0004375 -0.00198 -0.00373256 0.000214888 -0.00202148 0.00066508 0.000285093 0.000913203 0.000517173 -0.00105099 -0.000931034 0.000906661 -0.000148026 0.00152742 -0.00158824 0.000363636 0.00122162 -0.000542169 0.0013746
internal_weight=2855 2812 2758 1748 753 222 126 531 125 995 802 406 754 149 84 605 225 380 116 96 1010 80 930
internal_count=2855 2812 2758 1748 753 222 126 531 125 995 802 406 754 149 84 605 225 380 116 96 1010 80 930
is_linear=0
shrinkage=0.045


Tree=59
num_leaves=24
num_cat=1
split_feature=4 1 34 1 6 10 2 4 4 10 23 28 5 9 21 8 9 3 19 32 19 32 32
split_gain=0.376141 0.454533 0.397774 0.613998 0.852232 0.258745 0.177851 0.177038 0.211241 1.01828 0.282817 0.225759 0.411702 0.521599 0.186708 0.29581 0.454146 0.186047 0.161642 0.222546 0.180274 0.151803 0.255835
threshold=-0.20335977393338656 10.764490378527531 0.00027969326367948685 9.8593185506932191 0.074975895624439251 0.05163678580071699 10.138265532090507 -0.14156003358056435 -0.038912662111669896 0.031750946628247116 1.7401677170523351 4.6698925138837355 0.27331690372394896 0.41458241526621581 0 10.055011089585273 0.35934138474237259 -0.032269810120650992 0.73935000000000006 0.0011387229640417438 0.89875000000000016 2.1534612011319808e-05 2.8142621462775879e-05
decision_type=10 10 8 10 10 8 8 10 10 10 10 10 10 10 1 10 10 10 2 10 2 8 10
left_child=1 2 6 4 -4 -5 -1 -2 9 10 -9 18 -13 -14 15 16 -12 -15 21 20 -20 -10 -23
right_child=7 -3 3 5 -6 -7 -8 8 11 -11 14 12 13 17 -16 -17 -18 -19 19 -21 -22 22 -24
leaf_value=-0.0012894269528412757 0.0013403749260652901 0.0014095711681016835 -0.011613304508795776 -0.006081610966826312 0.0012623113013402374 -0.00050724263306406946 0.0020710648512154428 -0.00023688041268610477 0.00063241537959357098 -0.004135200443934413 -0.0093475397242766683 0.0012496143983821968 -0.0049770082909947819 -0.00059923583246061535 0.0014766202755620503 0.00077329364999143794 0.00081076845812752801 0.002312393124375645 0.00087922364564369134 -0.00084759492897298926 8.1822933533676851e-05 -0.0014609154356664165 0.0002934065806101167
leaf_weight=47 177 186 62 40 77 41 58 58 144 70 40 113 48 40 194 59 45 40 437 51 42 41 728
leaf_count=47 177 186 62 40 77 41 58 58 144 70 40 113 48 40 194 59 45 40 437 51 42 41 728
internal_value=0.000362724 -0.000739786 -0.00174924 -0.00282511 -0.000966549 -0.00586607 0.000520833 0.000605472 0.000491175 -0.000355011 0.000541353 0.000725548 -0.000544057 -0.00226718 0.00104252 -0.000229299 -0.00191761 5.65526e-11 0.000938278 0.00156191 0.00186255 0.000572325 0.000317681
internal_weight=2838 511 325 220 139 81 105 2327 2150 466 396 1684 241 128 338 144 85 80 1443 530 479 913 769
internal_count=2838 511 325 220 139 81 105 2327 2150 466 396 1684 241 128 338 144 85 80 1443 530 479 913 769
cat_boundaries=0 1
cat_threshold=170
is_linear=0
shrinkage=0.045


Tree=60
num_leaves=24
num_cat=1
split_feature=7 31 35 3 34 18 19 19 5 3 24 7 3 34 35 21 34 26 23 35 26 6 31
split_gain=0.320092 0.323835 0.817831 0.544065 0.406395 0.647146 0.673189 0.259544 0.252886 0.290584 0.330877 0.502319 0.283766 0.252278 0.509703 0.232979 0.425317 0.199525 0.410786 0.562888 0.203756 0.399276 0.389961
threshold=0.076993820124386519 0.0034382975203264624 0.0035981020486505568 -0.078507672761266356 0.00080746042290935583 29.500000000000004 0.70090000000000008 0.92760000000000009 0.32426228444652122 0.085648276804151421 3.6163252516419218 0.011456804601018415 0.240478054671348 9.5179654047169564e-05 0.0017707465045821902 0 0.0016343072775241039 2.7030741272859125 2.9892222382042184 0.00062232863639514883 4.6373439555676788 0.19182046391842969 0.0019645099578317706
decision_type=8 8 10 10 8 2 2 2 8 10 10 10 10 10 8 1 8 10 10 10 10 10 10
left_child=1 7 3 -3 5 6 -4 8 9 -1 11 -11 -13 -2 -15 -6 -17 -10 19 -19 -20 22 -22
right_child=13 2 4 -5 15 -7 -8 -9 17 10 -12 12 -14 14 -16 16 -18 18 20 -21 21 -23 -24
leaf_value=0.00078215070747601648 0.0014057789660361631 -0.0087929739853930527 -0.007653344400536867 -0.0011033236250014204 0.0010100624715115014 0.00089172345324462182 -0.0009711849187734211 -0.00041453722495969376 0.0012046492166720895 -0.0023470197528811863 0.00030636851428607819 -0.0044614732974361604 0.00041682335927225813 -0.016314348704463258 3.9799531940374808e-05 0.00060125247259582547 -0.010558759697727635 0.0039464687768833604 0.001211129523905858 -0.0073159558850446919 -0.0026689508008411701 0.0012866150316477075 0.00042917728059353255
leaf_weight=290 48 56 40 48 287 68 57 44 439 52 109 41 41 71 81 148 74 41 442 65 59 175 59
leaf_count=290 48 56 40 48 287 68 57 44 439 52 109 41 41 71 81 148 74 41 442 65 59 175 59
internal_value=0.000170455 0.000302786 -0.000466709 -0.0041215 0.000112999 -0.00180804 -0.0041175 0.000625403 0.000709939 -0.000113339 -0.00125305 -0.00272628 -0.000476471 -0.00155172 -0.00243871 0.000742676 -0.00036383 0.00105222 0.000642476 -0.00194037 0.00102134 9.88176e-05 -0.00189669
internal_weight=2835 2635 778 104 674 165 97 1857 1813 533 243 134 82 200 152 509 222 1280 841 106 735 293 118
internal_count=2835 2635 778 104 674 165 97 1857 1813 533 243 134 82 200 152 509 222 1280 841 106 735 293 118
cat_boundaries=0 1
cat_threshold=141
is_linear=0
shrinkage=0.045


Tree=61
num_leaves=24
num_cat=0
split_feature=19 33 31 3 29 7 5 33 8 0 32 30 9 28 8 18 19 28 28 18 10 10 18
split_gain=0.41482 0.22988 0.425888 0.869532 0.872093 0.385039 0.275962 0.259113 0.274913 0.66674 0.284285 0.218977 0.367946 0.198806 0.213315 0.197486 0.157675 0.211518 0.347147 0.157835 0.21215 0.241202 0.272967
threshold=0.37875000000000009 0.0077401788307645113 0.0038050814008988966 -0.11679465399820839 4.3718333865394605 0.015746362436860211 0.37649307547367811 0.0030997212331055402 12.026964595093281 12.052526620972101 0.00066488286567675553 8.5000000000000018 0.54770470946509253 4.6698925138837355 7.8095530811895513 3.5000000000000004 0.84365000000000012 2.7551960636149047 3.2701260901063187 19.500000000000004 0.0051721361123469459 -0.027052270572306591 27.500000000000004
decision_type=2 10 8 10 8 10 10 8 8 10 8 2 8 10 8 2 2 10 10 2 10 8 2
left_child=-1 2 7 4 -4 -6 -5 8 9 10 11 16 -13 14 -9 -10 17 19 -19 -2 21 -21 -23
right_child=1 -3 3 6 5 -7 -8 13 15 -11 -12 12 -14 -15 -16 -17 -18 18 -20 20 -22 22 -24
leaf_value=-0.0080177062185224184 0.00046467620493157135 0.00058859922512005615 -0.0096202438267419723 0.00097198416051123664 -0.0030331602129638788 0.0032881503361101676 -0.0051357999421112951 -0.00013599862217261312 -0.0068557909575771465 -0.0018350435558959525 -0.0052596292703973591 0.00048715128543538037 -0.002770306924658684 -0.0015914731561278313 0.0017706100304261672 0.00083604145911379184 -0.00054121601626085807 -0.0056900200721413377 0.00093508121682213136 0.00054165807170017107 0.00089566865917208732 -0.00036965487828254822 0.00034130795227978932
leaf_weight=66 301 370 42 186 66 53 49 55 46 55 61 89 67 50 468 412 76 54 61 45 84 58 55
leaf_count=66 301 370 42 186 66 53 49 55 46 55 61 89 67 50 468 412 76 54 61 45 84 58 55
internal_value=0.000383095 0.00046748 0.000307574 -0.00103759 -0.00355335 -0.00149385 0.000709034 0.000570221 0.000251534 -0.000165015 0.000120283 0.000327548 -0.00118868 0.00137891 0.00163831 0.00116161 0.000653324 0.000878215 -0.000858051 0.00124863 0.000385714 -0.000586956 -0.0016875
internal_weight=2869 2803 2433 396 161 119 235 2037 1464 1006 951 890 156 573 523 458 734 658 115 543 242 158 113
internal_count=2869 2803 2433 396 161 119 235 2037 1464 1006 951 890 156 573 523 458 734 658 115 543 242 158 113
is_linear=0
shrinkage=0.045


Tree=62
num_leaves=24
num_cat=1
split_feature=24 33 28 7 25 12 31 34 29 21 3 3 5 24 19 8 4 4 24 34 18 5 2
split_gain=0.280106 0.288303 0.217067 0.388853 0.284042 0.342874 0.349753 0.593013 0.387657 0.295554 0.218639 0.255218 0.376001 0.388392 0.427902 0.319174 0.310342 0.370438 0.211876 0.195879 0.18819 0.229218 0.18433
threshold=inf 0.0091341610082411422 5.3573304255076115 0.028327654481363321 4.7569296943599175 0.15255000000000002 0.0039305254774960096 0.0008522069541968449 4.2596664290042874 0 -0.032269810120650992 0.18271940470686809 0.7580655899467148 1.7183456757167661 0.67735000000000012 10.021857766168226 0.1096799962124692 0.21969512374923791 3.8724762011228586 1.8466669674006887e-05 22.500000000000004 0.40977747494774813 9.2732079033821631
decision_type=8 8 10 8 8 2 10 8 10 1 8 10 10 10 2 10 10 10 10 10 2 8 8
left_child=1 2 4 -4 5 6 8 -8 9 -1 20 12 13 14 -12 -13 18 -18 -15 -17 -11 -22 -9
right_child=-2 -3 3 -5 -6 -7 7 22 -10 10 11 15 -14 16 -16 19 17 -19 -20 -21 21 -23 -24
leaf_value=0.0014316015417453504 -0.017967307846940856 0.0012612072739741562 0.00037668550691688138 -0.011934212300738269 0.00035706562022039045 -0.0024612429219110256 -0.0076945104720314928 0.0026988324701874432 -0.0016339744804617984 0.0011269344604401825 0.00090970947841524424 0.00042038167253724866 -0.010917420293202766 0.0014561260727020697 -0.0017642149649596674 0.0016548768306769469 -0.0064727752847592631 0.0012339436540584759 -0.0012299046809178594 -0.004318805893806817 -0.00034256668508848511 0.0029592892214400173 -0.010612281074092457
leaf_weight=372 40 274 93 43 648 56 40 45 71 212 42 212 43 170 40 46 43 41 49 75 60 71 42
leaf_count=372 40 274 93 43 648 56 40 45 71 212 42 212 43 170 40 46 43 41 49 75 60 71 42
internal_value=0.000467326 0.000522393 0.000370083 -0.00135971 0.000470601 0.000168783 0.00028712 -0.00195577 0.000474677 0.00063286 0.000249776 -0.000173756 -0.000897912 -0.000434923 -0.00312353 0.000756696 0.000316177 -0.00196552 0.00120608 -0.00107056 0.00119003 -0.000151119 0.000175
internal_weight=2828 2788 2514 136 2378 1730 1674 127 1547 1476 1104 761 428 385 82 333 303 84 219 121 343 131 87
internal_count=2828 2788 2514 136 2378 1730 1674 127 1547 1476 1104 761 428 385 82 333 303 84 219 121 343 131 87
cat_boundaries=0 1
cat_threshold=136
is_linear=0
shrinkage=0.045


Tree=63
num_leaves=24
num_cat=0
split_feature=20 7 33 25 34 8 26 18 18 2 7 18 16 7 34 34 33 8 31 34 4 10 15
split_gain=0.330437 0.621259 0.311337 0.442382 0.54096 0.300967 0.674663 0.210513 0.326608 0.670699 0.297308 0.183802 0.181709 0.325428 0.199031 0.76842 0.196456 0.156597 0.133051 0.273816 0.181518 0.29407 0.124683
threshold=2.5000000000000004 0.0041044019504139781 0.0020873050623508287 5.4481277738253402 0.0008522069541968449 10.791733207773722 6.0500669242005891 4.5000000000000009 8.5000000000000018 10.435032569578944 0.011807548980026981 37.500000000000007 1.0000000180025095e-35 0.043674758328546524 0.00046924645050304225 0.00071807633197167172 0.00011930259512980082 8.5366748501811731 0.0024225604597807779 0.00054183575506488188 -0.036288688201741658 -0.016354222521170671 1.5000000000000002
decision_type=2 10 8 10 8 8 8 2 2 10 10 2 2 10 8 10 8 10 10 8 10 10 2
left_child=5 -2 -3 4 -4 6 7 -1 9 10 -9 22 16 14 -14 -16 -10 -17 -18 -20 21 -21 -7
right_child=1 2 3 -5 -6 11 -8 8 12 -11 -12 -13 13 -15 15 17 18 -19 19 20 -22 -23 -24
leaf_value=0.0017457881078796122 -0.0075547750508955574 0.0019759328567316272 -0.0042927786632210706 0.0039860474193096993 0.00034473634828335062 0.00087702967265930682 -0.020662745902140886 -0.0030096831574276204 -0.00013209884524272312 -0.010023738091930211 0.00069496916848753093 -0.000283154533864798 0.00046308358232028258 -0.010587345395941522 -0.0071395152553349684 -0.0036862306664466778 0.0012735186532565261 0.0004249118953686104 -0.0027484264954550251 0.001985383260938293 0.0013730962665005084 -0.0014131882908385242 0.00052683368110559845
leaf_weight=149 42 101 51 48 60 342 48 46 76 46 63 46 207 53 60 52 346 110 58 41 125 40 634
leaf_count=149 42 101 51 48 60 342 48 46 76 46 63 46 207 53 60 52 346 110 58 41 125 40 634
internal_value=0.000382508 -0.00101803 -0.000171103 -0.00140278 -0.00294079 0.000549902 0.000147735 0.00032339 0.000140837 -0.00178006 0.000180804 0.00114585 0.000399658 -0.000269072 0.000151042 -0.00078 0.00086865 0.000845455 0.00113785 0.000370787 0.00114115 -0.000508929 0.00127783
internal_weight=2844 302 260 159 111 2542 1520 1472 1323 155 109 1022 1168 482 429 222 686 162 610 264 206 81 976
internal_count=2844 302 260 159 111 2542 1520 1472 1323 155 109 1022 1168 482 429 222 686 162 610 264 206 81 976
is_linear=0
shrinkage=0.045


Tree=64
num_leaves=24
num_cat=1
split_feature=33 31 35 5 28 29 2 9 19 3 10 8 10 4 19 3 19 21 16 6 6 1 6
split_gain=0.304026 0.273335 0.696855 0.247254 0.230763 0.541438 0.810763 0.31612 0.291759 0.192015 0.43958 0.219847 0.175541 0.621494 0.228944 0.169805 0.160018 0.145264 0.18119 0.251679 0.447161 0.14085 0.137431
threshold=0.0029741274312940331 0.0035090104123221039 0.0035981020486505568 0.044535665973375146 0.76195466744740037 1.8669356184455435 10.11823071134094 0.75963912917030973 0.70425000000000015 0.13785095741085021 0.012667707595721613 11.757638024106535 0.1922603602608409 0.17100188884816533 0.63495000000000013 0.25862841206156112 0.45240000000000008 0 1.5000000000000002 0.25840455922847322 0.1443858122115789 12.282939791527816 0.1102761328438125
decision_type=10 10 8 8 8 10 10 10 2 10 10 8 8 10 2 10 2 1 2 8 10 10 10
left_child=4 -2 -3 -4 22 6 8 9 -6 16 11 -11 14 -14 -5 -13 -7 -18 19 20 -19 -21 -1
right_child=1 2 3 12 5 7 -8 -9 -10 10 -12 15 13 -15 -16 -17 17 18 -20 21 -22 -23 -24
leaf_value=0.00075695605075886297 0.0014308777442434979 -0.0067870670033807349 -0.0019897074547182486 -0.00083400846605288673 0.0007934044339678888 -0.002004953685957924 -0.022060359226319395 -0.0044307138663017736 -0.0021246053467989879 0.00037751868141459584 -0.0018831277143763984 -0.0043184467853428056 0.00091655834173825211 -0.0059173712339555418 0.00047824572899925471 0.0027001854915589618 0.0011491286825577093 5.1251264459131583e-05 0.0013226062412011704 0.0017061603668248576 -0.0043394547595266538 -0.0014771178336546176 7.9421246020606445e-05
leaf_weight=192 618 50 63 49 62 42 49 45 49 129 75 49 167 43 369 53 259 63 70 77 57 40 183
leaf_count=192 618 50 63 49 62 42 49 45 49 129 75 49 167 43 369 53 259 63 70 77 57 40 183
internal_value=0.000404149 0.000890419 0.000305444 0.000684078 -3.90781e-05 -0.000362968 -0.00276074 4.44387e-05 -0.000572368 0.000230643 -0.000684466 0.000298077 0.000955626 -0.000105634 0.00148575 -0.00124286 0.000692308 0.000893673 0.000189844 -0.000403125 -0.00182927 0.00106875 0.000922619
internal_weight=2853 1359 741 691 1494 1119 160 959 111 914 306 231 628 210 418 102 608 566 307 237 120 117 375
internal_count=2853 1359 741 691 1494 1119 160 959 111 914 306 231 628 210 418 102 608 566 307 237 120 117 375
cat_boundaries=0 1
cat_threshold=225
is_linear=0
shrinkage=0.045


Tree=65
num_leaves=24
num_cat=0
split_feature=31 5 33 31 25 25 5 3 33 34 10 28 7 33 2 28 18 6 28 10 15 18 18
split_gain=0.264313 0.225423 0.245892 0.271395 0.626437 0.74394 0.728023 0.36911 0.291622 0.78782 0.335695 0.570589 0.359535 0.203105 0.191704 0.183961 0.277123 0.172105 0.204985 0.151191 0.197283 0.157022 0.280063
threshold=0.015924571492317064 0.9140108091064485 0.0075145217298089179 0.0034382975203264624 4.7569296943599175 3.7130935305228845 0.12626518183601751 0.073430746938869682 0.0029741274312940331 0.00050135369434842431 0.0083576883879799297 1.4339841681826255 0.01326041284658197 0.0024089002105890599 11.987187683770427 4.0709159151376442 15.500000000000002 0.16600857902747998 0.82552891817465535 0.031750946628247116 2.5000000000000004 3.5000000000000004 1.5000000000000002
decision_type=8 10 8 10 8 10 10 10 10 10 8 10 10 10 8 10 2 8 10 10 2 2 2
left_child=1 2 3 7 5 -5 -7 19 9 10 11 12 -9 17 -13 -6 -17 18 -12 21 -21 22 -1
right_child=-2 -3 -4 4 15 6 -8 8 -10 -11 13 14 -14 -15 -16 16 -18 -19 -20 20 -22 -23 -24
leaf_value=0.0029707550456660112 -0.016104630849072946 -0.02377460376347363 0.00063144560492017483 0.0028034484016579864 0.001455742717444431 -0.0064016142564991812 -0.014549969651911583 -0.0012709041592760114 0.0012279830550058445 -0.0086670662153091552 0.0015333205364977704 0.0011310494218894336 -3.1956364369468012e-05 -0.00068339162618623946 -0.001352759726187779 -0.0072571982050401102 0.00040746763447342341 0.00080937704346218373 -0.0012957095722806132 0.00096889830800696904 -5.0730247895175135e-05 0.00098198079554661765 -0.0029833017406722716
leaf_weight=40 55 46 422 55 103 58 45 50 180 47 41 74 63 42 66 51 113 171 51 88 61 898 41
leaf_count=40 55 46 422 55 103 58 45 50 180 47 41 74 63 42 66 51 113 171 51 88 61 898 41
internal_value=0.000487867 0.000549484 0.000602606 0.000420974 -0.000604556 -0.00282298 -0.00503066 0.0006494 -9.99365e-05 -0.000573602 -8.82352e-05 -0.00129199 -0.00362716 0.000913149 0.000629371 0.000725 -0.000215569 0.00137876 -0.000189474 0.00116976 -0.000162829 0.00137245 -0.000508929
internal_weight=2861 2806 2760 2338 425 158 103 1913 785 605 558 253 113 305 140 267 164 263 92 1128 149 979 81
internal_count=2861 2806 2760 2338 425 158 103 1913 785 605 558 253 113 305 140 267 164 263 92 1128 149 979 81
is_linear=0
shrinkage=0.045


Tree=66
num_leaves=24
num_cat=1
split_feature=32 19 34 6 32 10 9 10 1 9 4 9 4 18 9 7 10 2 29 21 1 1 8
split_gain=0.247165 0.599229 0.337389 0.181388 0.259312 0.390161 0.175281 0.534619 0.155422 0.401417 0.259328 0.237128 0.484649 0.255248 0.448935 0.359431 0.203152 0.259019 0.136868 0.12519 0.142408 0.419209 0.163236
threshold=9.4566405094001558e-06 0.72005000000000008 5.3773375516828107e-06 0.27057980200098747 0.001691827219036346 0.003527680269831857 0.82677118677134587 0.023232284358417867 11.040508193315427 0.75092262790976494 -0.038912662111669896 0.35934138474237259 -0.0066521228274107362 18.500000000000004 0.18146403671996822 0.027010724235398385 -0.040629613178525488 11.211860495784498 1.8210993739778398 0 10.291834645218939 9.8217304382755248 8.3034072395801868
decision_type=10 2 10 10 10 8 10 8 10 8 10 8 10 2 10 8 8 10 10 1 10 10 10
left_child=1 -1 -3 6 18 -6 8 -8 11 16 -11 12 13 14 -2 -15 -10 -18 -5 -13 21 22 -21
right_child=3 2 -4 4 5 -7 7 -9 9 10 -12 19 -14 15 -16 -17 17 -19 -20 20 -22 -23 -24
leaf_value=0.0005137197997154507 -0.0096776398126984312 -0.0059119194161617022 -0.0015490294003696762 -0.00055526593621435722 -0.012969711844456134 0.0019158829160529078 0.0056492816272841802 -0.013651858431704432 -0.0017086314184432622 0.00024017862226010238 -0.0054774578774490811 0.00073799593263786751 0.00039613770449841058 0.00087716911081819047 0.0035463753455210432 -0.0017926239653822458 -0.001226614820807301 0.0011059945036495098 0.00079425943050537469 0.0007688810744306858 0.0030282957971084819 -0.0080636990479211659 -0.002190724140429819
leaf_weight=148 54 45 46 72 41 62 41 42 51 43 59 426 205 63 45 40 70 332 640 93 78 42 58
leaf_count=148 54 45 46 72 41 62 41 42 51 43 59 426 205 63 45 40 70 332 640 93 78 42 58
internal_value=0.000623794 -0.000753099 -0.00356649 0.000753223 0.00130654 -0.000785377 0.00049255 -0.00149128 0.000594314 -2.01612e-05 -0.00252857 0.000902439 3.84147e-05 -0.00151463 -0.00311029 6.36793e-05 0.000557566 0.0009 0.00161119 0.00140464 0.0005625 -8.03571e-05 0.00103734
internal_weight=2796 239 91 2557 815 103 1742 83 1659 555 102 1104 407 202 99 103 453 402 712 697 271 193 151
internal_count=2796 239 91 2557 815 103 1742 83 1659 555 102 1104 407 202 99 103 453 402 712 697 271 193 151
cat_boundaries=0 1
cat_threshold=165
is_linear=0
shrinkage=0.045


Tree=67
num_leaves=24
num_cat=1
split_feature=24 33 26 24 34 9 8 7 3 31 21 6 9 9 5 9 9 7 24 1 9 4 0
split_gain=0.62638 0.218747 0.236415 0.238148 0.45692 0.184493 0.426923 0.261751 0.317857 0.76697 0.246916 0.385895 0.322356 0.194387 0.235054 0.185211 0.144492 0.128694 0.686984 0.151934 0.294 0.127645 0.122007
threshold=inf 0.0075145217298089179 1.3230746396640218 1.7183456757167661 4.5534892473782412e-05 0.80357494617056069 7.8951546142089546 0.016748225915266229 -0.16817756119298258 0.0030024559563677552 0 0.19182046391842969 0.55565028551018203 0.43055561749448773 0.37649307547367811 0.5820744804047987 0.044535665973375146 0.012305404401376464 4.5233225313521901 10.267443623409395 0.29953816944745609 -0.13090190886138522 12.008260273029538
decision_type=8 8 10 10 10 10 10 8 8 10 1 8 8 8 10 8 10 10 10 10 8 10 8
left_child=1 2 -1 4 -4 7 -7 8 9 15 11 -10 -13 14 16 -5 -9 19 -19 20 -12 22 -18
right_child=-2 -3 3 5 -6 6 -8 13 10 -11 17 12 -14 -15 -16 -17 21 18 -20 -21 -22 -23 -24
leaf_value=0.00031490763434944961 -0.019410583681007988 0.00055132391579514268 0.00108673355327915 0.0023382962059136248 -0.010404542714014406 -0.012632528000213313 0.0031360013746234128 -0.0010640763285659366 -0.0024351498497896052 -0.0063387204426576336 -0.00056868833688177619 -0.00085102762424750316 0.0018777249897617 0.00095210814465880361 -0.0051974902683378753 -0.0014723696120178206 -0.0015601246922216461 0.0014250297291474067 -0.0008174025813008801 0.001246623674943422 0.0011224960155657028 0.00063379116307845848 0.0010289253206225736
leaf_weight=302 44 454 53 75 60 44 51 47 44 51 74 73 73 479 59 40 40 84 54 265 100 236 46
leaf_count=302 44 454 53 75 60 44 51 47 44 51 74 73 73 479 59 40 40 84 54 265 100 236 46
internal_value=0.000558751 0.00064446 0.000468551 0.000294003 -0.0016875 0.000412152 -0.00149235 0.000512751 -1.68269e-05 -0.00178402 0.000371104 -0.000997537 9.06041e-05 0.00105577 0.000354988 0.000286017 0.000780242 0.000827542 -0.000351064 0.00121663 0.000177966 0.00112154 -0.000353933
internal_weight=2848 2804 2350 2048 113 1935 95 1840 933 166 767 190 146 907 428 115 369 577 138 439 174 322 86
internal_count=2848 2804 2350 2048 113 1935 95 1840 933 166 767 190 146 907 428 115 369 577 138 439 174 322 86
cat_boundaries=0 1
cat_threshold=96
is_linear=0
shrinkage=0.045


Tree=68
num_leaves=24
num_cat=2
split_feature=5 7 6 34 28 5 10 5 9 21 24 0 19 34 5 23 9 21 4 4 1 7 16
split_gain=0.239511 1.1337 0.206182 0.245943 0.201029 0.195079 0.248206 0.273088 0.231683 0.457806 0.469241 0.224023 0.632116 0.179962 0.271816 0.290803 0.226411 0.167973 0.446349 0.152781 0.140143 0.11716 0.113263
threshold=0.83090678586471023 0.031317652612930812 0.18193283788418121 2.7171775194957512e-05 6.9733217909813723 0.15052463162541826 -0.052723205290514767 0.18576173007285182 0.080959000723672667 0 4.0050844471372873 12.24661132576828 0.7279500000000001 0.0005212854802767638 0.30271977837144487 3.5522238700720918 0.44615400417707712 1 0.045956510225510477 -0.032821551748431967 10.94640395619828 0.0055596435444776248 4.5000000000000009
decision_type=10 10 10 8 8 8 8 8 10 1 10 10 2 10 10 10 10 1 10 10 8 10 2
left_child=2 20 4 19 5 -1 -7 -8 9 21 -11 13 -13 -10 15 -15 -17 18 -5 -4 -2 -9 -19
right_child=1 -3 3 17 -6 6 7 8 11 10 -12 12 -14 14 -16 16 -18 22 -20 -21 -22 -23 -24
leaf_value=0.00047647678930067618 0.0093140015689494645 -0.013317058191978105 -0.0010298883967894649 0.0016934652531609142 -0.012955680375513333 -0.0031415331783579063 -0.004449575593876735 0.00024489345004962765 0.00078087530464843028 1.6534980721556778e-05 -0.007052010632212947 0.0011595129418509197 -0.0060075808476404086 -0.010154461739607002 0.00051912640672855098 0.001229207540944033 -0.0035984318910927248 0.00053948036774131044 -0.0014093174481605813 0.00013280239817443381 -5.3297859750438439e-05 0.0013918716797651008 0.0008661853257116316
leaf_weight=195 83 40 57 82 46 53 40 47 435 59 54 50 40 41 126 81 50 959 73 83 41 84 48
leaf_count=195 83 40 57 82 46 53 40 47 435 59 54 50 40 41 126 81 50 959 73 83 41 84 48
internal_value=0.000632666 -0.00102395 0.000734202 0.00114138 0.000354167 0.000455633 0.000232158 0.000379054 0.000519393 -0.000692308 -0.002625 0.000879843 -0.00120968 0.00114029 0.000284053 -0.000874286 0.000184702 0.00135579 -6.69642e-05 -0.000629371 0.00113386 0.00110938 0.00155956
internal_weight=2867 164 2703 1302 1401 1355 1160 1107 1067 244 113 823 90 733 298 172 131 1162 155 140 124 131 1007
internal_count=2867 164 2703 1302 1401 1355 1160 1107 1067 244 113 823 90 733 298 172 131 1162 155 140 124 131 1007
cat_boundaries=0 1 2
cat_threshold=28 8
is_linear=0
shrinkage=0.045


Tree=69
num_leaves=24
num_cat=0
split_feature=9 4 4 23 33 32 3 32 8 8 5 32 35 26 9 16 8 10 4 7 7 34 30
split_gain=0.271156 0.314099 0.7192 0.249761 0.194975 0.226429 0.289839 0.312669 0.544159 0.783439 0.21 0.362446 0.375623 0.699441 0.200013 0.140455 0.144846 0.159157 0.183496 0.217506 0.342219 0.376629 0.187394
threshold=0.080959000723672667 -0.0032615366789014856 -0.055358677934261503 0.12322988953631356 0.0031597556790856404 0.00023958666613574134 -0.21287307843834544 0.000288084255765722 10.226226587832615 10.104111340165938 0.83090678586471023 0.00057698915993497485 0.0065286925721714769 5.1703620859316626 0.27837696091346381 2.5000000000000004 12.026964595093281 -0.043079037177672357 -0.21356690564789085 0.01018764925613912 0.0027951915893831779 4.5534892473782412e-05 8.5000000000000018
decision_type=8 10 8 10 8 8 10 10 10 8 8 8 8 8 10 2 8 8 10 10 10 10 2
left_child=1 2 -1 -2 5 15 -7 -8 9 14 -6 -12 13 -13 -9 16 17 -5 -19 20 -20 -22 -21
right_child=3 -3 -4 4 10 6 7 8 -10 -11 11 12 -14 -15 -16 -17 -18 18 19 22 21 -23 -24
leaf_value=0.00098350163170204605 -0.010432263945959346 0.00038827918910224705 -0.0079420715289472543 0.00098691857407775716 0.00039891981824115524 0.00038373663854699092 -0.0017836386141497742 0.0013222549263543543 0.0017596988708147156 -0.0080662925833341267 0.0040767118981636305 -2.958783330115332e-05 0.0025334075014398429 -0.047806239082593259 -0.0012245418344142972 0.0013459682650083526 0.00086734747600793248 -0.0010950118711156097 0.00033420144038429431 0.00026406867631793135 -0.00010170052116948182 -0.0017661610655939741 -0.0046303520140756295
leaf_weight=55 46 113 41 63 924 92 75 48 100 41 133 79 46 41 55 168 262 54 40 220 55 43 44
leaf_count=55 46 113 41 63 924 92 75 48 100 41 133 79 46 41 55 168 262 54 40 220 55 43 44
internal_value=0.000584477 -0.000965802 -0.00281818 0.000708682 0.000768272 0.000396185 -0.000483696 -0.001125 -0.000327935 -0.00208163 0.00118006 0.000141556 -0.00125148 -0.00256098 6.36793e-05 0.000777574 0.000519452 8.18966e-05 -0.000215686 0.000122222 -0.00130851 -0.00271782 0.000876405
internal_weight=2838 209 96 2629 2583 1360 411 319 244 144 1223 299 166 120 103 949 781 519 456 402 138 98 264
internal_count=2838 209 96 2629 2583 1360 411 319 244 144 1223 299 166 120 103 949 781 519 456 402 138 98 264
is_linear=0
shrinkage=0.045


Tree=70
num_leaves=24
num_cat=1
split_feature=32 5 18 18 21 4 7 7 7 5 35 4 5 18 6 15 4 9 25 33 32 8 6
split_gain=0.301273 0.186776 0.165822 0.261133 0.236982 0.216771 0.214635 0.171972 0.211301 0.207053 0.194585 0.505904 0.763712 0.640725 0.581904 0.192788 0.308379 0.163002 0.262787 0.162025 0.248036 0.240294 0.22313
threshold=1.0000000180025095e-35 0.9140108091064485 32.500000000000007 31.500000000000004 0 inf 0.014618372838895334 0.0071991795642603633 0.001489287471177956 0.35057066525507563 0.0021575973285664651 0.1096799962124692 0.21320597686886142 15.500000000000002 0.15224150713395837 2.5000000000000004 -0.026610648384183002 0.43590966070249776 3.7130935305228845 0.0025272134336977018 0.00034251934850095027 12.336235335436543 0.23278877197769982
decision_type=10 10 2 2 1 8 8 10 8 8 10 10 8 2 8 2 8 8 10 8 10 8 10
left_child=-1 2 3 4 17 -4 -5 8 9 -6 19 14 -13 -14 -12 -16 -17 18 -2 20 21 22 -9
right_child=1 -3 5 6 7 -7 -8 10 -10 -11 11 12 13 -15 15 16 -18 -19 -20 -21 -22 -23 -24
leaf_value=-0.015369900039559696 -0.0010881107129933848 -0.0094301687995240642 0.00033791581966605903 -0.0013599205562629378 0.00052000487074176593 -0.0032854510033909325 9.6763748719491986e-05 0.00014940586590448844 0.00066405581050703289 -0.0020257297590563069 -0.0049109424152224395 0.0018790581463311714 -0.00092944000888300839 -0.0067875199726130098 0.0026902435812034735 -0.003646331520691915 0.00067280403031002895 0.0016026678234087278 0.0004929321157963421 0.0012468228085173087 -0.0075561049533161857 0.001969648983889221 -0.00138706256368597
leaf_weight=68 46 53 394 41 45 52 47 256 394 40 62 57 55 41 174 40 45 389 116 146 41 124 112
leaf_count=68 46 53 394 41 45 52 47 256 394 40 62 57 55 41 174 40 45 389 116 146 41 124 112
internal_value=0.000616156 0.000689686 0.000742004 0.000584763 0.000682411 0.00153341 -0.00178022 0.000399392 0.00111566 -0.000894886 0.000103157 -0.00059434 -0.00269712 -0.00509091 0.000423611 0.00136546 -0.000383523 0.00148005 0.0003 0.000590543 0.000222481 0.000509091 -7.27762e-05
internal_weight=2838 2770 2717 2271 2183 446 88 1632 479 85 1153 474 153 96 321 259 85 551 162 679 533 492 368
internal_count=2838 2770 2717 2271 2183 446 88 1632 479 85 1153 474 153 96 321 259 85 551 162 679 533 492 368
cat_boundaries=0 1
cat_threshold=129
is_linear=0
shrinkage=0.045


Tree=71
num_leaves=24
num_cat=1
split_feature=21 25 9 0 34 31 5 4 4 1 1 4 4 7 2 32 25 5 34 31 8 8 34
split_gain=0.419139 0.433413 0.452206 0.288551 0.208648 0.512294 0.216279 0.198699 0.264698 0.199428 0.844989 0.170652 0.429764 0.118469 0.195828 0.114403 0.333428 0.0946427 0.091439 0.125207 0.324539 0.0728509 0.0670699
threshold=0 8.3552083869294282 0.75963912917030973 13.592269994681343 0.00026419753670835487 0.0023870972625322112 0.68062650958882454 0.17613837672007546 0.12175636235639681 12.009990006903363 11.823222232333523 -0.032821551748431967 -0.078970852192863275 0.05082629776484026 10.334284244639013 0.0021082611004772222 5.7115039684865723 0.037188957969755514 0.0010710267858681168 0.0034382975203264624 10.35386246865489 8.6882376840661468 0.00019918479780894397
decision_type=1 8 10 10 8 10 10 10 10 10 8 8 10 8 8 8 10 8 8 10 10 10 10
left_child=13 2 3 4 5 7 15 8 9 10 11 12 -2 18 -15 17 -17 -6 19 22 -21 -13 -1
right_child=1 -3 -4 -5 6 -7 -8 -9 -10 -11 -12 21 -14 14 -16 16 -18 -19 -20 20 -22 -23 -24
leaf_value=0.00018568309783678746 0.00031935868378388292 -0.012282210685501678 -0.013382250862007073 -0.0028253464224207749 -0.00011458845528955578 -0.0031465961373494059 -0.0042971460964189127 0.00031010244905486169 -0.0011100002897960924 0.0020313199145340823 -0.0030842653859402673 0.00024576792820172038 -0.0031732654288301816 -0.0056168419752630388 0.00045704538931986909 -0.010059929330792094 0.0015964139792560587 0.00068433219375073069 0.0021311614137932474 -0.0015260973540415753 0.00073873385211625916 0.0011956079735826247 0.00097501369206485155
leaf_weight=156 101 64 41 41 52 46 42 146 63 99 52 75 52 54 79 40 53 680 352 40 50 133 321
leaf_count=156 101 64 41 41 52 46 42 146 63 99 52 75 52 54 79 40 53 680 352 40 50 133 321
internal_value=0.000755556 0.000326269 0.000465969 0.000583284 0.000678986 0.000137338 0.00115603 0.000438191 5.83911e-05 0.000401942 -3.78605e-05 0.00074794 -0.000389423 0.00146197 0.000215074 0.00131793 -0.000164062 0.00150612 0.001657 0.00129079 -0.000241935 0.0015782 0.00157969
internal_weight=2832 1780 1716 1675 1634 767 867 721 575 512 413 361 153 1052 133 825 93 732 919 567 90 208 477
internal_count=2832 1780 1716 1675 1634 767 867 721 575 512 413 361 153 1052 133 825 93 732 919 567 90 208 477
cat_boundaries=0 1
cat_threshold=193
is_linear=0
shrinkage=0.045


Tree=72
num_leaves=24
num_cat=2
split_feature=6 8 5 28 10 6 21 31 8 28 21 1 8 0 2 19 31 35 3 19 24 29 24
split_gain=0.259262 0.448237 0.551413 0.487591 0.268312 0.277714 0.228352 0.233424 0.199904 0.512382 0.263402 0.270612 0.330619 0.363173 0.669489 0.377693 0.148844 0.128884 0.1233 0.185459 0.0913948 0.0872678 0.229006
threshold=0.097316123545996738 10.444305342676566 0.15052463162541826 3.4950999638694431 -0.066570907053793829 0.038254267259519394 0 0.0021312633199750846 10.931783357127122 4.3812116234009535 1 8.9261747720521765 8.4136587562216807 10.604282377580285 10.287957763489738 0.78900000000000015 0.0018499997798675659 9.6602501131032404e-05 -0.193779671311857 0.40110000000000007 5.5142999295314867 2.5172984084096837 2.2484291441976496
decision_type=10 10 10 8 10 10 1 8 10 10 1 10 10 10 10 2 10 8 8 2 10 8 10
left_child=1 4 -3 -4 5 6 7 -1 9 10 21 -12 -13 14 15 16 -14 -10 -8 -20 -21 22 -2
right_child=8 2 3 -5 -6 -7 18 -9 17 -11 11 12 13 -15 -16 -17 -18 -19 19 20 -22 -23 -24
leaf_value=0.0002643633268721945 0.00029391166895359824 0.00062975861643640096 -0.0031138869637480637 4.6299182278418425e-05 0.00085859779402407534 -0.0047129803302028029 -0.00069708272777043985 -0.0061319102064337364 -7.4862487370344443e-05 -0.0079325158169718541 0.00077236633722661894 -0.0073565317778596043 -7.386400449874103e-05 0.0011980533783235512 -0.0042242828994004033 -0.0019145377885745685 0.0011619672120202888 0.00060070338458141463 -0.001228378356192534 0.0013176088292128562 8.8523216156593919e-05 0.0005914571354036207 -0.00053697495625602636
leaf_weight=52 215 52 43 42 181 48 50 51 47 52 127 50 41 130 41 47 99 557 67 254 57 473 54
leaf_count=52 215 52 43 42 181 48 50 51 47 52 127 50 41 130 41 47 99 557 67 254 57 473 54
internal_value=0.000675079 4.25001e-05 -0.00229821 -0.00447443 0.000471822 -3.86592e-06 0.000299157 -0.00149353 0.000968104 0.000657095 0.000838477 6.15876e-05 -0.00050365 -1.24653e-05 -0.00109091 8.28948e-05 0.00125874 0.0016458 0.000755102 0.00105118 0.00151194 0.00137682 0.000736213
internal_weight=2830 897 137 85 760 579 531 103 1933 1329 1277 535 408 358 228 187 140 604 428 378 311 742 269
internal_count=2830 897 137 85 760 579 531 103 1933 1329 1277 535 408 358 228 187 140 604 428 378 311 742 269
cat_boundaries=0 1 2
cat_threshold=18 165
is_linear=0
shrinkage=0.045


Tree=73
num_leaves=24
num_cat=0
split_feature=2 8 1 9 10 16 25 7 7 7 32 25 33 32 33 10 35 6 7 19 7 4 34
split_gain=0.254622 0.878287 0.310623 0.380574 0.435394 0.194896 0.348508 0.283859 0.223032 0.221481 0.237816 0.26318 0.257065 0.339965 0.274308 0.197389 0.19726 0.171171 0.363989 0.151398 0.137741 0.128671 0.122239
threshold=9.417340311200979 7.8095530811895513 9.5504440001426598 0.55565028551018203 -0.011601207828509262 -1.4999999999999998 5.7659312662152464 0.011456804601018415 0.0099376115646273942 0.010526387596488261 0.001691827219036346 6.2255905318455538 0.0024574183439954708 0.00021238038694235446 0.0019494973431673859 -0.017962985090924085 0.0015290504400402695 0.23278877197769982 0.019235487588208328 0.82915000000000016 0.042361397622788254 0.21969512374923791 8.3205025384137826e-05
decision_type=8 8 8 8 10 2 8 10 8 10 10 10 8 10 10 10 8 10 10 2 10 10 8
left_child=19 -2 3 4 -3 6 7 15 22 16 12 -12 13 17 -15 -4 -10 20 -19 -1 -11 -14 -7
right_child=1 2 5 -5 -6 8 -8 -9 9 10 11 -13 21 14 -16 -17 -18 18 -20 -21 -22 -23 -24
leaf_value=0.00038889076418542167 -0.022016142622784302 -0.010840952191701676 -0.0064865772537827651 0.0015368733995809356 0.00025052462784020123 0.0010306769668119128 -0.0033210719862708268 0.0020746672433618637 0.0018526788825648636 0.00062690747277619277 -0.0054435985980712817 0.001011639049673762 0.00090263437524317261 -0.0023216640223734991 0.00047016296755025377 0.0014541012722234263 -0.0019714965404016979 -0.0021821866788101622 0.0010853671503887655 -0.00013492172877590662 0.00022395406578635152 0.00026805786115776601 0.00056998781054278707
leaf_weight=524 44 48 50 41 45 125 79 112 62 206 43 42 436 44 46 42 72 44 66 41 45 84 456
leaf_count=524 44 48 50 41 45 125 79 112 62 206 43 42 436 44 46 42 72 44 66 41 45 84 456
internal_value=0.000752946 0.000535571 0.00066545 -0.00141241 -0.00297656 0.000802868 -0.000291084 0.000695652 0.000977875 0.000622381 0.00084136 -0.00140625 0.00104184 0.000252753 -0.00217742 -0.00113684 -0.00108394 0.000871566 -0.000597345 0.00160431 0.00151476 0.00172084 0.00169906
internal_weight=2797 2232 2188 134 93 2054 283 204 1771 1190 1056 85 971 451 90 92 134 361 110 565 251 520 581
internal_count=2797 2232 2188 134 93 2054 283 204 1771 1190 1056 85 971 451 90 92 134 361 110 565 251 520 581
is_linear=0
shrinkage=0.045


Tree=74
num_leaves=24
num_cat=0
split_feature=5 9 23 8 6 6 8 0 5 23 35 34 5 6 9 24 5 9 26 34 34 3 5
split_gain=0.210203 0.185801 0.212844 0.179322 0.176904 0.212761 0.352652 0.280191 0.119328 0.182483 0.462796 0.179661 0.209784 0.376353 0.175245 0.337135 0.137882 0.150887 0.162578 0.173814 0.262598 0.260844 0.135135
threshold=0.9140108091064485 0.069789519058565355 4.1804476876303385 9.7173161405397082 0.33368954521120736 0.31313170182939282 10.565970060424535 9.7362923451237524 0.49346678636932706 6.7710714436487232 0.0042849867979126051 0.0019885954423760296 0.43817022319889048 0.15224150713395837 0.44615400417707712 4.2704974834948013 0.15052463162541826 0.35934138474237259 4.4231367660113623 3.9133424613217633e-05 0.00032233616542153481 -0.027443630075561769 0.29801614435481327
decision_type=10 8 10 10 10 10 10 10 10 8 10 10 10 10 10 10 10 10 8 8 10 10 10
left_child=1 2 3 -1 5 8 7 -7 9 11 -11 12 14 -14 16 -16 -3 18 19 22 21 -21 -18
right_child=-2 4 -4 -5 -6 6 -8 -9 -10 10 -12 -13 13 -15 15 -17 17 -19 -20 20 -22 -23 -24
leaf_value=5.1873024815385555e-05 -0.014872668037031309 0.00077105042622289087 0.00055197535351061413 -0.0067945438128662796 0.00081833578563753008 0.0017060618424069541 0.0026584658259079593 -0.0010662693632574349 0.00043703254716345974 -0.0077426421307366915 0.00027386803086360695 -0.0037720291849963252 -0.0050679982996093536 0.00052790878898785509 0.00034295926277472277 -0.0017715354760659083 0.0013488325221759239 0.0014543362302219919 0.00055021420945398144 -0.0093449637574087915 0.00074350269832291701 3.0178281868249767e-06 -0.00084880670464448655
leaf_weight=40 53 420 123 40 439 40 46 40 594 46 63 77 40 77 120 47 82 143 161 40 71 50 42
leaf_count=40 53 420 123 40 439 40 46 40 594 46 63 77 40 77 120 47 82 143 161 40 71 50 42
internal_value=0.000849672 0.00090269 -0.000404126 -0.00216867 0.0010036 0.000836853 -0.00094186 -0.00271084 0.000946171 0.000727227 -0.00102455 0.000868536 0.000994792 -0.00080625 0.00117557 -0.000172059 0.00139847 0.000946368 0.00053118 -0.000117187 -0.00108384 -0.00266129 0.00113386
internal_weight=2894 2841 203 80 2638 2199 126 80 2073 1479 109 1370 1293 117 1176 167 1009 589 446 285 161 90 124
internal_count=2894 2841 203 80 2638 2199 126 80 2073 1479 109 1370 1293 117 1176 167 1009 589 446 285 161 90 124
is_linear=0
shrinkage=0.045


Tree=75
num_leaves=24
num_cat=1
split_feature=24 34 34 7 9 1 10 31 35 25 5 34 34 0 33 2 1 30 10 10 21 19 19
split_gain=0.174681 0.132834 0.539522 0.146807 0.520354 0.354642 0.211484 0.170645 0.274652 0.186825 0.234134 0.117349 0.29498 0.101165 0.201337 0.100577 0.167413 0.173264 0.0926056 0.102776 0.0755256 0.136218 0.231426
threshold=inf 1.4782742741730206e-05 2.0071365034255584e-05 0.028327654481363321 0.82677118677134587 9.8593185506932191 0.040295665062123294 0.0035090104123221039 0.0035981020486505568 3.9437609139281471 0.044535665973375146 0.00054183575506488188 0.00046924645050304225 13.452152144963366 0.0035696061592216137 10.934472336490696 11.956402124474062 6.5000000000000009 1.0000000180025095e-35 -0.036538387767641588 0 0.73935000000000006 0.67540000000000011
decision_type=8 10 10 8 8 10 10 10 8 10 8 10 10 8 10 8 10 2 8 10 1 2 2
left_child=1 18 -3 7 6 -6 13 11 -9 -10 -11 12 20 -5 -15 -12 17 -17 19 -1 21 22 -4
right_child=-2 2 3 4 5 -7 -8 8 9 10 15 -13 -14 14 -16 16 -18 -19 -20 -21 -22 -23 -24
leaf_value=0.0010824084780537042 -0.016183975251003145 -0.00073405427896585176 0.00019287212837964252 0.00034406760734346234 0.00086528050679005985 -0.022131566194752005 -0.0020434285694673265 -0.00081414773537887009 -0.0064227023891511165 -0.0060115145609916229 0.0011249017661721082 0.0014389414452483423 -0.00098709391807514897 -0.00079525995250318373 0.0072354717654647188 -0.0015789805098458923 0.00087255080793557048 0.0020254681625874859 0.0006809183526163984 -1.6829785278305972e-05 0.00042707149204100219 0.0018742340445071514 -0.001551221975093602
leaf_weight=50 42 65 51 353 71 77 60 42 58 41 187 375 50 56 51 46 81 49 248 64 575 52 40
leaf_count=50 42 65 51 353 71 77 60 42 58 41 187 375 50 56 51 46 81 49 248 64 575 52 40
internal_value=0.000891281 0.000936066 0.000812002 0.000926985 0.000362146 -0.00196689 0.0010325 0.001155 0.000461539 0.000783871 0.00112776 0.00145877 0.0011323 0.00136069 0.000143182 0.00149385 0.000703911 -0.00057398 0.00173836 0.000653846 0.00136685 0.000331731 -0.000694149
internal_weight=2784 2742 2380 2315 668 148 520 1647 504 462 404 1143 768 460 107 363 176 95 362 114 718 143 91
internal_count=2784 2742 2380 2315 668 148 520 1647 504 462 404 1143 768 460 107 363 176 95 362 114 718 143 91
cat_boundaries=0 1
cat_threshold=72
is_linear=0
shrinkage=0.045


Tree=76
num_leaves=24
num_cat=1
split_feature=19 3 5 3 6 6 4 4 21 4 4 5 16 16 33 19 6 4 19 34 7 31 4
split_gain=0.216761 0.133352 0.166504 0.171846 0.147089 0.234658 0.46934 0.38974 0.180475 0.233738 0.287963 0.233849 0.274335 0.81231 0.265846 0.442027 0.540733 0.170916 0.126065 0.125626 0.135174 0.214326 0.103468
threshold=0.37875000000000009 -0.21287307843834544 0.9140108091064485 -0.193779671311857 0.36600423516877162 0.29166743343356133 0.16030212404269564 -0.091148855982882526 0 -0.078970852192863275 0.17613837672007546 0.15052463162541826 1.5000000000000002 1.0000000180025095e-35 0.0026669675104501523 0.77220000000000011 0.1443858122115789 0.25005996941994968 0.78900000000000015 2.5110170073224728e-05 0.00033242110095414143 0.0039305254774960096 -0.082374288239055821
decision_type=2 10 10 10 8 10 10 8 1 8 10 10 2 2 8 2 10 10 2 8 10 8 8
left_child=-1 19 3 -3 5 8 7 -7 9 -5 11 -11 13 14 15 16 -13 -8 -6 -2 21 -21 -10
right_child=1 2 -4 4 18 6 17 -9 22 10 -12 12 -14 -15 -16 -17 -18 -19 -20 20 -22 -23 -24
leaf_value=-0.0034731809276755871 -0.0002041097007786927 -0.00050500005516674088 -0.0077426548261487742 0.00088873175277124001 0.0011209193345714339 -0.00072698114886337543 -0.0028830592208512061 0.00050525140609762912 0.00011087978474355487 0.0013806549125248489 0.00019969543069224937 1.4467216590055856e-05 0.00068618859653746353 -0.0070780604125073995 0.0011032696821681265 0.0019323116633494517 -0.004776596405042576 -2.3989632920737803e-05 0.00017534169136877465 0.0014511236278948294 0.00094884814071170137 -0.0072873249642986552 0.00082583406689030873
leaf_weight=71 75 78 42 139 415 53 40 200 96 106 174 43 66 55 80 41 42 40 49 95 397 40 411
leaf_count=71 75 78 42 139 415 53 40 200 96 106 174 43 66 55 80 41 42 40 49 95 397 40 411
internal_value=0.000921782 0.000984982 0.000817994 0.000874237 0.000953483 0.000744808 -0.000314732 0.000641602 0.00102647 0.000551383 0.000173361 -0.000448968 -0.00104318 -0.00169602 -0.000366029 -0.00163953 -0.0034517 -0.00325301 0.00165739 0.001575 0.00181682 0.000570652 0.00167452
internal_weight=2848 2777 2170 2128 2050 1586 333 253 1253 746 607 433 327 261 206 126 85 80 464 607 532 135 507
internal_count=2848 2777 2170 2128 2050 1586 333 253 1253 746 607 433 327 261 206 126 85 80 464 607 532 135 507
cat_boundaries=0 1
cat_threshold=38
is_linear=0
shrinkage=0.045


Tree=77
num_leaves=24
num_cat=0
split_feature=24 5 19 3 18 3 3 6 1 4 19 5 4 2 3 8 10 4 19 34 18 29 2
split_gain=0.264415 0.219809 0.143389 0.496419 0.214236 0.132929 0.289126 0.251448 0.363168 0.369898 0.285211 0.209133 0.103859 0.101272 0.127 0.137497 0.135663 0.16754 0.365166 0.13047 0.293802 0.150954 0.0786286
threshold=inf 0.9140108091064485 0.51660000000000006 -0.11084329429920768 10.500000000000002 0.13240531789753177 0.27516134537823772 0.22376807065700283 10.845751829708405 0.003840778562613298 0.71665000000000012 0.50087181513825718 -0.055358677934261503 10.787544616020597 0.037723319331596387 10.444305342676566 -0.0015624640591748306 0.18125509845477461 0.64960000000000007 0.00028866437307769791 18.500000000000004 4.5712779759156748 8.8391534860352561
decision_type=8 10 2 8 2 10 10 8 10 8 2 10 8 8 10 10 8 8 2 8 2 10 10
left_child=1 2 3 -1 -5 13 7 8 10 -10 -7 -9 -8 14 15 16 22 19 -19 20 -18 -21 -4
right_child=-2 -3 5 4 -6 6 12 11 9 -11 -12 -13 -14 -15 -16 -17 17 18 -20 21 -22 -23 -24
leaf_value=-0.001874276663414325 -0.014529987657613068 -0.0054283499681433882 3.1405839874599421e-05 -0.00051096563193493304 0.0030785401464114809 -0.0022490043868033981 0.00015803121186491791 0.00086712658684198177 6.3397958777178503e-06 -0.0054305717389144057 0.00090270581610956183 -4.2402370228375618e-05 0.00030996321783618324 0.00048118122308105581 0.00058816925409596068 -0.0033026327311374967 0.0011703451062634407 0.00038488297691226546 -0.0095990892365449814 0.0018302755239651806 -0.0010721436492627568 2.4522168924854919e-05 0.0011474076090539553
leaf_weight=60 46 52 40 62 176 64 51 139 40 55 72 65 309 754 133 45 55 62 63 207 70 42 172
leaf_count=60 46 52 40 62 176 64 51 139 40 55 72 65 309 754 133 45 55 62 63 207 70 42 172
internal_value=0.000804195 0.000860982 0.000916758 -1.49501e-05 0.000914938 0.00103052 0.000549812 -0.000231164 -0.00124038 -0.00332908 0.000258993 0.000913044 0.0014876 0.0012617 0.000930774 0.000699605 0.000853992 0.000443725 -0.000966797 0.000919098 -0.000263672 0.00150893 0.0018
internal_weight=2834 2788 2736 298 238 2438 795 435 231 95 136 204 360 1643 889 756 711 499 125 374 125 249 212
internal_count=2834 2788 2736 298 238 2438 795 435 231 95 136 204 360 1643 889 756 711 499 125 374 125 249 212
is_linear=0
shrinkage=0.045


Tree=78
num_leaves=24
num_cat=2
split_feature=25 5 7 6 33 35 7 21 35 33 1 2 33 15 33 10 3 9 21 10 34 4 4
split_gain=0.218535 0.211181 0.144442 0.15315 0.282393 0.215416 0.346642 0.234737 0.283252 0.495231 0.244672 0.286915 0.232092 0.35136 0.232156 0.361791 0.217662 0.18668 0.14972 0.273449 0.145276 0.0782935 0.0763331
threshold=inf 0.9140108091064485 0.0071991795642603633 0.31942726464653931 0.00062831832910747738 0.0015290504400402695 0.0080772608959784106 0 8.4797378544416375e-05 0.00013590532827159287 11.777108560571332 12.36896660367203 0.0064876294749484798 3.5000000000000004 0.002838290719921407 -0.025380052242294223 -0.040360490798283057 0.61560716057601883 1 0.029183924137461941 0.00080746042290935583 0.27614848903058103 0.087535292839094933
decision_type=8 10 8 10 8 10 8 1 10 10 8 10 8 2 10 8 8 8 1 8 10 8 10
left_child=1 2 18 5 -5 7 -7 8 -4 -10 17 -12 13 14 16 -16 -8 -11 19 -1 -14 -17 -20
right_child=-2 -3 3 4 -6 6 12 -9 9 10 11 -13 20 -15 15 21 -18 -19 22 -21 -22 -23 -24
leaf_value=0.00059329438209612239 -0.012208197483955539 -0.012614782280857915 0.0007787234646110077 -0.0013842452382070523 0.00061123459033186433 -0.0025899470339328908 0.001046095500373349 0.0011268501883757687 -0.0026238253740595327 0.0005260899068803785 -0.0010535623752195506 0.0014280927015804773 -0.00013509338563663835 -0.0018244514871609775 -0.0074390195555680966 0.0016546106552035545 -0.004494320693775292 -0.0016073065289601675 0.00097898116840556778 -0.0014662704749354471 0.00069189279432276441 0.00028814135963093203 0.00033127243697402356
leaf_weight=75 51 53 116 43 340 43 41 387 54 134 40 40 59 73 57 189 77 58 343 43 249 65 197
leaf_count=75 51 53 116 43 340 43 41 387 54 134 40 40 59 73 57 189 77 58 343 43 249 65 197
internal_value=0.000800618 0.000854984 0.0009104 0.000723525 0.00153303 0.000536795 3.41706e-05 0.00105198 0.000306593 -0.000369301 0.000425455 -0.00162651 0.000249078 -0.000347525 0.000151042 0.000795382 -0.00152479 0.00129231 0.00149092 -3.43511e-05 0.00121543 0.00152335 0.00179024
internal_weight=2827 2776 2723 2065 383 1682 853 829 442 326 272 80 810 502 429 311 118 192 658 118 308 254 540
internal_count=2827 2776 2723 2065 383 1682 853 829 442 326 272 80 810 502 429 311 118 192 658 118 308 254 540
cat_boundaries=0 1 2
cat_threshold=28 17
is_linear=0
shrinkage=0.045


Tree=79
num_leaves=24
num_cat=0
split_feature=5 27 1 7 19 2 30 7 7 18 4 8 8 18 10 23 19 4 25 18 25 6 5
split_gain=0.30615 0.270203 0.218578 0.172467 0.555406 0.200874 0.554604 0.193765 0.263287 0.553133 0.338102 0.221013 0.505894 0.565166 0.238422 0.414051 0.225983 0.119448 0.201741 0.116068 0.0707496 0.0662386 0.055322
threshold=0.9140108091064485 1.0000000180025095e-35 8.7463942657440814 0.00033242110095414143 0.6402500000000001 8.9416285542736897 6.5000000000000009 0.0099376115646273942 0.01326041284658197 8.5000000000000018 -0.047504726142666258 11.33565210626155 12.154056100384489 13.500000000000002 0.038478195498035835 3.7895796191056625 0.40110000000000007 0.1096799962124692 3.7776852145935291 12.500000000000002 5.997458910069553 0.10037168680080633 0.45454623378019776
decision_type=10 10 10 10 2 8 2 10 10 2 10 10 10 2 10 10 2 10 10 2 10 8 10
left_child=1 -1 21 4 -4 6 -5 17 9 -9 -11 14 13 -13 16 -16 -10 -7 -19 -14 -20 -3 -18
right_child=-2 2 3 5 -6 7 -8 8 11 10 -12 12 19 -15 15 -17 22 18 20 -21 -22 -23 -24
leaf_value=-0.013326769326242476 -0.010071529102107579 0.00027409768037684368 0.00077428254536872712 -0.0039043167525357881 -0.009873657278949689 0.00066015407348321087 0.0010048301890675402 -0.0058970210653969454 -0.0034175661068814316 -0.00041301497315805085 0.00047628587210471587 0.00075203666733015759 -0.00093131498582403832 -0.0038975377030777227 -0.0077345339178111873 0.0013520544116478515 0.00074525938388879105 -0.00081087679444131599 0.0017147331163579872 0.00094617455568399246 3.367515446759083e-05 0.0011300877240420432 0.00084166446397916043
leaf_weight=46 56 50 98 43 53 473 47 59 48 59 124 52 52 76 40 64 480 79 114 119 40 288 274
leaf_count=46 56 50 98 43 53 473 47 59 48 59 124 52 52 76 40 64 480 79 114 119 40 288 274
internal_value=0.000772471 0.000839806 0.000898355 0.000745307 -0.000715909 0.000844501 -0.00120968 0.000931934 0.000631552 -0.000716326 0.000520161 0.000903353 -0.000156457 -0.00226718 0.00125248 -0.000757009 0.00151491 0.00154231 0.000695975 0.00143534 0.00163376 0.00196628 0.00170608
internal_weight=2834 2778 2732 2394 151 2243 90 2153 1447 242 183 1205 299 128 906 104 802 706 233 171 154 338 754
internal_count=2834 2778 2732 2394 151 2243 90 2153 1447 242 183 1205 299 128 906 104 802 706 233 171 154 338 754
is_linear=0
shrinkage=0.045


Tree=80
num_leaves=24
num_cat=1
split_feature=31 26 35 31 34 18 29 9 5 1 24 28 34 4 24 21 2 35 9 18 1 2 1
split_gain=0.36129 0.183053 0.200491 0.266634 0.64137 0.705749 0.224951 0.497922 0.146548 0.141529 0.122572 0.276903 0.461342 0.14586 0.227815 0.236031 0.248534 0.461355 0.170041 0.160079 0.159148 0.155966 0.107336
threshold=1.0000000180025095e-35 1.5324056685298186 0.0068807179911506977 0.0039305254774960096 0.0008522069541968449 29.500000000000004 1.8669356184455435 0.21965293064185346 0.5878793554405185 10.057598073874768 2.5792536239562107 1.7189630365818145 0.00026419753670835487 0.1096799962124692 3.8724762011228586 0 10.383493442975345 0.0015290504400402695 0.70889081559018863 17.500000000000004 11.460398958068881 10.314060585308164 10.42469429720464
decision_type=10 10 8 10 8 2 10 10 8 10 10 10 8 8 10 1 10 10 10 2 10 10 10
left_child=-1 -2 3 6 5 -5 7 -3 -6 -9 -8 12 -12 18 -15 21 -17 -18 -13 -20 -19 -16 -10
right_child=1 2 -4 4 8 -7 10 9 22 -11 11 13 -14 14 15 16 17 20 19 -21 -22 -23 -24
leaf_value=-0.015520988972290647 0.0006145352233408541 -0.0026121778104527867 0.0010884345443426295 -0.005818134219460128 0.00056017341334346055 0.00041228670695020182 0.001197309413276609 0.00080880288481138699 -0.0062480063129851443 -0.012774303385712621 -0.0030826546642891972 0.0007901245978644124 0.0043512196389879155 0.001039708226067909 -0.00061460242590087079 0.00040520856868839753 0.0026463085201521392 -0.0063125482122844334 -0.0011329421968463279 0.0018959557302587048 -0.00039967835822218829 0.001482702624984491 0.0022558734677621487
leaf_weight=40 354 56 312 70 137 46 180 78 40 40 57 688 44 158 40 55 62 40 75 41 40 104 41
leaf_count=40 354 56 312 70 137 46 180 78 40 40 57 688 44 158 40 55 62 40 75 41 40 104 41
internal_value=0.000962335 0.00102517 0.000882426 0.000721718 -0.000440653 -0.00310084 0.00094293 -0.000584746 0.000997738 0.00107851 0.00111153 0.000965885 -0.00127644 0.00114223 0.000533367 -0.000124273 -0.00110357 -0.00214138 0.00151673 -7.56302e-05 -0.00433735 0.00120382 -0.000508929
internal_weight=2798 2758 2404 2092 334 116 1758 174 218 118 1584 1404 101 1303 499 341 197 142 804 116 80 144 81
internal_count=2798 2758 2404 2092 334 116 1758 174 218 118 1584 1404 101 1303 499 341 197 142 804 116 80 144 81
cat_boundaries=0 1
cat_threshold=134
is_linear=0
shrinkage=0.045


Tree=81
num_leaves=24
num_cat=1
split_feature=5 27 33 31 23 5 21 7 19 2 8 9 10 6 3 19 33 31 19 8 2 35 31
split_gain=0.35726 0.166713 0.167448 0.335615 0.740172 0.261 0.23 0.4218 0.303943 0.157292 0.621191 0.195236 0.156827 0.23215 0.299378 0.155378 0.122902 0.298178 0.121893 0.110072 0.255538 0.0930933 0.39957
threshold=0.9140108091064485 1.0000000180025095e-35 0.0076314784917047504 0.0039305254774960096 4.1462279632562051 0.56485258841325681 0 0.001996472673684383 0.68125000000000013 10.287957763489738 9.684756398349279 0.061417702536852269 -0.015080716083445035 0.13409407546628496 0.240478054671348 0.72215000000000007 0.0019494973431673859 0.00073721440933316635 0.81820000000000015 8.9810086862266179 9.1017913956469254 0.00013454420094291146 9.2880597330937309e-05
decision_type=10 10 8 10 10 8 1 10 2 10 8 10 8 10 10 2 10 10 2 8 10 10 10
left_child=1 -1 3 6 -5 18 12 8 -8 19 -11 -12 13 -3 15 -15 17 -13 -6 20 -9 22 -14
right_child=-2 2 -4 4 5 -7 7 9 -10 10 11 16 21 14 -16 -17 -18 -19 -20 -21 -22 -23 -24
leaf_value=-0.013696560931873429 -0.013200425651973017 0.00040025950597809452 0.00065954846318865641 -0.0056879680389348188 0.00056344754648535503 -0.0025478315420544794 0.0002632872562355443 0.0012126673203841315 -0.0030361282663322734 -0.0045391619249910888 -0.0011120706585019545 0.00069259572317429373 0.00076759263574799667 -0.00025528370039374943 -0.00061634613691921808 0.0017277769093214485 0.00082497631709215261 -0.001224165729600774 -5.5307034775694942e-05 0.0012428193748955443 -0.0010715279733234488 0.00075151285825558896 -0.00035117310365878775
leaf_weight=41 50 118 433 59 162 59 68 98 40 42 73 113 147 50 42 53 173 42 40 217 50 585 78
leaf_count=41 50 118 433 59 162 59 68 98 40 42 73 113 147 50 42 53 173 42 40 217 50 585 78
internal_value=0.000692613 0.000761576 0.000804918 0.00065106 -0.000696594 0.000349432 0.000868599 0.000329386 -0.00227027 0.00068804 0.000116031 0.000673886 0.00131146 0.000363722 -0.000836149 0.000488208 0.00114199 0.000213608 0.00111951 0.00137568 0.000417219 0.00163284 0.000838816
internal_weight=2833 2783 2742 2309 320 261 1989 916 108 808 443 401 1073 263 145 103 328 155 202 365 148 810 225
internal_count=2833 2783 2742 2309 320 261 1989 916 108 808 443 401 1073 263 145 103 328 155 202 365 148 810 225
cat_boundaries=0 1
cat_threshold=134
is_linear=0
shrinkage=0.045


Tree=82
num_leaves=24
num_cat=1
split_feature=18 21 5 5 10 1 25 1 33 1 32 10 18 10 32 31 34 33 11 28 2 32 4
split_gain=0.164265 0.196333 0.445622 0.204136 0.228584 0.203827 0.352319 0.170916 0.157939 0.224055 0.328893 0.233687 0.175396 0.150423 0.14802 0.171261 0.0997172 0.280075 0.101816 0.0843558 0.182419 0.439457 0.0654049
threshold=26.500000000000004 0 0.74993172655374929 0.084613420672163986 -0.026178660127708333 10.482006697055438 3.8196335528411152 10.213508079952552 0.006113755894948599 11.777108560571332 5.9168984245900351e-05 -0.015080716083445035 24.500000000000004 -0.019825295974322695 0.00034251934850095027 0.00085248828057967385 0.00075318116943587365 0.0034107512565427558 1.0000000180025095e-35 1.4339841681826255 9.7875434475424559 2.0148006101959769e-05 0.20204837908968457
decision_type=2 1 8 8 10 10 10 10 10 10 10 10 2 8 10 10 10 10 2 10 10 10 10
left_child=1 2 5 4 -3 6 -1 -4 9 12 -11 -12 16 14 15 -2 18 -18 19 20 -5 -22 -21
right_child=13 3 7 8 -6 -7 -8 -9 -10 10 11 -13 -14 -15 -16 -17 17 -19 -20 22 21 -23 -24
leaf_value=0.00055803810583337978 8.9423930520884346e-05 0.00069922922223515096 -0.005071383205018553 0.00076460374781557984 -0.0069892666548730352 0.001509449078207839 -0.0045691654393539083 -0.0059188444407938974 0.00089357325970754132 0.00088857854214641359 -0.0032026325014454337 3.9877951850518677e-05 -2.9345242207429e-05 0.00031615780590448265 0.00061321632760317232 -0.00067764350805868683 -0.0047938891820724951 0.0013398777689632325 -0.0069507030152231378 0.0011696406777028769 0.00089919561709659202 -0.0025731440519137353 0.0021697966754942524
leaf_weight=85 56 53 40 200 75 123 54 40 377 94 52 54 63 687 77 40 42 103 46 308 75 41 51
leaf_count=85 56 53 40 200 75 123 54 40 377 94 52 54 63 687 77 40 42 103 46 308 75 41 51
internal_value=0.000836914 0.000609399 -0.000367606 0.000811475 -0.00089313 0.000526415 -0.000649648 -0.00325301 0.000963221 0.000693684 -0.000665025 -0.00235321 0.000987393 0.00135574 0.000166193 -0.001 0.00115478 7.60136e-05 0.00137051 0.00150996 0.000959248 -0.000453781 0.00198273
internal_weight=2836 1976 342 1634 128 262 139 80 1506 1129 200 106 929 860 173 96 866 145 721 675 316 116 359
internal_count=2836 1976 342 1634 128 262 139 80 1506 1129 200 106 929 860 173 96 866 145 721 675 316 116 359
cat_boundaries=0 1
cat_threshold=18
is_linear=0
shrinkage=0.045


Tree=83
num_leaves=24
num_cat=1
split_feature=1 21 1 3 18 8 25 28 35 16 19 7 3 7 31 35 19 34 6 10 18 18 23
split_gain=0.28602 0.450273 0.4872 0.27469 0.344394 0.594221 0.170443 0.277238 0.46307 0.15157 0.143634 0.40861 0.142258 0.13372 0.113226 0.46672 0.146316 0.133907 0.354739 0.482644 0.110942 0.309321 0.107854
threshold=11.777108560571332 0 11.956402124474062 0.18271940470686809 18.500000000000004 11.630250063428674 5.1591006178264003 3.5889958022755075 0.0020517709028092523 -1.4999999999999998 0.84365000000000012 0.019733817756017614 0.240478054671348 0.012305404401376464 0.0039305254774960096 0.0044388531163524784 0.40110000000000007 0.00021476866301531482 0.25575785724300132 1.0000000180025095e-35 11.500000000000002 7.5000000000000009 4.1161940851800702
decision_type=10 1 10 10 2 10 10 8 8 2 2 10 10 10 10 8 2 8 10 8 2 2 10
left_child=6 12 -3 4 -4 -6 7 10 -9 -8 14 -12 -2 -10 16 -16 -1 18 20 -20 21 -18 -17
right_child=1 2 3 -5 5 -7 9 8 13 -11 11 -13 -14 -15 15 22 17 -19 19 -21 -22 -23 -24
leaf_value=-0.00052929103331794756 0.00036312079203103893 -0.0049644195283743914 -0.0029360355448960996 0.0014024298258957656 -0.0079102186915944225 0.0010686972687830463 0.00051717562354278027 -0.01218432717090703 0.0047891449389062656 0.00092165668516332394 0.0011690004307467207 -0.0064317697877632361 -9.1399410319954168e-06 -0.00032798076199403462 -0.0054427494932818279 -0.0019851596429298368 0.0009929817197554642 0.00051082205842515422 -0.00085689383547134788 0.00088412272719979549 0.00039466807294009926 -0.0010041579255253448 0.001079707937741835
leaf_weight=56 217 54 76 63 40 93 51 43 55 347 96 42 40 56 42 52 69 772 52 78 303 46 97
leaf_count=56 217 54 76 63 40 93 51 43 55 347 96 42 40 56 42 52 69 772 52 78 303 46 97
internal_value=0.000823074 -6.5273e-05 -0.00115487 -0.000392727 -0.00117807 0.000215074 0.00105232 0.000868824 -0.00094586 0.00189651 0.0010341 -0.000351064 0.00130833 0.000611842 0.00115653 0.000127577 0.00129877 0.00139456 0.000849365 -0.00118421 0.00148575 0.000286017 0.00131743
internal_weight=2840 583 326 272 209 133 2257 1859 154 398 1705 138 257 111 1567 191 1376 1320 548 130 418 115 149
internal_count=2840 583 326 272 209 133 2257 1859 154 398 1705 138 257 111 1567 191 1376 1320 548 130 418 115 149
cat_boundaries=0 1
cat_threshold=147
is_linear=0
shrinkage=0.045


Tree=84
num_leaves=24
num_cat=0
split_feature=7 10 23 28 3 6 24 32 30 7 2 26 19 32 0 28 18 9 30 6 5 2 7
split_gain=0.26934 0.321868 0.403276 0.317264 0.187792 0.631815 0.403474 0.22833 0.144248 0.129293 0.243002 0.536505 0.219237 0.11838 0.132788 0.105749 0.163057 0.100081 0.20508 0.358345 0.244825 0.217183 0.230739
threshold=0.023606967464018139 0.038478195498035835 3.8632662556503683 5.3573304255076115 -0.16333670224422775 0.074975895624439251 3.3399937346107405 0.00013319866159220732 4.5000000000000009 0.070746046931458487 9.8338702874298018 3.9253709484364583 0.73340000000000016 0.0023755966411664812 10.445609891301251 3.7561750005370826 15.500000000000002 0.40118223791731034 8.5000000000000018 0.2966968889926011 0.50659533192084216 10.090914250625504 0.0078358410678262477
decision_type=10 10 10 8 8 10 10 8 2 8 10 10 2 8 10 10 2 10 2 8 10 8 10
left_child=4 3 -3 8 5 6 -1 -7 -2 10 11 12 -10 17 -15 -12 -17 -6 20 -20 21 -19 -23
right_child=1 2 -4 -5 13 7 -8 -9 9 -11 15 -13 -14 14 -16 16 -18 18 19 -21 -22 22 -24
leaf_value=2.5895867687155008e-05 0.0012479338469267435 -0.0056766206534992888 0.00074954601868198177 -0.0088490321191086845 0.00051096564826619197 -0.00058978159922676765 -0.0054430916296497513 0.001162669301673092 0.00096908545823261576 -0.00074329609993564955 0.00081799123788097654 -0.0046351076062899101 -0.0011959417680391469 -0.0064786071741653054 0.0014639258573408034 -9.1604282438373889e-05 0.00013650001369253632 0.0014555290425968704 0.00036553015110058715 -0.0017338159659667956 0.00038922416478392666 0.001090179465877279 -0.001637834363905551
leaf_weight=40 119 47 53 66 943 69 40 200 106 43 212 42 41 40 50 43 74 74 58 42 276 88 60
leaf_count=40 119 47 53 66 943 69 40 200 106 43 212 42 41 40 50 43 74 74 58 42 276 88 60
internal_value=0.000847826 0.000174912 -0.00218447 0.000498665 0.00113464 0.000185369 -0.00325301 0.00123254 0.00079063 0.000482713 0.000682342 -0.000597656 0.000705 0.00133706 -0.000241935 0.00141642 0.00031875 0.00142957 0.00096589 -0.000873786 0.00133832 0.00022 -0.000774834
internal_weight=2826 846 100 746 1980 349 80 269 680 561 518 189 147 1631 90 329 117 1541 598 100 498 222 148
internal_count=2826 846 100 746 1980 349 80 269 680 561 518 189 147 1631 90 329 117 1541 598 100 498 222 148
is_linear=0
shrinkage=0.045


Tree=85
num_leaves=24
num_cat=1
split_feature=5 35 5 10 9 10 9 18 1 18 34 0 34 35 10 24 24 0 34 34 16 21 5
split_gain=0.317957 0.233285 0.305536 0.368853 0.239798 0.170591 0.157996 0.272271 0.330969 0.385337 0.247569 0.0952969 0.181588 0.123339 0.201311 0.562346 0.173316 0.27061 0.130499 0.268063 0.123612 0.155872 0.174911
threshold=0.9327744761162805 0.00012026422168173774 0.57207179688848331 -0.036538387767641588 0.29467036612957997 0.0069942582597067047 0.70310379615254537 21.500000000000004 10.057598073874768 4.5000000000000009 0.0005212854802767638 14.044754594669492 0.00071807633197167172 0.005223476516261775 -1.0000000180025095e-35 5.7581457721271248 4.8661497310769812 9.5901606968599644 0.0005212854802767638 0.00046924645050304225 1.5000000000000002 0 0.17088762901072987
decision_type=10 8 8 8 10 10 10 2 10 2 10 8 8 8 10 10 10 10 8 10 2 1 8
left_child=1 2 3 -1 5 -5 11 8 -8 -10 -11 13 -13 18 16 -16 17 -15 19 20 21 -3 -23
right_child=-2 6 -4 4 -6 -7 7 -9 9 10 -12 12 -14 14 15 -17 -18 -19 -20 -21 -22 22 -24
leaf_value=0.00074208366708853127 -0.0072466240722315533 0.001561651851825148 0.0013023619925718178 -4.0221750428372044e-05 -0.00088281889155756384 0.00041696953603883143 0.0031960229925261717 0.0015720279990312932 0.0016109122238456581 -3.0941279525872318e-05 -0.012719541319830758 -0.0013375158049580408 0.0020589758132196928 0.0019578670861387839 0.00063179665892288501 -0.0016713874606209833 0.00057828859089872301 -0.0046263445666331737 0.00093666311557071306 -0.002354102765629299 0.0003285168080508684 0.00056033090450189954 3.8850328801870865e-05
leaf_weight=51 40 161 126 81 68 47 47 104 46 41 55 88 46 66 87 76 191 41 590 50 184 99 443
leaf_count=51 40 161 126 81 68 47 47 104 46 41 55 88 46 66 87 76 191 41 590 50 184 99 443
internal_value=0.000705758 0.000764242 -0.00028125 -0.001197 -0.0020804 -0.00089313 0.000925869 -5.32094e-05 -0.00106641 -0.00214138 -0.00372727 0.00106094 -9.85401e-05 0.00113913 0.000489763 -0.00077259 0.00118106 -0.000265909 0.00133382 0.000998138 0.00118062 0.000901912 0.000494595
internal_weight=2828 2788 373 247 196 128 2415 293 189 142 96 2122 134 1988 461 163 298 107 1527 937 887 703 542
internal_count=2828 2788 373 247 196 128 2415 293 189 142 96 2122 134 1988 461 163 298 107 1527 937 887 703 542
cat_boundaries=0 1
cat_threshold=17
is_linear=0
shrinkage=0.045


Tree=86
num_leaves=24
num_cat=0
split_feature=5 10 4 26 2 7 5 33 33 34 34 5 3 1 2 25 4 33 7 1 18 27 6
split_gain=0.335146 0.192705 0.531388 0.973855 0.271994 0.176991 0.197052 0.127844 0.297741 0.232852 0.105882 0.437319 0.194825 0.111046 0.110917 0.307817 0.127214 0.153688 0.112054 0.101207 0.154093 0.219719 0.166921
threshold=0.9327744761162805 0.031750946628247116 -0.043314436556788634 3.7892381265509623 10.952328748689293 0.001489287471177956 0.45454623378019776 0.0093003272545580471 0.0084042792824100508 0.0019885954423760296 7.4356521080759494e-06 0.29279935287466463 0.080073973771529625 8.7908396874158665 9.6716790636746079 3.9738900989365042 0.091229429316420738 0.0026669675104501523 0.090424372216035401 10.820836704407791 9.5000000000000018 4.9938642255033008 0.17419028279845097
decision_type=10 10 8 10 10 8 8 10 10 10 10 8 8 10 8 10 10 10 8 10 2 10 8
left_child=1 5 3 -3 -4 6 -1 8 9 10 11 12 -7 -12 15 16 -15 -18 19 -16 21 -21 -22
right_child=-2 2 4 -5 -6 7 -8 -9 -10 -11 13 -13 -14 14 18 -17 17 -19 -20 20 22 -23 -24
leaf_value=0.0010068525975455475 -0.0069205259889811343 -0.0030885392970967018 0.00081924254695779446 0.00017436260030756791 -0.00021077175953728908 0.00078279976634754655 -0.0010219796714122952 0.0017691624966588166 -9.055743156982894e-05 -0.0062263153127880269 0.00057393666262769408 0.0011589641493154051 -0.0016123820550059578 0.00051173997775974024 0.0005276658397654891 -0.0057013275752366525 -0.00049745891383302281 0.00052187838862790658 0.00010587700882813889 -0.002188740579591085 0.00024242215025203898 0.0002624783953337762 0.0011759931263574798
leaf_weight=63 40 51 189 71 79 43 40 191 62 74 234 136 49 172 433 40 52 55 95 77 132 104 331
leaf_count=63 40 51 189 71 79 43 40 191 62 74 234 136 49 172 433 40 52 55 95 77 132 104 331
internal_value=0.000809393 0.000869687 -5.72518e-05 -0.002484 0.00106273 0.00102127 -0.000785377 0.00110381 0.000999164 0.00109397 0.00118827 0.000272727 -0.00208421 0.00130859 0.00116114 0.000412267 0.000949468 -0.000265909 0.0013634 0.00149375 0.00112674 1.22283e-05 0.00155955
internal_weight=2813 2773 390 122 268 2383 103 2280 2089 2027 1953 228 92 1725 1491 319 279 107 1172 1077 644 181 463
internal_count=2813 2773 390 122 268 2383 103 2280 2089 2027 1953 228 92 1725 1491 319 279 107 1172 1077 644 181 463
is_linear=0
shrinkage=0.045


Tree=87
num_leaves=24
num_cat=1
split_feature=21 3 31 31 7 24 35 7 7 7 3 3 32 10 18 34 34 31 19 34 2 16 10
split_gain=0.284768 0.237852 0.330178 0.3556 0.329903 0.261124 0.239958 0.348901 0.411708 0.149252 0.112789 0.200134 0.182398 0.151398 0.15483 0.110654 0.0883113 0.185002 0.168744 0.216797 0.226701 0.125433 0.0743028
threshold=0 -0.078507672761266356 0.0034382975203264624 0.0048455518041758362 0.016465642070382563 8.7334656020298258 0.00088910835910518602 0.023041535337621825 0.0083205152981369029 0.034448192503954048 0.3123140235601532 0.24632865471712984 1.0409339100542002e-05 -0.01431237659103393 21.500000000000004 0.0018958337621035703 5.1036992927087716e-05 0.00057992915808328493 0.67070000000000007 0.00075318116943587365 10.361075675341224 3.5000000000000004 0.1922603602608409
decision_type=1 8 10 10 10 8 10 10 10 10 8 10 8 8 2 8 10 10 2 10 10 2 8
left_child=-1 2 6 -4 -5 10 7 8 -2 -8 11 12 -3 -13 -15 -12 -14 -18 19 -19 -21 22 -20
right_child=1 5 3 4 -6 -7 9 -9 -10 -11 15 13 16 14 -16 -17 17 18 21 20 -22 -23 -24
leaf_value=0.00043593604692235906 0.00084647281007796133 -0.00015546626067546745 -0.0036799217758707527 -0.00023981992083734255 0.00061748646915613971 -0.010749722007038436 0.0016046243623352011 0.0014527057862977529 -0.0014917090428725772 -4.4075863230116878e-05 0.00061425743355807735 -0.00059952607225416171 0.00073014892882519061 -2.2203883468295456e-05 0.0026920481984388581 -0.0028457669577883144 -0.0021213163646610312 0.00045592689420289955 0.0013708256530131184 0.00048887463729111282 -0.003817579333873577 6.0344159227739111e-05 0.00043251411030352873
leaf_weight=783 58 60 56 64 53 47 183 55 65 41 433 40 180 61 41 48 41 106 269 51 42 49 45
leaf_count=783 58 60 56 64 53 47 183 55 65 41 433 40 180 61 41 48 41 106 269 51 42 49 45
internal_value=0.00080715 0.000522608 -0.000253028 -0.00187926 -0.00043125 0.000820745 0.000455556 -0.000770718 -0.00208929 0.00142731 0.000928182 0.000649039 0.000912234 -0.0009 4.28572e-05 0.00149225 0.00109637 0.00082797 0.00104336 -1.11386e-05 -0.00157031 0.0016168 0.00194479
internal_weight=2871 2088 575 173 117 1513 402 178 123 224 1466 985 843 142 102 481 783 603 562 199 93 363 314
internal_count=2871 2088 575 173 117 1513 402 178 123 224 1466 985 843 142 102 481 783 603 562 199 93 363 314
cat_boundaries=0 1
cat_threshold=192
is_linear=0
shrinkage=0.045


Tree=88
num_leaves=24
num_cat=2
split_feature=5 10 21 26 10 0 18 2 32 19 32 4 33 19 4 2 2 3 19 2 21 4 19
split_gain=0.312662 0.209169 0.446778 0.301659 0.543614 0.436719 0.407811 0.565985 0.337621 0.25438 0.239125 0.211509 0.174944 0.199344 0.287133 0.125071 0.327565 0.119556 0.31695 0.235536 0.122997 0.176101 0.235003
threshold=0.9327744761162805 -0.036538387767641588 0 3.4692391325618988 -0.0015624640591748306 11.008744518903812 25.500000000000004 9.4472250242364826 0.0018611164176099717 0.40110000000000007 0.00034907114471642581 -0.074899861242344365 0.00092387641062721616 0.71665000000000012 0.17100188884816533 10.649238414598083 11.463867649500353 -0.11084329429920768 0.51660000000000006 9.3130002782679782 1 0.29957309071164745 0.68125000000000013
decision_type=10 10 1 10 10 10 2 10 10 2 10 10 10 2 10 10 10 8 2 8 1 8 2
left_child=1 9 -3 4 6 11 7 -4 12 10 -1 -6 -5 14 15 -14 -17 18 -11 -20 21 -19 -23
right_child=-2 2 3 8 5 -7 -8 -9 -10 17 -12 -13 13 -15 -16 16 -18 20 19 -21 -22 22 -24
leaf_value=0.0045523531923571219 -0.0046043066579737569 0.00050774365054901695 0.00016937512554361666 -2.8025327519530922e-05 -0.0001088749828463976 -0.0022856535724383041 -0.00098980779064491162 -0.006718436807529358 -0.0068395153315294731 -0.00090297181555816508 -0.0042575341101304051 0.00052365138537688273 0.00026550383420242865 0.00042517658220228799 -3.9216776172898379e-05 -0.00032672115498077889 0.00080013395162600886 0.00084125750695798187 -0.00068677277721287695 0.0005387154004030067 0.0010829742748113659 0.0019478246851541564 -0.0047072038022457777
leaf_weight=49 41 633 40 42 71 42 41 40 50 42 49 116 83 260 52 40 51 314 49 143 464 89 56
leaf_count=49 41 633 40 42 71 42 41 40 50 42 49 116 83 260 52 40 51 314 49 143 464 89 56
internal_value=0.000752885 0.000810926 0.000461797 -0.000172157 -0.00121105 8.72845e-05 -0.00361089 -0.00162651 0.000456971 0.00124304 -0.000935643 0.00103026 0.00079661 0.00103988 5.8952e-05 0.000940678 -0.000215425 0.00142953 0.000512658 0.00129231 0.00165956 0.00104396 -0.00022804
internal_weight=2857 2816 1561 928 350 229 121 80 578 1255 98 187 528 486 226 174 91 1157 234 192 923 459 145
internal_count=2857 2816 1561 928 350 229 121 80 578 1255 98 187 528 486 226 174 91 1157 234 192 923 459 145
cat_boundaries=0 1 2
cat_threshold=154 52
is_linear=0
shrinkage=0.045


Tree=89
num_leaves=24
num_cat=0
split_feature=7 10 4 30 5 26 30 6 35 5 6 24 24 4 0 25 6 33 33 31 4 4 6
split_gain=0.231834 0.348338 0.60302 0.236869 0.365031 0.401949 0.19047 0.183791 0.314675 0.501461 0.192501 0.477396 0.215369 0.159891 0.130435 0.129279 0.127013 0.167611 0.106889 0.0958177 0.394603 0.0742206 0.144859
threshold=0.030685809170690772 0.035195878651631339 -0.01357895108368609 6.5000000000000009 0.25817590462926515 3.7892381265509623 6.5000000000000009 0.33744342511936171 0.0055482990924835213 0.12626518183601751 0.33086412843709956 4.0963475776979639 0.59111062254754787 0.2142051647990125 12.617716551286508 3.546748877427194 0.019704411028274024 0.0056173309538775978 7.4898401834706257e-05 0.0061161714121818348 -0.02991068108790192 0.048856752315912029 0.26772602304492071
decision_type=8 10 10 2 10 10 2 10 8 10 8 10 10 8 10 10 10 8 10 10 10 8 10
left_child=6 3 -3 16 13 -6 7 8 10 -10 12 -12 -1 -5 -14 -15 17 -2 -8 21 -21 -20 -23
right_child=1 2 -4 4 5 -7 18 -9 9 -11 11 -13 14 15 -16 -17 -18 -19 19 20 -22 22 -24
leaf_value=-6.0042654280424095e-05 0.00092399079808838398 -0.008846179057622694 0.0015192941013111693 0.0021093665491950441 0.0017448102297852486 -0.00054700721854535333 -1.7101848091393389e-05 0.00031189711045083462 0.00075135132533892164 -0.0021625827834401532 0.00031304657564698856 -0.000791855956517962 0.00041517299282827863 6.5360079201317689e-05 -0.00011450226009964401 -0.0027209797386997703 0.0013062681791343232 -0.010380319105523342 0.00056696533755314082 -0.010658263561561248 0.0011539060790657434 0.00045867184419360251 0.00020118300521222772
leaf_weight=41 96 40 44 96 58 74 49 184 58 68 66 46 545 50 61 54 217 40 442 41 88 290 125
leaf_count=41 96 40 44 96 58 74 49 184 58 68 66 46 545 50 61 54 217 40 442 41 88 290 125
internal_value=0.000870741 0.000201101 -0.00248276 0.000539608 -0.000322388 -0.00213333 0.00111486 0.000690532 0.000418074 -0.00163953 0.000764764 -0.00093913 0.00106269 0.0008867 0.00127833 -0.000336449 0.00134621 0.000258993 0.00154986 0.00165167 0.000494318 0.00182355 0.00137261
internal_weight=2873 769 84 685 332 132 2104 1069 885 126 759 112 647 200 606 104 353 136 1035 986 129 857 415
internal_count=2873 769 84 685 332 132 2104 1069 885 126 759 112 647 200 606 104 353 136 1035 986 129 857 415
is_linear=0
shrinkage=0.045


Tree=90
num_leaves=24
num_cat=1
split_feature=21 24 6 8 2 25 6 8 25 2 9 18 23 2 3 18 2 18 5 8 0 10 8
split_gain=0.36963 0.267744 1.01384 0.430752 0.193573 0.209824 0.215889 0.290449 0.369309 0.34027 0.217004 0.197048 0.37213 0.153801 0.340276 0.149158 0.180647 0.267527 0.417316 0.0759474 0.0724975 0.0723322 0.0699084
threshold=0 5.6994077388130036 0.14976437412073226 10.750834679505415 8.8082555194695633 5.0111157943457902 0.16096963460896499 8.8247204002351562 4.3733957355039736 10.383493442975345 0.51740876989976925 20.500000000000004 2.9057413257305407 12.318817205225168 -0.046429867633307191 19.500000000000004 9.5677747864114924 9.5000000000000018 0.079523372069441239 11.690635243825726 13.359777182695376 0.023232284358417867 9.2462435153854781
decision_type=1 8 8 10 10 10 10 10 10 10 10 2 10 10 10 2 10 2 10 10 10 10 10
left_child=13 4 -3 -4 -2 6 10 -8 11 -10 15 21 -13 22 -15 16 -6 -18 -19 -7 -5 -9 -1
right_child=1 2 3 20 5 19 7 8 9 -11 -12 12 -14 14 -16 -17 17 18 -20 -21 -22 -23 -24
leaf_value=0.00017644238717394537 0.0010893806381913828 -0.0096074843501111253 -0.006310512830091596 0.00049965821137825761 0.00034457783796840483 0.0010202211976150562 -0.00060122996135552871 0.0017940455173879081 0.00023209726758197701 -0.0020421431025963977 -0.006918934098434003 -0.00026491716271901641 0.0013484924550732271 0.00078216642495933697 -8.9437570316459495e-05 0.00030524253778415402 0.00068652670040087642 0.0020971380135396912 -0.0035517214992824763 0.00091198337790908456 0.0001314539997395676 0.00078357563549359211 0.00075556358328369088
leaf_weight=555 180 57 63 124 71 148 51 123 48 56 53 41 80 69 69 198 70 43 49 40 40 40 560
leaf_count=555 180 57 63 124 71 148 51 123 48 56 53 41 80 69 69 198 70 43 49 40 40 40 560
internal_value=0.00080113 0.000332966 -0.000909408 0.000459783 0.000610317 0.000385772 0.000104482 -0.00061595 -0.000184143 -0.00243925 0.0007577 0.000658537 -0.000707661 0.00137382 -3.19148e-05 0.00109389 0.000314619 -0.000518182 -0.00208421 0.00174346 0.00167066 0.00166717 0.0015597
internal_weight=2828 1575 284 227 1291 1111 923 439 388 104 484 284 121 1253 138 431 233 162 92 188 164 163 1115
internal_count=2828 1575 284 227 1291 1111 923 439 388 104 484 284 121 1253 138 431 233 162 92 188 164 163 1115
cat_boundaries=0 1
cat_threshold=195
is_linear=0
shrinkage=0.045


Tree=91
num_leaves=24
num_cat=1
split_feature=19 1 35 31 5 21 28 2 5 27 1 19 4 19 2 18 27 9 8 32 35 31 31
split_gain=0.243699 0.387794 0.178335 0.488884 0.250211 0.246329 0.373869 0.450345 0.1903 0.250441 0.273655 0.345182 0.20853 0.385042 0.372816 0.20648 0.16998 0.178919 0.343536 0.123863 0.1029 0.0934847 0.261801
threshold=0.40110000000000007 10.382865851323567 0.0031589525399004252 0.0035090104123221039 0.61115578304226814 0 2.6567251407389874 11.844492470153536 0.15052463162541826 5.6214319051766877 9.4603953260143907 0.73155000000000014 0.1096799962124692 0.66105000000000014 11.937404796835427 25.500000000000004 4.9938642255033008 0.30373888981756531 9.5447176367806623 0.0010978701312492618 0.00011567664489639201 0.00022118876751970018 0.00012523355759756096
decision_type=2 8 10 8 8 1 10 8 10 10 8 2 8 2 8 2 8 10 8 8 8 10 10
left_child=1 -1 3 4 8 21 -7 -8 20 10 11 15 -12 -14 -15 -10 17 -4 19 -19 -2 22 -6
right_child=2 -3 16 -5 5 6 7 -9 9 -11 12 -13 13 14 -16 -17 -18 18 -20 -21 -22 -23 -24
leaf_value=-0.016200815036568252 0.00027759091632092921 0.001862628082840016 0.00095128182879760401 -0.0050531382508259177 0.0010548550532618428 0.0010863614208381509 -0.0058267293542389005 0.0013398415816910476 0.00073075695368974821 -0.00016570120344952164 0.00058604943739409485 -0.00010977822559717132 -0.0031724645897433781 0.0003472383070093191 -0.0021387145998340538 -0.00018965349686806727 0.0004691198221351681 0.00065138293060018756 -0.0033016657912453866 -8.8852638453201503e-05 0.00057982761652410194 0.0012998042835936792 -0.0002098345820628145
leaf_weight=47 60 52 196 66 88 109 48 45 85 77 358 78 41 137 57 54 502 61 43 41 147 433 40
leaf_count=47 60 52 196 66 88 109 48 45 85 77 358 78 41 137 57 54 502 61 43 41 147 433 40
internal_value=0.000819822 -0.00134559 0.0008987 0.00065771 0.000794758 0.00141873 2.09303e-05 -0.00203906 0.000356882 6.82585e-05 0.000304428 -0.00105341 0.000804111 -0.000236344 0.000616751 0.000301056 0.00144415 0.000660611 -0.000532095 0.0009 0.001575 0.00188545 0.000824428
internal_weight=2865 99 2766 1923 1857 763 202 93 1094 887 810 217 593 235 194 139 843 341 145 102 207 561 128
internal_count=2865 99 2766 1923 1857 763 202 93 1094 887 810 217 593 235 194 139 843 341 145 102 207 561 128
cat_boundaries=0 1
cat_threshold=198
is_linear=0
shrinkage=0.045


Tree=92
num_leaves=24
num_cat=0
split_feature=8 19 31 23 8 34 9 31 10 1 35 33 33 16 6 26 15 9 3 3 9 4 6
split_gain=0.220686 0.271585 0.208258 0.440842 0.249777 0.191001 0.42629 0.541724 0.375711 0.219943 0.197092 0.165982 0.284548 0.159318 0.143763 0.130594 0.141799 0.29922 0.130168 0.105123 0.0849013 0.180929 0.0721917
threshold=9.5721295584210058 0.86265000000000014 0.00011481118954560818 0.83389822336510511 9.4513469974440536 0.00073228549729515162 0.63387992017184958 0.0035856661210179465 0.037096151395015715 10.94640395619828 0.0055482990924835213 0.0019494973431673859 0.0016241307714328689 4.5000000000000009 0.14976437412073226 6.1092135010192719 2.5000000000000004 0.33132023419301765 0.0094334135399075699 -0.16817756119298258 0.13246174628754123 -0.020187443109853844 0.29166743343356133
decision_type=10 2 8 10 10 8 10 10 8 10 10 10 10 2 8 8 2 10 8 8 8 10 10
left_child=1 2 -1 -4 5 6 7 14 -8 10 -7 12 15 20 -5 16 -2 -18 -12 -16 21 -13 -21
right_child=11 -3 3 4 -6 9 8 -9 -10 -11 18 13 -14 -15 19 -17 17 -19 -20 22 -22 -23 -24
leaf_value=0.00052147517264470157 0.00090327412841822736 -0.0018118730714664067 -0.0059522458776740924 -0.0002070675411687263 -2.0267992103813674e-05 0.0012615758410448698 3.1099083573094911e-05 -0.0050947738575871006 -0.0067697572077779133 -0.0049247306818946193 -0.0028387428211671824 -0.00093311076791951098 -0.0009269599199297643 3.5702802746114804e-06 4.8911480235744373e-05 -7.2978302919644655e-05 0.00037358293466851795 -0.00010751325191831443 0.0013488093754553386 0.001077156663170287 0.00055369234908979022 0.00038060650237759761 0.002614345630971072
leaf_weight=172 323 53 40 55 43 340 57 40 44 65 40 46 57 62 50 51 110 54 49 259 701 102 40
leaf_count=172 323 53 40 55 43 340 57 40 44 65 40 46 57 62 50 51 110 54 49 259 701 102 40
internal_value=0.000798057 0.000378333 0.000510023 0.000284 0.000460369 0.000602447 2.05293e-05 0.000624161 -0.00257452 0.00124044 0.00160938 0.00117197 0.000583194 0.00155334 0.00112776 0.000906654 0.00113418 5.38923e-05 -0.000269022 0.00146378 0.00171391 0.000715232 0.00178063
internal_weight=2853 1347 1294 1122 1082 1039 545 444 101 494 429 1506 595 911 404 538 487 164 89 349 849 148 299
internal_count=2853 1347 1294 1122 1082 1039 545 444 101 494 429 1506 595 911 404 538 487 164 89 349 849 148 299
is_linear=0
shrinkage=0.045


Tree=93
num_leaves=24
num_cat=1
split_feature=21 32 35 3 1 8 1 4 1 9 10 10 8 19 4 4 23 10 2 19 7 9 3
split_gain=0.28479 0.324798 0.461815 0.307615 0.173694 0.261263 0.318557 0.328599 0.1636 0.314976 0.391774 0.437669 0.410923 0.152606 0.135316 0.307837 0.17163 0.171443 0.170272 0.251162 0.119373 0.110383 0.10311
threshold=0 0.0018611164176099717 0.010632618786917363 -0.095418326159677117 8.7908396874158665 9.5721295584210058 9.0132139684627006 -0.059104615519409029 10.94640395619828 0.27837696091346381 -0.023539217930406014 0.04155426878038513 11.058566567824331 0.66380000000000006 0.18125509845477461 0.21969512374923791 3.1648692707049824 -0.00079628312931043211 9.3450827411823933 0.66105000000000014 0.048953991429518208 0.50930833046912605 0.23015218603283924
decision_type=1 8 10 10 8 8 10 8 10 8 8 8 10 2 10 10 8 8 10 2 10 10 10
left_child=14 4 3 -3 -2 6 -6 -8 20 22 -11 -12 -13 -9 16 -16 18 21 -1 -20 -7 -17 -10
right_child=1 2 -4 -5 5 8 7 13 9 10 11 12 -14 -15 15 17 -18 -19 19 -21 -22 -23 -24
leaf_value=0.00060850072147876745 0.00030048855573056851 -0.003734342341178518 0.0059492582108113317 -0.0093460018221335362 -0.00031701391569450503 0.00062566216619505644 -0.00064742021517579342 -0.00020321487090894035 0.00052220528211545023 -0.0033954186735625381 0.00037827376603427555 -0.0040872445850390921 0.00041511638910768025 0.0011569898890384615 -0.0030133525502116206 -0.0015496628912547215 0.00047509784366544936 0.00079120622119996516 0.00029009601526136552 -0.0026087061455184165 -5.4220029765279257e-05 0.0024267772019733926 0.0005395730519489136
leaf_weight=178 109 44 40 47 58 459 76 40 167 44 121 78 65 97 53 40 728 114 63 78 40 42 52
leaf_count=178 109 44 40 47 58 459 76 40 167 44 121 78 65 97 53 40 728 114 63 78 40 42 52
internal_value=0.00070848 0.000285968 -0.00183022 -0.00356649 0.000488644 0.000340962 -0.000895073 -7.29166e-05 0.000669096 0.000114623 -0.000810289 -0.000134831 -0.00180308 0.0012375 0.00119633 0.000258929 0.00142929 0.00108543 0.000552019 -0.000609375 0.0012505 -0.000476471 0.00140878
internal_weight=2833 1537 131 91 1406 1297 271 213 1026 527 308 264 143 137 1296 249 1047 196 319 141 499 82 219
internal_count=2833 1537 131 91 1406 1297 271 213 1026 527 308 264 143 137 1296 249 1047 196 319 141 499 82 219
cat_boundaries=0 1
cat_threshold=201
is_linear=0
shrinkage=0.045


Tree=94
num_leaves=24
num_cat=2
split_feature=23 31 7 1 2 5 5 0 1 21 1 3 34 6 35 35 21 9 35 31 19 2 34
split_gain=0.249332 0.695929 0.298197 0.426165 0.63699 0.382029 0.322213 0.268275 0.41723 0.38138 0.371032 0.200905 0.161654 0.127494 0.272241 0.526958 0.192935 0.441177 0.112864 0.271444 0.132288 0.151625 0.175119
threshold=3.1648692707049824 0.0039305254774960096 0.05082629776484026 10.42469429720464 9.2732079033821631 0.60331530637325004 0.53672644179480722 12.052526620972101 12.118294476507399 0 12.882106142743826 -0.17955579797487359 7.4356521080759494e-06 0.24516442444250708 0.0055482990924835213 0.0068807179911506977 1 0.59077386278803135 9.1518301196599658e-05 0.00012019635032724016 0.74115000000000009 9.8338702874298018 0.00017090735248329739
decision_type=10 8 8 8 10 8 10 10 8 1 8 10 8 10 10 10 1 8 10 10 2 8 10
left_child=1 2 5 4 -4 6 12 13 -9 10 -10 -11 -1 14 16 -16 17 -2 -14 -20 21 22 -21
right_child=7 -3 3 -5 -6 -7 -8 8 9 11 -12 -13 18 -15 15 -17 -18 -19 19 20 -22 -23 -24
leaf_value=-7.6521509084460061e-05 0.0013273963635191035 -0.013154052920253444 0.00073732685757828915 0.0037471224287401821 -0.016802141896447194 0.00059857340909389106 -0.00063973874196232821 -0.00013711968849573972 -0.0014607368716874037 -1.8150272896316626e-05 0.00048344869228383419 0.00064565753431645415 0.00017395444915581634 0.00078172865290742093 -0.0080859074319921277 0.0011325383814217492 0.00030614548730647048 -0.0052112528151960821 -0.0010788560630422654 -0.00059241056305936381 0.0030070600341732404 0.0020851737495232877 0.0018314146174020344
leaf_weight=67 102 47 46 40 40 304 44 51 52 55 59 223 76 587 53 91 594 41 55 40 95 45 57
leaf_count=67 102 47 46 40 40 304 44 51 52 55 59 223 76 587 53 91 594 41 55 40 95 45 57
internal_value=0.000678061 8.4463e-05 0.000367599 -0.00163953 -0.00338764 0.000695611 -9.8029e-05 0.000974882 5.8276e-11 0.000510842 -0.00161492 0.00137629 0.000282534 0.00126649 0.000918835 -0.000857143 0.00126791 -0.000245192 0.000654987 0.000244068 0.000909375 3.10345e-05 -0.0009675
internal_weight=2864 956 909 126 86 783 479 1908 440 389 111 278 435 1468 881 144 737 143 368 292 237 142 97
internal_count=2864 956 909 126 86 783 479 1908 440 389 111 278 435 1468 881 144 737 143 368 292 237 142 97
cat_boundaries=0 1 2
cat_threshold=104 48
is_linear=0
shrinkage=0.045


Tree=95
num_leaves=24
num_cat=1
split_feature=21 32 35 32 2 16 32 4 9 4 26 33 32 32 25 19 24 33 30 8 31 27 33
split_gain=0.19372 0.359324 0.895483 0.257766 0.200138 0.175199 0.330402 0.151548 0.148589 0.172148 0.322477 0.557974 0.124368 0.204666 0.215419 0.100857 0.0981609 0.0869971 0.134885 0.0801325 0.134052 0.0724975 0.0581553
threshold=0 0.00038572021211394277 0.0020066949264874599 0.0021082611004772222 11.795359501732454 4.5000000000000009 0.0003121830610270815 -0.091148855982882526 0.20148922534346927 -0.036288688201741658 2.1931940490747057 0.0012155372068746991 0.00035834239784976533 0.00032943310080156839 5.8464273272452862 0.82915000000000016 1.3741319221071331 0.00011365023391298895 6.5000000000000009 6.7178943011205723 0.0027781853676802845 5.3086306435122044 0.0020194416176863759
decision_type=1 8 8 8 10 2 10 8 10 10 10 10 8 10 10 2 10 10 2 10 8 10 8
left_child=1 8 -3 4 7 12 -7 -4 9 10 -1 -12 13 14 15 22 -11 18 -10 20 -14 -18 -2
right_child=5 2 3 -5 -6 6 -8 -9 17 16 11 -13 19 -15 -16 -17 21 -19 -20 -21 -22 -23 -24
leaf_value=0.0020014211651998271 0.00038211679163240709 -0.0059403236386318375 -6.7483837690278652e-05 -0.0031019884020383093 -0.0025015757808019754 0.0026441307902447457 -0.0029600497022386216 0.0011011638091422767 -0.00020890512151498794 0.00015834386468979326 -0.0053331042239926837 0.00061998479240568563 -1.211608097305895e-05 -0.006844303487366912 -4.4376162872597133e-05 -6.2164998545204052e-05 0.0019036484559086311 0.00067915935243328496 0.00016803748670482898 0.00076800205443499573 0.0027514692693404387 0.00044217057741037692 0.00055493628124675225
leaf_weight=44 305 54 57 69 56 45 49 244 53 46 41 42 56 40 61 75 124 344 48 668 104 40 201
leaf_count=44 305 54 57 69 56 45 49 244 53 46 41 42 56 40 61 75 124 344 48 668 104 40 201
internal_value=0.000930115 0.000497647 -0.000465838 0.000241259 0.00073125 0.00125789 -0.000603093 0.00119161 0.0010949 0.000377206 -0.000917308 -0.00253779 0.00138301 0.000926277 0.00112326 0.00139084 0.00116197 0.00163225 0.000454327 0.00175451 0.000828221 0.00167066 0.00161788
internal_weight=2866 1262 480 426 357 1604 94 301 782 337 127 83 1510 682 642 581 210 445 101 828 160 164 506
internal_count=2866 1262 480 426 357 1604 94 301 782 337 127 83 1510 682 642 581 210 445 101 828 160 164 506
cat_boundaries=0 1
cat_threshold=38
is_linear=0
shrinkage=0.045


Tree=96
num_leaves=24
num_cat=1
split_feature=21 5 5 9 19 3 16 35 9 27 3 9 19 5 30 1 1 35 35 6 30 5 4
split_gain=0.242973 0.296925 0.253853 0.280581 0.627158 0.278533 0.367281 0.399998 0.369117 0.312927 0.225404 0.149723 0.145531 0.140261 0.336494 0.106945 0.188505 0.100046 0.277311 0.140855 0.166259 0.203924 0.0947314
threshold=0 0.83090678586471023 0.55776985603022833 0.48550075542692911 0.7067500000000001 0.073430746938869682 1.0000000180025095e-35 0.00028265697629731686 0.28502126808527134 5.6214319051766877 0.17757099440076315 0.0368621249038339 0.40110000000000007 0.39836832825739188 6.5000000000000009 9.6091665160487754 9.0132139684627006 0.0030138824518150301 0.0024430246984947987 0.26250855953062507 6.5000000000000009 0.59596898921116181 0.079919424288891289
decision_type=1 10 8 10 2 8 2 8 10 8 8 8 2 10 2 8 10 8 10 8 2 10 10
left_child=17 2 3 5 -5 11 9 -8 10 15 -9 -2 -4 -13 -15 16 -7 18 19 -1 -21 -22 -14
right_child=1 -3 12 4 -6 6 7 8 -10 -11 -12 13 22 14 -16 -17 -18 -19 -20 20 21 -23 -24
leaf_value=0.00060718039869465273 -5.7973203367321873e-05 -0.0052853227790644643 -0.0017431621902351748 -0.0010405047582867932 0.0010995033541767755 0.00091085337117593622 -0.0013476042746812893 -2.1649738757184657e-05 -0.0069227233458120938 -0.0010109885344693869 0.00027751041291978139 0.00050878691203360283 0.00028969202679726984 -0.0011851585686862398 0.0018066024367077451 0.0010473834134743982 -0.001793279813269915 0.00071205260760001047 -4.1291390568503112e-05 0.00081097353693816135 5.4234487581602436e-05 -0.00080690006801344138 0.0011996448342385334
leaf_weight=193 50 78 77 40 62 41 74 41 75 76 112 430 443 53 58 188 40 268 50 105 65 40 199
leaf_count=193 50 78 77 40 62 41 74 41 75 76 112 430 443 53 58 188 40 268 50 105 65 40 199
internal_value=0.000643307 0.000394535 0.000500849 0.000134028 -0.0021 0.000322724 -0.000321923 -0.00146066 -0.000506493 0.000678879 0.000764423 0.00102652 0.00118109 0.00124494 -0.000177632 0.00139798 2.67858e-05 0.00135184 0.000952303 0.00134667 0.000528169 -0.000729167 0.00140233
internal_weight=2858 2137 2059 1340 102 1238 647 302 228 345 153 591 719 541 111 269 81 721 453 403 210 105 642
internal_count=2858 2137 2059 1340 102 1238 647 302 228 345 153 591 719 541 111 269 81 721 453 403 210 105 642
cat_boundaries=0 1
cat_threshold=129
is_linear=0
shrinkage=0.045


Tree=97
num_leaves=24
num_cat=1
split_feature=2 0 34 19 0 1 32 32 26 6 8 34 22 7 24 9 12 3 34 7 2 19 9
split_gain=0.230997 0.241112 0.342849 0.180437 0.454935 0.443501 0.228887 0.242111 0.204558 0.303846 0.257012 0.184862 0.173908 0.247063 0.386123 0.623081 0.156306 0.119317 0.154827 0.11601 0.210644 0.0808787 0.135178
threshold=8.8082555194695633 8.9650828450336792 0.00038034393166476145 0.70425000000000015 12.096642900966126 12.229098034240023 0.00040853739418085299 5.2731090335449584e-05 3.2042592039871471 0.29166743343356133 10.307516274608572 0.00048656882399898595 0 0.0093611111355508137 5.0802745613868714 0.63387992017184958 0.10675000000000003 -0.10034407462646176 0.0024165680923226786 0.0073788045496306614 10.334284244639013 0.78900000000000015 0.32426228444652122
decision_type=8 8 10 2 8 8 8 10 10 10 10 10 1 10 10 8 2 8 8 10 10 2 10
left_child=-1 2 -2 11 8 -6 7 -7 9 10 -5 16 13 -13 15 -15 -3 -10 19 20 -19 -21 -23
right_child=1 3 -4 4 5 6 -8 -9 17 -11 -12 12 -14 14 -16 -17 -18 18 -20 21 -22 22 -24
leaf_value=0.00047903668417045874 -0.0063786486210694734 0.0004459027426211489 0.0018918033106814212 0.00087680314989643348 -0.005854175491981725 0.00076446283764683984 0.00041810492802221981 -0.0012852174387481005 0.0014253165715079591 -0.00085777042111604242 -0.0011934258838211186 0.0018595070222127748 0.00092126443293029142 -0.0038758623982836321 0.0012380380619854572 0.00076755432855478639 -0.00064156452248940413 -2.9584343937489295e-05 -0.0025801449398194214 0.00031951794675411939 0.0012371412797485587 -0.00033630006551726722 0.00087125803591229351
leaf_weight=214 60 688 52 163 57 58 101 73 200 73 70 104 289 40 72 45 40 49 47 186 70 57 59
leaf_count=214 60 688 52 163 57 58 101 73 200 73 70 104 289 40 72 45 40 49 47 186 70 57 59
internal_value=0.000805139 0.000688724 -0.00133043 0.000779186 0.000396327 -0.00116353 -0.000268085 -0.0014944 0.00086131 -0.000101942 0.000695975 0.00115574 0.000528933 -0.000320255 -0.00144844 -0.0034517 0.00162517 0.00130104 0.000898089 0.00117276 -1.84426e-05 0.0016377 0.000680672
internal_weight=2867 2653 112 2541 1263 289 232 131 974 306 233 1278 550 261 157 85 728 668 468 421 119 302 116
internal_count=2867 2653 112 2541 1263 289 232 131 974 306 233 1278 550 261 157 85 728 668 468 421 119 302 116
cat_boundaries=0 1
cat_threshold=2
is_linear=0
shrinkage=0.045


Tree=98
num_leaves=24
num_cat=0
split_feature=31 28 2 34 4 4 10 30 28 8 34 9 4 24 4 28 0 5 15 5 4 10 8
split_gain=0.285669 0.473115 0.533175 0.282614 0.160901 0.293483 0.297419 0.375571 0.223366 0.50374 0.171551 0.155351 0.170425 0.178088 0.142347 0.359195 0.380039 0.141053 0.137892 0.235116 0.215751 0.222178 0.237123
threshold=0.00407146723920281 3.4617874576956686 9.417340311200979 0.0005212854802767638 -0.14156003358056435 -0.026610648384183002 0.011854464984504738 5.5000000000000009 0.28109345039763362 8.4136587562216807 0.001784487445576454 0.21965293064185346 -0.055358677934261503 3.8423362898679314 -0.020187443109853844 4.3417068449228342 11.595354538207008 0.47798588731940245 1.5000000000000002 0.19367745732536137 0.076878187261086972 -0.0049878536794644287 9.1767881649961129
decision_type=8 10 10 10 10 10 10 2 10 10 8 10 10 10 10 10 8 10 2 10 10 10 10
left_child=4 2 3 -2 10 6 11 -8 9 -7 -1 12 13 -6 15 -3 -17 -16 -10 -20 -21 22 -22
right_child=1 14 -4 -5 5 8 7 -9 18 -11 -12 -13 -14 -15 17 16 -18 -19 19 20 21 -23 -24
leaf_value=0.00056726512966574457 -0.0098407757585385249 0.0018590707790471339 -0.0045849057987427909 0.0012430998383922338 0.00096574050195164407 0.00051173356831641227 0.00059724819478576183 -0.0020361985117140127 0.0010873998994372167 -8.80648695877367e-05 -3.7225653227330663e-06 0.00056924997051666646 -0.0021844516830825562 -3.1536921314399233e-05 0.0013278026441555218 -0.0010715862631529816 0.00010902697029125871 -7.2955719337639403e-05 0.0017076847652536459 0.0010362387453841692 -0.0034845497503626921 0.00011054562972927536 -5.2585825114447388e-05
leaf_weight=457 60 69 64 105 48 47 42 76 373 46 61 178 40 44 213 40 66 40 224 187 59 142 140
leaf_count=457 60 69 64 105 48 47 42 76 373 46 61 178 40 44 213 40 66 40 224 187 59 142 140
internal_value=0.000606321 -0.000214773 -0.00185237 -0.00046875 0.000855561 0.00063584 -0.00037587 -0.00226859 0.000991401 -0.00110156 0.00154607 0.000359425 -0.0008 0.000284211 0.000668214 -0.000316011 -0.00194037 0.00134473 0.00116689 0.000810596 0.000288136 -0.000385901 -0.00134777
internal_weight=2821 657 229 165 2164 1646 428 118 1218 93 518 310 132 92 428 175 106 253 1125 752 528 341 199
internal_count=2821 657 229 165 2164 1646 428 118 1218 93 518 310 132 92 428 175 106 253 1125 752 528 341 199
is_linear=0
shrinkage=0.045


Tree=99
num_leaves=24
num_cat=3
split_feature=21 7 6 26 8 21 3 1 3 17 10 1 26 23 34 21 3 35 9 5 24 23 6
split_gain=0.18337 0.195375 0.422094 0.49237 0.264582 0.218522 0.225246 0.344139 0.215745 0.145622 0.137395 0.211634 0.223367 0.692339 0.213419 0.12866 0.230103 0.265737 0.135861 0.137239 0.100801 0.301049 0.0817683
threshold=0 0.030685809170690772 0.14822626266840164 2.5039405106835271 8.8247204002351562 1 0.085648276804151421 9.9452081169542836 -0.17955579797487359 1.0000000180025095e-35 -0.0084391842506751618 9.2288365443781366 3.4692391325618988 2.3472516877418887 0.0013414872607541576 2 -0.1530972724931082 0.0022322627159397984 0.55565028551018203 0.43070114880364735 5.5142999295314867 6.3875728441946409 0.10434045863627836
decision_type=1 10 8 8 8 1 10 8 10 2 10 10 8 10 10 1 10 8 8 8 10 10 8
left_child=22 5 3 -3 -4 6 7 -2 -6 10 15 -12 13 -13 20 16 17 -7 19 -18 -14 -22 -1
right_child=1 2 4 -5 8 9 -8 -9 -10 -11 11 12 14 -15 -16 -17 18 -19 -20 -21 21 -23 -24
leaf_value=2.5398020724522179e-05 -0.0048517701595317637 0.0010607026204963348 -0.0067841716347568481 -0.0062110984326191688 -1.2536748314034966e-05 -0.0039911405756015783 -0.0023508505244289606 0.00081403830043477005 0.0011475481513323652 0.00070148960146616411 0.00074839920461131873 0.00043832506865180352 0.00026375880084465167 -0.0027918816517160808 -7.4115733066165148e-05 0.0004648328128759665 0.0014894371027252091 0.00072300141467587049 0.00038287837487333188 -0.00098457505740858538 -0.00012763055901485732 0.00023485860259270803 0.0014402779944656086
leaf_weight=64 40 46 60 77 62 54 61 127 274 286 91 73 189 48 49 472 57 45 125 42 41 46 379
leaf_count=64 40 46 60 77 62 54 61 127 274 286 91 73 189 48 49 472 57 45 125 42 41 46 379
internal_value=0.000758805 0.000591358 -0.000176724 -0.00244643 0.000541353 0.000810438 -0.000485477 0.000357353 0.0010354 0.000990497 0.000795506 0.0002375 -0.000170379 -0.00179637 0.000445884 0.00117011 0.000421875 -0.00134559 0.00122907 -2.20588e-05 0.000935484 -0.000325 0.00159375
internal_weight=2808 2365 519 123 396 1846 228 167 336 1618 1332 537 446 121 325 795 323 99 224 99 276 87 443
internal_count=2808 2365 519 123 396 1846 228 167 336 1618 1332 537 446 121 325 795 323 99 224 99 276 87 443
cat_boundaries=0 1 2 3
cat_threshold=128 32 82
is_linear=0
shrinkage=0.045


Tree=100
num_leaves=24
num_cat=1
split_feature=19 23 33 33 32 5 5 6 35 18 18 9 16 2 8 19 3 21 3 3 19 28 9
split_gain=0.201367 0.156197 0.142015 0.176527 0.363817 0.211942 0.271055 0.493297 0.676048 0.406522 0.40696 0.227079 0.181058 0.162061 0.251084 0.156902 0.158169 0.1517 0.184734 0.360347 0.109562 0.0934919 0.074187
threshold=0.35555000000000009 0.12322988953631356 0.0093003272545580471 0.0071711566189486967 0.00068790791942272358 0.3153951970394786 0.22329590721980594 0.23830417429092696 0.0022825707696362881 8.5000000000000018 4.5000000000000009 0.29467036612957997 1.5000000000000002 12.252402798704933 12.268927908631674 0.76975000000000005 0.10358861242703236 0 -0.1530972724931082 -0.20448538904901545 0.81820000000000015 2.5502405882989181 0.67854068016150604
decision_type=2 10 8 10 8 8 10 10 10 2 2 8 2 10 8 2 8 1 10 10 2 10 10
left_child=-1 -2 3 5 -5 6 9 8 11 10 -3 -8 -6 17 -15 -11 -17 -7 19 21 22 -19 -20
right_child=1 2 -4 4 12 13 7 -9 -10 15 -12 -13 -14 14 -16 16 -18 18 20 -21 -22 -23 -24
leaf_value=-0.001892184629408778 -0.0018724903767537184 0.00038668132282254972 0.0023706525763376473 -0.00016188187690281008 0.00024479849900614962 0.00089952281083648187 0.00018431319655873914 0.00075794394001826425 -0.008760900356272399 0.00087419525325435762 -0.0012163630565142627 -0.00059846348892627407 -0.0075529893587133233 -0.00020735430301484098 0.00014036312652571071 -3.0687123780791185e-05 0.00032644928147859421 6.6592717688738112e-05 0.00042858917123955422 -0.0033597362645803081 -0.00031713281981727274 0.0022096238679919721 0.00042246154095000853
leaf_weight=40 47 48 264 68 121 763 58 93 41 285 44 43 49 59 136 64 48 74 283 44 50 63 40
leaf_count=40 47 48 264 68 121 763 58 93 41 285 44 43 49 59 136 64 48 74 283 44 50 63 40
internal_value=0.000974629 0.00102089 0.00106549 0.000957408 -0.000205394 0.00108129 0.000445667 -0.000803571 -0.00245172 0.00104726 -0.00161053 -0.000411058 0.000910405 0.00138416 0.000170455 0.00167063 0.000234783 0.00156307 0.000928571 -0.000232337 0.00151396 0.000916071 0.00181518
internal_weight=2825 2785 2738 2474 238 2236 724 235 142 489 92 101 170 1512 195 397 112 1317 554 181 373 137 323
internal_count=2825 2785 2738 2474 238 2236 724 235 142 489 92 101 170 1512 195 397 112 1317 554 181 373 137 323
cat_boundaries=0 1
cat_threshold=196
is_linear=0
shrinkage=0.045


Tree=101
num_leaves=24
num_cat=1
split_feature=1 12 6 27 10 6 4 1 10 5 7 5 23 24 30 35 21 24 24 26 26 5 27
split_gain=0.1812 0.216823 0.151527 0.4344 0.349898 0.280415 0.380273 0.164899 0.138966 0.13169 0.12799 0.419545 0.625279 0.439108 0.456029 0.163129 0.13665 0.179511 0.38761 0.116217 0.168403 0.371829 0.136288
threshold=8.9261747720521765 0.21825000000000003 0.2966968889926011 2.0575908059788772 -0.031783087383885293 0.33744342511936171 0.098487257105004347 9.6557649937961507 0.011854464984504738 0.39836832825739188 0.018880034640169654 0.47798588731940245 6.2104194362383067 3.2018334242881941 6.5000000000000009 0.0017321221302670508 0 4.8661497310769812 3.8423362898679314 5.5925646134814384 4.6754352338994849 0.68905509811956345 5.3555195193355223
decision_type=8 2 10 8 10 10 8 10 10 10 8 8 8 8 2 10 1 8 10 8 10 8 10
left_child=-1 2 10 -4 -5 6 -6 -7 9 -9 19 12 13 14 -12 -15 -13 18 -18 20 -2 22 -22
right_child=1 -3 3 4 5 7 -8 8 -10 -11 11 16 -14 15 -16 -17 17 -19 -20 -21 21 -23 -24
leaf_value=0.00039643822099923219 0.00023162900036227449 -0.002945740459167697 -0.0012968749698580879 0.00079595269281039819 0.00013789875501416576 -0.0023984531247274103 -0.002486689428016141 0.00018152887412388127 0.0025288257635430883 -7.151131567269324e-05 0.00069005879087013545 0.0008914025900134242 -0.006948320778033242 3.4977965125010144e-05 -0.0037511030939285728 0.00065862192932826004 0.0033322769423611465 0.00096448904436974845 -0.0042494275568139769 0.00033589471468748058 0.00073199297782073009 -0.002661082543838649 -0.00015776461314365847
leaf_weight=276 624 65 51 203 78 42 47 52 108 41 58 331 45 65 54 140 58 59 40 220 77 44 41
leaf_count=276 624 65 51 203 78 42 47 52 108 41 58 331 45 65 54 140 58 59 40 220 77 44 41
internal_value=0.000812456 0.000691968 0.000759976 0.0001512 0.000513502 -0.000315364 -0.00202148 0.00057622 0.00111397 -0.000164062 0.000963421 0.000553927 -0.00060411 0.000119531 -0.00211304 0.00135216 0.00141141 0.000225 -0.000935643 0.00130674 0.00104373 -0.000245454 0.00107851
internal_weight=2819 2543 2478 622 571 368 125 243 201 93 1856 850 362 317 112 205 488 157 98 1006 786 162 118
internal_count=2819 2543 2478 622 571 368 125 243 201 93 1856 850 362 317 112 205 488 157 98 1006 786 162 118
cat_boundaries=0 1
cat_threshold=197
is_linear=0
shrinkage=0.045


Tree=102
num_leaves=24
num_cat=0
split_feature=24 26 33 19 5 4 10 19 24 6 2 19 10 7 32 25 25 9 9 18 9 18 19
split_gain=0.19065 0.153798 0.223612 0.383807 0.202055 0.144457 0.239615 0.168305 0.239423 0.167502 0.36123 0.247438 0.45266 0.24303 0.133452 0.189858 0.712589 0.117032 0.328297 0.122073 0.105062 0.0771292 0.0563359
threshold=inf 1.4313290076423897 0.00013590532827159287 0.73935000000000006 0.9140108091064485 0.013648335611560402 0.003527680269831857 0.84365000000000012 1.9841799109246747 0.15224150713395837 11.795359501732454 0.72215000000000007 -0.016354222521170671 0.0096244710685056498 0.00026729619489669696 4.3362516307551084 3.7130935305228845 0.33132023419301765 0.29467036612957997 8.5000000000000018 0.37322237642446104 6.5000000000000009 0.46785000000000004
decision_type=8 10 8 2 10 8 10 2 10 8 8 2 10 10 10 10 10 8 10 2 10 2 2
left_child=1 -1 3 -3 5 17 7 8 -7 10 13 12 14 -10 -11 16 -16 18 19 -4 -17 -8 -19
right_child=-2 2 4 -5 -6 6 21 -9 9 11 -12 -13 -14 -15 15 20 -18 22 -20 -21 -22 -23 -24
leaf_value=0.00055685950924131734 -0.0089185132675069223 0.0006252791044886139 -0.00089058941546222995 -0.0028411743603381973 -0.0025286348412195394 -0.0076887704060462038 0.00012876929295630615 -0.00010391642432209249 -0.0026279481924686402 0.0019689525181672291 -0.0034780569169816991 0.0016004977767383531 -0.0011684035175182309 0.00064072080471216876 0.001455341634153906 0.00086879658793986272 -0.0037019876702015847 0.00015760722144005088 -0.0016692197472434312 0.00051184319937208091 0.00033871898659276924 0.00046071633091314228 0.00086466954460194317
leaf_weight=337 42 66 45 63 41 46 76 67 41 130 41 239 69 78 63 111 48 49 44 224 55 301 577
leaf_count=337 42 66 45 63 41 46 76 67 41 130 41 239 69 78 63 111 48 49 44 224 55 301 577
internal_value=0.00101865 0.00106423 0.000939241 -0.000869318 0.00103971 0.00109623 0.000797697 0.000426842 0.000586851 0.00075598 -0.000552147 0.00104979 0.00045094 0.000719262 0.00102622 0.000458036 -0.000967105 0.00152627 0.000804589 0.00139798 0.00141124 0.00175855 0.00188156
internal_weight=2853 2811 2474 129 2345 2304 1365 988 921 875 160 715 476 119 407 277 111 939 313 269 166 377 626
internal_count=2853 2811 2474 129 2345 2304 1365 988 921 875 160 715 476 119 407 277 111 939 313 269 166 377 626
is_linear=0
shrinkage=0.045


Tree=103
num_leaves=24
num_cat=1
split_feature=1 21 9 30 3 5 0 4 10 32 34 25 8 4 28 16 32 34 0 16 3 2 10
split_gain=0.251766 0.26429 0.355565 0.426362 0.785456 0.424934 0.311396 0.293514 0.291734 0.224072 0.204438 0.164853 0.291765 0.500846 0.209188 0.19982 0.191938 0.151182 0.147534 0.109202 0.0829609 0.107914 0.072931
threshold=9.2288365443781366 0 0.12714616333732745 7.5000000000000009 0.085648276804151421 0.79588006283065649 9.4866113303738437 0.17100188884816533 -0.011601207828509262 0.0022695151833514427 0.00050135369434842431 3.8802524357278108 10.444305342676566 -0.038912662111669896 5.8589064596088525 1.0000000180025095e-35 0.00032943310080156839 0.0032705540049629022 8.8552745292489359 -1.4999999999999998 0.19240947393495164 8.8082555194695633 0.011120629516356772
decision_type=10 1 10 2 8 10 8 10 8 8 8 10 10 10 10 2 10 8 10 2 10 10 10
left_child=17 2 3 4 -2 7 10 19 -9 11 -3 12 16 -14 -13 -15 -8 20 -19 -4 -1 -22 -21
right_child=1 6 5 -5 -6 -7 9 8 -10 -11 -12 14 13 15 -16 -17 -18 18 -20 22 21 -23 -24
leaf_value=0.00065018574786727891 5.3491259417438323e-05 -0.00012985582118106478 0.00017429024789182484 0.0014659942576176954 -0.003295568213672309 -0.0073585610353593209 0.00072245938540446231 -0.0014235912206971761 0.00017205916253292499 -0.00023717677084769275 0.00082904341486624467 0.00048263221380896487 -0.0047769364433035621 0.00083476843229198211 -2.7489374722343291e-05 -0.0001345364028053427 -0.0037355488257653597 -0.0061175659638217361 0.0018342364212825676 0.00063736554637946216 0.00064023585818043217 -1.5008687570501031e-05 0.00029188876216297652
leaf_weight=435 74 43 49 56 55 44 285 41 61 75 49 742 40 61 78 44 73 40 56 218 59 66 85
leaf_count=435 74 43 49 56 55 44 285 41 61 75 49 742 40 61 78 44 73 40 56 218 59 66 85
internal_value=0.000785752 0.000551126 -0.000184267 -0.00185505 -0.00325568 0.00044012 0.000883234 0.000856674 -0.00124286 0.00105675 -0.00161053 0.00119287 0.000546937 -0.0011402 0.00158566 0.000520833 0.00123407 0.0015569 -9.0909e-05 0.00147042 0.00183837 0.000791016 0.00178676
internal_weight=2829 2173 683 185 129 498 1490 454 102 1398 92 1323 503 145 820 105 358 656 96 352 560 125 303
internal_count=2829 2173 683 185 129 498 1490 454 102 1398 92 1323 503 145 820 105 358 656 96 352 560 125 303
cat_boundaries=0 1
cat_threshold=104
is_linear=0
shrinkage=0.045


end of trees

feature_importances:
f_s5_export_share_delta=165
f_s5_export_share=155
f_s4_prod_yoy=129
f_s5_return_share=127
f_s5_export_share_lag1=125
f_s5_dpd_hist_std=113
f_s4_prod_lag4=103
f_s4_prod_qoq=102
f_s1_ratio_hist_std=100
f_s5_import_share=97
f_data_quality_score=94
f_s5_domestic_derived=93
f_s5_dpd_hist_median=92
f_s4_prod_lag1=89
f_firm_age_years=84
f_s1_ratio_hist_median=78
sector=71
f_s1_decl_lag1=63
f_s1_decl_lag2=62
production_qty=61
f_s1_decl_lag4=61
f_s6_own_quarter_mean_prev=54
f_s1_hist_std=50
f_s1_decl_lag3=44
f_s1_hist_median=41
f_s7_matrix_age_years=36
f_s1_history_len=35
f_s1_hist_p10=24
f_s5_exempt_share=18
f_s6_quarter=17
f_s5_exemption_flag=3
f_s7_matrix_stale_flag=2
f_missing_field_count=2
size_band=2

parameters:
[boosting: gbdt]
[objective: quantile]
[metric: quantile]
[tree_learner: serial]
[device_type: cpu]
[data_sample_strategy: bagging]
[data: ]
[valid: ]
[num_iterations: 900]
[learning_rate: 0.045]
[num_leaves: 24]
[num_threads: 4]
[seed: 20260952]
[deterministic: 1]
[force_col_wise: 0]
[force_row_wise: 1]
[histogram_pool_size: -1]
[max_depth: -1]
[min_data_in_leaf: 40]
[min_sum_hessian_in_leaf: 0.001]
[bagging_fraction: 0.8]
[pos_bagging_fraction: 1]
[neg_bagging_fraction: 1]
[bagging_freq: 1]
[bagging_seed: 4105]
[bagging_by_query: 0]
[feature_fraction: 0.75]
[feature_fraction_bynode: 1]
[feature_fraction_seed: 12186]
[extra_trees: 0]
[extra_seed: 2308]
[early_stopping_round: 0]
[early_stopping_min_delta: 0]
[first_metric_only: 0]
[max_delta_step: 0]
[lambda_l1: 0]
[lambda_l2: 3]
[linear_lambda: 0]
[min_gain_to_split: 0]
[drop_rate: 0.1]
[max_drop: 50]
[skip_drop: 0.5]
[xgboost_dart_mode: 0]
[uniform_drop: 0]
[drop_seed: 4618]
[top_rate: 0.2]
[other_rate: 0.1]
[min_data_per_group: 100]
[max_cat_threshold: 32]
[cat_l2: 10]
[cat_smooth: 10]
[max_cat_to_onehot: 4]
[top_k: 20]
[monotone_constraints: ]
[monotone_constraints_method: basic]
[monotone_penalty: 0]
[feature_contri: ]
[forcedsplits_filename: ]
[refit_decay_rate: 0.9]
[cegb_tradeoff: 1]
[cegb_penalty_split: 0]
[cegb_penalty_feature_lazy: ]
[cegb_penalty_feature_coupled: ]
[path_smooth: 0]
[interaction_constraints: ]
[verbosity: -1]
[saved_feature_importance_type: 0]
[use_quantized_grad: 0]
[num_grad_quant_bins: 4]
[quant_train_renew_leaf: 0]
[stochastic_rounding: 1]
[linear_tree: 0]
[max_bin: 127]
[max_bin_by_feature: ]
[min_data_in_bin: 3]
[bin_construct_sample_cnt: 200000]
[data_random_seed: 5190]
[is_enable_sparse: 1]
[enable_bundle: 1]
[use_missing: 1]
[zero_as_missing: 0]
[feature_pre_filter: 1]
[pre_partition: 0]
[two_round: 0]
[header: 0]
[label_column: ]
[weight_column: ]
[group_column: ]
[ignore_column: ]
[categorical_feature: 21,22]
[forcedbins_filename: ]
[precise_float_parser: 0]
[parser_config_file: ]
[objective_seed: 8676]
[num_class: 1]
[is_unbalance: 0]
[scale_pos_weight: 1]
[sigmoid: 1]
[boost_from_average: 1]
[reg_sqrt: 0]
[alpha: 0.05]
[fair_c: 1]
[poisson_max_delta_step: 0.7]
[tweedie_variance_power: 1.5]
[lambdarank_truncation_level: 30]
[lambdarank_norm: 1]
[label_gain: ]
[lambdarank_position_bias_regularization: 0]
[eval_at: ]
[multi_error_top_k: 1]
[auc_mu_weights: ]
[num_machines: 1]
[local_listen_port: 12400]
[time_out: 120]
[machine_list_filename: ]
[machines: ]
[gpu_platform_id: -1]
[gpu_device_id: -1]
[gpu_device_id_list: ]
[gpu_use_dp: 0]
[num_gpu: 1]

end of parameters

pandas_categorical:[["elektronik", "ev_temizlik", "gida_icecek", "ilac", "kimya_boya", "kozmetik", "otomotiv_yan_sanayi", "tekstil"], ["buyuk", "kucuk", "mikro", "orta"]]
