tree
version=v4
num_class=1
num_tree_per_iteration=1
label_index=0
max_feature_idx=26
objective=quantile
feature_names=production_qty f_s4_prod_lag1 f_s4_prod_lag4 f_s4_prod_qoq f_s4_prod_yoy f_s5_export_share f_s5_import_share f_s5_return_share f_s5_domestic_derived f_s5_export_share_lag1 f_s5_export_share_delta f_s5_exemption_flag f_s5_exempt_share f_s5_correction_qty f_s5_trade_data_missing f_s6_quarter f_s7_matrix_age_years f_s7_matrix_stale_flag f_firm_age_years f_data_quality_score f_missing_field_count sector size_band f_s2_peer_median_prev f_s2_peer_p10_prev f_s2_peer_iqr_prev f_s2_peer_n_prev
feature_infos=[7.145401161296455:14.564719245148021] [7.2097174044086447:14.564719245148021] [7.1456692091997969:14.564719245148021] [-0.55166851143189144:1.1485300343409306] [-0.52668932022020643:1.0695389907822099] [0:0.99285239990955509] [0.004662244764218575:0.60646678843360002] [1.6101292713061326e-05:0.13933537862383175] [0:14.447287388096308] [0:0.99285239990955509] [-0.28378749457722374:0.34752325482559604] [0:1] [0:0.3488] [0:7.9420386245496646] [0:1] [1:4] [-2:6] [0:1] [0:40] [0.1346:1] [0:4] -1:2:7:6:5:4:0:3:1 -1:1:2:3:0 [0.00016211286489172793:0.0086195436155680778] [4.1777714588100935e-05:0.0021226152810602458] [0.00044054408603776281:0.011498680312763666] [2:61]
tree_sizes=2223 2233 2235 2231 2247 2263 2252 2250 2233 2260 2257 2267 2260 2251 2258 2268 2263 2268 2273 2242 2255 2241 2257 2246 2269 2236 2265 2280 2255 2244 2294 2267 2269 2271 2255 2292 2271 2279 2248 2265 2265 2273 2305 2278 2272 2277 2263 2291 2293 2294 2280 2281 2284 2282 2276 2305 2284 2306 2291 2270 2283 2269 2298 2276 2281 2295 2309 2282 2296 2306 2309 2278 2309 2274 2288 2312 2325 2305 2314 2290 2311 2298 2316 2311 2298 2324 2298

Tree=0
num_leaves=24
num_cat=0
split_feature=9 6 8 12 9 18 18 6 10 9 10 4 9 8 0 18 18 1 7 18 18 3 9
split_gain=15.3297 8.9333 5.28638 4.43078 3.82353 3.02554 5.49422 2.31495 2.32644 1.71408 1.69421 1.69314 1.36321 3.54481 1.22463 1.31623 1.15567 1.10398 3.71931 3.19553 2.4239 2.2872 1.55382
threshold=0.75092262790976494 0.37010083484915307 8.1957087548625562 0.086200000000000013 0.15907130925019997 7.5000000000000009 14.500000000000002 0.065385955094215853 -0.06512548134884763 0.87685035718828164 -0.032812397026222122 0.42934772952275618 0.48550075542692911 9.7173161405397082 12.617716551286508 21.500000000000004 32.500000000000007 10.449126422319649 0.059312093952106938 16.500000000000004 33.500000000000007 0.36960534180870214 0.3652543963536154
decision_type=10 10 8 2 8 2 2 8 10 10 8 10 10 10 8 2 2 10 8 2 2 8 10
left_child=1 2 -1 4 5 -4 -7 8 -6 10 -2 17 13 -3 15 -8 -17 18 19 22 21 -19 -9
right_child=9 12 3 -5 7 6 14 11 -10 -11 -12 -13 -14 -15 -16 16 -18 20 -20 -21 -22 -23 -24
leaf_value=-0.11723279845884015 -0.12041899444318996 -0.10365241782107518 -0.080990820853494697 -0.11870371391659823 -0.14322522723624392 -0.13075511605530227 -0.12351220971411683 -0.09162263672616619 -0.13999793165576063 -0.17258711755791972 -0.13914853958816015 -0.12666735907917387 -0.12211105428377407 -0.082934320192766225 -0.13911040358512269 -0.061185055192286543 -0.083061485966996265 -0.12990494373995512 -0.16209881987119129 -0.11924688475985276 -0.13986748955058964 -0.1097133329848429 -0.12826383668773525
leaf_weight=133 42 45 57 107 45 71 51 173 99 86 141 46 64 171 41 61 55 622 87 390 89 81 101
leaf_count=133 42 45 57 107 45 71 51 173 99 86 141 46 64 171 41 61 55 622 87 390 89 81 101
internal_value=-0.0203546 -0.0192457 -0.0201751 -0.0195819 -0.0190588 -0.0143628 -0.0162846 -0.0199428 -0.0259592 -0.0306976 -0.0270605 -0.0193497 -0.0114488 -0.00949315 -0.0122844 -0.0102309 -0.0072605 -0.019614 -0.0210945 -0.0197541 -0.0181358 -0.0190485 -0.0156444
internal_weight=2858 2589 2309 2176 2069 336 279 1733 144 269 183 1589 280 216 208 167 116 1543 751 664 792 703 274
internal_count=2858 2589 2309 2176 2069 336 279 1733 144 269 183 1589 280 216 208 167 116 1543 751 664 792 703 274
is_linear=0
shrinkage=0.045


Tree=1
num_leaves=24
num_cat=0
split_feature=9 9 6 6 6 23 9 2 10 23 9 9 9 1 23 6 24 2 6 26 0 9 6
split_gain=20.2746 7.36527 5.85666 4.24767 3.53202 3.20565 5.72755 2.18872 2.169 2.00552 2.07357 1.98618 2.78342 2.51803 1.93642 2.46779 1.86033 1.94827 2.0242 1.51052 1.49481 1.97516 1.25777
threshold=0.82677118677134587 0.15907130925019997 0.39883668771345687 0.074975895624439251 0.29430168350706892 0.0023283362018776898 0.3106421441538228 10.435032569578944 0.018209708546225337 0.0019969623244623469 0.37322237642446104 0.34704179125301998 0.6885620464635277 10.631817470046977 0.00099235093110173838 0.074975895624439251 0.00011205580755904283 12.192248720906933 0.19182046391842969 15.500000000000002 9.2394932638812328 0.40720964613413274 0.13409407546628496
decision_type=10 8 10 8 10 2 8 10 8 2 10 10 10 10 2 10 2 8 8 2 10 10 10
left_child=1 4 3 -3 7 11 -7 8 -1 -4 -11 -5 16 -14 -9 -16 17 18 22 -8 -21 -22 -13
right_child=-2 2 9 5 -6 6 19 14 -10 10 -12 12 13 -15 15 -17 -18 -19 -20 20 21 -23 -24
leaf_value=-0.077921802934453263 -0.15708862058040787 -0.13608569629882861 -0.0071105071654520135 -0.12167301178816305 -0.065691946272338403 -0.11575163998043746 -0.13011690343703311 -0.086048030611899001 -0.097157328185880396 -0.071511411939413558 -0.12492407884394055 -0.13772093357251897 -0.10776493412547396 -0.09767423414204221 -0.032174477949988026 -0.13831023201433801 -0.092726658593554917 -0.1237435779254832 -0.11626492159591985 -0.12445277558854931 -0.10793379787186264 -0.13544927154541259 -0.034359141793501413
leaf_weight=70 168 199 46 695 103 110 146 61 78 47 44 50 82 105 46 62 237 43 129 97 84 81 52
leaf_count=70 168 199 46 695 103 110 146 61 78 47 44 50 82 105 46 62 237 43 129 97 84 81 52
internal_value=-0.0186509 -0.017657 -0.018693 -0.0192842 -0.0120213 -0.0185607 -0.0217745 -0.0143648 -0.0100132 -0.00936964 -0.013141 -0.0173215 -0.015413 -0.0202855 -0.0179346 -0.0136216 -0.0135219 -0.0161318 -0.0177788 -0.0242628 -0.0266434 -0.0229687 -0.0123857
internal_weight=2835 2667 2247 2110 420 1911 518 317 148 137 91 1393 698 187 169 108 511 274 231 408 262 165 102
internal_count=2835 2667 2247 2110 420 1911 518 317 148 137 91 1393 698 187 169 108 511 274 231 408 262 165 102
is_linear=0
shrinkage=0.045


Tree=2
num_leaves=24
num_cat=0
split_feature=5 7 1 5 5 7 0 18 18 11 23 24 7 7 5 3 23 5 5 5 2 8 19
split_gain=24.514 4.56405 3.91469 2.9135 2.59457 1.99527 1.82589 1.65233 5.58796 1.64199 1.64033 1.42806 1.27412 1.23647 1.15975 1.08295 0.924098 13.0287 6.37338 2.3854 1.89161 1.65668 1.4513
threshold=0.80905815230801137 0.037099333762213783 10.94640395619828 0.86764474283547177 0.10883662396485873 0.043674758328546524 11.528606001430575 7.5000000000000009 15.500000000000002 1.0000000180025095e-35 0.0011748197341993401 0.00014145219473542589 0.001095218243934075 0.053018994401212848 0.39336051159265173 -0.28103104396455914 0.0020890952270694783 0.3676998998529401 0.3430515113214081 0.68905509811956345 12.488319272057749 10.167367617025864 0.79925000000000013
decision_type=10 8 10 10 8 10 10 2 2 2 2 2 10 10 8 8 2 10 10 10 8 10 2
left_child=1 4 5 11 7 -3 -4 -1 -9 12 -10 -2 -6 -7 -8 -14 18 21 -17 20 -19 -18 -20
right_child=3 2 6 -5 9 13 14 8 10 -11 -12 -13 15 -15 -16 16 17 19 22 -21 -22 -23 -24
leaf_value=-0.051879095350059669 -0.08912638548248919 -0.15210887178261634 -0.10693489442106199 -0.14674440213279916 -0.10185590167516929 -0.11537195865948421 -0.11994754917331771 -0.12040580122109272 -0.079918975859257807 -0.10318577977809217 -0.078414569010820459 -0.11742300512644001 -0.13072576077795825 -0.10765282293280237 -0.13036727862268407 -0.11267455773620871 -0.096738819155390413 -0.11958739839077161 -0.10105867548033412 -0.13012568622205878 -0.13151007926605987 -0.10755541829577589 -0.097222660817135098
leaf_weight=52 48 201 107 102 67 67 40 61 74 79 82 40 77 110 46 453 189 267 387 53 44 140 123
leaf_count=52 48 201 107 102 67 67 40 61 74 79 82 40 77 110 46 453 189 267 387 53 44 140 123
internal_value=-0.0166826 -0.0155574 -0.0192426 -0.0322927 -0.0145523 -0.0219803 -0.0136263 -0.0101829 -0.0118943 -0.0151606 -0.00713208 -0.0245275 -0.0148253 -0.0177875 -0.0185562 -0.0150696 -0.0147613 -0.0161864 -0.0136887 -0.0220463 -0.0201282 -0.0095625 -0.0101316
internal_weight=2909 2719 571 190 2148 378 193 269 217 1879 156 88 1800 177 86 1733 1656 693 963 364 311 329 510
internal_count=2909 2719 571 190 2148 378 193 269 217 1879 156 88 1800 177 86 1733 1656 693 963 364 311 329 510
is_linear=0
shrinkage=0.045


Tree=3
num_leaves=24
num_cat=0
split_feature=9 6 9 8 9 6 23 25 8 9 6 19 2 23 2 25 9 9 7 9 8 25 25
split_gain=17.41 7.81383 6.76192 4.29789 4.06783 4.15466 3.11338 2.84693 4.91289 3.20837 2.55917 2.4162 2.19765 2.14008 2.30982 2.11111 1.73025 1.6072 1.4846 1.75279 1.46078 1.30522 1.24663
threshold=0.8616987032915 0.27318452317143022 0.37322237642446104 9.3281005287304648 0.11054144310045093 0.081871249253160791 0.0008053809711242244 0.0026009887166213047 8.5366748501811731 0.69570302941363316 0.10037168680080633 0.80370000000000008 10.060072623135556 0.0016971711129044186 10.435032569578944 0.0035197491389389016 0.55565028551018203 0.69570302941363316 0.020067637365378043 0.38028657159530194 9.4283292582755944 0.0031726949922928137 0.0021404941128980348
decision_type=10 10 8 10 8 8 2 2 8 10 10 2 8 2 10 2 10 8 8 10 10 2 2
left_child=1 4 3 -3 6 11 -1 18 -9 10 12 -6 -10 17 15 -15 -12 -4 19 -7 -19 -8 -5
right_child=-2 2 13 22 5 7 21 8 9 -11 16 -13 -14 14 -16 -17 -18 20 -20 -21 -22 -23 -24
leaf_value=-0.071000228206865454 -0.15713562650538845 -0.07914573523555915 -0.069327894133225362 -0.055944060970730618 -0.12862181189217944 -0.11369174056369326 -0.060803873938999088 -0.11359592156359141 -0.11261031736588713 -0.12905874668169931 -0.11676694245345276 -0.11713985623087989 -0.0976046570620277 -0.12122432697587243 -0.13323266851299834 -0.06468543349076554 -0.098802047581225266 -0.04912345102958364 -0.1118632503486905 -0.06864975696884873 -0.061448209887116155 -0.12371474637666319 -0.020360705650625314
leaf_weight=74 107 44 77 47 171 194 94 75 77 57 399 44 178 50 172 99 44 48 278 174 56 60 217
leaf_count=74 107 44 77 47 171 194 94 75 77 57 399 44 178 50 172 99 44 48 278 174 56 60 217
internal_value=-0.0152832 -0.0145533 -0.0107657 -0.00544051 -0.0161328 -0.0169069 -0.0102468 -0.0159797 -0.0178001 -0.0165782 -0.0156056 -0.0229644 -0.0117297 -0.0139812 -0.0162431 -0.0117089 -0.0177427 -0.00977038 -0.0135693 -0.0114744 -0.0133738 -0.00639172 -0.00316854
internal_weight=2836 2729 810 308 1919 1691 228 1476 830 755 698 215 255 502 321 149 443 181 646 368 104 154 264
internal_count=2836 2729 810 308 1919 1691 228 1476 830 755 698 215 255 502 321 149 443 181 646 368 104 154 264
is_linear=0
shrinkage=0.045


Tree=4
num_leaves=24
num_cat=1
split_feature=5 6 9 25 8 9 21 25 9 6 0 5 18 18 16 0 25 6 18 2 8 6 1
split_gain=23.4029 11.1696 3.03233 5.75801 3.33887 2.89816 5.69393 3.9683 3.09088 3.54017 2.67451 2.6627 2.62071 4.87708 2.50496 2.2486 2.07539 2.072 2.03757 2.63306 2.10262 1.91374 1.8968
threshold=0.80905815230801137 0.27318452317143022 0.38028657159530194 0.004616372972157997 9.2869818955315981 0.74229626112328273 0 0.0025544205362843793 0.11054144310045093 0.16261881508395223 10.929584777276808 0.86764474283547177 20.500000000000004 7.5000000000000009 -1.4999999999999998 8.762833012366217 0.004616372972157997 0.19182046391842969 27.500000000000004 10.983189624940517 9.3664120049477635 0.34453925553988834 13.333252133596451
decision_type=10 10 10 2 10 10 1 2 8 8 10 10 2 2 2 10 2 10 2 10 8 10 8
left_child=1 5 4 -4 -3 6 15 -7 12 14 -5 -2 13 -8 -10 -1 18 -17 22 20 -20 -6 -11
right_child=11 2 3 10 21 7 8 -9 9 16 -12 -13 -14 -15 -16 17 -18 -19 19 -21 -22 -23 -24
leaf_value=-0.090132739876398443 -0.097455695063160389 -0.078019525654164354 -0.083408120498745741 -0.094861503920483342 -0.096905788115191932 -0.073762880385808222 -0.067390367590347638 -0.15949263787970991 -0.093629054525750849 -0.10629167267882102 -0.14551949280921903 -0.12794331210522605 -0.059958819671256061 -0.11067972907872713 -0.11936204137344041 -0.078097483303674692 -0.10062896960917055 -0.10174695735091051 -0.012655563848529438 -0.084663082486072461 -0.085927578729447368 -0.012161910521127773 -0.10261697767295447
leaf_weight=61 88 76 218 47 184 59 40 51 51 348 45 110 106 79 422 192 145 100 40 72 56 202 51
leaf_count=61 88 76 218 47 184 59 40 51 51 348 45 110 106 79 422 192 145 100 40 72 56 202 51
internal_value=-0.0140226 -0.0128772 -0.00826839 -0.0117173 -0.00589355 -0.0147605 -0.0142657 -0.0221018 -0.0156061 -0.0166572 -0.0210316 -0.028903 -0.0106086 -0.0151414 -0.0197915 -0.00815779 -0.0145007 -0.00662034 -0.0157618 -0.0112105 -0.016 -0.00412982 -0.0175802
internal_weight=2843 2645 772 310 462 1873 1763 110 1410 1185 92 198 225 119 473 353 712 292 567 168 96 386 399
internal_count=2843 2645 772 310 462 1873 1763 110 1410 1185 92 198 225 119 473 353 712 292 567 168 96 386 399
cat_boundaries=0 1
cat_threshold=192
is_linear=0
shrinkage=0.045


Tree=5
num_leaves=24
num_cat=1
split_feature=9 6 21 9 18 9 25 18 18 8 18 6 9 7 8 9 7 25 16 16 6 16 26
split_gain=13.4234 7.38262 4.64244 5.182 4.59429 4.43108 3.97629 3.47592 3.60777 2.94331 2.92062 3.18728 3.46243 2.91324 2.50729 2.19782 2.07609 1.93853 1.90007 2.96613 2.98278 1.69116 2.06921
threshold=0.75963912917030973 0.27318452317143022 0 0.061417702536852269 4.5000000000000009 0.38028657159530194 0.0066948618413908952 27.500000000000004 37.500000000000007 8.3034072395801868 25.500000000000004 0.078395045809638644 0.10323596575128856 0.037099333762213783 9.3281005287304648 0.87685035718828164 0.030685809170690772 0.002199838609870503 3.5000000000000004 -1.0000000180025095e-35 0.13409407546628496 1.0000000180025095e-35 20.500000000000004
decision_type=10 10 1 10 2 8 2 2 2 8 2 8 10 10 10 10 8 2 2 2 8 2 2
left_child=1 2 3 -1 -2 14 13 9 18 -4 11 12 -11 21 -3 17 -5 -6 19 -9 -21 22 -7
right_child=4 5 7 16 15 6 -8 8 -10 10 -12 -13 -14 -15 -16 -17 -18 -19 -20 20 -22 -23 -24
leaf_value=-0.10030286231977191 -0.068458813265221616 -0.072013820873839424 -0.099825611855569402 -0.060308474337255766 -0.042723446032356553 -0.091268596703834096 -0.10404176642323519 -0.077174562889110662 -0.099030967601006145 -0.10864300117389203 -0.11945046582126284 -0.10468202103067371 -0.12151469376870036 -0.12910757837626169 -0.063588225904598672 -0.14409916307582571 -0.093517727094760653 -0.11458110553038055 -0.028891179283079854 -0.11628474663109235 -0.077003865699940624 -0.052217266024692607 -0.091386205429150408
leaf_weight=102 43 46 43 194 53 99 44 131 70 58 62 766 88 57 270 78 95 83 56 63 107 142 95
leaf_count=102 43 46 43 194 53 99 44 131 70 58 62 766 88 57 270 78 95 83 56 63 107 142 95
internal_value=-0.0130473 -0.0120463 -0.0135943 -0.0082927 -0.0228721 -0.00823512 -0.0111631 -0.0148497 -0.0113703 -0.0164184 -0.0158122 -0.0150689 -0.0213523 -0.00958523 -0.00411912 -0.0255691 -0.00532449 -0.0211079 -0.00939375 -0.0107985 -0.0146965 -0.00785841 -0.0105761
internal_weight=2845 2588 1835 391 257 753 437 1444 427 1017 974 912 146 393 316 214 289 136 357 301 170 336 194
internal_count=2845 2588 1835 391 257 753 437 1444 427 1017 974 912 146 393 316 214 289 136 357 301 170 336 194
cat_boundaries=0 1
cat_threshold=192
is_linear=0
shrinkage=0.045


Tree=6
num_leaves=24
num_cat=1
split_feature=9 6 6 9 9 23 26 8 9 21 9 23 0 1 8 10 23 2 4 26 23 26 6
split_gain=12.4325 8.24596 4.02623 5.82691 3.30756 3.93465 3.12198 2.97398 2.202 5.84687 1.97402 1.7333 1.66835 1.64063 1.64905 1.44908 1.40434 2.12169 1.38447 1.48065 1.32951 1.31661 1.29678
threshold=0.87685035718828164 0.27318452317143022 0.081871249253160791 0.10323596575128856 0.38028657159530194 0.003537673636176544 33.500000000000007 9.3281005287304648 0.71853126049018468 0 0.77258038543377316 0.0025079979585081323 9.0977151937873018 9.6557649937961507 9.8903682910061033 -0.044601329174740655 0.0022334722246545665 10.843244375406806 0.3477661538208357 47.500000000000007 0.001293324672967319 17.500000000000004 0.13409407546628496
decision_type=10 10 8 8 8 2 2 10 8 1 10 2 8 8 10 10 2 10 10 2 2 2 10
left_child=1 2 3 -1 7 10 21 -3 9 -4 13 12 -10 -6 -15 16 17 -14 19 -11 -9 -5 -21
right_child=-2 4 8 6 5 -7 -8 20 11 18 -12 -13 15 14 -16 -17 -18 -19 -20 22 -22 -23 -24
leaf_value=-0.099134887394067853 -0.13876190664025112 -0.063525396491072528 -0.067255007273065048 -0.10329371719865385 -0.021953759051415254 -0.11170401498350695 -0.11405900467328674 -0.068184605712525173 -0.034979461835214935 -0.10153045658738932 -0.086007579055129263 -0.10022983416443099 -0.10295134834592637 -0.10173669020985923 -0.076427119377520503 -0.11103066417633475 -0.098248265234908094 -0.076530107709027517 -0.091061250189435283 -0.10355673289008833 -0.0014906800860306445 -0.10738877887275314 -0.082205179523912139
leaf_weight=56 85 50 240 44 90 76 149 72 56 657 50 52 135 69 198 52 40 107 70 112 202 55 101
leaf_count=56 85 50 240 44 90 76 149 72 56 657 50 52 135 69 198 52 40 107 70 112 202 55 101
internal_value=-0.0122366 -0.0116834 -0.01329 -0.0181466 -0.00781389 -0.0101713 -0.0210837 -0.00423853 -0.012348 -0.0112595 -0.00830305 -0.0151584 -0.0139122 -0.00701875 -0.008775 -0.0151291 -0.0135632 -0.0148592 -0.0128437 -0.0134794 -0.0023231 -0.0141397 -0.0169479
internal_weight=2818 2733 1926 304 807 483 248 324 1622 1180 407 442 390 357 267 334 282 242 940 870 274 99 213
internal_count=2818 2733 1926 304 807 483 248 324 1622 1180 407 442 390 357 267 334 282 242 940 870 274 99 213
cat_boundaries=0 1
cat_threshold=192
is_linear=0
shrinkage=0.045


Tree=7
num_leaves=24
num_cat=2
split_feature=5 21 5 9 21 5 23 9 2 23 24 19 7 19 0 16 2 10 2 0 2 9 4
split_gain=17.7257 11.5346 6.75457 3.82053 3.60391 3.39556 2.65572 2.48322 3.35191 3.28408 2.25097 2.27584 2.11041 1.87546 1.87055 1.82353 2.39813 1.77228 1.66056 2.50453 1.56583 1.47714 2.64982
threshold=0.88179025123519905 0 0.76746326457489811 0.5820744804047987 1 0.54247413984709625 0.001254040822795713 0.49172679394216173 10.53075494805986 0.0010247654435978503 0.00016644927230597466 0.75385000000000013 0.027010724235398385 0.46785000000000004 9.8197696589583909 1.0000000180025095e-35 10.314060585308164 -0.042044004593402247 10.649238414598083 11.219140538316037 9.8754250657944418 0.40118223791731034 -0.043314436556788634
decision_type=10 1 8 8 1 10 2 10 8 2 2 2 10 2 10 2 10 10 8 10 8 8 8
left_child=1 7 4 20 -3 10 14 9 -9 21 11 -6 -7 -8 -5 16 17 -11 -15 -20 -4 -1 -23
right_child=-2 2 3 6 5 12 13 8 -10 15 -12 -13 -14 18 -16 -17 -18 -19 19 -21 -22 22 -24
leaf_value=-0.084177432430361743 -0.13545528877106089 -0.058531284392108134 -0.084315827751065983 -0.088468693220810662 -0.07933174098378569 -0.096840193431758675 -0.058533846052649968 -0.08971956347357439 -0.14868333451308063 -0.11235524201493699 -0.080386083307528319 -0.094757975802532438 -0.11994194440733508 -0.1038730068747762 -0.0057939885788876105 -0.094761204504341293 -0.11923689648353217 -0.063336171953234613 -0.066904168827536456 -0.10589653741648679 -0.062953750461438543 -0.027454580342599646 -0.097705351101840476
leaf_weight=365 86 439 45 40 102 121 51 55 66 48 501 55 47 96 40 157 110 53 52 42 114 41 120
leaf_count=365 86 439 45 40 102 121 51 55 66 48 501 55 47 96 40 157 110 53 52 42 114 41 120
internal_value=-0.0113361 -0.010684 -0.00826152 -0.0128571 -0.00655659 -0.00829738 -0.0156875 -0.0145878 -0.0210302 -0.013811 -0.00688275 -0.0115734 -0.0141053 -0.0180645 -0.00813253 -0.0103827 -0.013132 -0.00776683 -0.0201684 -0.0149845 -0.00695833 -0.0161371 -0.0120595
internal_weight=2846 2760 1745 480 1265 826 321 1015 121 894 658 157 168 241 80 368 211 101 190 94 159 526 161
internal_count=2846 2760 1745 480 1265 826 321 1015 121 894 658 157 168 241 80 368 211 101 190 94 159 526 161
cat_boundaries=0 1 2
cat_threshold=12 192
is_linear=0
shrinkage=0.045


Tree=8
num_leaves=24
num_cat=0
split_feature=5 26 9 25 5 6 5 25 18 26 2 6 25 9 5 18 18 0 8 7 6 5 19
split_gain=13.4506 8.96438 4.86208 5.1468 4.97282 3.81218 3.80319 3.2885 4.36359 2.91082 4.18822 2.82731 2.60496 3.3155 2.54412 2.18543 3.51937 4.19753 2.57376 2.10477 2.00557 1.9526 1.85837
threshold=0.86764474283547177 35.500000000000007 0.72597996884305271 0.0017887494109655848 0.42545518160357093 0.12105611573626408 0.14150601783701697 0.0060214130086303054 21.500000000000004 12.500000000000002 8.6384859925430817 0.29430168350706892 0.0023576342518334737 0.82677118677134587 0.42545518160357093 28.500000000000004 7.5000000000000009 10.056549122141329 9.5721295584210058 0.019235487588208328 0.27057980200098747 0.17088762901072987 0.75545000000000007
decision_type=10 2 8 2 8 8 10 2 2 2 10 8 2 8 10 2 2 8 10 8 8 10 2
left_child=1 2 7 -4 -5 6 -3 9 -9 11 -11 14 13 -6 -1 16 18 -18 -7 20 -14 -17 -19
right_child=-2 5 3 4 12 15 -8 8 -10 10 -12 -13 19 -15 -16 21 17 22 -20 -21 -22 -23 -24
leaf_value=-0.097150428160791641 -0.1262259712329406 -0.047092647225558601 0.0020292410618394574 -0.076758330854870299 -0.032316050731358924 -0.062057986359202816 -0.098764112475126592 -0.11652192433781387 -0.044717431155300143 -0.075329498659629512 -0.070124906439362811 -0.076345855237222024 -0.089929612453610322 -0.098692640993084335 -0.090414269308827483 -0.089210808578584738 -0.034911314026830946 -0.093799266568547507 0.012716257857870844 -0.1263336916137564 -0.071784265247151854 0.00016696877145668521 -0.099769399559418534
leaf_weight=133 103 81 63 126 51 55 189 87 58 116 789 164 56 91 65 89 75 94 40 130 87 54 43
leaf_count=133 103 81 63 126 51 55 189 87 58 116 789 164 56 91 65 89 75 94 40 130 87 54 43
internal_value=-0.0108629 -0.0102388 -0.00867459 -0.0120692 -0.0134793 -0.0145643 -0.0188736 -0.0072 -0.0136064 -0.00643642 -0.00504268 -0.00985068 -0.0158523 -0.0105207 -0.0134552 -0.0118709 -0.0140298 -0.0172465 -0.00654337 -0.018481 -0.0141318 -0.00704281 -0.0219054
internal_weight=2839 2736 2016 604 541 720 270 1412 145 1267 905 362 415 142 198 450 307 212 95 273 143 143 137
internal_count=2839 2736 2016 604 541 720 270 1412 145 1267 905 362 415 142 198 450 307 212 95 273 143 143 137
is_linear=0
shrinkage=0.045


Tree=9
num_leaves=24
num_cat=2
split_feature=5 21 5 9 9 23 21 4 4 4 0 4 24 9 9 4 23 5 4 26 10 23 5
split_gain=13.7983 14.7856 5.99671 4.99569 2.93019 2.69236 2.24975 2.52847 1.52219 2.30959 1.60023 1.50931 1.63106 1.48637 1.46403 1.3525 1.25384 3.02724 1.86681 1.22753 1.77898 1.21454 2.25261
threshold=0.89889642848900542 0 0.7580655899467148 0.80357494617056069 0.11054144310045093 0.0008053809711242244 1 -0.22416541027557443 0.035358557725320025 0.3477661538208357 9.8617549626122045 0.12471389461944977 0.00026934557944885239 0.39041269663435346 0.50930833046912605 0.028290537430097622 0.0017036197822443179 0.37142845059497515 0.36628657460864938 15.500000000000002 0.032635866075841215 0.0018219555141239575 0.44174182738622197
decision_type=10 1 8 8 8 2 1 10 10 10 10 10 2 8 10 10 2 10 8 2 8 2 10
left_child=1 4 6 -4 5 -1 7 -3 14 10 13 21 -13 -10 -6 -7 -8 -18 -19 -5 -21 -9 -23
right_child=-2 2 3 19 8 15 16 11 9 -11 -12 12 -14 -15 -16 -17 17 18 -20 20 -22 22 -24
leaf_value=-0.049640256418668295 -0.12704542795911239 -0.095636937023701435 -0.073887273717565982 -0.072902613869608252 -0.096692248421628504 -0.082569970023843309 -0.029880493005055551 -0.062567686825101249 -0.035162523875846785 -0.084463899444277513 -0.10185032998416746 -0.080486003082975988 -0.091410703892233158 -0.085508307808003725 -0.11577285296344753 0.034170431190704842 -0.025725379230848888 -0.081781639669171832 -0.067229099083435676 -0.053928837788510632 -0.11420261521001335 0.0024754137985349561 -0.089975172289497835
leaf_weight=68 71 46 268 47 396 60 313 40 45 50 213 72 56 52 64 50 202 292 40 68 116 132 54
leaf_count=68 71 46 268 47 396 60 313 40 45 50 213 72 56 52 64 50 202 292 40 68 116 132 54
internal_value=-0.0101921 -0.00966181 -0.00700199 -0.0112097 -0.0140697 -0.00872652 -0.0053514 -0.00817191 -0.0153645 -0.0177273 -0.0191933 -0.00697059 -0.010855 -0.0135675 -0.0134125 -0.00418142 -0.00385378 -0.00522067 -0.00784478 -0.0160481 -0.0177594 -0.00465721 -0.00302381
internal_weight=2815 2744 1746 499 998 178 1247 400 820 360 310 354 128 97 460 110 847 534 332 231 184 226 186
internal_count=2815 2744 1746 499 998 178 1247 400 820 360 310 354 128 97 460 110 847 534 332 231 184 226 186
cat_boundaries=0 1 2
cat_threshold=12 34
is_linear=0
shrinkage=0.045


Tree=10
num_leaves=24
num_cat=1
split_feature=21 6 6 9 9 9 9 0 1 3 23 0 9 4 1 4 7 6 7 1 9 9 3
split_gain=11.5534 5.7106 4.9336 3.59723 3.26063 2.64132 2.54636 3.12606 3.0209 2.52925 2.42757 2.27409 1.94356 1.52172 1.50196 1.52397 1.45803 1.35198 1.33292 1.16438 2.39148 2.05758 1.88535
threshold=0 0.069763133268084379 0.24121524460914959 0.77258038543377316 0.10323596575128856 0.8616987032915 0.56779891013967243 11.909474305454962 10.764490378527531 -0.1530972724931082 0.00082643384293499286 14.044754594669492 0.75092262790976494 0.045956510225510477 10.165038569209008 0.18125509845477461 0.0088983598679218626 0.12105611573626408 0.026465241236310652 11.515964135274841 0.71853126049018468 0.26209619667089129 0.18827989694628069
decision_type=1 8 10 10 10 10 8 10 8 10 2 8 8 10 10 8 10 10 10 8 8 10 8
left_child=1 4 6 -4 -1 10 7 18 9 -8 14 19 -11 -9 17 -16 -10 -3 -2 -12 21 -21 -22
right_child=2 5 3 -5 -6 -7 8 13 16 12 11 -13 -14 -15 15 -17 -18 -19 -20 20 22 -23 -24
leaf_value=-0.066944246597262169 -0.05305291440900143 -0.050827423771966709 -0.046953801901417055 -0.06402878204524412 -0.097513331600337039 -0.097059933532726517 -0.089375084933187507 -0.095447628179797905 -0.024514353569550156 -0.056195192873048229 -0.077755723240049424 -0.10192713928061807 -0.083424108161783209 -0.071573777040237083 -0.081192086490210702 -0.080012228546192055 -0.066554940109983682 -0.0315512328212759 -0.081824456774884494 -0.099403831303375545 -0.1238392349227694 -0.090900870526933603 -0.072256735165813671
leaf_weight=63 230 80 631 57 125 43 41 41 50 49 484 68 54 50 122 64 90 100 87 82 42 111 66
leaf_count=63 230 80 631 57 125 43 41 41 50 49 484 68 54 50 122 64 90 100 87 82 42 111 66
internal_value=-0.00963378 -0.0124727 -0.00649318 -0.00381621 -0.0199319 -0.0114154 -0.00922014 -0.00685401 -0.0125122 -0.0170816 -0.0109757 -0.00958616 -0.0126722 -0.0140984 -0.0141098 -0.0170714 -0.00755245 -0.0108197 -0.00466172 -0.00883725 -0.0110946 -0.00788648 -0.0164595
internal_weight=2830 1450 1380 688 188 1262 692 408 284 144 1219 853 103 91 366 186 140 180 317 785 301 193 108
internal_count=2830 1450 1380 688 188 1262 692 408 284 144 1219 853 103 91 366 186 140 180 317 785 301 193 108
cat_boundaries=0 1
cat_threshold=140
is_linear=0
shrinkage=0.045


Tree=11
num_leaves=24
num_cat=0
split_feature=24 5 6 5 6 1 0 10 5 23 2 16 5 5 23 24 7 4 2 0 3 10 2
split_gain=10.8238 12.2356 5.53685 8.60659 4.1405 5.98559 3.92916 2.80684 2.70604 5.01168 4.55842 2.46192 2.06168 2.82484 2.54644 2.25507 2.02509 1.81233 1.73342 2.87479 2.07845 1.4592 1.71058
threshold=0.00016644927230597466 0.79588006283065649 0.081871249253160791 0.10883662396485873 0.062787741819988432 10.291834645218939 9.7096002427482038 0.0029364099951367244 0.38266112310502359 0.0018219555141239575 12.919490266219363 2.5000000000000004 0.85113369893523394 0.43817022319889048 0.0019324939683565262 6.0661858288719428e-05 0.024604043390632546 0.032084730043532766 8.6384859925430817 9.7096002427482038 0.24632865471712984 -0.015592278840449029 11.420121838832438
decision_type=2 10 8 10 10 8 8 10 10 2 8 2 10 10 2 2 10 8 8 8 8 8 8
left_child=2 4 3 -1 5 6 -2 16 -6 -10 11 -11 13 18 15 -15 -5 -3 -4 20 -20 -21 -23
right_child=1 17 12 7 8 -7 -8 -9 9 10 -12 -13 -14 14 -16 -17 -18 -19 19 21 -22 22 -24
leaf_value=-0.042429516864148642 -0.038024034757103309 -0.077243536000105945 -0.056436599769334773 -0.083430190264153867 -0.003277787636485595 -0.052470620302434733 -0.097019426747613199 -0.10308737278916706 0.0071022851001008389 -0.052313514254812211 -0.079552788739510161 -0.090710713555755731 -0.070556105213606043 -0.080088767884664569 -0.10239505319967637 -0.012181328981821414 -0.094594530302088892 -0.073846741031346932 -0.02268259165903826 -0.085523335573339035 -0.048030210121060166 -0.09401934191970801 -0.076688113139434994
leaf_weight=59 41 45 43 70 361 163 67 69 182 264 42 41 46 110 104 147 41 55 134 141 53 336 260
leaf_count=59 41 45 43 70 361 163 67 69 182 264 42 41 46 110 104 147 41 55 134 141 53 336 260
internal_value=-0.00923306 -0.00608604 -0.0116774 -0.0180465 -0.00475322 -0.00959945 -0.0176757 -0.0228689 -0.00325028 -0.00529088 -0.00844071 -0.00639205 -0.0105327 -0.010163 -0.00666964 -0.00417981 -0.0175461 -0.0209709 -0.0114425 -0.0109612 -0.00583816 -0.0122321 -0.0111336
internal_weight=2874 1261 1613 239 1161 271 108 180 890 529 347 305 1374 1328 361 257 111 100 967 924 187 737 596
internal_count=2874 1261 1613 239 1161 271 108 180 890 529 347 305 1374 1328 361 257 111 100 967 924 187 737 596
is_linear=0
shrinkage=0.045


Tree=12
num_leaves=24
num_cat=2
split_feature=21 9 6 6 18 18 18 10 8 21 9 8 2 24 19 25 2 4 0 26 18 18 6
split_gain=13.5961 9.28857 4.07798 3.15492 3.14133 2.86909 3.694 2.62718 2.37907 2.63087 2.50062 2.07981 1.91756 2.40009 1.86749 1.86703 1.57958 1.38877 1.34142 1.54543 2.37719 3.20552 2.88077
threshold=0 0.87685035718828164 0.12105611573626408 0.28865241889315152 28.500000000000004 5.5000000000000009 28.500000000000004 0.0013700619318466891 8.3034072395801868 1 0.37322237642446104 12.216645307555913 8.5576246043428821 0.00033105226715603278 0.77445000000000008 0.0054173700602840472 10.406633316563282 -0.11558496776148101 9.0599998781169955 18.500000000000004 15.500000000000002 10.500000000000002 0.15826394499672952
decision_type=1 10 10 10 2 2 2 10 10 1 10 8 10 2 2 2 10 8 10 2 2 2 8
left_child=2 3 7 4 12 -4 14 17 -5 -10 -11 -6 13 -2 16 -12 -7 -1 -14 20 21 -20 -22
right_child=1 -3 5 8 11 6 -8 -9 9 10 15 -13 18 -15 -16 -17 -18 -19 19 -21 22 -23 -24
leaf_value=-0.079555182232170993 -0.10102915864834452 -0.10959911376508456 -0.00097622884953859344 -0.067257173966205341 -0.028587771479865909 -0.034657112153619704 -0.046380582893284547 -0.084109194483532629 -0.0015202936741708346 -0.050903023347417101 -0.071225468047757964 -0.053831026140547328 -0.064576411472019382 -0.015845792182606806 -0.086426927437880177 -0.091821882283428413 -0.084446153319326284 -0.078330325345340096 -0.073530756136134662 -0.070974696691340447 0.0078841761842012685 -0.095404874268473883 -0.071214986886572684
leaf_weight=49 87 85 49 42 213 70 112 108 311 194 86 119 163 46 51 57 59 251 101 352 60 66 109
leaf_count=49 87 85 49 42 213 70 112 108 311 194 86 119 163 46 51 57 59 251 101 352 60 66 109
internal_value=-0.00895885 -0.00696067 -0.0142057 -0.00635465 -0.00764898 -0.0105894 -0.0122644 -0.0174745 -0.00386364 -0.00315207 -0.005805 -0.00381493 -0.00892705 -0.0140129 -0.0162295 -0.0104332 -0.0128011 -0.015 -0.00808577 -0.00896093 -0.011177 -0.0149956 -0.00720785
internal_weight=2840 2091 749 2006 1316 341 292 408 690 648 337 332 984 133 180 143 129 300 851 688 336 167 169
internal_count=2840 2091 749 2006 1316 341 292 408 690 648 337 332 984 133 180 143 129 300 851 688 336 167 169
cat_boundaries=0 1 2
cat_threshold=4 114
is_linear=0
shrinkage=0.045


Tree=13
num_leaves=24
num_cat=0
split_feature=5 26 6 5 9 23 24 5 23 10 1 6 9 16 6 9 1 0 6 0 16 0 8
split_gain=9.38049 11.6282 3.44517 4.2068 2.92299 5.73634 2.90942 2.88579 3.04323 2.88112 2.78565 2.16631 2.11134 1.79873 1.66932 1.63589 2.0856 1.7153 1.58991 1.48976 1.39054 1.17543 1.488
threshold=0.88179025123519905 35.500000000000007 0.081871249253160791 0.15052463162541826 0.77258038543377316 0.0015950176343311575 0.00016644927230597466 0.37142845059497515 0.0021170014285168712 -0.021397340702134861 13.101211283789675 0.34453925553988834 0.54770470946509253 -1.4999999999999998 0.085567903236654516 0.57409710298271954 10.165038569209008 11.326910407256003 0.2207373418250356 9.1692640089571444 -1.0000000180025095e-35 9.0025456459321465 9.9703655036951258
decision_type=10 2 8 10 10 2 2 8 2 8 8 8 10 2 10 8 10 8 10 10 2 8 10
left_child=1 4 3 -3 6 11 9 14 -9 12 15 -6 -1 -4 -8 16 19 18 -17 -10 -5 -15 -23
right_child=-2 2 13 20 5 -7 7 8 10 -11 -12 -13 -14 21 -16 17 -18 -19 -20 -21 -22 22 -24
leaf_value=-0.089206738437879657 -0.1053041799665711 -0.037177844124795974 -0.057250606785752986 -0.050733861452031646 0.0022527085762843119 -0.091613100951253162 -0.078803645618395105 -0.030912694209365401 -0.029245778870825141 -0.072179355194269518 -0.072249745613735705 -0.10400540602663513 -0.063773494452711521 -0.010361937288596716 -0.00043774829774767619 -0.052986346902507718 -0.033793885349512491 -0.097444453676340234 -0.0053553069444100864 -0.090274598860913713 -0.080369979052496904 -0.061663596867913499 -0.072339522804713272
leaf_weight=112 92 52 70 50 59 66 40 297 56 589 42 40 44 40 339 56 142 60 48 67 84 205 221
leaf_count=112 92 52 70 50 59 66 40 297 56 589 42 40 44 40 339 56 142 60 48 67 84 205 221
internal_value=-0.00847782 -0.00799146 -0.0129041 -0.0182619 -0.00625085 -0.0119866 -0.00573245 -0.00429065 -0.0058716 -0.00792614 -0.00811234 -0.004875 -0.0133585 -0.0109536 -0.0010661 -0.00693229 -0.00465951 -0.0104551 -0.00664486 -0.008875 -0.0224343 -0.0119648 -0.0126608
internal_weight=2871 2779 722 186 2057 165 1892 1147 768 745 471 99 156 536 379 429 265 164 104 123 134 466 426
internal_count=2871 2779 722 186 2057 165 1892 1147 768 745 471 99 156 536 379 429 265 164 104 123 134 466 426
is_linear=0
shrinkage=0.045


Tree=14
num_leaves=24
num_cat=1
split_feature=21 5 18 6 9 6 18 6 0 18 1 23 0 1 5 0 23 7 0 24 5 9 18
split_gain=10.5938 10.9147 5.60641 4.32611 3.32881 3.03818 3.334 3.01604 3.22782 2.52151 2.48146 2.27271 2.0645 4.53784 4.07574 3.67514 1.9011 1.78284 1.53224 1.49366 1.24347 1.729 1.11948
threshold=0 0.88179025123519905 28.500000000000004 0.27057980200098747 0.11054144310045093 0.12105611573626408 33.500000000000007 0.10037168680080633 10.696758096162254 23.500000000000004 9.0789468066963561 0.00081133352177585746 11.756721371048673 10.482006697055438 0.621749487267795 9.8197696589583909 0.0023633577590072676 0.020866214522028897 9.9041497580223687 0.00016920189988994444 0.76746326457489811 0.81525345959598094 13.500000000000002
decision_type=1 10 2 10 10 10 2 10 10 2 10 2 10 10 8 8 2 10 10 2 8 8 2
left_child=2 3 4 9 11 6 -4 -6 10 12 -9 -1 13 14 16 -16 -2 -3 -18 -14 -11 -22 -10
right_child=1 17 5 -5 7 -7 -8 8 22 20 -12 -13 19 -15 15 -17 18 -19 -20 -21 21 -23 -24
leaf_value=-0.046758168550026014 -0.00052612622524319142 -0.048103118824982388 -0.058504882086042133 -0.038904291046516527 -0.088422028398736641 -0.024351271029524762 -0.08419429674379833 -0.060943586553079951 -0.12647391983246675 -0.044088152620634133 -0.043743733883358678 -0.067529588605633725 -0.091853481156443637 -0.031107650925576099 -0.035110092308676261 -0.09198844494178321 -0.071291128257945618 -0.12869584254765282 -0.0707853973095387 -0.071000023073751486 -0.046510684440806957 -0.089434425676227308 -0.089032096762256124
leaf_weight=85 73 48 70 648 183 173 63 40 58 261 112 171 56 231 64 89 57 40 42 61 111 51 52
leaf_count=85 73 48 70 648 183 173 63 40 58 261 112 171 56 231 64 89 57 40 42 61 111 51 52
internal_value=-0.00798109 -0.00581463 -0.0117199 -0.0050435 -0.0140593 -0.00665534 -0.0116967 -0.0164481 -0.0130585 -0.00676433 -0.00853548 -0.00976448 -0.00847744 -0.00726118 -0.0106669 -0.0159663 -0.00576 -0.0210659 -0.00972794 -0.0139312 -0.00399824 -0.00706364 -0.0189159
internal_weight=2839 1832 1007 1744 701 306 133 445 262 1096 152 256 673 556 325 153 172 88 99 117 423 162 110
internal_count=2839 1832 1007 1744 701 306 133 445 262 1096 152 256 673 556 325 153 172 88 99 117 423 162 110
cat_boundaries=0 1
cat_threshold=12
is_linear=0
shrinkage=0.045


Tree=15
num_leaves=24
num_cat=1
split_feature=26 5 6 6 18 0 1 25 6 21 5 18 1 2 24 1 25 19 19 18 18 18 5
split_gain=8.51713 8.18888 3.0257 2.99626 2.92493 2.50221 2.55202 3.62116 3.04995 2.47341 2.81926 2.3845 2.21613 4.33562 2.20722 2.17507 2.2347 2.15637 2.12753 1.97269 1.70661 1.59264 1.95346
threshold=35.500000000000007 0.88179025123519905 0.27318452317143022 0.081871249253160791 19.500000000000004 11.528606001430575 10.449126422319649 0.0057875753632385387 0.062787741819988432 0 0.40395985863404915 22.500000000000004 9.7099200932123342 10.202303824407847 0.00015583994511006577 11.040508193315427 0.0046613478130709566 0.77445000000000008 0.72215000000000007 33.500000000000007 14.500000000000002 25.500000000000004 0.48599050449224807
decision_type=2 10 10 10 2 10 10 2 10 1 10 2 10 8 2 8 2 2 2 2 2 2 10
left_child=1 2 5 4 -2 6 8 -8 12 10 -4 14 -1 -14 18 20 -17 -5 -7 -6 -12 22 -10
right_child=3 -3 9 17 19 11 7 -9 21 -11 15 -13 13 -15 -16 16 -18 -19 -20 -21 -22 -23 -24
leaf_value=-0.058834122420226363 -0.075234790903618037 -0.085266587463563429 -0.03609886703071051 -0.041643789405571965 -0.03268683912686185 -0.083493727906137849 -0.018340741022538291 -0.088041568502120665 -0.035223319522795067 -0.0057838457752636954 0.01273956949799355 -0.046058318157533112 -0.086813022836349701 -0.049582496572838211 -0.050546066401911942 -0.070104209146400323 -0.12151994272806219 -0.071508364282936818 -0.09541825950976697 -0.1027450166566469 -0.061710676663652597 -0.030999729280785898 -0.07083323100918347
leaf_weight=133 154 90 191 292 101 51 305 40 163 354 44 140 54 41 82 60 40 114 42 44 50 147 104
leaf_count=133 154 90 191 292 101 51 305 40 163 354 44 140 54 41 82 60 40 114 42 44 50 147 104
internal_value=-0.00745298 -0.00601933 -0.00541475 -0.0117426 -0.0152061 -0.00672069 -0.005575 -0.00242457 -0.00724884 -0.00309602 -0.00551193 -0.0102241 -0.0114156 -0.0166454 -0.0137149 -0.00943401 -0.0139806 -0.00909902 -0.0184453 -0.0102618 -0.00431443 -0.00488849 -0.00694167
internal_weight=2836 2131 2041 705 299 1302 987 345 642 739 385 315 228 95 175 194 100 406 93 145 94 414 267
internal_count=2836 2131 2041 705 299 1302 987 345 642 739 385 315 228 95 175 194 100 406 93 145 94 414 267
cat_boundaries=0 1
cat_threshold=137
is_linear=0
shrinkage=0.045


Tree=16
num_leaves=24
num_cat=0
split_feature=24 6 5 0 5 6 9 0 23 23 4 1 5 23 6 26 4 23 5 9 6 6 4
split_gain=8.79628 4.39616 4.65368 4.77688 3.92775 2.47304 2.15522 2.14481 1.75672 1.28344 1.23644 1.22244 1.14653 1.25009 1.05561 0.926971 1.70705 1.51696 2.22992 1.41283 1.4093 1.22771 1.59194
threshold=0.00018383950266290285 0.081871249253160791 0.079523372069441239 9.6203364876859006 0.57869878619226711 0.062787741819988432 0.75963912917030973 14.044754594669492 0.0021203429490795609 0.0020153132387275715 -0.074899861242344365 10.449126422319649 0.37142845059497515 0.0020505363952819529 0.44099525954687396 35.500000000000007 0.25005996941994968 0.0018105257459955656 0.37142845059497515 0.25176328581362167 0.20444140124112467 0.35607586527661655 0.12175636235639681
decision_type=2 8 10 10 8 10 8 8 2 2 8 8 10 2 8 2 8 2 10 8 8 8 10
left_child=1 2 -1 -4 5 -2 8 10 -6 11 -3 -8 -7 -14 -11 17 21 19 20 -12 -19 22 -17
right_child=4 7 3 -5 6 12 9 -9 -10 14 15 -13 13 -15 -16 16 -18 18 -20 -21 -22 -23 -24
leaf_value=-0.014530731852546422 -0.065805316931000793 -0.05066046036954485 -0.010254761884563153 -0.083460816553579453 -0.024013718336991438 0.006393917351508455 -0.065304674022154383 -0.091242161471453587 -0.059131242036118171 -0.043295376982062157 -0.044889673491572954 -0.023444457932512888 0.020101571596957517 -0.044997652871769295 -0.078860751688539274 -0.034403282220921323 -0.039796830831834329 -0.083512155031793447 -0.08744184333992161 -0.0454180357451274 -0.04638416729344022 -0.041570956118005875 -0.060646416653035162
leaf_weight=44 40 304 61 141 151 326 59 106 190 58 48 57 85 207 41 159 92 54 135 242 119 70 78
leaf_count=44 40 304 61 141 151 326 59 106 190 58 48 57 85 207 41 159 92 54 135 242 119 70 78
internal_value=-0.00741089 -0.00954755 -0.0151265 -0.017978 -0.00448521 -0.00211725 -0.00726118 -0.00854202 -0.00496439 -0.0107856 -0.00800441 -0.0072605 -0.00138406 -0.00341695 -0.0145809 -0.00878175 -0.010528 -0.00756988 -0.00978135 -0.00514505 -0.00622585 -0.0121427 -0.0103406
internal_weight=2867 1653 246 202 1214 658 556 1407 341 215 1301 116 618 292 99 997 399 598 308 290 173 307 237
internal_count=2867 1653 246 202 1214 658 556 1407 341 215 1301 116 618 292 99 997 399 598 308 290 173 307 237
is_linear=0
shrinkage=0.045


Tree=17
num_leaves=24
num_cat=1
split_feature=21 5 18 9 0 16 16 18 18 6 9 9 25 5 2 24 18 8 6 18 19 24 4
split_gain=8.7062 7.00758 6.45473 4.32966 2.83219 2.70302 2.60869 5.25234 3.34291 3.78791 2.65333 2.34528 2.07038 1.97327 1.67192 1.56592 1.55178 1.81118 1.39704 1.34095 1.27415 1.29146 1.26736
threshold=0 0.88179025123519905 27.500000000000004 0.50930833046912605 12.166660436599768 1.0000000180025095e-35 -1.0000000180025095e-35 8.5000000000000018 14.500000000000002 0.055450362889944281 0.14316951465190247 0.75963912917030973 0.0023576342518334737 0.59596898921116181 10.934472336490696 7.6333331755188062e-05 3.5000000000000004 9.9453048851874097 0.081871249253160791 36.500000000000007 0.5717000000000001 0.00026934557944885239 0.098487257105004347
decision_type=1 10 2 10 8 2 2 2 2 10 8 8 2 8 8 2 2 10 10 2 2 2 10
left_child=2 11 3 6 15 -6 7 18 9 -8 -9 -2 -13 -14 -5 19 -11 -18 -1 -4 -15 -22 -12
right_child=1 -3 4 14 5 -7 8 10 -10 16 22 12 13 20 -16 -17 17 -19 -20 -21 21 -23 -24
leaf_value=-0.080566917381314523 -0.044728467059401318 -0.086108256364076416 -0.026610856214462117 -0.056788241383438152 -0.077252066726145568 -0.073978817879370565 -0.066081735293184757 -0.073372339119144939 -0.045263996046439478 -0.011755603977261475 -0.077620832340015961 -0.041334314411220013 -0.047469688247558199 -0.04805263020050192 -0.10185186162114901 0.021386282924224131 -0.021704341334375297 -0.051835508002164625 0.061715517235538142 -0.033363053271084964 -0.076253767107220677 -0.053193483022330429 -0.06511934586305726
leaf_weight=40 1087 88 156 57 61 48 70 42 221 41 89 186 104 40 49 83 40 93 41 51 69 48 60
leaf_count=40 1087 88 156 57 61 48 70 42 221 41 89 186 104 40 49 83 40 93 41 51 69 48 60
internal_value=-0.00721695 -0.00492385 -0.0100721 -0.0123856 -0.00537873 -0.011471 -0.0110767 -0.0146291 -0.00891827 -0.0125344 -0.0186611 -0.00422479 -0.006965 -0.00953693 -0.0209312 -0.00299488 -0.00872034 -0.0110349 -0.00479464 -0.00506786 -0.0126984 -0.0150562 -0.0214786
internal_weight=2864 1622 1242 843 399 109 737 272 465 244 191 1534 447 261 106 290 174 133 81 207 157 117 149
internal_count=2864 1622 1242 843 399 109 737 272 465 244 191 1534 447 261 106 290 174 133 81 207 157 117 149
cat_boundaries=0 1
cat_threshold=14
is_linear=0
shrinkage=0.045


Tree=18
num_leaves=24
num_cat=1
split_feature=24 18 0 8 5 18 19 25 1 6 21 18 18 0 9 7 3 6 23 9 5 18 6
split_gain=5.79346 4.61603 4.7086 6.17579 3.57886 3.10639 4.02975 3.05964 2.98996 2.76137 2.36361 4.03366 2.03504 2.46274 1.99505 1.78999 2.23834 1.58012 1.45985 1.77591 1.36306 1.05275 1.53114
threshold=0.00016644927230597466 28.500000000000004 11.135815976642933 12.268927908631674 0.76746326457489811 5.5000000000000009 0.63125000000000009 0.0023576342518334737 12.984718960989353 0.059540134169824573 0 18.500000000000004 4.5000000000000009 13.013718680122347 0.26209619667089129 0.020866214522028897 0.20911099044753154 0.21557721493184209 0.0028439564947056921 0.6885620464635277 0.43070114880364735 36.500000000000007 0.14131722224929996
decision_type=2 2 8 10 10 2 2 2 8 8 1 2 2 8 10 10 10 10 2 8 8 2 10
left_child=1 2 10 5 9 -4 -7 -6 21 -2 11 -1 13 17 -12 16 -16 -11 -14 -20 -8 -3 -23
right_child=4 8 3 -5 7 6 20 -9 -10 12 14 -13 18 -15 15 -17 -18 -19 19 -21 -22 22 -24
leaf_value=0.012160747231471329 -0.063409191595239847 -0.025757239041539697 -0.062599889317004526 -0.055215174569716453 -0.018690642545042532 -0.08142484359303076 -0.074391479589005577 -0.048758965237161687 -0.07023981689007143 -0.046428368859464213 -0.036989643359271851 -0.057732458249481984 -0.018275932182117892 -0.051754038919685955 -0.05385891370078362 -0.065830905182450536 -0.06239713695873518 -0.0023572204648415872 -0.046102103160587486 -0.061783690961867345 -0.10693832812459596 -0.068735831158078201 -0.0071816180993079974
leaf_weight=131 40 292 46 113 56 81 76 57 56 50 321 59 647 40 113 68 47 98 205 41 81 41 54
leaf_count=131 40 292 46 113 56 81 76 57 56 50 321 59 647 40 113 68 47 98 205 41 81 41 54
internal_value=-0.00655744 -0.00836425 -0.00988499 -0.0138544 -0.0042308 -0.0173728 -0.0194378 -0.0117737 -0.00442433 -0.00344106 -0.00770519 -0.00277094 -0.00298685 -0.00720942 -0.00917215 -0.0125844 -0.00966258 -0.00435099 -0.00207673 -0.00500602 -0.0236672 -0.00295962 -0.00700255
internal_weight=2813 1579 1136 397 1234 284 238 113 443 1121 739 190 1081 188 549 228 160 148 893 246 157 387 95
internal_count=2813 1579 1136 397 1234 284 238 113 443 1121 739 190 1081 188 549 228 160 148 893 246 157 387 95
cat_boundaries=0 1
cat_threshold=128
is_linear=0
shrinkage=0.045


Tree=19
num_leaves=24
num_cat=0
split_feature=24 5 6 5 2 23 6 2 1 23 3 1 5 1 4 6 4 23 5 2 24 3 26
split_gain=7.70934 3.03757 2.68319 4.04899 5.23083 2.24672 1.99063 3.24558 3.59082 1.60972 1.59383 1.58876 1.86803 1.50849 1.21015 1.19641 1.18981 1.94104 1.17727 3.75582 1.45584 1.74972 1.05919
threshold=0.00016644927230597466 0.76746326457489811 0.10434045863627836 0.10883662396485873 10.568428140110695 0.0014786393369465355 0.059540134169824573 10.202303824407847 9.5144317725763745 0.0033623176309363883 -0.010958118804628663 10.695886790591988 0.41978273034398955 9.3519772474018996 0.12175636235639681 0.2804545749305109 0.27614848903058103 0.0023283362018776898 0.1315384018392137 9.5677747864114924 5.3415851741936078e-05 0.19240947393495164 19.500000000000004
decision_type=2 10 8 10 8 2 10 8 8 2 8 8 10 8 10 8 8 2 10 8 2 8 2
left_child=2 6 3 -1 13 -3 7 8 -2 -8 -4 -11 -13 -5 18 22 17 -9 19 -12 21 -20 -16
right_child=1 5 10 4 -6 -7 9 16 -10 11 14 12 -14 -15 15 -17 -18 -19 20 -21 -22 -23 -24
leaf_value=-0.016455695787291502 -0.034669945738421838 -0.010533121225096451 -0.046020861536298405 -0.0023953589071795847 -0.073509516933125518 -0.062287977524223555 -0.01353719124457266 -0.047857469114031569 -0.076057094111374929 -0.02622861340007996 -0.09294048792216425 -0.01074441222893085 -0.089039370515728661 -0.048472845556145311 -0.072635753456285423 -0.047556995967430217 0.017953639635046599 0.020709561913159161 -0.062575181921963111 -0.044155856635151799 -0.052546868037041845 -0.051057367591818462 -0.049407774882765605
leaf_weight=72 55 44 472 50 115 64 684 49 41 73 48 40 52 82 49 75 77 43 43 212 208 49 105
leaf_count=72 55 44 472 50 115 64 684 49 41 73 48 40 52 82 49 75 77 43 43 212 208 49 105
internal_value=-0.00636738 -0.0036698 -0.00844283 -0.0121654 -0.014877 -0.0107838 -0.002953 -0.00633862 -0.0128182 -0.00187764 -0.00747449 -0.00582589 -0.00966316 -0.00846667 -0.00872443 -0.0115506 -0.00249855 -0.00587368 -0.00751332 -0.00975285 -0.00549505 -0.0101368 -0.0138439
internal_weight=2802 1222 1580 319 247 108 1114 265 96 849 1261 165 92 132 789 229 169 92 560 260 300 92 154
internal_count=2802 1222 1580 319 247 108 1114 265 96 849 1261 165 92 132 789 229 169 92 560 260 300 92 154
is_linear=0
shrinkage=0.045


Tree=20
num_leaves=24
num_cat=0
split_feature=24 25 9 0 6 6 19 1 0 9 19 1 25 9 6 0 16 4 1 8 24 16 10
split_gain=6.12282 2.55058 3.24055 2.64465 1.91607 1.89334 2.10713 1.88538 1.82681 2.75996 1.75997 1.55091 1.74682 1.8589 1.37643 1.26878 1.23027 1.55381 1.08883 1.86636 1.0791 1.07224 1.00912
threshold=0.00018775382661279232 0.0029661655753087722 0.6885620464635277 8.462462382951573 0.23278877197769982 0.081871249253160791 0.78900000000000015 11.132233457076342 9.9041497580223687 0.21965293064185346 0.55145000000000011 11.956402124474062 0.0023576342518334737 0.38028657159530194 0.29430168350706892 9.0599998781169955 2.5000000000000004 0.05953024959903 10.291834645218939 9.7927502899711936 6.0661858288719428e-05 1.0000000180025095e-35 -0.032812397026222122
decision_type=2 2 10 8 10 10 2 10 8 8 2 8 2 10 8 10 2 10 10 8 2 2 10
left_child=1 3 14 -1 16 8 -7 20 -5 -10 -11 -6 -13 -14 22 -16 18 -18 19 -2 -8 -17 -3
right_child=4 2 -4 5 11 6 7 -9 9 10 -12 12 13 -15 15 21 17 -19 -20 -21 -22 -23 -24
leaf_value=0.0026808444912010446 -0.015828931434461308 -0.068118643886174002 -0.069658220175569399 -0.020901250685762235 -0.0084941996900070732 -0.033110519843296458 -0.051548882873989323 -0.057296562651356693 -0.03384537801467824 -0.049432383814652717 -0.076593554253444635 0.0076193721997415568 -0.027952690595896893 -0.052508497671634187 -0.054812087656900016 -0.045473566088740432 -0.029083937878209121 -0.050471694014099816 -0.029249746703989613 -0.055523654034622463 -0.0060175023650907962 0.043466153614362846 -0.066631333645788618
leaf_weight=64 90 101 41 100 497 520 47 60 91 60 125 56 63 41 42 89 50 40 236 106 44 58 184
leaf_count=64 90 101 41 100 497 520 47 60 91 60 125 56 63 41 42 89 50 40 236 106 44 58 184
internal_value=-0.00610176 -0.00789227 -0.0105333 -0.00664295 -0.00361865 -0.007185 -0.00570512 -0.0103588 -0.00975989 -0.0116452 -0.0147806 -0.0019875 -0.00579755 -0.00916822 -0.00936792 -0.00622266 -0.00564857 -0.0104032 -0.0045931 -0.00705528 -0.00596011 -0.004095 -0.0113672
internal_weight=2805 1626 515 1111 1179 1047 671 151 376 276 185 657 160 104 474 189 522 90 432 196 91 147 285
internal_count=2805 1626 515 1111 1179 1047 671 151 376 276 185 657 160 104 474 189 522 90 432 196 91 147 285
is_linear=0
shrinkage=0.045


Tree=21
num_leaves=24
num_cat=0
split_feature=24 18 0 8 18 19 2 5 18 0 25 9 2 5 0 6 18 6 5 24 5 3 26
split_gain=4.5763 3.16043 3.0785 3.74132 3.21567 3.88451 2.85576 2.48713 2.45401 3.12102 2.22502 2.41628 1.61378 2.87037 2.39076 1.57168 1.5113 1.3825 1.35799 1.31041 1.28103 1.24038 1.21335
threshold=0.00018383950266290285 28.500000000000004 11.080293648304174 12.336235335436543 5.5000000000000009 0.7279500000000001 12.045284582608609 0.54247413984709625 6.5000000000000009 11.263361836802472 0.0028237976333829193 0.46073706994313118 10.232003438514448 0.85113369893523394 9.4178933036531944 0.078395045809638644 12.500000000000002 0.14131722224929996 0.86764474283547177 7.6050611671354103e-05 0.53672644179480722 0.12126229800378756 20.500000000000004
decision_type=2 2 8 10 2 2 8 8 2 10 2 10 10 8 8 10 2 10 8 2 10 10 2
left_child=1 2 10 4 -4 19 -3 15 9 22 18 16 13 -10 -15 -2 -12 -7 20 -6 -1 -18 -9
right_child=7 6 3 -5 5 17 -8 8 12 -11 11 -13 -14 14 -16 -17 21 -19 -20 -21 -22 -23 -24
leaf_value=-0.03157051105719446 -0.049501799260559427 -0.021271303844107574 -0.036927609695541874 -0.0542217688637383 -0.070543017286111787 -0.05273928354246863 -0.056630495878252599 -0.0050949868629363891 -0.027864819772547882 -0.039591292180781272 -0.043825485127696448 -0.056795461413760857 -0.018531725942088441 -0.012358416903887696 -0.067485242465480849 -0.020278529891009426 -0.053505205092118202 -0.061956283199692597 -0.033622985807120358 -0.068220422431354247 0.007111975663539008 -0.047135582140558185 -0.075978986775014537
leaf_weight=224 43 340 59 112 89 43 112 47 96 48 111 73 258 43 60 545 77 54 85 76 103 62 46
leaf_count=224 43 340 59 112 89 43 112 47 96 48 111 73 258 43 60 545 77 54 85 76 103 62 46
internal_value=-0.00587451 -0.00743068 -0.00866951 -0.011699 -0.0141597 -0.0162849 -0.00419341 -0.00373549 -0.00577288 -0.0109219 -0.00684451 -0.00964187 -0.00412337 -0.00713985 -0.0122476 -0.00164467 -0.00738142 -0.0234675 -0.00459759 -0.0117187 -0.003225 -0.0104736 -0.00578906
internal_weight=2806 1620 1168 433 321 262 452 1186 598 141 735 323 457 199 103 588 250 97 412 165 327 139 93
internal_count=2806 1620 1168 433 321 262 452 1186 598 141 735 323 457 199 103 588 250 97 412 165 327 139 93
is_linear=0
shrinkage=0.045


Tree=22
num_leaves=24
num_cat=0
split_feature=0 6 25 1 6 8 23 0 6 25 4 6 25 0 7 6 26 7 9 4 9 0 1
split_gain=5.4555 3.20089 2.50943 2.02693 2.52784 1.43076 4.97409 2.4526 1.6355 1.30527 1.14595 1.13399 1.33121 2.585 1.27872 1.08829 1.0803 1.24763 1.34397 1.07583 1.03905 1.31977 0.907675
threshold=11.478821379178671 0.30408012996483652 0.0054348327349353822 9.578571139387746 0.24516442444250708 8.0200438456380834 0.0014786393369465355 9.0025456459321465 0.23830417429092696 0.0052971332459678475 0.27614848903058103 0.062787741819988432 0.0028237976333829193 12.342675201073599 0.014351773859836428 0.16866286194388416 56.500000000000007 0.026465241236310652 0.061417702536852269 0.16030212404269564 0.56779891013967243 12.096642900966126 10.94640395619828
decision_type=8 10 2 8 8 8 2 8 10 2 10 10 2 10 10 10 2 10 10 8 8 8 10
left_child=5 3 -3 -2 10 6 7 -1 9 16 11 -5 13 14 -13 -14 17 18 -7 -18 21 -6 -10
right_child=1 2 -4 4 20 8 -8 -9 22 -11 -12 12 15 -15 -16 -17 19 -19 -20 -21 -22 -23 -24
leaf_value=0.004800001790324227 -0.082910130390583411 -0.0092810038613267819 -0.059013120395116636 -0.062734398598079624 -0.054185149636545686 -0.046209987457570045 -0.046047705585717934 -0.040678513874711081 -0.025936797680555644 -0.074552961966159417 -0.041969031853231406 -0.046530683219607086 -0.061148317898222226 -0.0039397901891053818 -0.054196249187156473 -0.078537617341447125 -0.044690317675385692 -0.042989823659976903 -0.011301879924354604 -0.034054479051078772 -0.072696818237307934 -0.021871858095710361 -0.048033311666113791
leaf_weight=84 44 147 40 42 45 178 55 40 554 90 61 49 51 58 40 57 127 245 428 40 148 136 121
leaf_count=84 44 147 40 42 45 178 55 40 554 90 61 49 51 58 40 57 127 245 428 40 148 136 121
internal_value=-0.00544745 -0.00831107 -0.00299605 -0.00965293 -0.00897717 -0.00409695 -0.00792445 -0.00276378 -0.00370003 -0.00476328 -0.0116053 -0.0127725 -0.0113808 -0.008295 -0.0129864 -0.0152432 -0.00427963 -0.00360685 -0.00249015 -0.00758382 -0.0060384 -0.00365625 -0.00194137
internal_weight=2880 918 187 731 687 1962 179 124 1783 1108 358 297 255 147 89 108 1018 851 606 167 329 181 675
internal_count=2880 918 187 731 687 1962 179 124 1783 1108 358 297 255 147 89 108 1018 851 606 167 329 181 675
is_linear=0
shrinkage=0.045


Tree=23
num_leaves=24
num_cat=0
split_feature=2 6 8 5 18 18 16 2 8 5 9 6 18 8 2 6 16 6 2 3 4 25 5
split_gain=2.07854 2.04387 2.91613 2.445 1.95649 3.05286 2.36104 3.38958 2.64273 2.42827 2.83852 2.51457 1.931 3.65595 1.31307 1.26925 1.55423 1.25614 1.3957 3.97103 1.46343 1.27231 1.21295
threshold=13.797859800112727 0.085567903236654516 10.409755202791748 0.12626518183601751 28.500000000000004 13.500000000000002 1.0000000180025095e-35 11.420121838832438 8.2594387577771577 0.64052993918732648 0.15907130925019997 0.33744342511936171 24.500000000000004 10.603366896007676 12.428523507093034 0.24121524460914959 2.5000000000000004 0.034941943973587034 10.383493442975345 0.29716633676260745 -0.01669265143713718 0.0029851356240651965 0.57207179688848331
decision_type=10 10 10 10 2 2 2 8 10 10 8 10 2 10 8 10 2 8 8 8 10 2 10
left_child=1 2 17 -4 5 15 8 -8 -7 10 -10 12 13 -12 -9 16 -3 -1 19 -19 -21 -20 -17
right_child=-2 4 3 -5 -6 6 7 14 9 -11 11 -13 -14 -15 -16 22 -18 18 21 20 -22 -23 -24
leaf_value=0.017703689654797069 -0.037618522228511274 -0.043380684899609431 -0.03277702716851396 -0.059000851913664408 -0.019490284817477034 -0.046742712359275559 -0.0022083908182907283 -0.055001282523234357 0.009932797164127696 0.0023632695085594696 -0.037209856344921279 -0.022589421266147654 -0.069867434169397447 -0.064007934977561978 -0.049997052248158563 0.0049009399674833712 -0.041205187725725165 -0.043145652370591092 -0.049349196867959286 -0.078765799693324881 -0.02776825405382485 -0.0059546651120037392 -0.075052736983867954
leaf_weight=47 42 260 40 74 522 63 183 44 51 66 93 69 51 58 52 250 55 202 235 87 42 109 153
leaf_count=47 42 260 40 74 522 63 183 44 51 66 93 69 51 58 52 250 55 202 235 87 42 109 153
internal_value=-0.00521817 -0.00505749 -0.00692968 -0.0135769 -0.00425367 -0.00510476 -0.00715211 -0.00383777 -0.00916355 -0.00766496 -0.00926308 -0.0110776 -0.0135878 -0.010651 -0.0105455 -0.00300208 -0.00512972 -0.00582828 -0.0063219 -0.00841392 -0.0145057 -0.0042536 -0.00131342
internal_weight=2848 2806 836 114 1970 1448 730 279 451 388 322 271 202 151 96 718 315 722 675 331 129 344 403
internal_count=2848 2806 836 114 1970 1448 730 279 451 388 322 271 202 151 96 718 315 722 675 331 129 344 403
is_linear=0
shrinkage=0.045


Tree=24
num_leaves=24
num_cat=1
split_feature=24 0 23 18 0 18 9 24 18 0 24 23 18 18 0 0 21 18 18 5 18 18 19
split_gain=4.65363 3.57105 3.0764 2.58573 2.60803 2.54958 2.70061 3.19718 1.70319 2.35038 1.75538 1.52378 3.67935 2.87467 3.13721 2.05219 1.4327 1.85259 2.92601 1.92054 1.22839 2.27283 1.01239
threshold=0.00018775382661279232 11.135815976642933 0.00046562969589548339 28.500000000000004 13.359777182695376 5.5000000000000009 0.12714616333732745 8.1185832186250319e-05 4.5000000000000009 10.865024503155011 0.00037395449374581855 0.0019969623244623469 26.500000000000004 10.500000000000002 9.1359400352796793 9.1692640089571444 0 18.500000000000004 11.500000000000002 0.33206659613335526 23.500000000000004 28.500000000000004 0.71405000000000007
decision_type=2 8 2 2 8 2 10 2 2 8 2 2 2 2 10 10 1 2 2 10 2 2 2
left_child=1 11 -3 5 -5 -4 -7 -8 9 -2 -11 15 13 -13 -15 -1 17 18 -10 -20 -17 -22 -9
right_child=8 2 3 4 -6 6 7 22 16 10 -12 12 -14 14 -16 20 -18 -19 19 -21 21 -23 -24
leaf_value=0.00021116228005479929 -0.0029802851465961233 0.011738854391448027 -0.03554667578915563 -0.022390229733597593 -0.072903306778687102 -0.041326990727220646 -0.064405066629563731 -0.063820808388762112 -0.015802152080432785 -0.017634710944084708 -0.07373229967800897 -0.056786714781332064 0.016481958251153228 -0.047553379968835074 -0.063687505358304933 -0.021014950966281601 -0.0042555690927155825 -0.018643010498350987 -0.071679468735852986 -0.021569117064593798 -0.061109567900182404 -0.02699117344467605 -0.049432963554346926
leaf_weight=200 82 45 69 138 46 115 107 43 67 47 72 69 64 40 76 371 592 242 40 54 60 159 42
leaf_count=200 82 45 69 138 46 115 107 43 67 47 72 69 64 40 76 371 592 242 40 54 60 159 42
internal_value=-0.00478016 -0.00633333 -0.00908511 -0.00999112 -0.00548663 -0.0121346 -0.0138847 -0.0171692 -0.0026347 -0.00638603 -0.0103463 -0.00470945 -0.00777679 -0.0109508 -0.0152017 -0.0037169 -0.00185997 -0.003878 -0.00766921 -0.0126649 -0.00504637 -0.00771284 -0.0100994
internal_weight=2840 1644 605 560 184 376 307 192 1196 201 119 1039 249 185 116 790 995 403 161 94 590 219 85
internal_count=2840 1644 605 560 184 376 307 192 1196 201 119 1039 249 185 116 790 995 403 161 94 590 219 85
cat_boundaries=0 1
cat_threshold=131
is_linear=0
shrinkage=0.045


Tree=25
num_leaves=24
num_cat=3
split_feature=0 21 1 9 6 21 8 0 8 18 18 6 6 24 9 18 0 6 6 9 24 6 21
split_gain=3.5665 4.02742 2.45023 2.11018 1.92834 1.6896 5.16264 2.35003 2.94669 2.13405 2.01267 1.6528 1.44878 1.67679 1.32276 2.43986 2.74605 1.73425 1.06354 1.06124 1.49106 0.952948 0.874387
threshold=11.326910407256003 0 12.429557918542548 0.72597996884305271 0.20900002701059359 1 8.5366748501811731 9.0977151937873018 7.8095530811895513 26.500000000000004 13.500000000000002 0.062787741819988432 0.28311012637335492 0.00026934557944885239 0.11054144310045093 28.500000000000004 12.342675201073599 0.1136243667242363 0.034941943973587034 0.48550075542692911 8.3177218371219931e-05 0.23278877197769982 2
decision_type=8 1 8 10 8 1 8 10 8 2 2 10 10 2 8 2 8 10 8 10 2 8 1
left_child=5 3 4 12 -3 6 -1 -7 -9 10 21 18 13 14 -2 16 -16 -17 -10 20 -20 -8 -13
right_child=1 2 -4 -5 -6 7 9 8 11 -11 -12 22 -14 -15 15 17 -18 -19 19 -21 -22 -23 -24
leaf_value=-0.046120268297761433 -0.034150089335911148 -0.048772275014366186 0.0055941712434175155 -0.077845594833409901 -0.042336936144830403 0.0025985079227944141 -0.058873272195311209 -0.08367638943943162 0.002097936818851653 0.022830360183639868 -0.06765015663907166 -0.016794273103003032 -0.022226134792727455 -0.01898131214985916 -0.055264514796047937 -0.04995295638656197 -0.060849112789573993 -0.0075023610464678243 -0.018347369726841589 -0.026140016458619367 -0.046029695040254615 0.02429986304492035 -0.026847781264756149
leaf_weight=42 67 42 181 55 188 316 52 41 43 73 120 318 72 67 77 68 87 54 112 65 60 72 528
leaf_count=42 67 42 181 55 188 316 52 41 43 73 120 318 72 67 77 68 87 54 112 65 60 72 528
internal_value=-0.00480021 -0.00702862 -0.00333785 -0.00953437 -0.00646996 -0.00363171 -0.00641734 -0.00288319 -0.00383269 -0.00452109 -0.00652227 -0.003376 -0.00867273 -0.00968085 -0.010915 -0.0122543 -0.0158443 -0.007164 -0.00636042 -0.00752812 -0.00936 -0.00240945 -0.00236926
internal_weight=2800 958 411 547 230 1842 359 1483 1167 317 244 1126 492 420 353 286 164 122 280 237 172 124 846
internal_count=2800 958 411 547 230 1842 359 1483 1167 317 244 1126 492 420 353 286 164 122 280 237 172 124 846
cat_boundaries=0 1 2 3
cat_threshold=142 40 82
is_linear=0
shrinkage=0.045


Tree=26
num_leaves=24
num_cat=2
split_feature=21 1 6 7 19 8 25 2 25 21 8 8 6 23 3 1 2 3 8 6 9 2 1
split_gain=4.27988 2.50004 2.8929 1.94991 1.89506 1.25197 1.21568 2.69621 2.09028 1.16398 1.53978 1.20142 1.1588 1.13499 1.12256 1.02235 0.941161 0.957803 1.25563 1.05546 2.34851 1.36713 0.906263
threshold=0 11.460398958068881 0.085567903236654516 1.0000000180025095e-35 0.76645000000000008 12.093769933665987 0.003854644828650645 9.9899264804879397 0.0060214130086303054 1 12.663124006677901 11.556699263441926 0.23278877197769982 0.0026321984396647674 0.054997689378550506 9.6557649937961507 8.299678765905032 0.16296621244514067 8.4872178589546596 0.21345921143346808 0.42490934797894742 10.060072623135556 11.515964135274841
decision_type=1 10 8 10 2 8 2 8 2 1 10 10 10 2 8 10 8 8 10 10 8 8 8
left_child=12 3 -3 15 9 -6 16 -8 -9 -4 11 14 -1 -14 -11 -2 -5 19 -19 -18 -21 -22 -15
right_child=1 2 4 6 5 -7 7 8 -10 10 -12 -13 13 22 -16 -17 17 18 -20 20 21 -23 -24
leaf_value=-0.025478089593647005 -0.070347572457446467 -0.047539322306059804 -0.012276132234259161 0.0086034099328703307 -0.049408411979897655 -0.034877398428944252 -0.043075575290544517 -0.013570436216221067 -0.063950483004826864 -0.050819484023301498 -0.05103761350671266 -0.01358441357427417 0.0037495569291924754 -0.020001059021513484 -0.014221296181830949 -0.048078881922909891 -0.012027244159730728 -0.037491469796506201 -0.024495382482999692 -0.015258260848506358 -0.062737559036103022 -0.029477973278214727 -0.065388921674466832
leaf_weight=310 40 69 100 48 72 71 72 112 64 54 42 79 329 159 53 41 406 117 302 91 43 47 72
leaf_count=310 40 69 100 48 72 71 72 112 64 54 42 79 329 159 53 41 406 117 302 91 43 47 72
internal_value=-0.00488224 -0.00606315 -0.00870166 -0.00506006 -0.00735285 -0.0116661 -0.00461724 -0.00745817 -0.00432402 -0.00538369 -0.00702075 -0.00540476 -0.00216591 -0.000959147 -0.00844773 -0.0117589 -0.00392952 -0.00422349 -0.00587026 -0.00302415 -0.00585734 -0.0108871 -0.00335577
internal_weight=2793 1923 540 1383 471 143 1302 248 176 328 228 186 870 560 107 81 1054 1006 419 587 181 90 231
internal_count=2793 1923 540 1383 471 143 1302 248 176 328 228 186 870 560 107 81 1054 1006 419 587 181 90 231
cat_boundaries=0 1 2
cat_threshold=81 34
is_linear=0
shrinkage=0.045


Tree=27
num_leaves=24
num_cat=2
split_feature=0 21 6 16 4 1 21 5 5 26 4 0 24 6 9 24 10 0 7 6 4 9 6
split_gain=4.99774 3.7331 1.76755 1.72168 1.59153 1.76946 1.54841 2.26078 1.55157 1.36954 1.57672 1.32316 2.00939 1.63783 2.01917 1.04896 1.00464 0.921696 0.818382 1.04205 0.733752 0.684381 0.765954
threshold=11.420122607621956 0 0.059540134169824573 -1.0000000180025095e-35 -0.059104615519409029 12.429557918542548 1 0.89889642848900542 0.42545518160357093 19.500000000000004 0.032084730043532766 14.044754594669492 0.0002150543805888469 0.27318452317143022 0.11054144310045093 5.1984485170295529e-05 -0.018889236869007592 11.955994273416911 0.032433714058146261 0.24876639924695781 -0.038912662111669896 0.6885620464635277 0.25182608848724369
decision_type=8 1 8 2 8 8 1 10 8 2 10 8 2 10 10 2 10 10 10 8 8 10 10
left_child=6 2 -2 -3 -5 17 7 18 9 10 -8 12 13 14 -4 20 -12 -6 -1 -20 -11 22 -10
right_child=1 3 11 4 5 -7 8 -9 21 15 16 -13 -14 -15 -16 -17 -18 -19 19 -21 -22 -23 -24
leaf_value=0.0018605678321020026 -0.04936583031033602 0.0023182685540624284 -0.025271776150527205 -0.050921641192131828 -0.021372361079347441 0.0069740489880354252 -0.018889283596173378 -0.080683519883601715 -0.037424486128517599 0.00016230453389627034 -0.057426047836204974 -0.056438315173288039 -0.0035353986866328733 -0.014754186044950169 -0.049748556249384353 -0.0024876888420152705 -0.051391840458972278 -0.063216084479779167 -0.035846068240610839 -0.0032640264951273759 -0.027299833171514774 -0.03482413556340043 -0.059297666064941294
leaf_weight=530 46 137 80 40 70 91 88 58 325 40 41 115 87 58 147 404 46 47 59 86 87 48 114
leaf_count=530 46 137 80 40 70 91 88 58 325 40 41 115 87 58 147 404 46 47 59 86 87 48 114
internal_value=-0.00435933 -0.00708958 -0.00950687 -0.00336369 -0.00566534 -0.00396682 -0.00304899 -0.00134819 -0.00404291 -0.00271016 -0.00613062 -0.00878418 -0.007368 -0.00917969 -0.010888 -0.00155478 -0.010325 -0.00755625 -0.000613938 -0.00357264 -0.00507115 -0.00602908 -0.00540102
internal_weight=2844 918 533 385 248 208 1926 733 1193 706 175 487 372 285 227 531 87 117 675 145 127 487 439
internal_count=2844 918 533 385 248 208 1926 733 1193 706 175 487 372 285 227 531 87 117 675 145 127 487 439
cat_boundaries=0 1 2
cat_threshold=142 208
is_linear=0
shrinkage=0.045


Tree=28
num_leaves=24
num_cat=0
split_feature=24 4 2 23 18 6 16 23 2 9 8 23 23 23 18 2 2 5 6 7 18 5 8
split_gain=3.57736 2.70791 2.3745 1.83021 1.98898 1.80598 1.72581 1.68903 1.68636 1.5358 1.45201 1.81523 1.30308 1.19434 1.90814 1.27234 1.18909 1.16782 1.07163 1.19131 1.34602 1.0012 0.983135
threshold=0.0002150543805888469 0.12175636235639681 11.329607037458649 0.00081133352177585746 28.500000000000004 0.059540134169824573 1.0000000180025095e-35 0.0032968942589684702 12.088620081494241 0.48550075542692911 10.791733207773722 0.0017933450306965258 0.00085321052994657769 0.0018501931866774788 28.500000000000004 9.0715724351495464 10.70619987112876 0.3676998998529401 0.21557721493184209 0.020428813032514048 21.500000000000004 0.76746326457489811 9.9453048851874097
decision_type=2 8 10 2 2 8 2 2 8 8 8 2 2 2 2 10 10 8 10 10 2 8 10
left_child=1 2 13 -3 6 -2 8 21 10 -9 11 -5 -4 -1 15 -15 -11 -8 19 20 -14 -7 -17
right_child=5 3 12 4 -6 7 17 9 -10 16 -12 -13 18 14 -16 22 -18 -19 -20 -21 -22 -23 -24
leaf_value=-0.01705452968301675 -0.038902673012845314 -0.014880580374205856 -0.0027363449379437335 -0.03227169596213475 -0.034404391635765363 0.00066162384977122297 -0.010767582194463537 -0.019921338967646408 -0.050975961277649473 -0.018585502319575654 -0.053378924643552206 -0.04189835212012611 -0.036894084973909599 -0.033308413701465422 0.015000389872853287 -0.037913162471927331 -0.07478117995421743 -0.048786784347124364 -0.056291451280144268 -0.04791239715915805 -0.046311737702709521 -0.025643317188321489 -0.062064735526314314
leaf_weight=540 41 158 52 54 128 596 53 137 66 45 76 51 40 40 49 79 41 98 68 58 53 269 43
leaf_count=540 41 158 52 54 128 596 53 137 66 45 76 51 40 40 49 79 41 98 68 58 53 269 43
internal_value=-0.00422172 -0.00552165 -0.00403463 -0.00771616 -0.00899149 -0.00224801 -0.0105599 -0.00188084 -0.012897 -0.00534624 -0.0151508 -0.0111458 -0.00762865 -0.00271253 -0.00556192 -0.00788182 -0.00996067 -0.00656006 -0.00913176 -0.0112354 -0.00766406 -0.000972062 -0.005364
internal_weight=2835 1706 1022 684 526 1129 398 1088 247 223 181 105 271 751 211 162 86 151 219 151 93 865 122
internal_count=2835 1706 1022 684 526 1129 398 1088 247 223 181 105 271 751 211 162 86 151 219 151 93 865 122
is_linear=0
shrinkage=0.045


Tree=29
num_leaves=24
num_cat=0
split_feature=0 2 6 18 6 6 8 6 25 25 24 18 18 0 2 26 19 18 7 26 16 5 24
split_gain=3.26715 3.16688 2.74069 2.13012 1.8527 2.56676 3.08555 2.439 1.69352 1.65366 1.78085 2.05186 1.72889 2.29196 2.06461 1.50464 1.35112 1.4 1.55103 1.00306 1.39491 0.93159 0.888577
threshold=11.478821379178671 10.202303824407847 0.074975895624439251 21.500000000000004 0.29430168350706892 0.13831321459443 12.395791673240581 0.22376807065700283 0.0052971332459678475 0.0029661655753087722 0.00011009028013705839 28.500000000000004 10.500000000000002 9.3765499489423476 10.53075494805986 12.500000000000002 0.66380000000000006 18.500000000000004 0.018880034640169654 33.500000000000007 2.5000000000000004 0.37649307547367811 0.00020634748462506434
decision_type=8 8 8 2 8 10 10 10 2 2 2 2 2 10 10 2 2 2 10 2 2 10 2
left_child=9 -2 -3 4 5 -4 7 -7 15 22 11 12 -11 -14 -15 -6 17 18 -12 20 -5 -18 -1
right_child=1 2 3 19 8 6 -8 -9 -10 10 16 -13 13 14 -16 -17 21 -19 -20 -21 -22 -23 -24
leaf_value=-0.024276390190328057 -0.064930654494182963 -0.045161399809301228 -0.0085955405913171624 0.0080135917271472422 0.0036653206274900349 -0.046089755822280143 -0.035449572346240611 -0.077161423912263757 -0.047863310227647497 -0.042783821550237126 -0.04459848805384669 -0.0054815778070336071 -0.038352558071988251 -0.022106216216952829 -0.055200086523145543 -0.034904790984890424 0.025258984655390605 -0.011837581131434165 -0.075681469869584544 -0.03365976850503527 -0.05568318555923716 -0.03484902247462042 -0.00080166598681417401
leaf_weight=764 60 64 42 204 114 41 51 44 40 93 47 76 40 85 54 71 171 83 41 113 41 180 297
leaf_count=764 60 64 42 204 114 41 51 44 40 93 47 76 40 85 54 71 171 83 41 113 41 180 297
internal_value=-0.00436112 -0.00662584 -0.00585598 -0.0050625 -0.00729865 -0.0107155 -0.0136619 -0.0187926 -0.00449013 -0.0033145 -0.00476804 -0.00725641 -0.00906545 -0.0116332 -0.00857218 -0.00257314 -0.00307714 -0.00632328 -0.0101868 -0.00250554 -0.000861895 -0.00145551 -0.00211255
internal_weight=2816 885 825 761 403 178 136 85 225 1931 870 348 272 179 139 185 522 171 88 358 245 351 1061
internal_count=2816 885 825 761 403 178 136 85 225 1931 870 348 272 179 139 185 522 171 88 358 245 351 1061
is_linear=0
shrinkage=0.045


Tree=30
num_leaves=24
num_cat=1
split_feature=0 2 6 3 10 21 0 26 8 25 10 8 0 3 6 9 19 25 15 20 1 25 26
split_gain=4.60859 3.43362 2.61187 1.85548 1.86007 1.72083 1.35907 1.35811 1.33161 1.26679 1.0835 1.33393 1.06148 0.930202 0.913324 0.98137 0.965387 0.872877 0.798522 0.76754 0.794128 0.690259 0.686528
threshold=11.326910407256003 9.6716790636746079 0.30408012996483652 0.097238901395446373 -0.029643819077873609 0 8.9650828450336792 23.500000000000004 8.3034072395801868 0.0055866296227378058 -0.0015624640591748306 12.093769933665987 12.166660436599768 -0.08442729284681641 0.24876639924695781 0.9480619402970093 0.71665000000000012 0.006872738334921369 2.5000000000000004 1.0000000180025095e-35 10.084718907716473 0.0032977903820278669 33.500000000000007
decision_type=8 8 8 10 8 1 10 2 10 2 10 10 10 8 10 8 2 2 2 2 10 2 2
left_child=5 -2 3 10 -5 6 -1 9 -7 -4 13 -12 -6 -3 15 -8 -17 19 -9 20 -10 -21 -16
right_child=1 2 7 4 12 8 14 18 17 -11 11 -13 -14 -15 22 16 -18 -19 -20 21 -22 -23 -24
leaf_value=0.0095021456240473329 -0.061861851652238925 -0.042627752511386056 0.002497720365932315 -0.052350330079032024 -0.032847105168035767 -0.035849217186433129 -0.015282992231974289 -0.00984120063642192 -0.050957656599231731 -0.036709440865091834 -0.041027380541793494 -0.0098801249878969991 -0.030039604422195477 0.0017635401031480201 0.0074929337503280811 -0.047500433109446086 -0.0065623204770451984 -0.054382749033904124 -0.050587556465974709 0.015609578951573789 -0.026470479861958416 -0.039242332247509157 -0.029604210189387414
leaf_weight=205 50 70 243 47 78 130 552 67 43 48 73 48 102 93 258 84 50 40 43 169 49 248 61
leaf_count=205 50 70 243 47 78 130 552 67 43 48 73 48 102 93 258 84 50 40 43 169 49 248 61
internal_value=-0.00366512 -0.00619741 -0.00552787 -0.00765613 -0.0106924 -0.00236773 -0.00130621 -0.00277908 -0.0041651 -0.00114031 -0.00514286 -0.00832863 -0.00836066 -0.00267018 -0.00199777 -0.00291945 -0.00633942 -0.00322418 -0.00696903 -0.00268506 -0.00634737 -0.0018375 -6.98752e-06
internal_weight=2851 962 912 511 227 1889 1210 401 679 291 284 121 180 163 1005 686 134 549 110 509 92 417 319
internal_count=2851 962 912 511 227 1889 1210 401 679 291 284 121 180 163 1005 686 134 549 110 509 92 417 319
cat_boundaries=0 1
cat_threshold=212
is_linear=0
shrinkage=0.045


Tree=31
num_leaves=24
num_cat=0
split_feature=0 24 2 6 25 6 6 19 2 24 25 2 6 4 0 2 6 9 25 9 19 6 24
split_gain=2.70265 2.31749 1.6157 2.465 2.11628 1.94274 1.54624 1.42917 1.14825 1.07241 1.0854 1.18139 1.72859 1.03263 1.22492 1.14501 2.62836 0.96999 0.924857 2.22821 0.8797 0.719017 0.961463
threshold=11.040508193315427 0.00020634748462506434 10.435032569578944 0.29430168350706892 0.0035659303111814358 0.18873008363273255 0.085567903236654516 0.76975000000000005 11.420121838832438 5.3878529892142272e-05 0.0048705196591512954 10.181629916766795 0.15508551807625762 0.12175636235639681 10.445609891301251 9.3772481051084338 0.078395045809638644 0.33908261583270405 0.0044219776387129451 0.37322237642446104 0.8710500000000001 0.12105611573626408 0.00020634748462506434
decision_type=8 2 8 8 2 10 10 2 10 2 2 8 10 10 10 10 10 8 2 10 2 10 2
left_child=9 2 -2 4 6 -6 -4 -8 -5 10 11 -1 17 20 15 21 -17 -13 -3 -20 -11 -15 -23
right_child=1 18 3 8 5 -7 7 -9 -10 13 -12 12 -14 14 -16 16 -18 -19 19 -21 -22 22 -24
leaf_value=0.0016459639336940726 -0.058943760551333435 -0.0090761986253480153 -0.04575875229328788 -0.048538357932665505 -0.02704428726846261 -0.075114454921523563 -0.009903382253493959 -0.032240443948791803 0.00044283359861284745 -0.012076333492488611 -0.041952071110448685 -0.0097962064474853439 0.0036352696115121278 0.0073014818666855353 0.0072843058681042929 -0.044314709516546633 -0.028595888869771099 -0.04148180382834455 -0.016649825899718064 -0.046257906504503739 -0.050304941877497997 -0.027468577031799394 0.022930498008487017
leaf_weight=100 40 358 55 77 41 43 165 74 137 997 79 40 44 53 107 40 80 44 71 54 53 60 43
leaf_count=100 40 358 55 77 41 43 165 74 137 997 79 40 44 53 107 40 80 44 71 54 53 60 43
internal_value=-0.00359386 -0.00532312 -0.00711496 -0.00645882 -0.00863386 -0.0148966 -0.00671212 -0.00502996 -0.00255069 -0.00247849 -0.00488468 -0.00323377 -0.0060458 -0.00195386 -0.00394624 -0.00551613 -0.00878049 -0.00972414 -0.00294907 -0.00624023 -0.00121795 -0.00288679 -0.00503066
internal_weight=2855 1115 632 592 378 84 294 239 214 1740 307 228 128 1433 383 276 120 84 483 125 1050 156 103
internal_count=2855 1115 632 592 378 84 294 239 214 1740 307 228 128 1433 383 276 120 84 483 125 1050 156 103
is_linear=0
shrinkage=0.045


Tree=32
num_leaves=24
num_cat=0
split_feature=0 1 6 16 9 25 18 18 18 25 6 26 19 6 9 1 9 18 24 0 26 19 9
split_gain=4.00061 2.32277 3.06783 1.93649 2.09357 1.55304 2.31094 2.37584 1.3919 1.19719 1.16772 0.959472 0.913486 0.882207 0.817285 0.805601 0.798013 0.791678 0.780405 0.728183 0.934729 0.945495 0.704945
threshold=11.478821379178671 9.9452081169542836 0.24121524460914959 3.5000000000000004 0.49898124188950793 0.0048705196591512954 21.500000000000004 13.500000000000002 21.500000000000004 0.0060580123477333193 0.14131722224929996 33.500000000000007 0.66105000000000014 0.30408012996483652 0.39547088950463882 12.229098034240023 0.5820744804047987 20.500000000000004 5.1984485170295529e-05 9.2622418661045405 31.500000000000004 0.61485000000000012 0.12714616333732745
decision_type=8 8 8 2 8 2 2 2 2 2 10 2 2 8 8 8 10 2 2 10 2 2 10
left_child=5 -2 3 4 8 12 7 -7 -3 11 -10 13 19 17 18 -6 -16 -4 -14 -1 22 -22 -21
right_child=1 2 9 -5 15 6 -8 -9 10 -11 -12 -13 14 -15 16 -17 -18 -19 -20 20 21 -23 -24
leaf_value=-0.0033939365031277254 -0.044544457369055199 -0.043246395684134777 -0.024186772694981144 -0.0078164056267184135 -0.019525498289331124 -0.046563787879257544 0.0084761852715183796 -0.045185266910277848 -0.037432156245631884 -0.039917536850481251 -0.03033585856399184 -0.021743154803003008 -0.0050348707803476922 0.0011215449514721141 -0.030193307979527653 -0.0087536532416728052 0.0025236830375146759 -0.003948666101671508 0.0076569609195630732 -0.029712396473728458 -0.018917694717587502 -0.033318929222589992 -0.0041225192962430924
leaf_weight=177 52 81 46 62 52 126 106 77 49 41 41 99 80 257 393 65 245 46 311 55 131 62 158
leaf_count=177 52 81 46 62 52 126 106 77 49 41 41 99 80 257 393 65 245 46 311 55 131 62 158
internal_value=-0.00352327 -0.00601258 -0.00540053 -0.00860482 -0.0101443 -0.0023611 -0.00527163 -0.00804976 -0.013306 -0.0030686 -0.00895161 -0.00235477 -0.00179443 -0.00122088 -0.000983285 -0.00530625 -0.0019727 -0.00492632 0.000633883 -0.00321374 -0.00425795 -0.00650893 -0.00215625
internal_weight=2812 891 839 350 288 1921 309 203 171 489 90 448 1612 349 1029 117 638 92 391 583 406 193 213
internal_count=2812 891 839 350 288 1921 309 203 171 489 90 448 1612 349 1029 117 638 92 391 583 406 193 213
is_linear=0
shrinkage=0.045


Tree=33
num_leaves=24
num_cat=1
split_feature=0 24 6 21 18 18 0 0 18 24 24 9 18 9 18 18 6 9 4 18 8 2 0
split_gain=3.32628 2.56396 2.22542 1.99157 2.92494 4.32111 2.74665 2.17172 1.95932 2.33151 1.43436 1.27743 1.26021 1.55079 1.09961 0.955006 0.878588 0.783782 0.867659 0.779554 0.772404 0.680836 1.32106
threshold=11.478821379178671 7.6333331755188062e-05 0.30408012996483652 0 26.500000000000004 11.500000000000002 8.9047366470798082 9.5234901606175395 21.500000000000004 0.00015583994511006577 5.6323614975576555e-05 0.91215413122788569 28.500000000000004 0.15907130925019997 31.500000000000004 32.500000000000007 0.20658713572503942 0.38028657159530194 0.018573532335914748 25.500000000000004 7.4588143044634672 9.5231381366112657 10.193110727684102
decision_type=8 2 8 1 2 2 10 10 2 2 2 8 2 10 2 2 10 8 8 2 10 10 10
left_child=3 12 8 7 5 10 -7 -1 9 -3 -5 16 13 -2 -10 -14 -9 -4 -19 -20 -13 -8 -23
right_child=1 2 17 4 -6 6 21 11 14 -11 -12 20 15 -15 -16 -17 -18 18 19 -21 -22 22 -24
leaf_value=0.0038010023517117031 -0.037418647695548604 -0.045398803453628823 0.010446749899634516 -0.038808004580712666 0.015143947562335135 -0.023078626440425788 -0.049762316146829945 -0.019476317211969268 0.0031738897791136526 -0.02531134658186663 0.01491386922512258 -0.077556167520187957 0.050747281739449451 -0.042980083803134762 -0.042604127887487471 -0.037963649447715367 0.0043409035542697014 -0.036385364747641702 0.0067812916057318718 -0.048199927462907674 -0.023233524525077546 -0.04849439890602416 -0.035558261972646152
leaf_weight=423 63 70 114 48 171 42 89 380 80 93 157 41 41 99 64 49 259 43 118 44 151 62 116
leaf_count=423 63 70 114 48 171 42 89 380 80 93 157 41 41 99 64 49 259 43 118 44 151 62 116
internal_value=-0.00348112 -0.00577696 -0.00419952 -0.00243422 -0.00436784 -0.00611896 -0.00945433 -0.00132478 -0.00691694 -0.0102605 -0.00102764 -0.00266817 -0.0096 -0.0119727 -0.003 -0.00508065 -0.00168575 -0.00154425 -0.00319111 -0.00160909 -0.00586154 -0.00760833 -0.00922376
internal_weight=2817 878 626 1939 685 514 309 1254 307 163 205 831 252 162 144 90 639 319 205 162 192 267 178
internal_count=2817 878 626 1939 685 514 309 1254 307 163 205 831 252 162 144 90 639 319 205 162 192 267 178
cat_boundaries=0 1
cat_threshold=212
is_linear=0
shrinkage=0.045


Tree=34
num_leaves=24
num_cat=0
split_feature=0 2 6 18 25 6 0 2 7 25 0 24 23 0 8 6 24 19 18 1 4 5 25
split_gain=2.7662 1.96033 1.67957 2.37948 2.77925 3.23577 2.0771 1.62585 1.56374 1.42242 1.20055 0.995641 0.894541 1.48349 1.39306 1.06411 1.0552 0.779159 1.24802 1.31461 1.44195 0.744052 1.25459
threshold=11.040508193315427 10.202303824407847 0.085567903236654516 22.500000000000004 0.0043254512622069047 0.2804545749305109 12.414024571921106 11.795359501732454 0.014351773859836428 0.0054173700602840472 11.326910407256003 0.0002788329407748923 0.0017329617336946147 9.1692640089571444 8.3034072395801868 0.09321217078554371 0.00018383950266290285 0.72215000000000007 17.500000000000004 10.019448291318458 -0.02991068108790192 0.23553902951304703 0.0023262983533200239
decision_type=8 8 8 2 2 8 8 10 10 2 10 2 2 10 8 8 2 2 2 8 8 8 2
left_child=12 -2 7 4 6 -6 8 -3 11 -7 -10 -4 13 -1 16 -16 -14 18 -15 -20 -21 22 -5
right_child=1 2 3 21 5 9 -8 -9 10 -11 -12 -13 14 17 15 -17 -18 -19 19 20 -22 -23 -24
leaf_value=0.0069033830925225043 -0.052549915629510266 -0.043668127511023377 -0.021940241913497409 -0.027257629385571629 -0.070329171032065763 0.024370883799368415 -0.0013866279744456521 -0.037265304786366631 -0.018770452946967147 -0.056011179694738261 -0.020007883877042176 0.010774129370028947 -0.022543736618129626 -0.0025723091481164224 -0.039643984526570662 -0.021148957862854017 -0.017823606855938982 -0.0023344516178024706 -0.0083382282343489166 -0.037441274374972563 -0.030450151214674804 -0.0031331059885767597 -0.0028335568184571593
leaf_weight=230 61 55 75 40 41 41 174 51 45 60 87 50 40 184 64 683 40 268 98 44 70 326 55
leaf_count=230 61 55 75 40 41 41 174 51 45 60 87 50 40 184 64 683 40 268 98 44 70 326 55
internal_value=-0.00321161 -0.00490786 -0.00444696 -0.00385005 -0.00573047 -0.0111414 -0.00388306 -0.0097844 -0.00642981 -0.00646875 -0.0098 -0.00272461 -0.00206076 -0.00106856 -0.0031256 -0.002499 -0.0086747 -0.00214543 -0.00340601 -0.00573488 -0.00896154 -0.00126828 -0.00470663
internal_weight=2882 1161 1100 994 573 142 431 106 257 101 132 125 1721 894 827 747 80 664 396 212 114 421 95
internal_count=2882 1161 1100 994 573 142 431 106 257 101 132 125 1721 894 827 747 80 664 396 212 114 421 95
is_linear=0
shrinkage=0.045


Tree=35
num_leaves=24
num_cat=1
split_feature=0 24 23 6 21 16 0 23 8 6 9 16 26 6 0 4 9 3 9 7 0 5 3
split_gain=3.18862 2.60957 2.19154 1.27306 1.22171 2.07686 1.27856 1.1717 1.12655 0.865638 0.80168 0.932371 1.27402 0.798711 1.4654 1.12392 0.749364 0.752379 0.692438 1.53126 0.860937 0.690024 0.680249
threshold=11.326910407256003 0.00020634748462506434 0.00081133352177585746 0.30408012996483652 0 -1.0000000180025095e-35 9.2622418661045405 0.003537673636176544 8.1209499290179554 0.059540134169824573 0.11054144310045093 1.0000000180025095e-35 33.500000000000007 0.17116982508518921 9.8197696589583909 0.042727460548580412 0.69570302941363316 -0.062936438815957133 0.53538390598226304 0.019733817756017614 13.452152144963366 0.50087181513825718 0.032192293518011734
decision_type=8 2 2 10 1 2 10 2 8 10 8 2 2 10 10 8 8 8 8 8 8 8 10
left_child=4 2 -2 10 5 21 -6 -3 -8 -7 -4 18 -13 16 15 -15 -10 -18 19 -12 -20 22 -1
right_child=1 7 3 -5 6 9 8 -9 13 -11 11 12 -14 14 -16 -17 17 -19 20 -21 -22 -23 -24
leaf_value=-0.044135304183399927 -0.0033845286068732018 -0.0075528993022025009 -0.028434044056471326 -0.010530577828258749 0.0027478763226906908 -0.027532495703346902 -0.063876006423885454 -0.053011579159835003 -0.013949789122894737 0.0041647354266720086 -0.0407932245827623 -0.054163194677791029 -0.016867582164414453 -0.0049962218133740455 0.0057599516292542157 -0.046142531913586471 -0.012730940619122392 -0.038508396627241342 -0.021847607469382111 -0.037426805426135017 -0.050496137740016572 -0.016917038282228073 -0.035504197683704102
leaf_weight=44 100 322 68 52 403 41 45 70 351 146 55 70 64 63 457 71 49 101 46 54 40 53 48
leaf_count=44 100 322 68 52 403 41 45 70 351 146 55 70 64 63 457 71 49 101 46 54 40 53 48
internal_value=-0.00324956 -0.00538427 -0.00738179 -0.00871626 -0.0021696 -0.00461739 -0.00159369 -0.0025519 -0.00237434 -0.001575 -0.00957937 -0.0105113 -0.00732482 -0.00207123 -0.000943182 -0.00502555 -0.00338839 -0.00602941 -0.0125568 -0.0150871 -0.00894944 -0.00874155 -0.0110842
internal_weight=2813 941 549 449 1872 332 1540 392 1137 187 397 329 134 1092 591 134 501 150 195 109 86 145 92
internal_count=2813 941 549 449 1872 332 1540 392 1137 187 397 329 134 1092 591 134 501 150 195 109 86 145 92
cat_boundaries=0 1
cat_threshold=10
is_linear=0
shrinkage=0.045


Tree=36
num_leaves=24
num_cat=0
split_feature=24 0 1 23 23 18 18 0 5 5 16 5 1 4 5 7 18 1 3 15 8 19 18
split_gain=1.8994 2.52778 2.25164 1.97357 1.24319 2.68554 2.2937 1.74496 1.4477 1.18674 1.16471 0.970831 0.953705 1.81876 0.999795 0.877208 0.87629 2.10374 0.850688 0.839994 0.79305 0.734243 0.800577
threshold=0.00020634748462506434 11.180786960685488 11.555734108724154 0.00082335136117230219 0.0019969623244623469 25.500000000000004 19.500000000000004 9.2016560294273351 0.38923713688771627 0.47798588731940245 1.5000000000000002 0.45454623378019776 11.956402124474062 -0.023470898600492226 0.54247413984709625 0.020067637365378043 29.500000000000004 12.331988738967244 -0.1571957760057632 2.5000000000000004 8.2594387577771577 0.68305000000000016 16.500000000000004
decision_type=2 8 8 2 2 2 2 10 8 8 2 8 8 8 10 10 2 8 10 2 10 2 2
left_child=1 4 19 -4 7 6 18 -1 -9 16 11 -10 21 -14 -15 -11 17 -5 -6 -3 -13 22 -2
right_child=12 2 3 9 5 -7 -8 8 10 15 -12 20 13 14 -16 -17 -18 -19 -20 -21 -22 -23 -24
leaf_value=0.0053645942252695204 -0.028597758448912013 -0.035656253036803504 0.0034384637455492553 -0.034688648824751582 0.0047771608137492294 0.020421356978467191 -0.045752623740603966 -0.0025272458553638531 -0.039627723683619574 0.00091741718053765429 -0.037292313979982311 -0.022609786697947699 -0.028832198486038796 0.010129296559008636 -0.019264059096836584 -0.034999311904620807 -0.026677120918734344 -0.023926869856006956 -0.032023708106822105 -0.040631658033884167 0.0085819294289932405 0.0020466466818513077 -0.0081731897666773284
leaf_weight=202 182 117 90 77 45 73 49 285 43 91 60 85 76 125 78 54 80 58 125 40 111 497 222
leaf_count=202 182 117 90 77 45 73 49 285 43 91 60 85 76 125 78 54 80 58 125 40 111 497 222
internal_value=-0.00310277 -0.00407213 -0.00639221 -0.00471854 -0.00275162 -0.00524746 -0.00771284 -0.00180798 -0.00305111 -0.00619835 -0.00522268 -0.00372831 -0.00171175 -0.00399734 -0.00171481 -0.00296453 -0.00830849 -0.0105163 -0.00507225 -0.0110109 -0.00230653 -0.000993086 -0.00241032
internal_weight=2865 1685 607 450 1078 292 219 786 584 360 299 239 1180 279 203 145 215 135 170 157 196 901 404
internal_count=2865 1685 607 450 1078 292 219 786 584 360 299 239 1180 279 203 145 215 135 170 157 196 901 404
is_linear=0
shrinkage=0.045


Tree=37
num_leaves=24
num_cat=2
split_feature=21 0 23 21 16 2 10 7 3 2 3 5 0 8 16 23 7 26 5 0 19 5 10
split_gain=1.77277 1.92533 1.9583 1.14583 1.88144 1.01979 1.00205 0.917893 1.27864 0.941864 1.3322 1.08459 0.829251 1.21006 0.991267 0.963369 0.737299 0.866962 0.741727 1.03519 0.720072 0.657067 0.657313
threshold=0 11.478821379178671 0.00081133352177585746 1 -1.0000000180025095e-35 9.8338702874298018 -0.035617512618382911 0.016067103199226326 -0.137692073200124 9.7110822946718791 -0.010958118804628663 0.15616982089289827 9.0977151937873018 9.9453048851874097 -1.4999999999999998 0.0023633577590072676 0.010296307036838597 18.500000000000004 0.39336051159265173 10.08331850292342 0.64960000000000007 0.7796254600444591 -0.01431237659103393
decision_type=1 8 2 1 2 8 8 8 8 10 10 10 10 10 2 2 10 2 10 10 2 10 10
left_child=21 3 -3 4 5 -2 -4 -8 -9 -10 -11 -12 15 14 -14 -5 -16 -18 20 -20 -19 -1 -23
right_child=1 2 6 12 -6 -7 7 8 9 10 11 -13 13 -15 16 -17 17 18 19 -21 -22 22 -24
leaf_value=0.0012179086516213424 -0.027382715176485637 0.00223318597205559 -0.036494286711252051 0.004468045507863937 -0.015486489836905487 -0.043782530756770625 -0.019446395673185318 -0.037574448757280839 -0.04947779658530127 -0.0041561228447092808 -0.012702622392738372 -0.034346491452859632 0.016093403993874572 -0.0073727548075717998 -0.023386001459490002 -0.01253950068699081 -0.027836338336420765 -0.012075514016187887 -0.04397616728890958 -0.021778896956987537 0.0054459667968987432 -0.052186708090649465 0.0028858467740127893
leaf_weight=516 43 116 72 205 107 48 232 45 52 108 42 64 79 443 166 59 77 82 59 70 66 43 42
leaf_count=516 43 116 72 205 107 48 232 45 52 108 42 64 79 443 166 59 77 82 59 70 66 43 42
internal_value=-0.00257098 -0.0031478 -0.00505484 -0.00223358 -0.00535308 -0.0102686 -0.00606189 -0.00534478 -0.00694347 -0.00563755 -0.00420968 -0.00772018 -0.0016956 -0.00227799 -0.00359178 0.000539326 -0.0043021 -0.00545798 -0.00420268 -0.00666477 -0.00196689 -0.000362785 -0.00396307
internal_weight=2836 2235 731 1504 198 91 615 543 311 266 214 106 1306 1042 599 264 520 354 277 129 148 601 85
internal_count=2836 2235 731 1504 198 91 615 543 311 266 214 106 1306 1042 599 264 520 354 277 129 148 601 85
cat_boundaries=0 1 2
cat_threshold=80 8
is_linear=0
shrinkage=0.045


Tree=38
num_leaves=24
num_cat=0
split_feature=24 23 0 18 6 6 0 19 19 6 18 6 0 19 10 23 18 18 0 18 18 8 8
split_gain=2.35026 2.47706 2.58789 2.57222 2.18581 2.117 1.9673 1.82543 1.33773 1.35115 1.02765 0.989775 0.898587 0.897667 1.26751 0.755285 0.899974 0.900631 1.19093 0.60794 1.30488 1.27648 1.41351
threshold=0.00016644927230597466 0.0018876254620238269 9.6203364876859006 25.500000000000004 0.074975895624439251 0.117244452638385 11.955994273416911 0.6029500000000001 0.70935000000000015 0.2804545749305109 14.500000000000002 0.059540134169824573 11.326910407256003 0.75960000000000016 0.0029364099951367244 0.0032968942589684702 18.500000000000004 11.500000000000002 10.865024503155011 10.500000000000002 28.500000000000004 12.395791673240581 10.791733207773722
decision_type=2 2 8 2 10 10 8 2 2 10 2 8 10 2 10 2 2 2 8 2 2 10 10
left_child=1 2 -1 4 -3 6 13 -8 10 -10 -6 -2 -5 14 -4 -13 17 18 -17 -7 21 22 -21
right_child=11 3 5 12 8 19 7 -9 9 -11 -12 15 -14 -15 -16 16 -18 -19 -20 20 -22 -23 -24
leaf_value=0.0019561700046919401 -0.024569310469394631 -0.0059892913436316083 -0.024269417116487377 0.023073827422375452 -0.028945287800435898 0.0028013954013985888 -0.028983917166662248 -0.034458500341104467 -0.046401560353727993 -0.039505323226895275 -0.026707952518663671 -0.010333967849841245 -0.030426214766791845 0.0026111323578002061 -0.046126927952763644 0.021738991883988566 -0.0013142596731790857 -0.048080550178577798 -0.064465320934747966 -0.027502508470374689 0.0042781429306768624 0.018363775066382173 -0.035363928256644708
leaf_weight=307 42 69 154 66 57 104 73 84 76 40 40 981 41 51 46 43 105 41 40 118 155 48 50
leaf_count=307 42 69 154 66 57 104 73 84 76 40 40 981 41 51 46 43 105 41 40 118 155 48 50
internal_value=-0.00280178 -0.00395528 -0.0029233 -0.00706569 -0.0093 -0.00415717 -0.00652555 -0.0104484 -0.0115312 -0.0148235 -0.0072675 -0.00134104 -0.00108409 -0.00397736 -0.0053202 -0.00109439 -0.00340409 -0.00595276 -0.00306105 -0.00209467 -0.00294184 -0.00517808 -0.007
internal_weight=2831 1579 1190 389 282 883 408 157 213 116 97 1252 107 251 200 1210 229 124 83 475 371 216 168
internal_count=2831 1579 1190 389 282 883 408 157 213 116 97 1252 107 251 200 1210 229 124 83 475 371 216 168
is_linear=0
shrinkage=0.045


Tree=39
num_leaves=24
num_cat=0
split_feature=24 23 0 6 5 18 18 26 6 19 26 0 6 1 4 7 0 5 0 23 5 26 16
split_gain=1.70983 2.2869 1.40755 1.97739 2.40184 1.40064 2.25422 2.32862 1.9607 2.68072 1.88508 0.904375 0.838722 0.827008 0.82673 0.772401 0.771547 0.764273 0.797493 0.65463 0.513737 0.50359 0.447283
threshold=0.00018775382661279232 0.0010916897613754346 10.271333100350633 0.15508551807625762 0.43817022319889048 28.500000000000004 18.500000000000004 21.500000000000004 0.30107754276434817 0.73745000000000005 17.500000000000004 10.148745857855642 0.059540134169824573 10.670547770431522 -0.22416541027557443 0.016067103199226326 10.314839920857297 0.053491973196116455 11.180786960685488 0.0037959575887981704 0.42545518160357093 22.500000000000004 1.0000000180025095e-35
decision_type=2 2 8 10 10 2 2 2 8 2 2 10 8 8 8 8 10 10 10 2 10 2 2
left_child=1 2 -1 4 16 6 7 8 9 -3 -8 -12 -2 -10 -14 -7 -4 -18 -19 -16 -9 -17 -21
right_child=12 5 3 -5 -6 15 10 20 13 -11 11 -13 14 -15 19 21 17 18 -20 22 -22 -23 -24
leaf_value=0.0028981184595920973 -0.021458245752160651 -0.028746039529421136 -0.040721381913628688 0.0013803473782919486 -0.036298090251003758 0.0072401001422793022 -0.012488280907248059 -0.0154109876348964 -0.0083840901190675582 -0.057104923369522012 -0.03813818997485291 -0.045392266029450748 -0.041124217264753377 0.02215761622424765 -0.0016132467495604695 -0.017059246526428123 0.0013420520946874621 -0.0069499114036303987 -0.025238508914178129 -0.0057138775867049086 0.020904806718665927 -0.022684574885264378 -0.045403174794382765
leaf_weight=364 41 69 53 191 45 117 76 81 47 52 68 57 51 64 984 55 80 57 52 57 92 40 54
leaf_count=364 41 69 53 191 45 117 76 81 47 52 68 57 51 64 984 55 80 57 52 57 92 40 54
internal_value=-0.00231553 -0.00324714 -0.00159231 -0.00319023 -0.0055319 -0.00493849 -0.00603695 -0.00405331 -0.00697021 -0.010869 -0.00991544 -0.0132715 -0.00100777 -0.00254605 -0.00077154 -0.00175814 -0.0036551 -0.00223828 -0.00464062 -0.000502049 -8.94886e-05 -0.00470663 -0.00373026
internal_weight=2847 1660 842 478 287 818 606 405 232 121 201 125 1187 111 1146 212 242 189 109 1095 173 95 111
internal_count=2847 1660 842 478 287 818 606 405 232 121 201 125 1187 111 1146 212 242 189 109 1095 173 95 111
is_linear=0
shrinkage=0.045


Tree=40
num_leaves=24
num_cat=0
split_feature=24 23 18 18 26 1 2 5 0 23 7 5 1 5 18 18 3 3 4 1 10 5 0
split_gain=1.47035 2.65701 1.97377 2.14451 2.17758 2.1122 1.55013 1.42286 1.26165 1.30633 2.70915 1.11036 1.02621 1.01977 0.862967 0.870329 0.85029 0.716623 0.845216 0.567566 0.555363 0.528919 0.50377
threshold=0.00015583994511006577 0.0012027659087802676 29.500000000000004 18.500000000000004 21.500000000000004 10.165038569209008 10.314060585308164 0.47229071138623485 9.2622418661045405 0.00081133352177585746 0.039338139601804649 0.69602308626881115 12.229098034240023 0.11856432364471063 8.5000000000000018 17.500000000000004 0.060973157818705978 -0.35792640091489791 0.13738884605579238 10.314839920857297 0.0060060745615306841 0.47229071138623485 9.4178933036531944
decision_type=2 2 2 2 2 8 10 8 8 2 8 8 8 10 2 2 10 10 8 10 8 10 10
left_child=1 8 3 4 6 -5 16 -8 -1 21 13 -7 -4 -11 -15 -16 -3 18 -2 -20 -17 -10 -19
right_child=17 2 12 5 -6 11 7 -9 9 10 -12 -13 -14 14 15 20 -18 22 19 -21 -22 -23 -24
leaf_value=0.0056566324261551502 -0.030946357030083263 0.0023472748030690578 0.01881907266246401 -0.037143067267559345 0.00057277538635456995 -0.025481523245410784 -0.036866935069101707 -0.05422927516788334 0.00063079944000459908 0.00055691373361770621 -0.038347240883357364 -0.060544804260136732 -0.036227406051864613 -0.012101852519594655 0.0041649604123377877 -0.0082482884492427293 -0.024610773316492411 0.0051516265580900666 -0.028389006864870753 0.043617084480859866 -0.018455203432520269 -0.022839429407199244 -0.012396702014117663
leaf_weight=162 40 60 129 58 124 66 53 42 328 116 75 40 41 43 53 69 46 217 57 42 68 41 897
leaf_count=162 40 60 129 58 124 66 53 42 328 116 75 40 41 43 53 69 46 217 57 42 68 41 897
internal_value=-0.00228371 -0.00318089 -0.00537349 -0.0068186 -0.00463034 -0.010994 -0.00748897 -0.0115944 -0.00165579 -0.00239416 -0.00408899 -0.0068945 -0.00117052 -0.00237145 -0.00407097 -0.00268135 -0.00359174 -0.00112321 -0.00413556 -0.00178676 -0.00454821 -0.000429435 -0.000737243
internal_weight=2867 1614 659 489 325 164 201 95 955 793 424 106 170 349 233 190 106 1253 139 99 137 369 1114
internal_count=2867 1614 659 489 325 164 201 95 955 793 424 106 170 349 233 190 106 1253 139 99 137 369 1114
is_linear=0
shrinkage=0.045


Tree=41
num_leaves=24
num_cat=0
split_feature=0 23 24 1 6 9 25 18 9 5 18 18 5 19 0 26 18 16 6 0 23 18 23
split_gain=1.65337 1.85719 1.96413 1.31613 1.30444 1.93411 1.30136 1.42066 1.10153 0.985761 0.893415 0.81103 0.783858 1.14317 0.900741 1.16237 0.780442 0.631119 2.35959 0.858204 1.94355 1.64948 0.569801
threshold=11.809922029771721 0.00081133352177585746 0.0002150543805888469 9.8593185506932191 0.21816024726158897 0.49898124188950793 0.005939030130869675 21.500000000000004 0.43055561749448773 0.43070114880364735 6.5000000000000009 33.500000000000007 0.3676998998529401 0.64960000000000007 9.2622418661045405 13.500000000000002 19.500000000000004 2.5000000000000004 0.20179725356850409 10.168239639561497 0.0017036197822443179 21.500000000000004 0.0015950176343311575
decision_type=8 2 2 10 8 8 2 2 10 8 2 2 8 2 10 2 2 2 8 10 2 2 2
left_child=6 -2 3 -3 5 16 12 9 -6 -8 -4 -12 13 -1 -14 -16 -5 19 -19 20 -17 -22 -21
right_child=1 2 10 4 8 -7 7 -9 -10 -11 11 -13 14 -15 15 17 -18 18 -20 22 21 -23 -24
leaf_value=-0.01455685760169375 0.010031536340266429 -0.044127996002908516 -0.0096431924780651518 -0.028307175099008024 -0.0026621033273087594 -0.0051638136888024384 -0.036923082208731063 0.008040794667326304 -0.035968977259253625 -0.050801089677957101 0.0082187250650740395 -0.050750359755635348 0.0013472429003096086 0.0028746964153668736 -0.023783086141496827 -0.0016718185680175658 -0.024729178776530712 -0.042938387502803974 -0.0025953067234944869 -0.020497508728241531 -0.015299451090236841 -0.051526314978476713 0.0075664089773435058
leaf_weight=142 119 47 79 42 112 50 42 49 42 47 155 43 325 580 48 124 73 44 72 233 60 41 261
leaf_count=142 119 47 79 42 112 50 42 49 42 47 155 43 325 580 48 124 73 44 72 233 60 41 261
internal_value=-0.0022635 -0.00405294 -0.00500503 -0.00715854 -0.0060163 -0.00877232 -0.00159923 -0.0057766 -0.00295223 -0.00907337 -0.00211339 -0.000470149 -0.00129203 -0.000117931 -0.00199174 -0.00273505 -0.0119174 -0.00232249 -0.00536975 -0.0018106 -0.00409539 -0.00863221 -0.000751509
internal_weight=2830 762 643 366 319 165 2068 138 154 89 277 198 1930 722 1208 883 115 835 116 719 225 101 494
internal_count=2830 762 643 366 319 165 2068 138 154 89 277 198 1930 722 1208 883 115 835 116 719 225 101 494
is_linear=0
shrinkage=0.045


Tree=42
num_leaves=24
num_cat=1
split_feature=21 23 6 9 8 6 18 8 18 2 10 19 6 24 19 6 23 25 5 24 19 5 8
split_gain=1.1999 1.16435 1.11659 0.966882 1.90996 0.994316 1.69056 0.916096 0.848093 0.886866 0.963559 0.804995 0.745588 0.741202 0.77309 0.613906 1.12015 0.621494 0.587065 0.650129 0.553425 0.546573 0.433395
threshold=0 0.0008178325168701966 0.19416231553392618 0.75092262790976494 10.167367617025864 0.062787741819988432 15.500000000000002 8.4576628211043197 10.500000000000002 11.844492470153536 -0.022388248954553238 0.72965000000000013 0.1136243667242363 9.4184079208637552e-05 0.48780000000000007 0.28311012637335492 0.0019969623244623469 0.0027595139942849997 0.64052993918732648 0.00010214783414604877 0.59880000000000011 0.88179025123519905 10.08350718034192
decision_type=1 2 8 10 8 8 2 10 2 8 8 2 8 2 2 8 2 2 8 2 2 10 10
left_child=2 -2 -1 5 7 6 -3 -5 18 12 -11 20 -10 14 -14 17 -17 -16 -7 -20 -12 -4 -15
right_child=1 3 21 4 -6 8 -8 -9 9 10 11 -13 13 22 15 16 -18 -19 19 -21 -22 -23 -24
leaf_value=-0.029069913541113063 -0.0017686313622019203 -0.027446107247656639 0.0076124521489209004 -0.01996411555531738 -0.04328611268056122 0.0038413537320991656 -0.022309470455367301 0.010087212108062309 0.009875191119171213 -0.036446529477341706 -0.010767766097966903 -0.033205779365495389 0.013845746498081254 -0.033864906681271831 -0.002315120832768248 -0.031073104474412357 -0.013742061938467732 -0.024306061384508013 0.00084032136519574538 -0.070676057049601101 0.0054127568133339743 -0.050352705797037545 0.0027818433908855657
leaf_weight=71 477 54 477 56 50 278 77 46 95 61 41 109 49 203 105 55 66 80 61 47 84 41 154
leaf_count=71 477 54 477 56 50 278 77 46 95 61 41 109 49 203 105 55 66 80 61 47 84 41 154
internal_value=-0.00179287 -0.00226095 3.36379e-05 -0.00280172 -0.0062129 -0.00247056 -0.0061959 -0.00252857 -0.00213078 -0.00276516 -0.00486997 -0.00347468 -0.00198056 -0.00247972 -0.00392807 -0.00476214 -0.00723992 -0.00305186 -0.000312339 -0.00308108 -0.000966797 0.000768714 -0.00101875
internal_weight=2837 2248 589 1771 152 1619 131 102 1488 1102 295 234 807 712 355 306 121 185 386 108 125 518 357
internal_count=2837 2248 589 1771 152 1619 131 102 1488 1102 295 234 807 712 355 306 121 185 386 108 125 518 357
cat_boundaries=0 1
cat_threshold=80
is_linear=0
shrinkage=0.045


Tree=43
num_leaves=24
num_cat=0
split_feature=24 0 9 6 23 9 16 23 8 23 2 6 19 24 26 9 23 4 24 4 6 8 0
split_gain=1.54757 2.07213 1.63118 2.01354 1.37199 1.16322 1.08237 0.994916 1.82386 0.968406 0.851768 0.688126 0.642273 0.635084 0.564678 0.504382 0.827446 0.493733 0.486515 0.441538 0.383018 0.381261 0.578413
threshold=0.00020634748462506434 9.6203364876859006 0.12714616333732745 0.117244452638385 0.00099235093110173838 0.43055561749448773 -1.0000000180025095e-35 0.0024812631531228257 8.5931610447255053 0.0019324939683565262 9.6716790636746079 0.059540134169824573 0.79630000000000012 6.8572675579754486e-05 10.500000000000002 0.56779891013967243 0.0033445702619253584 0.039558921699198023 5.4236522338158844e-05 0.10635346496093068 0.30707483745104586 10.104111340165938 9.2016560294273351
decision_type=2 8 10 8 2 10 2 2 8 2 10 8 2 2 2 8 2 8 2 8 8 10 10
left_child=1 7 13 4 -4 -6 9 -1 -9 12 -8 -2 18 -3 17 21 -17 -15 -5 -16 -20 22 -13
right_child=11 2 3 6 5 -7 10 8 -10 -11 -12 15 -14 14 19 16 -18 -19 20 -21 -22 -23 -24
leaf_value=0.0019617892442979987 -0.020597050605259622 -0.0015807844041359307 -0.0071458865094215706 0.006652925303014038 -0.032628158702033207 -0.039601454495719439 -0.037191814492786877 -0.024393241003844057 0.001375207640559791 -0.032739175637662286 -0.012782007826950747 0.0091553372925466409 -0.02414295461319528 -0.025679131478577286 -0.034190365976353693 -0.0090655404385937 -0.0531053125416606 0.01173833424364021 -0.0059115377324291908 -0.045285783655902467 -0.026057637012957817 0.012761461551491694 -0.019126464819843762
leaf_weight=372 40 247 61 43 49 42 47 41 73 62 316 112 41 47 57 467 61 48 46 40 44 309 189
leaf_count=372 40 247 61 43 49 42 47 41 73 62 316 112 41 47 57 467 61 48 46 40 44 309 189
internal_value=-0.00194207 -0.00281954 -0.00382858 -0.0050998 -0.00969677 -0.013141 -0.00389078 -0.000340491 -0.00396154 -0.00625105 -0.00231762 -0.00068967 -0.0043983 -0.00163405 -0.00355385 -0.000477213 -0.00149153 -0.00103316 -0.00276287 -0.0059175 -0.00459677 0.000403752 -0.00073273
internal_weight=2854 1676 1190 751 152 91 599 486 114 236 363 1178 174 439 192 1138 528 95 133 97 90 610 301
internal_count=2854 1676 1190 751 152 91 599 486 114 236 363 1178 174 439 192 1138 528 95 133 97 90 610 301
is_linear=0
shrinkage=0.045


Tree=44
num_leaves=24
num_cat=0
split_feature=24 0 23 1 23 5 6 5 5 10 26 18 4 6 5 0 0 1 5 24 5 18 0
split_gain=1.53269 2.15325 1.64556 1.89909 1.32327 1.68197 1.14106 1.84049 1.06876 0.977319 0.96943 0.909756 0.888537 0.710038 1.26404 0.491522 0.459665 0.910253 1.19317 0.709049 0.512501 0.759422 1.31435
threshold=0.00020634748462506434 9.6696332821534643 0.00082643384293499286 10.057598073874768 0.0026164055493737713 0.48599050449224807 0.15508551807625762 0.47798588731940245 0.12626518183601751 0.076668439084327897 16.500000000000004 20.500000000000004 0.091229429316420738 0.14822626266840164 0.29279935287466463 11.180786960685488 9.2016560294273351 9.7783079034421743 0.61115578304226814 0.00055035740498148738 0.54247413984709625 5.5000000000000009 10.890481586527526
decision_type=2 8 2 8 2 8 8 10 10 8 2 2 8 10 10 8 8 10 8 2 8 2 10
left_child=1 4 13 9 -1 -6 7 8 -5 -4 11 -8 -10 14 15 -3 -2 18 19 -18 -19 22 -22
right_child=16 2 3 6 5 -7 10 -9 12 -11 -12 -13 -14 -15 -16 -17 17 20 -20 -21 21 -23 -24
leaf_value=0.0035517124435938282 0.011457990438265639 0.0015259614545439185 -0.024614387060002935 -0.017900612129992808 0.0031668837017827527 -0.023561439882583111 -0.028845388010738438 0.0018412361958522281 -0.024949204393624407 -0.036700009861235644 -0.015098101546008151 -0.0080430895975375661 -0.029168002552153263 0.0029414225140556834 -0.027777645924248934 -0.028484104399062012 -0.0061280464011538209 0.0082680221275810237 -0.001555967693550808 -0.047506352702451307 0.0072913097331203883 -0.0090881840074221749 -0.044504865170422091
leaf_weight=394 160 128 40 40 52 40 70 57 47 49 350 76 54 166 55 59 43 416 94 49 41 328 51
leaf_count=394 160 128 40 40 52 40 70 57 47 49 350 76 54 166 55 59 43 416 94 49 41 328 51
internal_value=-0.00180896 -0.00268259 -0.00371043 -0.00491508 -0.000156442 -0.00492632 -0.0040868 -0.00696269 -0.00967187 -0.0110299 -0.00290381 -0.00594966 -0.0120937 -0.00137956 -0.00292041 -0.00110132 -0.000565823 -0.000917561 -0.0037381 -0.00729474 -0.000278903 -0.00138298 -0.00492632
internal_weight=2859 1677 1191 783 486 92 694 198 141 89 496 146 101 408 242 187 1182 1022 186 92 836 420 92
internal_count=2859 1677 1191 783 486 92 694 198 141 89 496 146 101 408 242 187 1182 1022 186 92 836 420 92
is_linear=0
shrinkage=0.045


Tree=45
num_leaves=24
num_cat=2
split_feature=0 21 9 2 24 23 9 9 18 16 0 24 9 18 18 4 9 21 18 0 3 25 18
split_gain=1.28512 1.94676 1.71378 1.52925 1.32428 1.45386 1.45338 1.7018 1.28981 1.3793 1.18395 1.11033 0.922599 1.27935 1.83392 0.745263 0.654355 0.651769 0.930776 1.21495 0.595052 0.488923 0.484745
threshold=9.5234901606175395 0 0.46073706994313118 9.4472250242364826 0.00032132197234798805 0.0008178325168701966 0.47818619460288941 0.41458241526621581 29.500000000000004 1.0000000180025095e-35 10.662315832795601 8.6585989255147998e-05 0.70310379615254537 18.500000000000004 26.500000000000004 0.05953024959903 0.44195181857501725 1 4.5000000000000009 10.168239639561497 0.10358861242703236 0.0024004324208122558 10.500000000000002
decision_type=8 1 10 8 2 2 8 10 2 2 10 2 8 2 2 8 10 1 2 8 8 2 2
left_child=1 2 -1 -2 5 16 7 8 9 10 -7 -12 -8 21 15 -15 -5 -6 -19 -20 -16 -14 -23
right_child=3 -3 -4 4 17 6 12 -9 -10 -11 11 -13 13 14 20 -17 -18 18 19 -21 -22 22 -24
leaf_value=-0.013614975215092124 -0.035493411157084917 0.0027256036665463481 -0.03303294515800137 0.00042377438168973957 0.0048841303853993196 -0.028915052727593718 0.0048018596519986403 -0.023949106297879937 -0.0015671304262712515 -0.0095903493308320247 -0.026445087423165647 -0.021504408974047703 0.013969761519198104 -0.045124874989287418 0.0064089093458932923 -0.027604186928876374 -0.027678904982718806 -0.046478403824878937 -0.01741968562551546 0.011423171497353932 -0.027704171008175783 -0.053853237342015463 0.00031913151001792969
leaf_weight=92 76 496 40 315 263 65 190 75 128 136 77 52 97 41 52 41 45 72 74 210 51 60 59
leaf_count=92 76 496 40 315 263 65 190 75 128 136 77 52 97 41 52 41 45 72 74 210 51 60 59
internal_value=-0.00198016 -0.00018542 -0.00477931 -0.00249645 -0.00226175 -0.00298991 -0.00378527 -0.00548647 -0.00440239 -0.00587838 -0.00829188 -0.0107557 -0.00223106 -0.0034474 -0.00616356 -0.0110647 -0.000495868 -0.000510048 -0.00173171 -0.000595819 -0.00205896 -0.00106849 -0.00296926
internal_weight=2807 628 132 2179 2103 1484 1124 533 458 330 194 129 591 401 185 82 360 619 356 284 103 216 119
internal_count=2807 628 132 2179 2103 1484 1124 533 458 330 194 129 591 401 185 82 360 619 356 284 103 216 119
cat_boundaries=0 1 2
cat_threshold=40 232
is_linear=0
shrinkage=0.045


Tree=46
num_leaves=24
num_cat=0
split_feature=0 24 9 7 5 16 16 0 18 7 4 1 8 18 26 16 4 5 26 24 5 1 3
split_gain=1.03393 0.793354 1.58393 1.27053 1.08838 1.10357 0.945446 0.825624 0.78619 1.27962 1.00099 0.742779 1.14152 0.682593 1.11642 0.978688 0.575927 0.563669 0.543003 0.977201 1.51939 0.512099 0.444703
threshold=9.2923361027615172 0.0002150543805888469 0.20148922534346927 0.039338139601804649 0.47798588731940245 1.5000000000000002 1.5000000000000002 9.7096002427482038 15.500000000000002 0.026465241236310652 0.042727460548580412 10.117200918058179 12.026964595093281 31.500000000000004 46.000000000000007 -1.0000000180025095e-35 -0.178364758835658 0.33206659613335526 25.500000000000004 0.00018775382661279232 0.48599050449224807 10.057598073874768 -0.12723072263387822
decision_type=8 2 10 8 10 2 2 8 2 10 10 10 8 2 2 2 8 10 2 2 10 10 8
left_child=18 2 16 4 5 13 -6 -3 9 21 -11 -5 -13 14 15 -4 -2 -17 19 20 -1 -9 -23
right_child=1 7 3 11 6 -7 -8 8 -10 10 -12 12 -14 -15 -16 17 -18 -19 -20 -21 -22 22 -24
leaf_value=-0.00085559883461710357 -0.031377308487256866 -0.038831862783844762 -0.026832831296766026 -0.024541197537089481 0.0056258409497067776 0.0027187665161825724 -0.045970997712046671 -0.019315802792007418 0.0029276879749301965 -0.0030915191101309526 -0.045532462266921037 -0.020280862797347782 -0.010720041302025142 -0.0017836538064956162 -0.0066288492534014682 -0.018515409416946495 -0.0056933431687600754 -0.035751797876327637 0.004040574459738747 0.0048931469587213516 -0.020688737451499933 -0.0082993153873043256 0.0074445308442772163
leaf_weight=80 40 78 87 45 173 78 44 40 467 68 54 42 53 51 77 51 576 41 203 191 42 66 201
leaf_count=80 40 78 87 45 173 78 44 40 467 68 54 42 53 51 77 51 576 41 203 191 42 66 201
internal_value=-0.00184041 -0.00224325 -0.002946 -0.00434295 -0.00341405 -0.00484214 -0.000848864 -0.00125742 -0.000860957 -0.00224479 -0.006084 -0.00818182 -0.005625 -0.00604597 -0.00698456 -0.00891346 -0.0012504 -0.0054 -1.7341e-05 -0.00118908 -0.004284 -0.000675 5.83334e-05
internal_weight=2848 2332 1358 742 602 385 217 974 896 429 122 140 95 307 256 179 616 92 516 313 122 307 267
internal_count=2848 2332 1358 742 602 385 217 974 896 429 122 140 95 307 256 179 616 92 516 313 122 307 267
is_linear=0
shrinkage=0.045


Tree=47
num_leaves=24
num_cat=2
split_feature=7 21 0 23 1 5 16 4 0 26 21 23 6 0 8 1 19 3 8 25 6 1 19
split_gain=1.25759 0.953958 1.31474 1.33576 1.65393 1.09215 0.946176 0.867405 0.694473 0.896119 0.628207 0.609539 0.749973 0.902774 0.725878 0.609008 0.766257 0.746575 0.597824 0.589589 0.754359 0.616744 0.556246
threshold=0.030685809170690772 0 9.5234901606175395 0.0008053809711242244 10.314839920857297 0.20656472917038834 1.0000000180025095e-35 -0.29637193950616147 10.980079472884023 18.500000000000004 1 0.0018876254620238269 0.15508551807625762 10.08331850292342 12.603836936778578 10.057598073874768 0.75765000000000016 0.054997689378550506 8.8492908284319078 0.0060214130086303054 0.30107754276434817 11.907808279968711 0.72965000000000013
decision_type=8 1 8 2 8 10 2 8 10 2 1 2 10 10 10 8 2 10 8 2 10 10 2
left_child=7 18 -3 -4 6 -6 -5 -1 -7 -10 -9 12 13 -12 15 16 17 -13 -2 21 -21 -17 -15
right_child=1 2 3 4 5 8 -8 10 9 -11 11 14 -14 22 -16 19 -18 -19 -20 20 -22 -23 -24
leaf_value=-0.024026328383494108 -0.030332909794960783 0.00068713284148600709 0.0036195705016562468 -0.031754585599035164 -0.027290657821843832 -0.014778699487241235 -0.012929666632627894 0.0062508163835495421 -0.0058884667800502867 -0.027873392674642387 0.0030705090582970403 0.00039923143974755104 0.003120103163580927 -0.020899675487308669 -0.024131037827672008 0.010497969550851189 -0.034363598270233733 -0.019637623487593372 0.0022674606983556209 -0.042331801022350367 0.0014134723200902395 -0.026576018360420138 -0.0082507220671929424
leaf_weight=40 46 97 77 64 101 40 44 412 40 42 181 107 444 184 49 264 53 64 207 40 42 77 107
leaf_count=40 46 97 77 64 101 40 44 412 40 42 181 107 444 184 49 264 53 64 207 40 42 77 107
internal_value=-0.0015754 -0.00313995 -0.00423504 -0.00543066 -0.00666243 -0.00435066 -0.0111892 -0.000997097 -0.007164 -0.00947647 -0.000861371 -0.00125723 -0.000499456 -0.00174316 -0.00226609 -0.001845 -0.00372687 -0.00218534 -0.000735902 -0.000829225 -0.00418235 6.54076e-06 -0.00328316
internal_weight=2822 758 505 408 331 223 108 2064 122 82 2024 1612 916 472 696 647 224 171 253 423 82 341 291
internal_count=2822 758 505 408 331 223 108 2064 122 82 2024 1612 916 472 696 647 224 171 253 423 82 341 291
cat_boundaries=0 1 2
cat_threshold=97 80
is_linear=0
shrinkage=0.045


Tree=48
num_leaves=24
num_cat=0
split_feature=24 0 3 10 4 1 10 7 10 3 10 25 18 18 19 4 8 0 1 18 8 18 7
split_gain=1.13847 1.3791 0.862598 0.784333 0.757347 0.931123 1.59383 0.648776 0.918682 0.488692 0.639847 1.14817 0.624224 0.604493 0.473592 0.41469 0.412097 0.408825 0.759771 0.829888 0.6505 0.62001 0.616977
threshold=0.00032132197234798805 9.6203364876859006 -0.25431216061585893 1.0000000180025095e-35 -0.29637193950616147 9.7099200932123342 0.023232284358417867 0.048953991429518208 0.033627001510658498 0.073430746938869682 -0.032812397026222122 0.0028470722766624772 10.500000000000002 28.500000000000004 0.72005000000000008 0.16579478635317371 9.2462435153854781 9.0977151937873018 10.188261899752685 11.500000000000002 10.104111340165938 7.5000000000000009 0.026465241236310652
decision_type=2 8 8 10 10 10 8 10 8 10 8 2 2 2 2 10 10 10 10 2 8 2 10
left_child=1 15 3 -3 5 -4 -7 9 -9 -6 11 -11 -12 16 -15 -1 -14 -2 19 -19 -21 22 -20
right_child=17 2 4 -5 7 6 -8 8 -10 10 12 -13 13 14 -16 -17 -18 18 21 20 -22 -23 -24
leaf_value=0.001576103368161777 0.011735955501711422 -0.030526728390979491 -0.032062949631079946 -0.020728087254126525 -0.0057932450978672783 -0.021992163041828876 0.0016553289390171205 -0.011577383901818821 -0.033966090162804205 -0.0041959577753291274 0.0052812218291149824 -0.037922603953267561 -0.029192322884946071 0.0043182062129226611 -0.015557478411085811 -0.0074144160183696748 -0.020021639673986291 0.011885533440186849 0.0060587352329398002 -0.033497567669215148 0.0038703311303950995 0.012235092812513946 -0.0088216588207769044
leaf_weight=404 157 50 63 40 547 47 107 41 40 49 108 40 51 80 50 100 156 68 90 124 46 303 47
leaf_count=404 157 50 63 40 547 47 107 41 40 49 108 40 51 80 50 100 156 68 90 124 46 303 47
internal_value=-0.00151441 -0.00210311 -0.00279874 -0.00701613 -0.00250886 -0.00493977 -0.00295223 -0.00204335 -0.00586607 -0.00174147 -0.0027067 -0.00613859 -0.00198382 -0.00293162 -0.000507519 -7.10059e-05 -0.004425 -0.000120823 -0.000601322 -0.00263278 -0.00429191 0.000507901 -0.00197679
internal_weight=2808 1973 1469 90 1379 217 154 1162 81 1081 534 89 445 337 130 504 207 835 678 238 170 440 137
internal_count=2808 1973 1469 90 1379 217 154 1162 81 1081 534 89 445 337 130 504 207 835 678 238 170 440 137
is_linear=0
shrinkage=0.045


Tree=49
num_leaves=24
num_cat=0
split_feature=24 23 6 19 6 25 6 16 9 4 2 9 1 1 25 9 1 19 23 25 6 4 9
split_gain=0.88256 0.92991 1.05183 1.46239 0.613039 0.852467 2.1864 0.848395 0.741985 0.685193 1.24566 0.75305 0.852996 1.49496 1.55147 0.548351 0.542203 0.519276 0.5656 0.464228 0.696314 0.453391 0.420878
threshold=0.0003891254284895187 0.0008178325168701966 0.065385955094215853 0.71665000000000012 0.39883668771345687 0.0041005823590612523 0.24516442444250708 -1.0000000180025095e-35 0.54028617372383636 -0.20335977393338656 9.4472250242364826 0.59941108748878136 9.578571139387746 10.449126422319649 0.0024396221868591395 0.50930833046912605 11.871013167536427 0.67735000000000012 0.0010247654435978503 0.0046613478130709566 0.44099525954687396 0.056019977035168943 0.80357494617056069
decision_type=2 2 8 2 10 2 8 2 10 10 8 10 10 10 2 10 8 2 2 2 8 10 8
left_child=1 15 3 -3 5 9 7 -7 -8 10 -4 12 -11 14 -14 -1 22 -15 -19 -2 21 -21 -12
right_child=19 2 4 -5 -6 6 8 -9 -10 11 16 -13 13 17 -16 -17 -18 18 -20 20 -22 -23 -24
leaf_value=0.0023175051214329857 0.0038604345712033735 -0.028929220641715443 -0.026974031446688401 -0.010056859710448705 0.0022880963530825891 -0.024890563333357596 0.001794960512794573 -0.03495812854226691 -0.043257621682037103 0.00026035037426471851 0.0044981143945234149 0.00473285289944376 -0.025107346988688873 0.0070108487576508883 -0.011649154214388608 -0.019435262846309736 -0.019827602087342303 -0.020264910090279278 -0.0051937434897621395 0.0098500476881644393 -0.037049091616323034 -0.0039867094497317559 -0.031724921057913871
leaf_weight=399 437 72 43 65 83 41 120 75 41 267 86 258 41 120 71 43 52 45 190 103 60 93 49
leaf_count=399 437 72 43 65 83 41 120 75 41 267 86 258 41 120 71 43 52 45 190 103 60 93 49
internal_value=-0.0014853 -0.00193288 -0.00240549 -0.00615536 -0.00206972 -0.00227846 -0.00452411 -0.00915126 -0.00108384 -0.00175959 -0.00395923 -0.0012392 -0.00197218 -0.00312606 -0.0075913 -9.10112e-05 -0.00228553 -0.0016655 -0.0028834 -8.72844e-05 -0.00159846 -0.000271357 -0.000733696
internal_weight=2854 2161 1719 137 1582 1499 277 116 161 1222 230 992 734 467 112 442 187 355 235 693 256 196 135
internal_count=2854 2161 1719 137 1582 1499 277 116 161 1222 230 992 734 467 112 442 187 355 235 693 256 196 135
is_linear=0
shrinkage=0.045


Tree=50
num_leaves=24
num_cat=0
split_feature=6 25 5 26 2 10 19 23 9 7 1 5 5 1 18 18 25 18 18 4 4 3 19
split_gain=0.940559 1.22142 2.22931 0.853235 0.88432 1.62521 1.08351 0.708889 0.693678 0.680685 0.918142 1.62251 0.454525 0.451709 0.441791 1.15744 1.06892 0.968742 0.440404 0.635189 0.628127 0.459359 0.419648
threshold=0.15508551807625762 0.0048307899726302327 0.51033630373862338 28.500000000000004 11.795359501732454 0.04330264959870906 0.7279500000000001 0.002245400294058775 0.67854068016150604 1.0000000180025095e-35 9.7099200932123342 0.25817590462926515 0.1315384018392137 10.845751829708405 13.500000000000002 26.500000000000004 0.0031726949922928137 18.500000000000004 11.500000000000002 0.15331315311583119 -0.047504726142666258 -0.051571560746821031 0.51660000000000006
decision_type=10 2 8 2 10 8 2 2 10 10 10 10 8 8 2 2 2 2 2 8 8 10 2
left_child=1 3 -3 12 6 -6 9 13 14 -5 -11 -12 -1 -2 -9 16 -16 -18 19 -15 21 -20 -4
right_child=7 2 22 4 5 -7 -8 8 -10 10 11 -13 -14 18 15 -17 17 -19 20 -21 -22 -23 -24
leaf_value=-0.016539268950851622 0.00404914317297076 -0.025240121110954899 -0.033232706485714872 -0.029452404428820231 -0.018876611887957116 0.0054852855168005853 0.0055205926416478091 0.0057374721201954174 -0.03686325702498193 0.0040226156091539211 -0.0086129428645212499 -0.034535635815573805 0.00066908983376121934 -0.0017034924487279589 -0.033356091002715367 0.0028197864078871619 -0.029955536102522783 0.011672428042664664 0.0012326008552739434 -0.03645831517392973 0.0086404645285596757 -0.0090827176366370509 0.026947829870353768
leaf_weight=56 511 40 41 50 52 41 159 201 55 128 153 57 447 111 43 147 58 72 57 55 238 40 43
leaf_count=56 511 40 41 50 52 41 159 201 55 128 153 57 447 111 43 147 58 72 57 55 238 40 43
internal_value=-0.00120058 -0.00211358 -0.00630709 -0.00164332 -0.00272939 -0.00672656 -0.00201682 -0.000469516 -0.00172539 -0.00329156 -0.00252053 -0.00433099 -0.000253458 0.000248276 -0.001198 -0.0022291 -0.00469176 -0.00253759 -0.000709821 -0.00258284 0.000232988 -0.0027675 -0.00196552
internal_weight=2855 1267 124 1143 640 93 547 1588 576 388 338 210 503 1012 521 320 173 130 501 166 335 97 84
internal_count=2855 1267 124 1143 640 93 547 1588 576 388 338 210 503 1012 521 320 173 130 501 166 335 97 84
is_linear=0
shrinkage=0.045


Tree=51
num_leaves=24
num_cat=0
split_feature=24 0 6 23 2 0 9 9 10 1 6 8 23 6 6 0 6 7 23 1 1 0 10
split_gain=1.4542 1.24277 1.13538 1.11854 1.65395 0.989522 0.97081 0.878716 1.7181 0.994484 1.11891 0.894154 0.744484 0.992364 0.74229 0.741307 0.497556 0.418042 0.406481 0.963385 0.342144 1.04899 0.490161
threshold=0.00037113837152884444 9.6203364876859006 0.22376807065700283 0.00082643384293499286 9.7875434475424559 9.9041497580223687 0.44195181857501725 0.49898124188950793 -0.026178660127708333 10.449126422319649 0.18193283788418121 8.7784843525504304 0.0017036197822443179 0.31313170182939282 0.26543433042340892 9.8197696589583909 0.1273547944663975 0.014351773859836428 0.0026321984396647674 9.1106395265034195 9.7783079034421743 9.4178933036531944 -0.044601329174740655
decision_type=2 8 10 2 10 10 10 10 8 8 8 10 2 10 10 10 10 10 2 8 10 10 10
left_child=1 18 3 6 15 -6 -3 8 -7 -10 16 -9 -4 14 -14 -5 17 -11 -1 -20 21 -2 -23
right_child=20 2 12 4 5 7 -8 11 9 10 -12 -13 13 -15 -16 -17 -18 -19 19 -21 -22 22 -24
leaf_value=0.0011562893822850827 0.0078510464664600481 -0.0017409555039642562 0.0021807930587199697 -0.026048317561644781 0.0073309895189544276 -0.026474222961310145 -0.027783803625280667 -0.036599177041361647 -0.026966553409443521 -0.0072445894582757889 0.0068418985598076576 0.0085741971096100229 -0.024403879161281641 -0.0083945600982990431 -0.022806223258765756 -0.019734129515693123 -0.027539905095602217 -0.015937263882321709 -0.019104381422025956 0.018055779410276866 0.0047619763117596496 -0.0044937073408335545 -0.033065843871534745
leaf_weight=423 186 293 325 56 68 51 45 52 45 51 108 108 54 132 61 52 55 52 46 42 446 46 40
leaf_count=423 186 293 325 56 68 51 45 52 45 51 108 108 54 132 61 52 55 52 46 42 446 46 40
internal_value=-0.0013809 -0.00197326 -0.00258659 -0.00347353 -0.0045 -0.00352867 -0.00133284 -0.00419143 -0.00541233 -0.00407723 -0.00296097 -0.00138037 -0.000970435 -0.002817 -0.00581568 -0.00956757 -0.00533851 -0.00333255 -3.93968e-05 -0.00276923 0.000368239 -0.000883636 -0.00490449
internal_weight=2837 2119 1608 1036 698 590 338 522 362 311 266 160 572 247 115 108 158 103 511 88 718 272 86
internal_count=2837 2119 1608 1036 698 590 338 522 362 311 266 160 572 247 115 108 158 103 511 88 718 272 86
is_linear=0
shrinkage=0.045


Tree=52
num_leaves=24
num_cat=0
split_feature=24 0 10 25 9 7 6 9 5 0 18 9 3 6 6 24 16 0 25 6 18 3 5
split_gain=1.27477 1.72922 1.65971 1.91567 1.26551 0.896721 0.712714 0.840966 1.21176 0.703015 0.619243 0.988767 0.967881 0.628475 0.612696 0.403851 0.401143 0.541169 0.36988 0.525936 0.771696 0.542731 0.448177
threshold=0.0002788329407748923 10.416747459065169 -0.022388248954553238 0.0028797254659379814 0.74229626112328273 0.042361397622788254 0.20900002701059359 0.40118223791731034 0.60331530637325004 12.166660436599768 28.500000000000004 0.36983549509217656 0.23408742101475524 0.18193283788418121 0.32551028452753361 8.2507048175925314e-05 -1.0000000180025095e-35 9.4178933036531944 0.003854644828650645 0.22642999867807104 16.500000000000004 0.037723319331596387 0.54247413984709625
decision_type=2 8 8 2 10 10 8 10 10 10 2 10 8 10 8 2 2 10 2 10 2 10 10
left_child=1 6 3 15 5 9 -1 16 14 10 11 12 13 -4 -9 -3 17 -8 -2 20 21 -20 -21
right_child=18 2 4 -5 -6 -7 7 8 -10 -11 -12 -13 -14 -15 -16 -17 -18 -19 19 22 -22 -23 -24
leaf_value=0.002869658724415775 0.0048549464005756583 -0.0099346751689103185 -0.024501759856452528 -0.034711950516843712 -0.026451275288393819 -0.022497304510730134 0.0048620601253915163 -0.02035788611198109 0.0056622825478309467 0.0018642227461988013 0.0021480829496517309 0.0042292261509517389 -0.016838949477685227 -0.0053658921176422542 -0.0095355497661753098 -0.0010077194923337354 0.0043838656992958311 -0.021779943180451102 -0.0056766552423977018 0.0059902453333552314 0.0069351817097466255 -0.041587614389020089 -0.031184359144089981
leaf_weight=440 566 49 64 79 68 63 55 40 48 226 141 113 111 57 50 56 149 41 41 190 87 40 60
leaf_count=440 566 49 64 79 68 63 55 40 48 226 141 113 111 57 50 56 149 41 41 190 87 40 60
internal_value=-0.00116267 -0.0018578 -0.00308665 -0.00693048 -0.00222606 -0.00169184 -0.000318705 -0.00173122 -0.0045 -0.00122098 -0.00218098 -0.00320043 -0.00486383 -0.00760282 -0.0075 -0.0028125 -0.000136089 -0.00236364 0.000145897 -0.000865796 -0.00278947 -0.00586607 0.000444664
internal_weight=2834 1850 1027 184 843 775 823 383 138 712 486 345 232 121 90 105 245 96 984 418 168 81 250
internal_count=2834 1850 1027 184 843 775 823 383 138 712 486 345 232 121 90 105 245 96 984 418 168 81 250
is_linear=0
shrinkage=0.045


Tree=53
num_leaves=24
num_cat=0
split_feature=24 0 25 8 23 7 19 7 8 7 18 18 7 7 0 18 18 10 19 10 8 18 5
split_gain=0.9972 1.34525 0.842795 0.882413 0.624917 0.697164 0.612222 0.572772 0.965285 0.551555 0.528758 1.04447 0.953601 0.858604 0.831728 0.489643 0.683466 0.503162 0.380636 0.292673 0.255677 0.218194 0.766133
threshold=0.00026934557944885239 10.662315832795601 0.0024255028269065094 10.565970060424535 0.0010587911454984298 0.031986022423519618 0.69215000000000015 0.022168415554057113 12.026964595093281 0.012607667501171557 9.5000000000000018 20.500000000000004 0.014618372838895334 0.021708990805226383 13.359777182695376 31.500000000000004 10.500000000000002 -0.040629613178525488 0.67735000000000012 -0.022388248954553238 9.6207333063747402 4.5000000000000009 0.55188310396256679
decision_type=2 8 2 8 2 10 2 10 8 10 2 2 8 8 8 2 2 10 2 8 10 2 8
left_child=1 4 7 -4 -1 9 -7 19 -9 15 -5 12 -12 -13 -15 16 -6 -18 -14 -3 -11 22 -2
right_child=21 2 3 10 5 6 -8 8 -10 20 11 13 18 14 -16 -17 17 -19 -20 -21 -22 -23 -24
leaf_value=0.0024008512379446382 0.006354180115579147 -0.0084023767418792139 -0.036695273259946759 0.0021325407858623926 0.0092574224611660701 -0.0067231417563358258 -0.022082879210221278 -0.017735201108394376 0.0071909178038411653 0.0058047976629519082 -0.023602903199012804 0.0012565994643178901 -0.01145535107732434 -0.0011900120481006229 -0.024008260681141213 0.028092926801323918 -0.0066750231264131763 -0.016907803123538526 -0.019950534411143479 0.001798706792518111 -0.0080191702819488592 0.0019314202392455284 -0.026455752838781765
leaf_weight=388 89 47 56 79 53 61 50 76 58 163 52 123 50 51 43 45 81 62 41 233 42 812 90
leaf_count=388 89 47 56 79 53 61 50 76 58 163 52 123 50 51 43 45 81 62 41 233 42 812 90
internal_value=-0.000991485 -0.00160662 -0.00283964 -0.00408886 -0.000415348 -0.00137812 -0.00451974 -0.00132734 -0.00371168 -0.000571269 -0.00336482 -0.00409091 -0.00704281 -0.00207614 -0.00524227 -0.00201947 -0.00298492 -0.00457705 -0.00404521 -0.000159011 0.00113582 0.000160714 -0.00124863
internal_weight=2845 1854 909 495 945 557 111 414 134 446 439 360 143 217 94 241 196 143 91 280 205 991 179
internal_count=2845 1854 909 495 945 557 111 414 134 446 439 360 143 217 94 241 196 143 91 280 205 991 179
is_linear=0
shrinkage=0.045


Tree=54
num_leaves=24
num_cat=0
split_feature=24 0 3 23 1 23 0 16 7 18 8 24 25 1 1 1 18 7 0 18 8 0 25
split_gain=1.11923 1.0862 0.668678 0.72278 0.633857 0.70503 1.07293 1.28927 1.05887 0.569342 1.12934 0.774755 0.3552 0.376824 0.782064 0.354078 0.561007 0.404913 0.308176 0.298571 0.326323 0.426837 0.438655
threshold=0.00032132197234798805 9.5901606968599644 -0.25431216061585893 0.0012027659087802676 9.4321760148322848 0.0017036197822443179 10.118692419629779 2.5000000000000004 0.013554803042129851 21.500000000000004 10.307516274608572 0.00014793812478692688 0.0036892036384390463 11.076024865401816 11.286581853732201 12.382154942404901 5.5000000000000009 0.047042580842885033 10.08331850292342 28.500000000000004 11.090396207037955 10.548060342257729 0.0024004324208122558
decision_type=2 8 8 2 8 2 8 2 10 2 10 2 2 8 10 10 2 10 8 2 8 10 2
left_child=1 -1 3 -3 -4 15 -7 9 -9 10 -8 -12 -2 -14 -15 16 -6 18 -18 20 21 -20 -23
right_child=12 2 4 -5 5 6 7 8 -10 -11 11 -13 13 14 -16 -17 17 -19 19 -21 -22 22 -24
leaf_value=0.00019090520491497 0.0067897308538147176 -0.0043903294741032073 -0.021934895481746337 -0.031205559001803329 0.0033961127169422453 -0.023633367505377922 0.0088332165102470162 -0.031374673607530573 -0.047487845476126167 0.0057348300171568322 -0.01862353979194576 -0.004512173552943392 0.000789120738979935 -0.023915491350982834 -0.00017765212182893324 0.0053782888797786026 0.0032684296385312927 -0.019627388693990718 0.0075282127856708377 -0.0025811655852320818 -0.015465903317274741 0.002841548885612593 -0.024787544211188721
leaf_weight=478 446 46 46 52 115 59 84 41 41 159 62 49 287 45 80 125 76 48 63 166 148 47 70
leaf_count=478 446 46 46 52 115 59 84 41 41 159 62 49 287 45 80 125 76 48 63 166 148 47 70
internal_value=-0.00110041 -0.00168921 -0.0022845 -0.00583663 -0.00202372 -0.00183684 -0.00318524 -0.00237813 -0.00735882 -0.00117227 -0.00278409 -0.00570395 0.000256098 -0.000693976 -0.00272461 -0.00105052 -0.00142765 -0.00196377 -0.00160995 -0.00201911 -0.0028006 -0.00147541 -0.00305625
internal_weight=2833 1975 1497 98 1399 1353 495 436 82 354 195 111 858 412 125 858 733 618 570 494 328 180 117
internal_count=2833 1975 1497 98 1399 1353 495 436 82 354 195 111 858 412 125 858 733 618 570 494 328 180 117
is_linear=0
shrinkage=0.045


Tree=55
num_leaves=24
num_cat=2
split_feature=4 7 21 26 19 1 19 0 6 21 0 3 1 0 5 24 4 10 10 3 23 19 19
split_gain=1.07422 0.686516 0.659607 0.988513 0.977384 0.746026 1.44075 0.681142 0.762962 0.58742 0.977688 1.10693 1.00954 0.892824 0.777963 0.536472 0.50892 0.642112 0.681272 0.500962 0.469936 0.610288 0.49445
threshold=-0.29637193950616147 0.038765201596711582 0 10.500000000000002 0.86265000000000014 11.132233457076342 0.72435000000000016 9.5234901606175395 0.14131722224929996 1 9.2622418661045405 0.2511788762675829 10.314839920857297 10.789022062481886 0.50659533192084216 0.00026337031973380559 -0.055358677934261503 -0.017048125020379109 -0.040629613178525488 0.097238901395446373 0.0010587911454984298 0.72215000000000007 0.62265000000000015
decision_type=8 8 1 2 2 10 2 10 10 1 8 10 8 10 10 2 8 10 10 10 2 2 2
left_child=-1 2 7 -4 5 16 -7 -2 15 14 -11 12 -12 -14 -3 20 -5 18 19 -18 -9 22 -22
right_child=1 9 3 4 -6 6 -8 8 -10 10 11 -13 13 -15 -16 -17 17 -19 -20 -21 21 -23 -24
leaf_value=-0.02066343152156069 0.0043925719294899655 0.0065930107470761013 0.0043367822119273541 0.0054899970472007224 -0.032805107037505873 -0.00072950919761090706 -0.041053822296959003 -0.0044649962451154294 0.0011256117325874357 0.010520779654988084 -0.020881373013900851 0.0084419852991710689 -0.021303495874412555 -0.016374302171798891 -0.022112574085378957 0.0050443704277298223 -0.0083268974615102864 -7.1788082688684849e-05 -0.034088103784539213 -0.012915829783553595 -0.018242445447309626 -0.0060594046801953055 -0.028917818555518962
leaf_weight=41 353 171 164 128 42 56 55 229 669 46 81 48 79 55 61 68 112 187 55 40 58 48 40
leaf_count=41 353 171 164 128 42 56 55 229 669 46 81 48 79 55 61 68 112 187 55 40 58 48 40
internal_value=-0.00114798 -0.00103889 -0.000698309 -0.00169278 -0.00247235 -0.0020059 -0.00530921 -0.000114175 -0.000661883 -0.00247748 -0.0037104 -0.00488064 -0.00624427 -0.00371168 -0.00062449 -0.0021037 -0.00127714 -0.00207431 -0.00378214 -0.00214839 -0.00276786 -0.00474161 -0.00672772
internal_weight=2886 2845 2304 839 675 633 111 1465 1112 541 309 263 215 134 232 443 522 394 207 152 375 146 98
internal_count=2886 2845 2304 839 675 633 111 1465 1112 541 309 263 215 134 232 443 522 394 207 152 375 146 98
cat_boundaries=0 1 2
cat_threshold=212 105
is_linear=0
shrinkage=0.045


Tree=56
num_leaves=24
num_cat=3
split_feature=7 21 18 8 2 23 0 21 2 4 18 25 5 5 1 6 23 4 23 21 23 0 18
split_gain=0.610451 0.591781 0.934867 1.24723 0.786646 0.490325 0.638234 1.02559 1.57282 0.864986 0.769914 1.22212 0.769761 0.489406 0.482156 0.385038 0.359897 0.291871 0.348026 0.287456 0.393365 0.699902 1.15274
threshold=0.026094678209777931 0 24.500000000000004 10.984642043621445 9.7450306408317555 0.0006992012984947776 9.2394932638812328 1 9.4793136698917859 -0.18531341367474927 24.500000000000004 0.0029661655753087722 0.38923713688771627 0.72597996884305271 9.0359527604054453 0.31942726464653931 0.0037959575887981704 -0.29637193950616147 0.0018876254620238269 2 0.0010855998969896269 10.168239639561497 24.500000000000004
decision_type=8 1 2 8 8 2 8 1 8 10 2 2 10 10 8 10 2 10 2 1 2 10 2
left_child=1 2 3 4 -1 -2 -7 8 -8 -10 11 -11 -12 -9 -3 17 -17 18 -16 -19 -21 22 -22
right_child=5 14 -4 -5 -6 6 7 13 9 10 12 -13 -14 -15 15 16 -18 19 -20 20 21 -23 -24
leaf_value=-0.011075741683196926 0.005780227069728916 0.005476949370716311 0.021282481276229261 0.0015584655493651343 -0.032782546249755823 0.0014628211922520589 -0.025544956875275877 -1.0062498610310814e-06 0.0023352586226267286 0.0025788854769657789 -0.0080465416755639216 -0.028178639700001028 -0.03701100770449843 -0.038904266851641903 -0.0044707241037886458 0.0081609552972576448 -0.029578252042966432 0.0045631535953459179 -0.017517258401899757 0.00014109218450370471 -0.0058120255115093862 -0.007728703442160487 -0.028196334973119866
leaf_weight=44 90 205 49 43 40 135 40 272 104 80 49 78 40 40 57 282 42 219 40 418 92 364 44
leaf_count=44 90 205 49 43 40 135 40 272 104 80 49 78 40 40 57 282 42 219 40 418 92 364 44
internal_value=-0.000966638 -0.000510942 -0.00290476 -0.00507115 -0.00817241 -0.00191407 -0.00225268 -0.00279497 -0.0042828 -0.00336229 -0.004797 -0.00282298 -0.00809511 -0.000747692 -0.000249578 -0.000521781 0.000853211 -0.000883993 -0.0032175 -0.000676974 -0.00101987 -0.00187873 -0.00459712
internal_weight=2867 1939 176 127 84 928 838 703 391 351 247 158 89 312 1763 1558 324 1234 97 1137 918 500 136
internal_count=2867 1939 176 127 84 928 838 703 391 351 247 158 89 312 1763 1558 324 1234 97 1137 918 500 136
cat_boundaries=0 1 2 3
cat_threshold=8 135 66
is_linear=0
shrinkage=0.045


Tree=57
num_leaves=24
num_cat=1
split_feature=24 0 2 3 21 26 18 9 5 2 26 5 9 18 16 18 18 9 3 9 23 4 9
split_gain=0.703778 1.02025 1.30533 1.39845 0.55489 1.26569 0.701762 0.734204 0.393354 0.471984 0.655122 0.612279 0.932751 0.961696 0.609318 0.501872 0.648845 0.523434 0.520809 0.360507 0.775001 0.3389 0.279783
threshold=0.00037113837152884444 9.6203364876859006 9.7875434475424559 -0.25431216061585893 0 11.500000000000002 25.500000000000004 0.42490934797894742 0.89889642848900542 12.045284582608609 29.500000000000004 0.5878793554405185 0.0368621249038339 25.500000000000004 1.0000000180025095e-35 5.5000000000000009 31.500000000000004 0.21965293064185346 0.067687343167012373 0.46709759621635449 0.0010916897613754346 0.16579478635317371 0.17461915874115017
decision_type=2 8 8 10 1 2 2 8 10 8 2 8 10 2 2 2 2 8 10 10 2 10 8
left_child=1 21 3 -3 5 -4 7 -7 9 10 -6 12 -11 14 -14 -12 17 -17 19 20 -19 22 -1
right_child=-2 2 4 -5 8 6 -8 -9 -10 11 15 -13 13 -15 -16 16 -18 18 -20 -21 -22 -23 -24
leaf_value=-0.0025341519955258502 0.0014921867895731382 -0.026869725201749579 0.0019012696625182403 -0.0074872292905970523 0.0094618365123143641 -0.026595273916402862 -0.01909498539871796 -0.033666497612792258 -0.043054687702321889 0.0064481137980302713 0.015453429777392244 0.00031685130939591378 -0.013674402690884985 -0.011496550966579847 0.007030365085345814 0.0023852165604636099 0.0060877100815262897 0.00065244938712337604 -0.017834198275599119 0.0053154672005939537 -0.015789899736095403 -0.0042469599947503687 0.0042093589462504676
leaf_weight=69 712 43 112 68 171 80 56 71 40 41 88 142 48 62 47 92 101 64 130 85 50 95 359
leaf_count=69 712 43 112 68 171 80 56 71 40 41 88 142 48 62 47 92 101 64 130 85 50 95 359
internal_value=-0.000870095 -0.00128177 -0.00184771 -0.00649342 -0.00148685 -0.00312425 -0.00528214 -0.00685227 -0.000994676 -0.000838745 -0.000226722 -0.00223032 -0.00382836 -0.00538594 -0.00241071 -0.000917618 -0.00144857 -0.00222347 -0.00305648 -0.00157054 -0.00319231 0.000440589 0.000981439
internal_weight=2826 2114 1591 111 1480 319 207 151 1161 1121 781 340 198 157 95 610 522 421 329 199 114 523 428
internal_count=2826 2114 1591 111 1480 319 207 151 1161 1121 781 340 198 157 95 610 522 421 329 199 114 523 428
cat_boundaries=0 1
cat_threshold=11
is_linear=0
shrinkage=0.045


Tree=58
num_leaves=24
num_cat=0
split_feature=0 10 24 1 23 1 23 10 0 23 18 18 24 7 7 18 23 25 5 5 5 23 9
split_gain=0.545355 0.724143 0.818514 1.36116 1.83333 0.582027 0.642119 0.494364 0.576261 0.493104 0.641317 1.14584 0.46396 0.458569 0.338082 0.28491 0.240601 0.23551 0.251986 0.24698 0.232813 0.228907 0.585163
threshold=9.2016560294273351 -0.022388248954553238 0.00028336419624824967 10.057598073874768 0.0018501931866774788 9.7357707136260547 0.0008178325168701966 0.0095952379735279886 13.12567890906041 0.0023633577590072676 23.500000000000004 10.500000000000002 0.00063678712724759092 0.063776543824097656 0.012037212221729427 24.500000000000004 0.0023633577590072676 0.0045695708698841658 0.40977747494774813 0.55188310396256679 0.41978273034398955 0.0010247654435978503 0.44195181857501725
decision_type=8 8 2 10 2 10 2 8 8 2 2 2 2 10 10 2 2 2 8 10 10 2 10
left_child=9 2 3 -2 14 6 -3 -8 17 -1 11 -11 13 21 -5 -16 -4 18 -9 -20 -18 22 -7
right_child=1 5 16 4 -6 12 7 8 -10 10 -12 -13 -14 -15 15 -17 20 -19 19 -21 -22 -23 -24
leaf_value=0.0041379675128859076 0.013352566180405905 0.0034294569850731359 0.016528528098612404 -0.022348417825076898 -0.029070814728950355 0.0033355625839845936 -0.018367164084618869 0.0078328764724372273 -0.024168120582040174 0.019817515435162397 0.0039001626361255736 -0.016341891227739977 0.010745707753196674 -0.017448488438578727 0.006152146094977968 -0.0052739030782896846 0.011900818101858009 -0.014422134450905646 -0.0070290865308599345 0.0018017642782135121 -0.02574852486235104 -0.0061112262431166986 -0.016394995773212923
leaf_weight=302 65 88 77 60 63 308 64 54 57 40 60 57 132 50 57 40 48 41 62 57 40 970 63
leaf_count=302 65 88 77 60 63 308 64 54 57 40 60 57 132 50 57 40 48 41 62 57 40 970 63
internal_value=-0.000838436 -0.00111046 -0.00273179 -0.00417969 -0.00585202 -0.000731914 -0.00220246 -0.00309541 -0.00220894 0.000579546 -0.00144844 -0.0036675 -0.000319954 -0.000563307 -0.00313594 -0.0014175 -0.000200893 -0.00109908 -0.00034517 -0.00149385 -0.00178022 -0.000400112 0.00054746
internal_weight=2855 2396 450 285 220 1946 423 335 271 459 157 97 1523 1391 157 97 165 214 173 119 88 1341 371
internal_count=2855 2396 450 285 220 1946 423 335 271 459 157 97 1523 1391 157 97 165 214 173 119 88 1341 371
is_linear=0
shrinkage=0.045


Tree=59
num_leaves=24
num_cat=0
split_feature=24 23 10 18 4 7 7 23 26 25 1 19 3 9 1 18 18 8 18 1 1 8 9
split_gain=0.660797 1.02929 1.15424 1.06078 1.08604 0.904348 0.755284 0.716644 1.38343 0.636487 0.518965 0.493337 0.43286 0.539713 0.461617 0.954593 1.04797 1.16109 0.424312 0.78181 0.341782 0.979664 0.299725
threshold=0.0003891254284895187 0.002245400294058775 -0.0088325561151845738 22.500000000000004 0.016372725235343059 0.05525161745612394 0.027010724235398385 0.00081133352177585746 35.500000000000007 0.0060214130086303054 9.7099200932123342 0.75765000000000016 -0.23884455540402774 0.5820744804047987 10.482006697055438 17.500000000000004 31.500000000000004 9.7927502899711936 4.5000000000000009 10.892156513598415 9.7099200932123342 8.8934319461747879 0.74229626112328273
decision_type=2 2 8 2 10 8 10 2 2 2 10 2 10 8 10 2 2 10 2 10 8 10 8
left_child=1 5 3 4 -3 9 11 -7 22 10 -1 -4 13 -12 15 -14 17 -17 19 -2 21 -20 -9
right_child=18 2 6 -5 -6 7 -8 8 -10 -11 12 -13 14 -15 -16 16 -18 -19 20 -21 -22 -23 -24
leaf_value=0.0012120796727327506 0.00580396277248524 -0.023103619765040689 0.0027036163864028948 -0.010918403944017583 -0.006147702866150539 0.0077880316944773462 -0.026519035025111281 0.0018841894468106456 -0.024238480596566019 -0.012220981602321337 -0.015551868736345609 -0.016938899717387525 0.0048290720210833896 0.0023957908786431852 0.00052140237721287988 -0.020391658167764684 0.0065837795137713229 -0.00432233003283673 0.0081735001212637874 -0.04094831709874 0.01504889069437851 -0.033073622059955031 -0.042348593250639145
leaf_weight=454 71 43 181 63 41 44 72 57 42 52 62 66 95 45 661 54 45 46 119 51 356 77 41
leaf_count=454 71 43 181 63 41 44 72 57 42 52 62 66 95 45 661 54 45 46 119 51 356 77 41
internal_value=-0.000983632 -0.00136641 -0.00323348 -0.006495 -0.00972414 -0.000849206 -0.00168401 -0.00380214 -0.00534965 -0.00048352 -0.000304096 -0.000477 -0.000872403 -0.00353864 -0.000545077 -0.00222222 -0.0044848 -0.00699029 0.000245938 -0.002124 0.000778378 -0.000723618 -0.00227228
internal_weight=2838 2164 466 147 84 1698 319 184 140 1514 1462 247 1008 107 901 240 145 100 674 122 552 196 98
internal_count=2838 2164 466 147 84 1698 319 184 140 1514 1462 247 1008 107 901 240 145 100 674 122 552 196 98
is_linear=0
shrinkage=0.045


Tree=60
num_leaves=24
num_cat=3
split_feature=24 0 6 22 16 25 8 18 2 18 24 21 5 18 18 5 4 7 26 21 1 5 6
split_gain=0.653595 0.70435 0.872369 1.40041 2.31685 1.20959 0.596986 0.444638 0.863726 0.951358 0.482444 0.436658 1.00793 0.5446 0.439438 0.697748 0.417552 0.410454 0.35201 0.266994 0.409996 0.30515 0.23535
threshold=0.0003891254284895187 9.6203364876859006 0.15508551807625762 0 -1.0000000180025095e-35 0.0045695708698841658 8.7784843525504304 24.500000000000004 12.045284582608609 31.500000000000004 5.451196137446864e-05 1 0.46672507139169311 24.500000000000004 12.500000000000002 0.5206536268881361 0.067536172092117167 0.037813004813392621 51.500000000000007 2 10.892156513598415 0.15052463162541826 0.19182046391842969
decision_type=2 8 8 1 2 2 8 2 8 2 2 1 8 2 2 10 10 10 2 1 10 10 10
left_child=1 17 5 4 -4 7 -5 10 9 -9 16 12 -8 -14 15 18 -3 22 -13 -2 21 -21 -1
right_child=19 2 3 6 -6 -7 11 8 -10 -11 -12 14 13 -15 -16 -17 -18 -19 -20 20 -22 -23 -24
leaf_value=0.0060365563776596061 0.0073431809932410696 -0.01651652867388851 -0.021078879962387685 -0.035217704520491402 -0.0060169391866842815 -0.022694886684377052 -0.015234531451618731 -0.014327550546277382 -0.012089735507458354 0.008524198217043975 0.0031098548779446345 0.0049022009870803955 0.0082010302051167602 -0.026224611820248774 0.0057556352349841713 -0.0085834951292613464 -0.0018263812034833215 -0.0047438502245966668 -0.019519486255766685 -0.025646086864709178 -0.037298520300746117 0.0040457738016951399 -0.00083287439345135564
leaf_weight=255 440 76 47 46 76 40 73 66 49 56 122 146 119 64 504 57 56 69 50 41 55 141 187
leaf_count=255 440 76 47 46 76 40 73 66 49 56 122 146 119 64 504 57 56 69 50 41 55 141 187
internal_value=-0.000765063 -0.00114739 -0.00159955 -0.00094557 -0.00524449 -0.00324519 -0.000379897 -0.00249708 -0.00425431 -0.002124 -0.00127821 -0.000148376 -0.00170632 3.62904e-05 0.000400325 -0.00111621 -0.00313333 0.000310798 0.000180905 0.000453309 -0.000747 0.000267568 0.000819101
internal_weight=2835 2158 1647 1182 123 465 1059 425 171 122 254 1013 256 183 757 253 132 511 196 677 237 182 442
internal_count=2835 2158 1647 1182 123 465 1059 425 171 122 254 1013 256 183 757 253 132 511 196 677 237 182 442
cat_boundaries=0 1 2 3
cat_threshold=4 129 112
is_linear=0
shrinkage=0.045


Tree=61
num_leaves=24
num_cat=3
split_feature=7 9 23 21 2 10 18 18 25 1 3 12 3 4 21 23 0 0 3 3 0 9 21
split_gain=0.663275 0.89883 0.776053 0.726321 0.754129 2.66851 1.27315 0.74501 0.703399 0.65209 0.730107 0.591697 0.473628 0.413654 0.407388 0.555 0.366646 0.365477 0.758149 0.365191 0.310892 0.295448 0.186215
threshold=0.039338139601804649 0.8616987032915 0.0018501931866774788 0 11.937404796835427 -0.0088325561151845738 26.500000000000004 22.500000000000004 0.0060214130086303054 9.9452081169542836 0.060973157818705978 0.1004 -0.27095147275260739 1.0000000180025095e-35 1 0.00081133352177585746 12.166660436599768 9.3378954725358039 -0.072743983638082543 0.31811795569158313 9.3378954725358039 0.55565028551018203 2
decision_type=8 8 2 1 8 8 2 2 2 10 8 2 8 10 1 2 10 10 10 8 8 10 1
left_child=2 14 11 19 6 -6 7 8 9 10 -5 12 -1 -3 -2 -16 -7 21 -19 -4 -14 -17 -22
right_child=1 13 3 4 5 16 -8 -9 -10 -11 -12 -13 20 -15 15 17 -18 18 -20 -21 22 -23 -24
leaf_value=-0.014080873775572383 0.0060982768584367797 -0.027037732216136933 0.0028144937466501314 -0.0016954703239609821 -0.026490636552442652 -0.032764777695781545 0.028683405097520386 -0.033948976683036231 -0.023186421379748755 0.010240776547277879 -0.022962557699415586 -0.015880366574803444 0.0038651787731389816 -0.040328092908058326 0.0072649928692909245 0.0040325338781016656 0.0034833887305174079 -0.014954949993501779 -0.0037856597039751813 -0.0028757735104268361 -0.00070134100854298909 -0.01560993028199463 0.0053555160840183134
leaf_weight=62 128 75 293 74 40 49 151 64 69 136 57 52 230 40 60 59 53 43 71 59 600 40 364
leaf_count=62 128 75 293 74 40 49 151 64 69 136 57 52 230 40 60 59 53 43 71 59 600 40 364
internal_value=-0.000901723 -0.00235838 -0.00057969 -0.00149213 -0.00231693 -0.00524483 -0.00157987 -0.00290323 -0.0020177 -0.000941667 -0.00317351 0.00015103 0.000350278 -0.00581568 -0.00133106 -0.00225787 -0.00124286 -0.00340625 -0.00511538 0.00019726 0.000552632 -0.00134559 0.00019545
internal_weight=2869 516 2353 1045 693 142 551 400 336 267 131 1308 1256 115 401 273 102 213 114 352 1194 99 964
internal_count=2869 516 2353 1045 693 142 551 400 336 267 131 1308 1256 115 401 273 102 213 114 352 1194 99 964
cat_boundaries=0 1 2 3
cat_threshold=208 97 132
is_linear=0
shrinkage=0.045


Tree=62
num_leaves=24
num_cat=0
split_feature=24 23 10 2 3 4 0 6 8 10 25 9 0 9 2 6 6 18 2 18 18 0 3
split_gain=0.785369 0.666529 0.976856 1.39529 0.763909 0.893729 0.651439 0.761022 0.62655 0.534237 0.581547 0.502581 0.767838 0.881942 0.897687 1.72257 0.682328 0.661712 0.362966 0.323315 0.489334 0.403077 0.492947
threshold=0.0003891254284895187 0.002245400294058775 -0.0088325561151845738 12.045284582608609 -0.27095147275260739 -0.074899861242344365 9.2394932638812328 0.16600857902747998 10.330539754489898 0.00077509855690831308 0.0039269889522461415 0.20838405046894518 10.011372306972495 0.27258760045072233 10.983189624940517 0.074975895624439251 0.085567903236654516 24.500000000000004 13.168084344008513 11.500000000000002 8.5000000000000018 10.416747459065169 0.080073973771529625
decision_type=2 2 8 8 8 10 8 10 10 10 2 8 8 8 8 10 8 2 8 2 2 10 10
left_child=1 4 3 8 5 -1 -6 11 -3 -4 -11 -8 -13 -14 15 17 -16 -15 -18 20 -9 22 -21
right_child=-2 2 9 -5 6 -7 7 19 -10 10 -12 12 13 14 16 -17 18 -19 -20 21 -22 -23 -24
leaf_value=-0.0061247246396327485 0.0039978793015058491 -0.0079149588318454603 0.0025856162580890668 -0.020839315375223065 0.0020777903125353426 -0.0098494913952140942 0.00038487936851502798 0.0063319161209192919 0.009582371172288353 -0.0031536836567604551 -0.025349884058531353 0.0091648950262646234 -0.010637844663019211 0.00071118441494290763 -0.021422565966918109 -0.02082253776245574 0.0091106351332649656 -0.019928324511012514 -0.013106254856528689 -0.015325100808554933 -0.019786698636777983 0.0077137211492545096 0.0073898153319646043
leaf_weight=51 675 60 174 40 236 46 177 145 45 73 83 104 45 89 45 53 129 45 43 80 47 287 56
leaf_count=51 675 60 174 40 236 46 177 145 45 73 83 104 45 89 45 53 129 45 43 80 47 287 56
internal_value=-0.000756623 -0.00117614 -0.00265952 -0.00570101 -0.000752231 -0.0045675 -0.000509943 -0.00089299 -0.0028125 -0.00128378 -0.00316981 -0.00187244 -0.00253732 -0.00334015 -0.00263145 -0.00489079 -0.000644318 -0.00206934 0.000668571 0.000273058 -0.00124615 0.000966549 -0.00103597
internal_weight=2828 2153 475 145 1678 97 1581 1345 105 330 156 730 553 449 404 187 217 134 172 615 192 423 136
internal_count=2828 2153 475 145 1678 97 1581 1345 105 330 156 730 553 449 404 187 217 134 172 615 192 423 136
is_linear=0
shrinkage=0.045


Tree=63
num_leaves=24
num_cat=2
split_feature=6 26 26 9 18 18 26 25 6 1 21 9 0 1 9 6 21 18 1 0 25 0 9
split_gain=0.650537 1.09424 1.19974 1.46373 0.449029 0.709148 3.28678 0.749609 1.03292 1.51005 0.680673 1.20688 0.587569 1.24846 0.460567 0.427274 0.375207 1.19114 0.316989 0.259015 0.258111 0.300382 0.250296
threshold=0.09321217078554371 41.000000000000007 33.500000000000007 0.42490934797894742 28.500000000000004 24.500000000000004 33.500000000000007 0.003854644828650645 0.25575785724300132 10.695886790591988 0 0.46073706994313118 10.480395062396768 9.2786357239746202 0.54770470946509253 0.14131722224929996 1 20.500000000000004 10.267443623409395 8.6893927762691821 0.0024255028269065094 12.293621396813521 0.56779891013967243
decision_type=8 2 2 8 2 2 2 2 8 8 1 10 10 10 10 8 1 2 8 10 2 8 8
left_child=1 2 3 -1 5 7 12 16 9 -9 11 15 13 -7 -10 -6 20 19 -3 -18 -2 -22 -21
right_child=4 18 -4 -5 10 6 -8 8 14 -11 -12 -13 -14 -15 -16 -17 17 -19 -20 22 21 -23 -24
leaf_value=-0.014410206559832769 0.0050382755895240737 0.0056346932812337963 -0.022231933553836666 0.018692133779979275 -0.0020439785191864561 0.014926088544043226 -0.021820663030052916 0.0009306295503193491 0.0020854841280076629 -0.023482081568000402 0.010002651190718536 -0.023878972059824838 0.0092438902995754055 -0.034689751140181253 -0.041336549848772497 0.0023088102938769515 -0.0085977350453474936 -0.016964666292297995 -0.0063486699545999359 0.0083363048756570999 0.0019356368894716189 -0.0046351724665106642 -0.00036100386796401
leaf_weight=77 284 86 56 83 43 48 41 69 253 74 399 41 84 46 74 164 52 65 63 115 385 60 182
leaf_count=77 284 86 56 83 43 48 41 69 253 74 399 41 84 46 74 164 52 65 63 115 385 60 182
internal_value=-0.000771338 -0.00253736 -0.00456164 -0.00248466 -0.000508562 -0.00086812 -0.00325338 -0.00053883 -0.00204545 -0.00519349 0.000508846 -0.00131034 -0.000522099 -0.00292268 -0.000634091 7.50001e-05 8.44241e-05 -0.000980094 0.000429276 5.75285e-05 0.000694407 2.51117e-05 0.0005775
internal_weight=2844 365 216 160 2479 1832 219 1613 470 143 647 248 178 94 327 207 1143 414 149 349 729 445 297
internal_count=2844 365 216 160 2479 1832 219 1613 470 143 647 248 178 94 327 207 1143 414 149 349 729 445 297
cat_boundaries=0 1 2
cat_threshold=5 165
is_linear=0
shrinkage=0.045


Tree=64
num_leaves=24
num_cat=0
split_feature=6 26 5 7 3 7 26 8 2 18 18 7 23 19 4 2 18 6 26 18 4 16 8
split_gain=0.479971 0.875609 1.02968 1.0049 0.405045 0.55829 0.496434 0.825404 0.504976 0.46327 0.511529 0.39689 0.376254 0.780094 0.421558 0.360668 0.371162 0.32899 0.444348 0.364266 0.293851 0.291288 0.281717
threshold=0.085567903236654516 41.000000000000007 0.50087181513825718 0.010526387596488261 0.2048877562016366 0.031317652612930812 20.500000000000004 10.278244967940596 11.019268263313213 20.500000000000004 12.500000000000002 0.03603172470973965 0.0018392506322843713 0.87860000000000016 -0.055358677934261503 10.899927549761609 28.500000000000004 0.21557721493184209 19.500000000000004 13.500000000000002 -0.06244830720735093 1.5000000000000002 10.055011089585273
decision_type=8 2 10 10 10 8 2 10 8 2 2 10 2 2 8 10 2 10 2 2 8 2 8
left_child=1 2 3 -1 5 12 22 8 9 10 -8 -11 -2 14 -14 16 17 18 -16 -19 -6 -17 -7
right_child=4 -3 -4 -5 20 6 7 -9 -10 11 -12 -13 13 -15 15 21 -18 19 -20 -21 -22 -23 -24
leaf_value=-0.0093300570548037042 0.0019492543832120865 0.00060511654079789686 -0.0049858024855062334 -0.013060993144926453 -0.0033952054770387623 -0.0074756193586481504 -0.031198139144626037 -0.020265746774729632 0.0038281844472833528 -0.02380485792762552 0.010723148521446299 -0.0044579634368171811 0.0044496094679614875 -0.021218638536420611 -0.012452755932572604 0.0061435654760327238 0.015134548535266069 0.0094288474700750871 -0.015911516802976974 -0.023923707784229024 0.0042562675860328379 -0.0097758358123017502 0.0029541029795488623
leaf_weight=46 695 143 75 70 73 65 55 42 58 49 48 40 198 43 65 122 64 79 40 72 450 44 217
leaf_count=46 695 143 75 70 73 65 55 42 58 49 48 40 198 43 65 122 64 79 40 72 450 44 217
internal_value=-0.000714548 -0.00231009 -0.00427964 -0.00688235 -0.000500496 -0.000792396 -0.00197314 -0.00326441 -0.00222332 -0.00332308 -0.00120991 -0.00564946 -0.000312632 -0.00102637 -0.000641921 -0.00135276 -0.0022291 -0.00298842 -0.00489583 -0.00159253 0.000611692 0.000346154 -0.000615789
internal_weight=2853 334 191 116 2519 1996 574 292 250 192 103 89 1422 727 684 486 320 256 105 151 523 166 282
internal_count=2853 334 191 116 2519 1996 574 292 250 192 103 89 1422 727 684 486 320 256 105 151 523 166 282
is_linear=0
shrinkage=0.045


Tree=65
num_leaves=24
num_cat=2
split_feature=4 21 5 1 6 1 16 9 9 2 16 19 2 6 7 23 9 9 9 5 19 21 10
split_gain=0.484584 0.557315 0.879977 1.98738 1.04222 1.25578 0.893303 1.87245 1.37783 0.568117 0.919505 0.557089 0.526416 0.454803 0.559198 0.525697 0.438471 0.406266 0.393159 0.702518 0.610131 0.647824 1.38708
threshold=-0.26886179783541225 0 0.64052993918732648 10.94640395619828 0.15508551807625762 10.338583095161644 1.0000000180025095e-35 0.18146403671996822 0.3652543963536154 9.0080214421549112 1.0000000180025095e-35 0.64960000000000007 12.088620081494241 0.065385955094215853 0.037099333762213783 0.0019324939683565262 0.87685035718828164 0.59077386278803135 0.62348332333254719 0.37142845059497515 0.69215000000000015 1 -0.027052270572306591
decision_type=8 1 10 8 8 10 2 10 10 8 2 2 8 10 10 2 8 10 10 10 2 1 10
left_child=-1 13 4 -4 5 11 7 -7 -9 10 -6 -3 -8 14 15 16 -2 -11 19 -15 -21 -22 -23
right_child=1 2 3 -5 9 6 12 8 -10 17 -12 -13 -14 18 -16 -17 -18 -19 -20 20 21 22 -24
leaf_value=-0.015627345175436493 -0.00087345599391559434 -0.0027718989118923794 0.0011843822660138861 -0.043973294601865776 -0.018520506144543793 0.0014527574333794188 0.011550630031912793 -0.015675482370832987 -0.013507867883291688 0.0019278719867434331 0.0027063271891224617 0.0031942949005644367 -0.018398938336126134 0.0087568838742821033 -0.012947556285676136 0.0053926027598286408 -0.031842439309012593 -0.015537787228055634 0.0067728198281239793 0.0066084915816030151 3.1474051943268084e-05 0.00085029306487854688 -0.017629165826363757
leaf_weight=56 90 56 52 40 57 52 55 46 43 785 51 163 40 293 40 100 40 43 318 154 148 64 75
leaf_count=56 90 56 52 40 57 52 55 46 43 785 51 163 40 293 40 100 40 43 318 154 148 64 75
internal_value=-0.000690555 -0.000604968 -0.0011987 -0.0054 -0.0009184 -0.0026774 -0.00493305 -0.00717187 -0.0110299 -5.75079e-05 -0.00308108 -0.000212838 -0.00149235 7.07866e-05 -0.00156593 -0.000675966 -0.00253759 0.00034657 0.000494787 -7.93758e-05 -0.00121115 -0.00242845 -0.00445559
internal_weight=2861 2805 1483 92 1391 455 236 141 89 936 108 219 95 1322 270 230 130 828 1052 734 441 287 139
internal_count=2861 2805 1483 92 1391 455 236 141 89 936 108 219 95 1322 270 230 130 828 1052 734 441 287 139
cat_boundaries=0 1 2
cat_threshold=240 80
is_linear=0
shrinkage=0.045


Tree=66
num_leaves=24
num_cat=1
split_feature=0 24 23 19 1 1 9 16 9 0 1 23 7 21 0 2 9 2 0 9 9 16 9
split_gain=0.733849 0.46238 0.624114 0.797442 0.449975 0.596547 0.403377 0.373144 0.56937 0.322056 0.325399 0.755967 0.532437 0.490742 0.981903 0.580568 0.574131 1.06696 1.07755 0.974261 0.56626 0.545914 0.422406
threshold=8.9650828450336792 0.0003891254284895187 0.0028657027247569341 0.68795000000000006 9.7357707136260547 9.2786357239746202 0.0368621249038339 -1.0000000180025095e-35 0.54028617372383636 13.592269994681343 10.243385342914243 0.001254040822795713 0.0099376115646273942 0 10.445609891301251 12.140193240681375 0.28502126808527134 10.843244375406806 10.548060342257729 0.20838405046894518 0.91215413122788569 1.0000000180025095e-35 0.38697487402532943
decision_type=8 2 2 2 8 10 8 2 10 10 8 2 8 1 8 8 8 8 8 10 8 2 8
left_child=-1 2 6 -4 5 -3 -2 8 -6 10 11 -8 -13 16 -15 20 19 18 -18 -12 -16 -22 -14
right_child=1 4 3 -5 7 -7 9 -9 -10 -11 13 12 22 14 15 -17 17 -19 -20 -21 21 -23 -24
leaf_value=0.0032396827105606457 0.0074744310815072022 0.0060085017182360491 0.00019860135711683851 -0.023463374385710431 0.0045585803927927718 -0.026690544763851871 0.0017837553709438428 0.0075717406148775842 -0.041994496344781806 0.0072944185147010027 -0.0084851862890914561 0.0081290012307550334 0.016296040465912303 -0.01815963829398683 0.0059550679136963578 -0.0059571439112777137 -0.0014221367980293662 0.0039156435869921475 -0.020497777976285873 -0.017518396462500932 0.0051839209498134422 -0.029704684329728104 -0.015062821472614807
leaf_weight=299 99 86 48 47 103 67 275 287 40 55 129 72 43 80 312 176 49 208 50 71 43 42 115
leaf_count=299 99 86 48 47 103 67 275 287 40 55 129 72 43 80 312 176 49 208 50 71 43 42 115
internal_value=-0.000614148 -0.0008667 -0.00120423 -0.00470663 0.000241894 -0.00183173 -0.00101386 0.000987298 -0.000878425 -0.00117528 -0.00128822 -0.000332185 -0.00222103 -0.00170249 -0.000834459 -0.000183594 -0.00273894 -0.00154597 -0.00531618 -0.00465517 0.000770625 -0.00242898 -0.00366149
internal_weight=2796 2497 1914 95 583 153 1819 430 143 1720 1665 505 230 1160 653 573 507 307 99 200 397 85 158
internal_count=2796 2497 1914 95 583 153 1819 430 143 1720 1665 505 230 1160 653 573 507 307 99 200 397 85 158
cat_boundaries=0 1
cat_threshold=12
is_linear=0
shrinkage=0.045


Tree=67
num_leaves=24
num_cat=2
split_feature=21 18 2 2 1 1 23 9 21 5 5 19 6 18 9 5 2 9 6 2 9 7 26
split_gain=0.573179 1.34212 0.655858 0.647432 0.831004 0.77335 1.13224 0.409292 0.332598 0.413954 0.472387 0.547575 0.772281 0.821647 0.661228 0.438903 0.41931 0.711344 0.882253 0.884824 0.581463 0.335336 0.309637
threshold=0 25.500000000000004 11.111322541872271 9.6716790636746079 8.983386327796131 10.188261899752685 0.002429158574609827 0.91215413122788569 1 0.72597996884305271 0.40977747494774813 0.68970000000000009 0.25182608848724369 24.500000000000004 0.54770470946509253 0.47229071138623485 10.752706513540142 0.28502126808527134 0.23278877197769982 11.704890581524365 0.42490934797894742 0.00080704240045568392 33.500000000000007
decision_type=1 2 10 8 10 8 2 10 1 10 10 2 10 2 10 10 8 8 8 8 10 10 2
left_child=1 2 3 4 -1 -5 -7 8 21 10 16 22 14 -14 15 -13 20 18 19 -18 -10 -2 -12
right_child=7 -3 -4 5 -6 6 -8 -9 9 -11 11 12 13 -15 -16 -17 17 -19 -20 -21 -22 -23 -24
leaf_value=-0.016156204297184625 -0.013720321188640108 0.015301225926703327 0.0007792898719510622 -0.018680162495694815 0.040346666410174467 -0.021561116826603711 0.0085197204749732931 -0.028660481210263856 0.0030581119417883128 0.0037849175099464458 0.008874658404656741 -0.0025347438404066747 -0.011975381723438651 -0.021813121221860091 0.0056619959574451678 -0.014817453617189228 -0.0072025387722786686 0.0013139195767483318 9.106522000751314e-05 -0.017194840814705174 -0.011584206215284665 0.0059237439107459261 -0.008531289078614418
leaf_weight=40 42 161 68 48 51 51 53 57 480 169 120 62 57 43 86 64 49 304 121 80 65 535 42
leaf_count=40 42 161 68 48 51 51 53 57 480 169 120 62 57 43 86 64 49 304 121 80 65 535 42
internal_value=-0.000482988 -0.00189278 -0.00364729 -0.00472866 -0.0016516 -0.00650323 -0.0041215 -0.000192131 -9.78682e-05 -0.000407692 -0.000638166 -0.00182075 -0.00291429 -0.0061165 -0.00133953 -0.00338372 -0.000124546 -0.000993716 -0.00275692 -0.00530114 0.00075958 0.000827542 0.0003
internal_weight=2848 472 311 243 91 152 104 2376 2319 1742 1573 474 312 100 212 126 1099 554 250 129 545 577 162
internal_count=2848 472 311 243 91 152 104 2376 2319 1742 1573 474 312 100 212 126 1099 554 250 129 545 577 162
cat_boundaries=0 1 2
cat_threshold=10 80
is_linear=0
shrinkage=0.045


Tree=68
num_leaves=24
num_cat=1
split_feature=0 5 25 10 2 10 7 6 7 6 5 5 2 19 21 7 2 25 6 5 5 5 0
split_gain=0.527264 0.477608 0.500653 0.911806 1.44945 0.824742 0.584004 0.567941 0.510874 0.504036 0.457796 0.671833 1.18245 0.85314 0.87264 0.780154 0.73326 0.412622 0.736765 0.37698 0.362876 0.343905 0.433022
threshold=8.9650828450336792 0.9140108091064485 0.0037874373035570283 -0.019825295974322695 11.614134417906021 0.018944376486428868 0.030685809170690772 0.39883668771345687 0.016067103199226326 0.24516442444250708 0.60331530637325004 0.39836832825739188 10.983189624940517 0.79195000000000015 0 0.001489287471177956 9.5231381366112657 0.0018242693283082544 0.15224150713395837 0.41596736918247312 0.1805983019152719 0.44754045782213142 12.008260273029538
decision_type=8 10 2 8 8 10 10 8 10 10 10 8 10 2 1 10 8 2 10 10 8 10 10
left_child=20 2 10 4 8 6 -5 -8 -4 -7 11 17 13 14 16 -16 -13 18 -2 -11 -1 -14 -23
right_child=1 -3 3 5 -6 9 7 -9 -10 19 -12 12 21 -15 15 -17 -18 -19 -20 -21 -22 22 -24
leaf_value=-0.0032984996120589563 -0.012390639014712299 -0.032010131088873434 0.0018440296998345571 0.003886176963246799 -0.022757537556423523 -0.017636758708180659 0.00087385479081641038 -0.023400807077157821 -0.023099223116789521 0.016333648546279698 0.002907603800088524 -0.0022969260721303428 0.0038601286783790005 -0.019456252521737678 -0.020654226129694274 0.001396482849812613 -0.013339706314106203 0.00088102100498409957 0.0027961296073331782 -0.023162043771992085 0.003894951607982514 0.0086333163571612453 -0.0026675423628469575
leaf_weight=43 50 44 48 333 42 75 45 42 46 48 360 45 167 40 62 215 69 603 92 46 263 47 42
leaf_count=43 50 44 48 333 42 75 45 42 46 48 360 45 167 40 62 215 69 603 92 46 263 47 42
internal_value=-0.000841202 -0.00105216 -0.000966964 -0.00196257 -0.0052446 -0.00118201 -0.000106383 -0.003325 -0.00199485 -0.00380669 -0.00056156 -0.000921951 -0.0019337 -0.00336463 -0.0026783 -0.00110948 -0.00577559 1.50402e-05 -0.00214138 -0.00153093 0.000917476 0.000486487 -0.00173641
internal_weight=2867 2561 2517 725 136 589 420 87 94 169 1792 1432 687 431 391 277 114 745 142 94 306 256 89
internal_count=2867 2561 2517 725 136 589 420 87 94 169 1792 1432 687 431 391 277 114 745 142 94 306 256 89
cat_boundaries=0 1
cat_threshold=130
is_linear=0
shrinkage=0.045


Tree=69
num_leaves=24
num_cat=1
split_feature=24 23 18 8 3 1 24 6 25 6 1 3 19 1 8 6 18 26 9 3 9 22 8
split_gain=0.417264 0.643505 0.522636 0.905295 0.608187 0.529792 0.485122 0.436439 0.443502 0.559513 0.468176 0.325859 0.364347 0.30025 0.622594 0.531281 0.374444 0.965741 0.277786 0.268872 0.528459 0.273209 0.541848
threshold=0.0003891254284895187 0.0022807596925031258 23.500000000000004 10.565970060424535 0.080073973771529625 12.118294476507399 7.6333331755188062e-05 0.14131722224929996 0.0018047164997766765 0.12410725796283091 12.229098034240023 -0.24674723287252534 0.88610000000000011 9.7357707136260547 8.8492908284319078 0.33744342511936171 7.5000000000000009 21.500000000000004 0.18146403671996822 0.3123140235601532 0.39547088950463882 0 9.9453048851874097
decision_type=2 2 2 8 10 8 2 10 2 10 8 8 2 8 8 8 2 2 8 8 10 1 8
left_child=1 7 3 4 6 -4 -3 8 10 19 -1 -9 -13 14 -2 -16 17 -15 -5 21 -21 -10 -23
right_child=13 2 5 18 -6 -7 -8 11 9 -11 -12 12 -14 16 15 -17 -18 -19 -20 20 -22 22 -24
leaf_value=-0.020466383817960569 0.010341076260826693 0.00085164933241171415 0.0043713832861011197 -0.021710434266586264 -0.014432692187403257 -0.017664141743587516 -0.016144605747776923 -0.0039495583076460724 0.0035817784684303113 -0.0083766486781782917 0.00033643259502982268 0.0019541031606099203 -0.0082017800336419058 0.0070138025919150851 -0.028679560279529687 0.0015411669195370436 0.012588997559313791 -0.036837545873328721 0.0025334174052877435 -3.4658485843048707e-05 -0.0098304039326931828 -0.025157796058665676 0.00080630809363874719
leaf_weight=70 81 42 101 42 50 40 50 75 158 64 42 817 49 85 51 71 312 50 114 153 60 41 220
leaf_count=70 81 42 101 42 50 40 50 75 158 64 42 817 49 85 51 71 312 50 114 153 60 41 220
internal_value=-0.000413411 -0.000710634 -0.00224491 -0.00330399 -0.00586552 1.56251e-05 -0.00350526 -0.000322346 -0.00108755 -0.000656652 -0.00367826 0.00033607 0.000585155 0.000585758 -0.000841019 -0.002844 0.001235 -0.000733696 -0.00090566 -0.000240945 -0.00153125 0.000421209 -0.000484489
internal_weight=2838 2188 439 298 142 141 92 1749 808 696 112 941 866 650 203 122 447 135 156 632 213 419 261
internal_count=2838 2188 439 298 142 141 92 1749 808 696 112 941 866 650 203 122 447 135 156 632 213 419 261
cat_boundaries=0 1
cat_threshold=4
is_linear=0
shrinkage=0.045


Tree=70
num_leaves=24
num_cat=1
split_feature=0 2 7 6 23 7 3 19 9 19 18 18 0 2 2 21 18 20 23 18 8 6 23
split_gain=0.45262 0.568363 0.603126 0.560756 0.865511 0.96791 0.552907 0.521496 0.370838 0.322788 0.296896 0.5565 1.53226 0.437029 0.442787 0.635862 1.14424 0.401493 0.355322 0.823413 0.312042 0.294377 0.569537
threshold=8.9650828450336792 9.2732079033821631 0.0099376115646273942 0.09321217078554371 0.0008178325168701966 0.026094678209777931 -0.18839891443350382 0.71665000000000012 0.48550075542692911 0.63495000000000013 28.500000000000004 24.500000000000004 10.416747459065169 10.592888691442974 11.181669004746743 0 12.500000000000002 2.5000000000000004 0.0026321984396647674 32.500000000000007 9.9943282194054568 0.31313170182939282 0.0023472691898978044
decision_type=8 10 10 8 2 10 10 2 10 2 2 2 10 10 10 1 2 2 2 2 8 8 2
left_child=-1 2 6 4 -3 7 -2 -6 9 -4 11 13 -13 17 15 20 -17 -5 -12 -20 -15 22 -16
right_child=1 3 8 10 5 -7 -8 -9 -10 -11 18 12 -14 14 21 16 -18 -19 19 -21 -22 -23 -24
leaf_value=0.0027518389628689265 -0.022211646554089158 0.0031475323193161982 -0.0032061272847352194 0.0060699610505703444 -0.01539511201663081 -0.021640934032395049 -0.010693073010793946 0.0013615795082271645 -0.011272081931123498 0.0024181944509112114 0.0048528505019591042 -0.017282534015147507 0.00034359364957255363 -0.023309746422678888 7.1727472922902526e-05 -0.020277612311020626 -0.0039474695689257168 -0.010147882135773681 0.029631011441118345 -0.019417408855416873 0.022173406677332429 0.0054417633173516741 -0.020884805637510447
leaf_weight=297 75 81 55 409 69 49 88 80 68 128 420 48 94 42 205 69 69 70 50 40 88 199 45
leaf_count=297 75 81 55 409 69 49 88 80 68 128 420 48 94 42 205 69 69 70 50 40 88 199 45
internal_value=-0.000476769 -0.000671285 -0.00219065 -0.000372887 -0.00224202 -0.00382836 -0.00429669 -0.00193914 -0.000788386 0.000278226 -8.75202e-05 -0.000439597 -0.00307241 -0.0001201 -0.000821875 -0.0022583 -0.00420199 0.000928942 0.000833333 -0.00169355 0.000157343 4.48009e-05 -0.000978261
internal_weight=2838 2541 414 2127 279 198 163 149 251 183 1848 1338 142 1196 717 268 138 479 510 90 130 449 250
internal_count=2838 2541 414 2127 279 198 163 149 251 183 1848 1338 142 1196 717 268 138 479 510 90 130 449 250
cat_boundaries=0 1
cat_threshold=226
is_linear=0
shrinkage=0.045


Tree=71
num_leaves=24
num_cat=0
split_feature=18 18 18 23 5 0 18 7 5 1 6 9 24 24 0 1 3 1 6 6 0 18 6
split_gain=0.358328 0.488445 0.758399 0.613489 1.15577 0.428344 0.657951 0.463954 0.413941 0.492092 0.681558 1.1092 0.386288 0.371016 0.33439 0.622604 0.433602 0.372582 0.335225 0.323048 0.497825 0.608892 0.289756
threshold=28.500000000000004 10.500000000000002 11.500000000000002 0.0028234586009764618 0.19949214338148633 12.052526620972101 32.500000000000007 0.018172373328449953 0.79588006283065649 9.7099200932123342 0.18193283788418121 0.74229626112328273 8.6585989255147998e-05 5.0810759895085891e-05 11.040508193315427 11.689754254851673 0.19240947393495164 11.460398958068881 0.13831321459443 0.25840455922847322 10.148745857855642 20.500000000000004 0.14976437412073226
decision_type=2 2 2 2 10 8 2 8 8 10 10 8 2 2 8 10 8 8 8 8 10 2 10
left_child=1 14 -3 8 -5 -2 -7 -8 13 -10 11 12 -11 22 18 16 -16 -18 -1 -15 21 -21 -4
right_child=5 2 3 4 -6 6 7 -9 9 10 -12 -13 -14 19 15 -17 17 -19 -20 20 -22 -23 -24
leaf_value=-0.0029292368749696714 0.0037920372985409084 -0.015566583127145407 -0.01147577484702187 -0.022951805835883517 -0.00057930467420942028 0.0053949412930432211 -3.2223005922831818e-05 -0.016353931276882266 0.0023197582182651879 -0.012822215417518344 0.0080055355096880255 -0.024262243242607891 0.0047857590021226732 0.0025049166578079013 -0.023303977434839876 0.0029111522027505023 0.0034075087129337234 -0.019509392310162361 0.0088489307568630701 0.0012153297801729688 0.0071453774477241013 -0.027359906687817681 0.00028917437514653851
leaf_weight=84 567 74 40 64 104 71 56 66 107 43 48 43 43 418 60 185 58 41 384 44 151 40 41
leaf_count=84 567 74 40 64 104 71 56 66 107 43 48 43 43 418 60 185 58 41 384 44 151 40 41
internal_value=-0.000244444 -0.000550843 -0.00110451 -0.000821278 -0.00331579 0.000589777 -0.00122832 -0.003204 -0.000401077 -0.00185017 -0.0032875 -0.00496023 -0.00187079 0.000164858 0.000309203 -0.000752161 -0.00279167 -0.000904412 0.00108917 0.000524771 -0.000803571 -0.00351724 -0.00265179
internal_weight=2832 2072 1260 1186 168 760 193 122 1018 284 177 129 86 734 812 344 159 99 468 653 235 84 81
internal_count=2832 2072 1260 1186 168 760 193 122 1018 284 177 129 86 734 812 344 159 99 468 653 235 84 81
is_linear=0
shrinkage=0.045


Tree=72
num_leaves=24
num_cat=1
split_feature=4 21 9 8 6 3 6 1 8 18 26 1 7 6 7 4 26 9 8 18 18 23 1
split_gain=0.462576 0.525677 0.873702 1.39663 0.740522 0.446243 0.430715 0.396992 0.613798 0.379554 0.723575 0.947066 0.352424 0.318203 0.30404 0.264571 0.246492 0.354551 0.486764 0.549582 0.84648 0.377219 0.251926
threshold=-0.29637193950616147 0 0.54770470946509253 10.167367617025864 0.17958347253822848 0.054997689378550506 0.28581227357335465 10.057598073874768 9.684756398349279 14.500000000000002 18.500000000000004 10.019448291318458 0.05525161745612394 0.38774689525175215 0.003003032212346685 -0.06244830720735093 17.500000000000004 0.91215413122788569 9.0154287364152932 25.500000000000004 31.500000000000004 0.0011951046165426904 12.984718960989353
decision_type=8 1 10 10 8 8 10 10 10 2 2 10 10 8 10 8 2 8 10 2 2 2 10
left_child=-1 2 4 -4 -2 12 9 8 13 10 11 -7 -3 -6 -12 -8 22 18 -18 -20 -21 -19 -11
right_child=1 5 3 -5 7 6 15 -9 -10 16 14 -13 -14 -15 -16 -17 17 21 19 20 -22 -23 -24
leaf_value=-0.011452378333178989 -0.017970941857452637 0.0018644003645713482 0.002262432915654707 -0.034761434691959227 0.020472977283730921 -0.018756989635112766 -0.00037447843433912573 0.0064002419196686911 -0.022990749481487403 0.0077503535658804837 -0.016679692131675378 -0.00036794137576072206 -0.0052908752907457456 -0.014215834089288917 -4.1058132693194823e-05 0.0071045167392195718 0.0028283203340781302 5.7665721252080322e-05 0.0049952610142410779 -0.017628334438616475 -0.00032757847628863855 -0.021246687750481101 -0.0073991718617723917
leaf_weight=42 48 950 50 40 64 52 42 217 48 125 50 64 66 44 218 180 186 65 65 45 68 56 45
leaf_count=42 48 950 50 40 64 52 42 217 48 125 50 64 66 44 218 180 186 65 65 45 68 56 45
internal_value=-0.000373279 -0.000299892 -0.00158445 -0.00556452 -0.000737618 -2.94754e-06 -0.00056784 -4.18882e-05 -0.00175472 -0.000952255 -0.00206977 -0.0049916 0.000697743 0.000162162 -0.000763838 0.00122 -0.000290653 -0.000806865 -9.80926e-05 -0.00176519 -0.00362716 -0.00288508 0.00117052
internal_weight=2830 2788 511 90 421 2277 1261 373 156 1039 384 116 1016 108 268 222 655 485 364 178 113 121 170
internal_count=2830 2788 511 90 421 2277 1261 373 156 1039 384 116 1016 108 268 222 655 485 364 178 113 121 170
cat_boundaries=0 1
cat_threshold=9
is_linear=0
shrinkage=0.045


Tree=73
num_leaves=24
num_cat=2
split_feature=0 16 9 21 18 1 19 18 1 2 21 18 18 1 6 4 0 0 2 9 26 9 9
split_gain=0.322586 0.68471 1.69687 0.536983 0.696936 1.13803 0.617019 0.499176 0.498282 0.811178 0.301663 0.637538 1.16886 0.895436 0.316454 0.30139 0.300041 0.296218 0.256042 0.553845 0.191899 0.28153 0.279532
threshold=10.865024503155011 2.5000000000000004 0.67033974573282185 0 16.500000000000004 11.689754254851673 0.79630000000000012 29.500000000000004 12.66163107485292 13.287088917436646 1 26.500000000000004 22.500000000000004 9.1106395265034195 0.085567903236654516 0.011055730373348187 9.8197696589583909 9.0025456459321465 9.2732079033821631 0.50930833046912605 29.500000000000004 0.24218931844557684 0.29467036612957997
decision_type=10 2 8 1 2 8 2 2 8 8 1 2 2 8 10 10 10 8 8 8 2 8 8
left_child=10 3 7 4 5 -2 -6 -3 -5 -10 11 12 13 -1 16 -7 -15 -12 19 -19 21 -20 -22
right_child=1 2 -4 8 6 15 -8 -9 9 -11 17 -13 -14 14 -16 -17 -18 18 20 -21 22 -23 -24
leaf_value=-0.0072846073558660122 -0.023014175863174845 0.0055139200780612704 -0.034073145317062646 0.0056658874226537658 0.0028175962858477282 -0.014356079542234576 -0.0027411955701324201 -0.014338990834513366 -0.0090796151889342806 0.0045152318312390834 0.0064862235681810857 0.025120521458377926 -0.021349561786762828 0.0091899117978296602 0.0097625419463381064 0.0065369195195938085 -0.015060910120745742 0.0016079151324498227 -0.019020028747055912 -0.01284436698736912 0.0031856022808970054 0.0049372480696731839 -0.0034115936245643803
leaf_weight=64 66 89 66 392 157 40 45 40 73 95 216 104 51 42 147 43 40 81 60 75 171 282 358
leaf_count=64 66 89 66 392 157 40 45 40 73 95 216 104 51 42 147 43 40 81 60 75 171 282 358
internal_value=-0.000243482 -0.000839946 -0.00323864 -0.00031756 -0.00166277 -0.00401151 2.19513e-05 -0.0001875 0.000549738 -0.00147368 0.000147432 -0.000839479 -0.00178963 -0.000661318 0.000669181 -0.000444767 -0.00153529 0.000506967 0.000190049 -0.0014717 0.000491705 0.00131739 -4.65225e-05
internal_weight=2797 1106 195 911 351 149 202 129 560 168 1691 448 344 293 229 83 82 1243 1027 156 871 342 529
internal_count=2797 1106 195 911 351 149 202 129 560 168 1691 448 344 293 229 83 82 1243 1027 156 871 342 529
cat_boundaries=0 1 2
cat_threshold=5 42
is_linear=0
shrinkage=0.045


Tree=74
num_leaves=24
num_cat=0
split_feature=9 3 25 24 23 19 1 1 6 18 1 8 6 1 9 9 8 18 9 7 9 24 0
split_gain=0.533815 0.416713 0.399229 0.410736 0.714703 1.24637 0.575276 0.876617 0.67687 0.566838 0.964195 1.02979 0.775624 0.525047 0.455666 0.364003 0.346309 0.326287 0.452426 0.312127 0.390212 0.290397 0.256067
threshold=0.91215413122788569 -0.32974407917865955 0.0024004324208122558 0.00032132197234798805 0.0026547129663614388 0.70935000000000015 9.7357707136260547 9.2550032856809832 0.33744342511936171 21.500000000000004 10.291834645218939 10.565970060424535 0.13409407546628496 9.0359527604054453 0.51740876989976925 0.44615400417707712 8.9810086862266179 10.500000000000002 0.27837696091346381 0.029158035892068317 0.24218931844557684 4.6004832697039382e-05 10.08331850292342
decision_type=10 8 2 2 2 2 10 8 8 2 8 8 10 10 8 8 10 2 10 8 10 2 8
left_child=1 -1 22 4 9 16 7 -5 -9 10 13 12 -12 14 -4 -7 -6 -13 -19 21 -21 -11 -3
right_child=-2 2 3 6 5 15 -8 8 -10 19 11 17 -14 -15 -16 -17 -18 18 -20 20 -22 -23 -24
leaf_value=-0.025856159272811291 -0.024395843296473669 0.0044412267790366966 -0.0046154944214401748 0.0091838851828594369 -0.01503253496132048 -0.013674757617630534 0.0052357321481539222 -0.022256299098569528 -0.0015876192434970114 -0.0014285850745513376 -0.016526076510478219 0.0014971776136705306 -0.024922866915778968 0.0055890889843470204 0.0021638021415501998 -0.016606915600791854 0.028325324705880509 -0.0045268344999666024 -0.013317739075574845 0.0037957151105601117 -0.0069616146468240393 0.0059412397262365736 0.00032099008902491841
leaf_weight=45 48 265 45 84 51 41 463 50 56 40 40 89 62 193 40 44 55 90 53 59 69 274 638
leaf_count=45 48 265 45 84 51 41 463 50 56 40 40 89 62 193 40 44 55 90 53 59 69 274 638
internal_value=-0.000377459 -0.000295367 -0.000223877 -0.000594161 -0.00107272 -0.00358376 0.000318979 -0.0017487 -0.00441743 -0.000608798 -0.00149268 -0.00311128 -0.00681429 0.000464413 -0.00242898 -0.00754261 -0.000288991 -0.00141702 -0.00272774 0.000616854 -0.00123664 0.00137697 0.000553808
internal_weight=2894 2846 2801 1898 1245 191 653 190 106 1054 612 334 102 278 85 85 106 232 143 442 128 314 903
internal_count=2894 2846 2801 1898 1245 191 653 190 106 1054 612 334 102 278 85 85 106 232 143 442 128 314 903
is_linear=0
shrinkage=0.045


Tree=75
num_leaves=24
num_cat=0
split_feature=0 8 23 10 26 7 24 16 12 24 10 19 4 3 1 16 1 0 18 18 4 7 19
split_gain=0.402902 0.312553 0.353308 0.519984 0.796023 0.518604 0.478993 0.474683 0.381244 0.418118 0.44279 0.427733 0.61283 0.357716 0.280992 0.235584 0.229035 0.335491 0.22839 0.316576 0.222872 0.212528 0.322957
threshold=8.9650828450336792 7.8951546142089546 0.0022807596925031258 -0.01265124291142251 13.500000000000002 0.029158035892068317 0.0003542592905969502 1.0000000180025095e-35 0.21545000000000003 5.1346701359879773e-05 -0.00079628312931043211 0.51660000000000006 0.17613837672007546 0.10871676335244244 9.3161691214325675 -1.0000000180025095e-35 13.101211283789675 12.780369258043427 29.500000000000004 10.500000000000002 -0.043314436556788634 0.014618372838895334 0.62265000000000015
decision_type=8 8 2 8 2 10 2 2 2 2 10 2 8 10 10 2 8 10 2 2 10 8 2
left_child=-1 -2 8 4 -4 14 -7 -6 9 10 18 12 20 -12 15 -5 17 -13 19 -3 -11 22 -16
right_child=1 2 3 5 7 6 -8 -9 -10 11 13 16 -14 -15 21 -17 -18 -19 -20 -21 -22 -23 -24
leaf_value=0.0022078327391710736 -0.014580357484103239 0.0062386409773053696 -0.017104937716994065 0.0088048154524356294 -0.011488069499695327 -0.014839421930118694 -0.00012565440368352901 0.0093021447242735873 -0.01239962335240017 -0.0020171635531795675 -0.0029354358748035548 0.0010180478304238863 -0.025367954226449461 -0.0092940180357698882 -0.010722965305238585 -0.015188883421900052 0.008177150974438557 -0.0014762435054898786 0.0074632937849051836 -0.0098887712760571851 0.0031287836757776188 0.0051821761276162727 0.011188560433967546
leaf_weight=293 60 54 58 49 79 43 73 51 40 40 50 1005 57 42 48 49 173 49 56 74 58 139 144
leaf_count=293 60 54 58 49 79 43 73 51 40 40 50 1005 57 42 48 49 173 49 56 74 58 139 144
internal_value=-0.000255113 -0.000441159 -0.000359593 -0.00118308 -0.00320419 -0.000472171 -0.00310084 -0.00118421 -2.64544e-06 0.000105659 -0.00148387 0.000425632 -0.00178006 -0.00397895 0.000255208 -0.00182673 0.000707927 0.000455535 -0.000192513 -0.00123664 0.00040099 0.000882485 -9.23076e-05
internal_weight=2784 2491 2431 733 188 545 116 130 1698 1658 276 1382 155 92 429 98 1227 1054 184 128 98 331 192
internal_count=2784 2491 2431 733 188 545 116 130 1698 1658 276 1382 155 92 429 98 1227 1054 184 128 98 331 192
is_linear=0
shrinkage=0.045


Tree=76
num_leaves=24
num_cat=0
split_feature=4 0 23 24 23 0 24 10 2 9 8 4 25 4 8 9 4 24 10 4 0 8 10
split_gain=0.696639 0.429514 0.437808 0.419025 0.464839 0.410355 0.405362 0.375543 0.313191 0.28482 0.317191 0.521332 0.27715 0.330818 0.278167 0.324274 0.431527 0.267738 0.294243 0.401914 0.2384 0.23444 0.194709
threshold=-0.29637193950616147 10.696758096162254 0.0022992431255304934 0.00063678712724759092 0.0033623176309363883 9.8617549626122045 4.7575035971274879e-05 0.032635866075841215 9.417340311200979 0.48550075542692911 9.5721295584210058 -0.023470898600492226 0.0049197260019682122 0.06343880491032465 12.663124006677901 0.87685035718828164 0.013648335611560402 0.00028336419624824967 1.0000000180025095e-35 -0.082374288239055821 11.658620594715922 8.7784843525504304 -0.036538387767641588
decision_type=8 8 2 2 2 10 2 10 8 10 10 8 2 10 10 8 8 2 10 10 10 8 10
left_child=-1 2 21 4 6 7 -3 9 -8 10 11 -4 13 14 15 17 -17 18 -10 -20 -14 -2 -7
right_child=1 3 5 -5 -6 22 8 -9 12 -11 -12 -13 20 -15 -16 16 -18 -19 19 -21 -22 -23 -24
leaf_value=-0.011676729527913224 0.0064392102755497565 -0.010818147095109523 -0.0062773443203982069 0.0088606752072159095 -0.02373647688422913 -0.0037307911462327583 -0.015565207851884727 0.0038137260735585927 0.001873025058413298 -0.012352577366041036 -0.016149474259776496 0.0044848620357942695 -0.0072489398249751943 0.0030343645083342561 -0.0074718564983970006 0.00049887049069665811 -0.026738895994732833 0.014079050749901977 0.0073954095581483803 -0.011165704848734291 -0.014221108037033234 0.00093050926620624774 0.015577590924090881
leaf_weight=44 309 72 57 126 65 54 40 45 180 53 43 106 75 372 61 63 51 105 46 77 42 647 115
leaf_count=44 309 72 57 126 65 54 40 45 180 53 43 106 75 372 61 63 51 105 46 77 42 647 115
internal_value=-0.000119958 -2.88564e-05 0.000516934 -0.000595972 -0.000846446 -0.000600315 -0.0006369 -0.00158306 -0.000419731 -0.00224141 -0.00144258 -0.000501506 -0.000267907 -1.17432e-05 -0.000679607 -0.000334286 -0.00242308 0.000262774 -0.000419118 -0.00208929 -0.00230625 0.00106986 0.00116424
internal_weight=2848 2804 1429 1375 1249 473 1184 304 1112 259 206 163 1072 955 583 522 114 408 303 123 117 956 169
internal_count=2848 2804 1429 1375 1249 473 1184 304 1112 259 206 163 1072 955 583 522 114 408 303 123 117 956 169
is_linear=0
shrinkage=0.045


Tree=77
num_leaves=24
num_cat=1
split_feature=5 4 21 9 8 1 18 8 5 24 23 0 3 5 5 3 1 4 10 4 5 5 9
split_gain=0.34239 0.357702 0.42869 0.50275 0.732251 0.530121 0.731094 0.40935 0.336541 0.380545 0.452867 0.544231 0.377038 0.321537 0.315429 0.412259 0.774258 0.348768 0.316079 0.611027 0.303284 0.218528 0.241679
threshold=0.9140108091064485 -0.29637193950616147 0 0.46709759621635449 9.5721295584210058 12.229098034240023 13.500000000000002 10.984642043621445 0.57869878619226711 0.00012968754612905983 0.0011748197341993401 11.040508193315427 0.080073973771529625 0.53034597606987177 0.32426228444652122 0.23015218603283924 10.764490378527531 0.067536172092117167 0.0060060745615306841 -0.01669265143713718 0.39336051159265173 0.51033630373862338 0.91215413122788569
decision_type=10 8 1 10 8 10 2 8 10 2 2 10 10 10 8 10 10 10 10 8 10 10 8
left_child=1 -1 8 13 -5 6 -6 -8 9 10 -3 12 20 14 15 18 17 -17 -4 -20 -12 22 -11
right_child=-2 2 3 4 5 -7 7 -9 -10 21 11 -13 -14 -15 -16 16 -18 -19 19 -21 -22 -23 -24
leaf_value=-0.010428588019442601 -0.024340588417626721 0.0033057680960336656 0.00053854627116653691 0.0025199883832596869 -0.023676582528443412 0.0024508637234851283 0.0022465712918248895 -0.017642214106009 0.0066649020169272108 0.0067578589534568016 0.0051565560855610657 -0.010839428336370902 -0.0063628752402036604 -0.015097887814706251 0.0027077606571499387 0.0053007800734351657 -0.013240381891052136 -0.0040804498909916467 -0.009900272363747728 0.0027069789743424917 -0.011857784190344238 -0.0016743596708088729 -0.0081424774757286877
leaf_weight=41 52 105 354 99 41 45 44 42 419 365 89 44 45 43 485 59 60 52 70 96 43 56 85
leaf_count=41 52 105 354 99 41 45 44 42 419 365 89 44 45 43 485 59 60 52 70 96 43 56 85
internal_value=-8.40676e-05 -1.45421e-05 5.00183e-05 -0.000464072 -0.00220894 -0.00396 -0.00541731 -0.00288202 0.000660404 0.00014012 -0.00105319 -0.00219978 -0.0010375 -7.54909e-05 6.87023e-05 -0.000547911 -0.00244397 -0.000177632 8.60421e-05 -0.00151775 0.0002 0.000910609 0.00124172
internal_weight=2834 2782 2741 1490 271 172 127 86 1251 832 326 221 177 1219 1176 691 171 111 520 166 132 506 450
internal_count=2834 2782 2741 1490 271 172 127 86 1251 832 326 221 177 1219 1176 691 171 111 520 166 132 506 450
cat_boundaries=0 1
cat_threshold=240
is_linear=0
shrinkage=0.045


Tree=78
num_leaves=24
num_cat=1
split_feature=4 18 18 25 5 23 24 18 24 19 18 22 8 2 1 3 10 2 10 18 10 7 1
split_gain=0.418207 0.34701 0.34939 0.691929 0.684183 0.513666 0.679338 0.661285 0.638365 0.59045 0.558775 1.00061 1.36289 0.370365 0.326453 0.631514 0.324751 0.444207 0.322983 0.27943 0.337852 0.247617 0.221647
threshold=-0.26886179783541225 28.500000000000004 10.500000000000002 0.0054173700602840472 0.49346678636932706 0.0028234586009764618 0.00032132197234798805 11.500000000000002 4.2905339005095266e-05 0.68970000000000009 24.500000000000004 0 9.8245008900169815 11.795359501732454 11.907808279968711 0.11459479359570444 0.036220282240309827 8.8391534860352561 0.061065736686718018 7.5000000000000009 0.02736824054254099 0.076993820124386519 10.449126422319649
decision_type=8 2 2 2 8 2 2 2 2 2 2 1 10 8 10 10 8 8 8 2 8 8 8
left_child=-1 2 3 13 -5 7 -7 -4 -9 -8 16 -12 -13 -2 21 -16 17 -10 -18 20 -15 -3 -20
right_child=1 14 5 4 -6 6 9 8 10 -11 11 12 -14 19 15 -17 18 -19 22 -21 -22 -23 -24
leaf_value=-0.01017185722024889 0.0044497206431224189 0.0042746372518951241 -0.014193862093460713 0.00033295629830507934 -0.030966670101772932 -0.015078185790544985 -0.018304989879680367 -0.011628069497617143 -0.0022375030449010413 0.016929171802847844 0.0016174926703014997 -0.023623813531214292 0.00053451954534251259 -0.0039326170598342047 0.00057890965042406808 -0.0093891580198385803 -0.012969890400322056 0.0048676489123799394 -0.00431384353932636 0.0086547616472700383 0.0038571706949372168 -0.013415678527745185 0.0054347276578643666
leaf_weight=56 463 527 51 64 47 70 54 55 44 60 107 52 65 72 107 55 64 361 116 51 90 40 156
leaf_count=56 463 527 51 64 47 70 54 55 44 60 107 52 65 72 107 55 64 361 116 51 90 40 156
internal_value=-0.000217049 -0.000137076 -0.000437897 0.000304747 -0.00294079 -0.000903219 -0.00308021 -0.000521648 -0.00026393 -0.000884615 1.1622e-05 -0.00194273 -0.00455192 0.000848306 0.000703893 -0.00106364 0.000607863 0.0014614 -0.000424779 -0.000697917 -0.00160909 0.00121184 0.000261818
internal_weight=2827 2771 2042 787 111 1255 184 1071 1020 114 965 224 117 676 729 162 741 405 336 213 162 567 272
internal_count=2827 2771 2042 787 111 1255 184 1071 1020 114 965 224 117 676 729 162 741 405 336 213 162 567 272
cat_boundaries=0 1
cat_threshold=5
is_linear=0
shrinkage=0.045


Tree=79
num_leaves=24
num_cat=2
split_feature=21 9 6 10 5 4 9 23 9 19 9 19 1 21 5 5 8 2 0 2 0 9 9
split_gain=0.345044 0.681466 0.388319 0.848178 0.951124 0.671322 0.480036 0.372344 0.362484 0.309059 0.501785 0.257055 0.340239 0.60952 1.12417 0.412429 0.314915 0.255458 0.244358 0.427622 0.203862 0.247143 0.465452
threshold=0 0.67854068016150604 0.17116982508518921 0.0020783793505171123 0.33206659613335526 -0.01669265143713718 0.50930833046912605 0.0022906320824811056 0.91215413122788569 0.66380000000000006 0.59941108748878136 0.67735000000000012 10.117200918058179 1 0.60331530637325004 0.43070114880364735 9.0154287364152932 10.53075494805986 12.908524775414994 13.38754933795979 9.8197696589583909 0.21965293064185346 0.3652543963536154
decision_type=1 10 10 10 10 8 10 2 10 2 8 2 8 1 10 10 8 10 10 8 8 8 8
left_child=8 2 3 6 5 -5 20 -4 11 -9 -11 -1 13 -13 15 -15 -14 -6 -18 -20 -2 -22 -23
right_child=1 -3 7 4 17 -7 -8 9 -10 10 -12 12 16 14 -16 -17 18 -19 19 -21 21 22 -24
leaf_value=0.0039431660706780915 0.0078584072608171331 -0.009953034650169907 0.0021522141597352016 -0.012619176692012896 0.0093983421965521466 -0.0071787846192141076 -0.012734249995093067 -0.0068203827398249607 -0.019771215251406585 0.0059813755848863465 -0.012456206963980173 0.0072401044587603637 -0.015617835646846011 -0.0017675372829192885 0.0062545948171906594 -0.014486882007500939 0.0042582643002999692 -0.0088094663341469742 -0.008613844493249135 0.0071129965690854106 0.0016115956622093893 -0.0091471372563675206 0.0015527595228914596
leaf_weight=521 139 69 346 50 52 69 47 63 48 167 53 110 59 43 49 45 393 48 40 42 148 70 163
leaf_count=521 139 69 346 50 52 69 47 63 48 167 53 110 59 43 49 45 393 48 40 42 148 70 163
internal_value=2.69652e-05 -0.00044489 -0.000230078 -0.000895437 -0.00325338 -0.00592008 2.76316e-05 0.000601661 0.000544754 -0.000605769 0.000201794 0.000693103 0.000175064 -0.001197 -0.003045 -0.00623077 0.000812849 5.69644e-11 0.00120031 -0.00100588 0.00043021 -0.000111328 -0.00102013
internal_weight=2834 1484 1415 786 219 119 567 629 1350 283 220 1302 781 247 137 88 534 100 475 82 520 381 233
internal_count=2834 1484 1415 786 219 119 567 629 1350 283 220 1302 781 247 137 88 534 100 475 82 520 381 233
cat_boundaries=0 1 2
cat_threshold=240 80
is_linear=0
shrinkage=0.045


Tree=80
num_leaves=24
num_cat=0
split_feature=0 6 10 1 6 9 16 5 25 19 24 2 2 23 2 2 10 1 2 7 16 3 1
split_gain=0.537708 0.427091 0.526602 0.522148 0.578948 0.485879 0.648453 0.33398 0.417988 0.610094 0.458959 0.486856 0.511969 0.681163 0.424941 0.404982 0.247162 0.242088 0.545745 0.219137 0.322202 0.193327 0.178076
threshold=8.9650828450336792 0.09321217078554371 0.018944376486428868 9.0359527604054453 0.078395045809638644 0.56779891013967243 2.5000000000000004 0.084613420672163986 0.0024004324208122558 0.88610000000000011 0.00032132197234798805 10.53075494805986 10.843244375406806 0.0023472691898978044 9.2457212713673158 9.4472250242364826 -0.017962985090924085 10.084718907716473 10.334284244639013 0.026465241236310652 -1.0000000180025095e-35 0.0058768496335920919 11.076024865401816
decision_type=8 10 10 8 10 8 2 10 2 2 2 10 10 2 8 8 8 8 10 10 2 10 10
left_child=-1 2 3 -2 5 -5 17 -3 19 10 11 14 -13 16 -10 -12 -14 -7 -19 -9 -21 -20 -17
right_child=1 7 -4 4 -6 6 -8 8 9 -11 15 12 13 -15 -16 22 -18 18 21 20 -22 -23 -24
leaf_value=0.0022848097881485474 -0.01432710918544765 0.0038053303988349915 -0.0090777643649721917 0.001258060702816251 -0.011457721751004334 0.008045865372267624 -0.013057134824488415 0.005469162473178758 -0.0094323534114851854 -0.010009647764777748 -0.020109387241058915 -0.01315042424043174 -0.00055038619460606416 -0.015711804225736876 0.0020712391492740266 0.0076644245406915102 0.0034908155193014824 -0.022070592921330626 0.0076250563864904706 -0.0025743840369142896 0.0032354086859861884 -0.0011753335916457922 -0.00039964956171995334
leaf_weight=299 45 163 75 349 46 50 45 380 42 60 50 63 41 54 231 256 132 54 80 43 95 40 105
leaf_count=299 45 163 75 349 46 50 45 380 42 60 50 63 41 54 231 256 132 54 80 43 95 40 105
internal_value=-0.000162263 -0.000378597 -0.00124651 -0.00085639 -0.000526237 -0.000152174 -0.00157996 1.9645e-05 -0.000185209 -0.000707329 -0.000428352 -0.00126016 -0.00253413 -0.00149674 0.000105978 0.000711957 -8.94886e-05 -0.000555066 -0.00134746 0.000855086 -0.000670213 0.000365854 0.00124245
internal_weight=2798 2499 784 709 664 618 269 1715 1552 1034 974 563 290 227 273 411 173 224 174 518 138 120 361
internal_count=2798 2499 784 709 664 618 269 1715 1552 1034 974 563 290 227 273 411 173 224 174 518 138 120 361
is_linear=0
shrinkage=0.045


Tree=81
num_leaves=24
num_cat=0
split_feature=4 23 2 4 5 18 23 5 1 1 7 2 18 8 3 6 23 25 25 4 5 4 26
split_gain=0.530458 0.420113 0.554074 0.695414 0.52756 0.506742 0.371301 0.320827 0.628271 0.565582 0.279228 0.451383 0.291989 0.270104 0.265863 0.280938 0.304427 0.301808 0.271847 0.244393 0.231453 0.225464 0.174458
threshold=-0.29637193950616147 0.0022807596925031258 11.937404796835427 0.093915859811925281 0.9140108091064485 26.500000000000004 0.0024193211451697901 0.64052993918732648 10.165038569209008 9.5504440001426598 0.00080704240045568392 9.3450827411823933 31.500000000000004 10.565970060424535 0.054997689378550506 0.14131722224929996 0.0010247654435978503 0.0028237976333829193 0.0031610829274455626 0.018573532335914748 0.44754045782213142 -0.047504726142666258 32.500000000000007
decision_type=8 2 10 8 10 2 2 10 8 10 10 10 2 8 10 8 2 2 2 8 8 8 2
left_child=-1 4 5 -4 10 6 13 8 9 19 11 -2 14 -3 -12 16 17 -16 21 -8 -20 -17 -13
right_child=1 2 3 -5 -6 -7 7 -9 -10 -11 12 22 -14 -15 15 18 -18 -19 20 -21 -22 -23 -24
leaf_value=-0.010746304066399986 -0.014149425769605067 -0.021552561442532158 -0.011876094118849705 0.01069250700581908 -0.022034651730524785 0.0033827003842976972 -0.004643148155872961 -0.011461085483368128 0.017502008364196065 -0.015792020985546069 0.0017777595409996358 0.0036949445204319462 0.0041198906611058916 -0.011230959461779686 0.0030667670779214447 -0.00088135709874847536 -0.0068505131248497589 -0.0053758264872605793 0.0043330940984305276 0.0069944762614169596 -0.0085712111955222915 0.0034726542336534173 -0.01121691218504889
leaf_weight=42 40 40 79 53 47 180 61 40 169 75 739 71 342 40 71 74 70 51 50 80 50 314 55
leaf_count=42 40 40 79 53 47 180 61 40 169 75 739 71 342 40 71 74 70 51 50 80 50 314 55
internal_value=-5.31558e-05 2.49643e-05 -0.000831402 -0.00346667 0.000380121 -0.000310683 -0.00104085 -0.000499416 -8.69845e-05 -0.00168493 0.000497798 -0.00125148 0.000664541 -0.00379518 0.000378165 -0.000263543 -0.00170769 -0.000324 0.000311609 1.56251e-05 -0.00174757 0.000851662 0.000104651
internal_weight=2833 2791 817 132 1974 685 505 425 385 216 1927 166 1761 80 1419 680 192 122 488 141 100 388 126
internal_count=2833 2791 817 132 1974 685 505 425 385 216 1927 166 1761 80 1419 680 192 122 488 141 100 388 126
is_linear=0
shrinkage=0.045


Tree=82
num_leaves=24
num_cat=1
split_feature=0 1 3 21 19 19 23 5 5 1 9 9 9 10 3 26 25 7 3 26 3 9 17
split_gain=0.571787 0.463873 0.321088 0.404214 0.603825 0.438198 0.335019 0.592804 0.94448 0.351462 0.584949 0.323976 0.414713 0.317858 0.272018 0.423168 0.25472 0.25256 0.22968 0.367278 0.23653 0.219185 0.201225
threshold=8.9650828450336792 8.8926003760664027 0.037723319331596387 0 0.61485000000000012 0.64960000000000007 0.0024193211451697901 0.57207179688848331 0.43070114880364735 10.695886790591988 0.28502126808527134 0.51740876989976925 0.55565028551018203 -0.015080716083445035 0.10871676335244244 18.500000000000004 0.0052971332459678475 0.076993820124386519 -0.1530972724931082 16.500000000000004 -0.22553214465979585 0.0243040191635716 1.0000000180025095e-35
decision_type=8 8 10 1 2 2 2 10 8 10 8 8 8 10 10 2 2 8 8 2 10 10 2
left_child=-1 -2 11 14 -5 -6 7 8 9 -7 -11 18 -13 -8 15 -4 17 22 19 -3 -21 -16 -14
right_child=1 2 3 4 5 6 13 -9 -10 10 -12 12 16 -15 21 -17 -18 -19 -20 20 -22 -23 -24
leaf_value=0.0024914676699081561 -0.0055685429315912678 -0.0055881795987066897 0.0098683335390059371 0.0013097791519353918 -0.014924892232483531 0.0041602898055899109 -0.014514520760040735 0.0043562999404922666 -0.0082104425119775733 -0.010800827443672566 0.0041733724669790395 -0.015452169267940331 0.0014976985858718838 -0.0076747950012578565 -0.0093234123358688879 -0.018139466002484186 -0.023836994624911539 -0.012845763802333406 0.0024050376850020022 0.0087093193124858879 -0.00073006879945380974 0.002625334415381507 -0.010884372042585069
leaf_weight=313 42 67 48 153 53 148 42 84 69 79 77 44 424 47 46 43 71 79 426 107 83 209 82
leaf_count=313 42 67 48 153 53 148 42 84 69 79 77 44 424 47 46 43 71 79 426 107 83 209 82
internal_value=-0.000145826 -0.000371437 -0.000288949 -0.000862398 -0.00143529 -0.00209676 -0.00169672 -0.00118859 -0.00195678 -0.000850163 -0.00232075 0.000167208 -0.000512091 -0.00418207 0.000413649 -0.0016516 -0.000218513 9.56633e-05 0.000862609 -0.000199038 0.000816062 0.00117733 0.000468566
internal_weight=2836 2523 2481 1098 752 599 546 457 373 304 156 1383 700 89 346 91 656 585 683 257 190 255 506
internal_count=2836 2523 2481 1098 752 599 546 457 373 304 156 1383 700 89 346 91 656 585 683 257 190 255 506
cat_boundaries=0 1
cat_threshold=82
is_linear=0
shrinkage=0.045


Tree=83
num_leaves=24
num_cat=1
split_feature=3 21 2 19 5 2 7 5 7 4 4 8 2 4 19 19 19 3 7 25 4 1 2
split_gain=0.357916 0.285365 0.455861 0.4183 1.18091 0.546746 0.418197 0.416845 0.322146 0.338751 0.768536 0.498367 0.317419 0.30634 0.295459 0.26634 0.625281 0.248455 0.262953 0.284444 0.228833 0.159661 0.306159
threshold=-0.31353689746687663 0 12.805057772860353 0.79925000000000013 0.44174182738622197 10.435032569578944 0.0083205152981369029 0.89889642848900542 0.010978279194337687 0.039558921699198023 0.013648335611560402 11.141218937912006 13.38754933795979 -0.038912662111669896 0.52690000000000003 0.68125000000000013 0.62265000000000015 -0.137692073200124 0.0090907070381280927 0.0029851356240651965 0.17613837672007546 10.314839920857297 10.11823071134094
decision_type=8 1 10 2 10 8 8 10 10 8 10 10 10 8 2 2 2 8 10 2 10 10 10
left_child=-1 2 7 6 13 -6 -3 21 17 10 11 15 -4 -5 -11 16 -10 -8 19 -19 -15 22 -2
right_child=1 3 12 4 5 -7 8 -9 9 14 -12 -13 -14 20 -16 -17 -18 18 -20 -21 -22 -23 -24
leaf_value=-0.016589397887150231 0.0016587396637148563 0.0024312513290799687 -0.0076341713321568345 -0.0044604762515971733 -0.006208954483625722 -0.012909539021415941 0.00050263311608119787 -0.017578917666707019 0.0049588782681912798 -0.010419778876481631 -0.0065545134014674059 -0.012137400539714571 0.0034965937974012666 0.0035719359163627032 0.0015156366033153078 0.0042110292270879689 -0.0083296560113226229 -0.013684484350654856 -0.016177250179130822 0.0055091314911416009 -0.0011436337396135924 0.0065950213946180791 -0.0089247401442207087
leaf_weight=63 375 380 40 64 41 49 41 65 87 61 53 68 44 109 398 123 52 63 59 47 47 422 89
leaf_count=63 375 380 40 64 41 49 41 65 87 61 53 68 44 109 398 123 52 63 59 47 47 422 89
internal_value=-3.16566e-05 4.61332e-05 0.000633349 -0.000305128 -0.00179712 -0.00604839 1.88154e-05 0.00092217 -0.000443602 -4.79289e-05 -0.00103174 -0.000202703 -0.00248276 5.7884e-11 0.000774351 0.000696226 -0.000649648 -0.00200704 -0.00276017 -0.00139381 0.00107547 0.00117942 0.00059743
internal_weight=2840 2777 1035 1742 310 90 1432 951 1052 842 383 330 84 220 459 262 139 210 169 110 156 886 464
internal_count=2840 2777 1035 1742 310 90 1432 951 1052 842 383 330 84 220 459 262 139 210 169 110 156 886 464
cat_boundaries=0 1
cat_threshold=208
is_linear=0
shrinkage=0.045


Tree=84
num_leaves=24
num_cat=0
split_feature=4 2 4 4 1 8 25 9 7 19 19 25 9 8 25 7 2 7 19 3 0 25 3
split_gain=0.321485 0.235956 0.20805 0.291536 0.432802 0.470665 0.353646 0.305617 0.357886 0.452989 0.714887 0.469343 0.514696 0.428351 0.224538 0.214132 0.388882 0.412061 0.617595 0.33312 0.535641 0.248672 0.25485
threshold=-0.29637193950616147 8.466052414077339 -0.14156003358056435 0.045956510225510477 12.118294476507399 12.395791673240581 0.003129792919120192 0.57409710298271954 0.014351773859836428 0.80370000000000008 0.6402500000000001 0.0026316598397645914 0.14316951465190247 8.9810086862266179 0.0031726949922928137 0.010804985364303412 9.2457212713673158 0.00033242110095414143 0.73935000000000006 0.17757099440076315 10.980079472884023 0.0031482326625529018 -0.137692073200124
decision_type=8 8 8 8 10 8 2 10 10 2 2 2 10 8 2 10 10 10 2 10 10 2 10
left_child=-1 -2 -3 4 7 -6 -7 8 13 10 14 -12 -13 -4 -10 16 17 -5 -19 -18 -21 -17 -23
right_child=1 2 3 15 5 6 -8 -9 9 -11 11 12 -14 -15 -16 21 19 18 -20 20 -22 22 -24
leaf_value=-0.0098420634015596413 0.0039909033852510902 0.0021626954494195841 -0.0078117180472281351 -0.012991137009209987 -0.014778219618504982 0.007697249632393344 -0.0071982049238837652 0.0062384986311687851 0.007503445336892043 0.0082528971352611082 -0.0055693641581617869 -0.0098992052135270132 0.015984752721080825 0.0016390549557455624 -0.015080760271114994 0.0020526382597781619 0.0040610356012452447 0.0034843346507138751 -0.0074595299411542512 -0.0067590745755715552 0.011690509996377616 -0.0040317876715622314 0.0004960980066363675
leaf_weight=44 104 292 44 42 50 54 41 164 59 47 57 40 63 260 40 515 362 76 41 66 59 61 245
leaf_count=44 104 292 44 42 50 54 41 164 59 47 57 40 63 260 40 515 362 76 41 66 59 61 245
internal_value=5.24921e-05 0.000114722 3.18911e-05 -0.000107367 -0.000734544 -0.00296453 -0.00103316 -0.00030695 -0.000770799 -0.00184951 -0.00258492 -0.00441718 -0.00248349 0.000322476 0.000419118 0.000286225 -0.000325886 -0.00223611 -0.00080625 0.000307653 -0.00166992 0.000767294 -0.000247573
internal_weight=2826 2782 2678 2386 919 145 95 774 610 306 259 160 103 304 99 1467 646 159 117 487 125 821 306
internal_count=2826 2782 2678 2386 919 145 95 774 610 306 259 160 103 304 99 1467 646 159 117 487 125 821 306
is_linear=0
shrinkage=0.045


Tree=85
num_leaves=24
num_cat=2
split_feature=0 7 2 5 18 18 21 23 25 2 16 16 2 24 21 2 7 8 5 9 5 2 24
split_gain=0.373714 0.344045 0.319941 0.281959 0.204478 0.462243 1.13676 1.12315 0.347179 0.832025 0.504788 0.386744 0.280427 0.27698 0.380408 0.372812 0.404719 0.292999 0.328599 0.975848 0.290427 0.266978 0.263523
threshold=8.9650828450336792 0.070746046931458487 8.9669849973941052 0.1805983019152719 28.500000000000004 24.500000000000004 0 0.0010587911454984298 0.0043254512622069047 10.70619987112876 -1.0000000180025095e-35 1.5000000000000002 10.030326787667759 0.0005737393033293808 1 12.045284582608609 0.00080704240045568392 11.090396207037955 0.50659533192084216 0.57409710298271954 0.053491973196116455 10.232003438514448 0.00037113837152884444
decision_type=8 10 8 8 2 2 1 2 2 10 2 2 8 2 1 10 10 8 10 10 10 10 2
left_child=3 2 -2 -1 5 8 7 -7 13 12 -11 -12 -10 14 -4 16 -16 18 -18 -20 21 -19 -6
right_child=1 -3 4 -5 22 6 -8 -9 9 10 11 -13 -14 -15 15 -17 17 20 19 -21 -22 -23 -24
leaf_value=-0.0025654296003291208 -0.0045176721237124131 -0.0039897031837113003 0.0065175041796819095 0.004044584437696049 0.00020522773649633914 -0.00070264466668863604 0.009997583360292191 -0.01894457411918998 -0.0044086210059307678 -0.015411593272972597 0.0016124071032501911 -0.010853260976003002 0.0067640984684052483 0.0093953576618718785 -0.01209125912405234 0.0046809551702841077 0.0038522587693842836 -0.0084313487269426605 -0.012673388303431111 0.0026756537319206509 -0.0058528231399058508 0.00093099717538089885 0.0053174164406700761
leaf_weight=43 64 50 183 248 480 53 115 51 69 50 70 49 135 138 51 181 296 52 58 96 77 63 156
leaf_count=43 64 50 183 248 480 53 115 51 69 50 70 49 135 138 51 181 296 52 58 96 77 63 156
internal_value=-5.72235e-05 -0.000232972 -0.000156325 0.00146173 -7.14138e-05 -0.000318017 -0.00223986 -0.00530769 -4.58306e-05 -0.0012387 -0.00354506 -0.0018627 0.000695652 0.000328673 7.85378e-05 -0.000319617 -0.000798491 -0.000481395 0.000149007 -0.00151911 -0.00193846 -0.000476695 0.000619718
internal_weight=2828 2537 2487 291 2423 1787 219 104 1568 373 169 119 204 1195 1057 874 693 642 450 154 192 115 636
internal_count=2828 2537 2487 291 2423 1787 219 104 1568 373 169 119 204 1195 1057 874 693 642 450 154 192 115 636
cat_boundaries=0 1 2
cat_threshold=164 128
is_linear=0
shrinkage=0.045


Tree=86
num_leaves=24
num_cat=0
split_feature=0 1 3 8 24 0 8 18 6 19 2 19 18 2 7 3 6 16 8 19 26 1 26
split_gain=0.744592 0.475703 0.451432 0.415131 0.28756 0.324101 0.528385 1.46065 0.352622 0.304271 0.270159 0.254165 0.457357 0.385821 0.436348 0.271657 0.247124 0.232586 0.363456 0.417032 0.385592 0.307808 0.268684
threshold=9.1692640089571444 9.0132139684627006 -0.31353689746687663 7.8951546142089546 4.2042098294613126e-05 11.478821379178671 11.556699263441926 8.5000000000000018 0.31313170182939282 0.73745000000000005 11.111322541872271 0.69655000000000011 12.500000000000002 13.287088917436646 0.015746362436860211 0.090811771288374796 0.065385955094215853 -1.0000000180025095e-35 9.9453048851874097 0.74895000000000012 20.500000000000004 10.546293612708453 15.500000000000002
decision_type=8 8 8 8 2 10 8 2 10 2 10 2 2 8 10 10 10 2 8 2 2 8 2
left_child=-1 -2 -3 -4 -5 10 7 -7 11 -9 17 15 -13 14 -14 16 -8 18 -6 20 -20 -22 -19
right_child=1 2 3 4 5 6 8 9 -10 -11 -12 12 13 -15 -16 -17 -18 22 19 -21 21 -23 -24
leaf_value=0.0023377100101745151 -0.011462582258548768 -0.019282951403132534 -0.019511118068947241 -0.0060745790765933836 0.0022699740620439755 -0.0088174217943050824 -0.011012402561528252 0.0074896358872437053 0.0089926478142138156 -0.0072081751731579548 0.010225933449579384 0.0037796473734856661 -0.0030366794362678513 0.0004954800766423644 -0.0072533820100578756 0.0057326858711032559 0.0024740223196068603 -0.015502269400219905 0.0028655207767484272 -0.010324622769881027 -0.0022644851922694175 -0.014411924873350045 0.0012069712555116089
leaf_weight=429 42 54 47 57 193 42 58 53 135 55 192 76 54 45 47 92 48 44 63 61 76 59 791
leaf_count=429 42 54 47 57 193 42 58 53 135 55 192 76 54 45 47 92 48 44 63 61 76 59 791
internal_value=-5.59298e-06 -0.000316715 -0.000228358 -0.000129638 -3.91042e-05 4.52675e-05 -0.000746822 -0.00308824 -0.000100806 -0.000243243 0.000423583 -0.000744681 -0.00178 -0.00323154 -0.00473798 0.000425373 -0.00111468 0.000186628 -0.000632967 -0.00172614 -0.00069403 -0.00203804 0.000630967
internal_weight=2813 2384 2342 2288 2241 2184 705 150 555 108 1479 420 222 146 101 198 106 1287 452 259 198 135 835
internal_count=2813 2384 2342 2288 2241 2184 705 150 555 108 1479 420 222 146 101 198 106 1287 452 259 198 135 835
is_linear=0
shrinkage=0.045


end of trees

feature_importances:
f_firm_age_years=197
f_s5_import_share=181
f_s5_export_share_lag1=176
production_qty=164
f_s5_export_share=142
f_s4_prod_lag1=119
f_s2_peer_median_prev=116
f_s4_prod_lag4=106
f_s2_peer_p10_prev=91
f_s5_domestic_derived=90
f_s4_prod_yoy=85
f_s5_return_share=81
f_s2_peer_iqr_prev=78
f_data_quality_score=76
f_s4_prod_qoq=65
sector=62
f_s2_peer_n_prev=57
f_s5_export_share_delta=54
f_s7_matrix_age_years=49
f_s5_exempt_share=3
size_band=3
f_s6_quarter=2
f_missing_field_count=2
f_s5_exemption_flag=1
f_s7_matrix_stale_flag=1

parameters:
[boosting: gbdt]
[objective: quantile]
[metric: quantile]
[tree_learner: serial]
[device_type: cpu]
[data_sample_strategy: bagging]
[data: ]
[valid: ]
[num_iterations: 900]
[learning_rate: 0.045]
[num_leaves: 24]
[num_threads: 4]
[seed: 20260952]
[deterministic: 1]
[force_col_wise: 0]
[force_row_wise: 1]
[histogram_pool_size: -1]
[max_depth: -1]
[min_data_in_leaf: 40]
[min_sum_hessian_in_leaf: 0.001]
[bagging_fraction: 0.8]
[pos_bagging_fraction: 1]
[neg_bagging_fraction: 1]
[bagging_freq: 1]
[bagging_seed: 4105]
[bagging_by_query: 0]
[feature_fraction: 0.75]
[feature_fraction_bynode: 1]
[feature_fraction_seed: 12186]
[extra_trees: 0]
[extra_seed: 2308]
[early_stopping_round: 0]
[early_stopping_min_delta: 0]
[first_metric_only: 0]
[max_delta_step: 0]
[lambda_l1: 0]
[lambda_l2: 3]
[linear_lambda: 0]
[min_gain_to_split: 0]
[drop_rate: 0.1]
[max_drop: 50]
[skip_drop: 0.5]
[xgboost_dart_mode: 0]
[uniform_drop: 0]
[drop_seed: 4618]
[top_rate: 0.2]
[other_rate: 0.1]
[min_data_per_group: 100]
[max_cat_threshold: 32]
[cat_l2: 10]
[cat_smooth: 10]
[max_cat_to_onehot: 4]
[top_k: 20]
[monotone_constraints: ]
[monotone_constraints_method: basic]
[monotone_penalty: 0]
[feature_contri: ]
[forcedsplits_filename: ]
[refit_decay_rate: 0.9]
[cegb_tradeoff: 1]
[cegb_penalty_split: 0]
[cegb_penalty_feature_lazy: ]
[cegb_penalty_feature_coupled: ]
[path_smooth: 0]
[interaction_constraints: ]
[verbosity: -1]
[saved_feature_importance_type: 0]
[use_quantized_grad: 0]
[num_grad_quant_bins: 4]
[quant_train_renew_leaf: 0]
[stochastic_rounding: 1]
[linear_tree: 0]
[max_bin: 127]
[max_bin_by_feature: ]
[min_data_in_bin: 3]
[bin_construct_sample_cnt: 200000]
[data_random_seed: 5190]
[is_enable_sparse: 1]
[enable_bundle: 1]
[use_missing: 1]
[zero_as_missing: 0]
[feature_pre_filter: 1]
[pre_partition: 0]
[two_round: 0]
[header: 0]
[label_column: ]
[weight_column: ]
[group_column: ]
[ignore_column: ]
[categorical_feature: 21,22]
[forcedbins_filename: ]
[precise_float_parser: 0]
[parser_config_file: ]
[objective_seed: 8676]
[num_class: 1]
[is_unbalance: 0]
[scale_pos_weight: 1]
[sigmoid: 1]
[boost_from_average: 1]
[reg_sqrt: 0]
[alpha: 0.05]
[fair_c: 1]
[poisson_max_delta_step: 0.7]
[tweedie_variance_power: 1.5]
[lambdarank_truncation_level: 30]
[lambdarank_norm: 1]
[label_gain: ]
[lambdarank_position_bias_regularization: 0]
[eval_at: ]
[multi_error_top_k: 1]
[auc_mu_weights: ]
[num_machines: 1]
[local_listen_port: 12400]
[time_out: 120]
[machine_list_filename: ]
[machines: ]
[gpu_platform_id: -1]
[gpu_device_id: -1]
[gpu_device_id_list: ]
[gpu_use_dp: 0]
[num_gpu: 1]

end of parameters

pandas_categorical:[["elektronik", "ev_temizlik", "gida_icecek", "ilac", "kimya_boya", "kozmetik", "otomotiv_yan_sanayi", "tekstil"], ["buyuk", "kucuk", "mikro", "orta"]]
