tree
version=v4
num_class=1
num_tree_per_iteration=1
label_index=0
max_feature_idx=32
objective=binary sigmoid:1
feature_names=raw_s1 raw_s2 raw_s3 raw_s4 raw_s5 raw_s6 raw_s7 raw_s8 avail_s1 avail_s2 avail_s3 avail_s4 avail_s5 avail_s6 avail_s7 avail_s8 interval_position_z interval_rel_gap interval_width_rel interval_below_lower f_active_signal_count f_data_quality_score f_data_freshness_days f_missing_field_count f_data_confidence_level f_firm_age_years f_s6_quarter f_s3_bom_coverage f_s7_matrix_age_years f_s2_peer_n_prev sector size_band log_production
feature_infos=[-208.60777113911226:1] [-100.24405333971055:1] [-18.445401647396661:0.42787502769776209] [-18.195565291938621:1.214954902093536] [-174.21415603222258:13.130288369385079] [-2.1314628631121586:1] [0.00050778214690254961:2] [-1.07584610203738:0.58862491509519155] [0:1] none none [0:1] [0:1] [0:1] none [0:1] [-5.568683564646622:5.8804354402321586] [-39.874239411428682:1] [0.29914621251336526:37.785602439860604] [0:1] [3:8] [0.1346:1] [5:399] [0:4] -1:1:2:0 [0:40] [1:4] [0.0068999999999999999:1] [-2:6] [2:61] -1:2:7:6:5:4:0:3:1 -1:1:2:3:0 [7.145401161296455:14.564719245148021]
tree_sizes=987 982 1000 996 999 1005 983 998 996 1019 994 1003 1021 1005 961 1022 1021 1018 1018 1020 1017 1006 970 974 1005 966 1023 995 1015 1013 1017 1019 978 1019 999 1000 1006 1021 974 1013 998 1005 1022 1018 1004 1022 1000 997 1006 1006 998 1014 1003 1004 997 1023 988 1020 1004 1017 1007 1016 1021 985 1023 1001 1023 997 998 988 977 1000 979 1026 984 1006 1019 1011 1007 983 1004 1002 1011 999 996 1003 1016 1002 995 1020 984 1019 1007 1013 975 1003 1009 1004 1020 1018 1006 1007 1000 990 1015 1007 1004 1026 1024 1012 988 1005 1022 1005 1003 1019 1027 991 1008 1012 1022 1001 1019 991 1025 1028 997 1022 1005 983 1009 1020 1017 1022 1001 1029 996 998 995 995 1004 1006 980 1011 989 984 1024 1021 1010 999 1000 960 1022 1008 1029 1013 1004 1020 1005 981 1028 985 1017 984 1012 989 997 1005 1028 1005 1002 995 1002 1001 1024 1015 995 1004 1003 1006 1008 985 997 1011 1005 1005 986 990 1005 984 999 989 986 1022 1024 1007 1021 981 1007 1007 983 1006 1006 1008 1010 1017 1001 1004 1014 1007 1002 994 976 1007 995 1002 1003 1007 1002 1023 1013 1008 1024 1025 983 1020 1026 989 1008 1008 985

Tree=0
num_leaves=8
num_cat=1
split_feature=4 16 2 30 4 17 3
split_gain=63.8967 20.2861 9.31323 8.37455 8.0211 4.54531 4.3521
threshold=0.14668392030419972 -0.39037986359504989 -0.39926954780594753 0 0.1231859328481812 0.28063917695038426 -0.47053662675759106
decision_type=10 2 8 1 8 10 10
left_child=2 -2 3 6 -4 -5 -1
right_child=1 -3 4 5 -6 -7 -8
leaf_value=-2.5853214830636788 -2.5931922258891711 -2.5442832851505202 -2.6021147677856811 -2.6171505692708927 -2.5755028598346721 -2.5946982730967143 -2.6024093456470609
leaf_weight=12.582866214215754 14.583219304680826 14.647746823728083 19.809948347508907 76.981330223381519 8.2595224380493182 6.0010592713952056 30.198878914117813
leaf_count=195 226 227 307 1193 128 93 468
internal_value=-2.59761 -2.56223 -2.60581 -2.60921 -2.59168 -2.61349 -2.59669
internal_weight=183.065 29.231 153.834 125.764 28.0695 82.9824 42.7817
internal_count=2837 453 2384 1949 435 1286 663
cat_boundaries=0 1
cat_threshold=168
is_linear=0
shrinkage=1


Tree=1
num_leaves=8
num_cat=0
split_feature=0 1 17 18 5 0 32
split_gain=61.8818 9.87917 8.63451 9.80335 6.45246 6.49026 3.39745
threshold=0.15562261050103524 0.95803377119004363 0.16199566028301846 0.84865483533176989 -0.30991265230219295 -0.070814431954184007 11.951378335098926
decision_type=10 8 10 10 10 10 10
left_child=4 2 -2 -4 5 -1 -6
right_child=1 -3 3 -5 6 -7 -8
leaf_value=-0.0056277756236461519 0 -0.0046204357904257917 0.049850823195993293 0.0082260411986450743 -0.015260084372128625 0.018168363759017279 -0.0013996125823525368
leaf_weight=24.820365428924564 5.0827557295560828 4.0496537908911696 18.701829247176651 12.080716535449026 85.952386312186718 6.9385794773697844 24.213808350265026
leaf_count=387 79 62 284 185 1344 108 378
internal_value=2.47931e-05 0.029778 0.0341383 0.0389684 -0.00938538 0.00180347 -0.0126416
internal_weight=181.84 39.915 35.8653 30.7825 141.925 31.7589 110.166
internal_count=2827 610 548 469 2217 495 1722
is_linear=0
shrinkage=0.03


Tree=2
num_leaves=8
num_cat=0
split_feature=4 16 2 27 32 22 6
split_gain=62.9619 17.7954 13.5387 30.3512 4.62561 2.76426 2.57949
threshold=0.14668392030419972 -0.39037986359504989 -0.30307454926889665 0.71520000000000017 9.2501195741928566 238.50000000000003 0.069691968037604607
decision_type=10 2 8 2 10 2 10
left_child=2 -2 4 -4 5 -1 -3
right_child=1 6 3 -5 -6 -7 -8
leaf_value=-0.0074810256327568015 0.0038762919940153562 0.059209599804269188 0.045987678493051194 -0.011597088720985345 -0.014890322122321237 0.0070453198559419011 0.010279993869642963
leaf_weight=18.802107565104965 13.679422266781332 9.7255863174796087 5.0750090479850796 15.399776414036749 99.634773880243301 12.702957287430761 6.1530424132943144
leaf_count=295 212 140 78 239 1569 199 89
internal_value=-1.79248e-05 0.0348541 -0.00831656 0.0110596 -0.0119115 -0.00100363 0.0506737
internal_weight=181.173 29.5581 151.615 20.4748 131.14 31.5051 15.8786
internal_count=2821 441 2380 317 2063 494 229
is_linear=0
shrinkage=0.03


Tree=3
num_leaves=8
num_cat=0
split_feature=4 2 27 16 0 18 3
split_gain=44.0421 15.3027 27.0835 12.9915 5.62945 4.05233 3.53784
threshold=0.18572957414461641 -0.30307454926889665 0.71520000000000017 -0.64854664324855105 0.15562261050103524 0.84865483533176989 -0.81575266317193784
decision_type=10 8 2 2 10 10 8
left_child=1 4 -3 -2 6 -5 -1
right_child=3 2 -4 5 -6 -7 -8
leaf_value=0.0022367515786417339 -0.001829556600298445 0.043168225822194352 -0.0098732716681886237 0.047430123902262623 0.0011141786976376264 0.0036925407533369 -0.016019788164002593
leaf_weight=6.8887546584010124 6.8954068496823337 5.9531639441847828 16.287339955568314 11.575954630970957 20.849097326397896 4.5845199450850478 107.3610099516809
leaf_count=109 107 88 254 162 319 67 1712
internal_value=-0.00226847 -0.00840741 0.0114925 0.0305162 -0.0122476 0.0409743 -0.014722
internal_weight=180.395 157.339 22.2405 23.0559 135.099 16.1605 114.25
internal_count=2818 2482 342 336 2140 229 1821
is_linear=0
shrinkage=0.03


Tree=4
num_leaves=8
num_cat=0
split_feature=4 0 0 22 5 1 27
split_gain=40.0476 10.4836 7.79248 6.9798 4.73147 3.31983 3.04813
threshold=0.18572957414461641 0.18177081187413599 0.061938564435557127 268.50000000000006 -0.30991265230219295 -0.70071747366740322 0.70085000000000008
decision_type=10 10 10 2 8 10 2
left_child=2 -2 4 5 -1 -4 -7
right_child=1 -3 3 -5 -6 6 -8
leaf_value=0.0023192712334057296 0.0015502493103595487 0.043395950875519576 -0.013671271308486129 0.016341152122967391 -0.012201796947599115 0.0082285097900547718 -0.0098652218898341131
leaf_weight=20.775414615869522 8.9416248872876185 14.18584783375263 9.953790716826914 17.383664552122355 85.401318795979023 18.015633288770918 4.1971769370138636
leaf_count=331 136 195 157 271 1376 279 65
internal_value=0.00103933 0.0322557 -0.00485465 0.00431083 -0.00926569 -0.003777 0.00260625
internal_weight=178.854 23.1275 155.727 49.5503 106.177 32.1666 22.2128
internal_count=2810 331 2479 772 1707 501 344
is_linear=0
shrinkage=0.03


Tree=5
num_leaves=8
num_cat=0
split_feature=4 2 17 20 7 4 4
split_gain=59.7039 11.8193 9.97779 5.54621 3.44259 2.40383 5.09362
threshold=0.18572957414461641 -0.27171493735885749 0.15177522206890451 6.5000000000000009 0.016188784901416637 -0.12263693616826953 -0.15762898204123774
decision_type=10 8 10 2 10 8 10
left_child=1 4 -2 -3 5 6 -1
right_child=2 3 -4 -5 -6 -7 -8
leaf_value=-0.0092323271243631433 0.0011703886649454688 0.025307137987774009 0.047282052977756985 -0.00040319783055372524 0.0033851721860186819 -0.014092579727001862 0.01218889359192878
leaf_weight=24.846005663275722 6.4496881142258671 5.0751522816717651 16.092634096741676 14.711374461650847 9.7859415672719461 96.783012926578522 6.2637354247272006
leaf_count=402 99 76 215 229 156 1553 102
internal_value=-0.000122559 -0.00730729 0.0383422 0.0110391 -0.0105083 -0.0118185 -0.00292474
internal_weight=180.008 157.465 22.5423 19.7865 137.679 127.893 31.1097
internal_count=2832 2518 314 305 2213 2057 504
is_linear=0
shrinkage=0.03


Tree=6
num_leaves=8
num_cat=0
split_feature=2 27 16 1 21 1 3
split_gain=43.334 55.0344 13.7983 4.18816 4.40534 3.89697 3.24561
threshold=-0.30307454926889665 0.72745000000000004 -0.20827026059006448 0.049970971763623979 0.76310000000000011 -1.219129986944413 -0.53614634806867123
decision_type=8 2 2 8 2 10 8
left_child=2 -2 3 5 -5 6 -1
right_child=1 -3 -4 4 -6 -7 -8
leaf_value=0.0054154357091337523 0.064470307716642222 -0.0050548019456892086 0.014747997875040485 -0.019536426517734708 0 0.0025021916651215607 -0.012909165560487065
leaf_weight=4.8379730619490147 11.531412716954948 18.571932941675186 16.226636208593845 44.547433044761419 13.103049390017985 35.363302014768124 35.823991756886244
leaf_count=78 159 286 230 720 211 571 582
internal_value=0.000354581 0.0291282 -0.00651173 -0.00988533 -0.0156557 -0.00425711 -0.00988879
internal_weight=180.006 30.1033 149.902 133.676 57.6505 76.0253 40.662
internal_count=2837 445 2392 2162 931 1231 660
is_linear=0
shrinkage=0.03


Tree=7
num_leaves=8
num_cat=0
split_feature=4 16 0 4 22 5 18
split_gain=55.6663 18.2722 5.37799 6.62766 6.38425 4.6945 4.53088
threshold=0.14668392030419972 -0.39037986359504989 -0.061576090697828649 -0.13135790052793536 268.50000000000006 0.1767271155417818 0.86447853632967886
decision_type=10 2 10 8 2 8 10
left_child=2 -2 -1 -4 5 -5 -3
right_child=1 6 3 4 -6 -7 -8
leaf_value=-0.012213247092702747 0.0023170778513419109 0.053905114111700528 0.017337531636359326 -0.015708220194383143 0.0063730901192465515 0.0019826866825886314 0.0053956964524584997
leaf_weight=66.026039615273476 13.76403660699725 14.207343541085722 7.2009717896580696 32.359160881489515 25.523795183748007 15.763066563755272 4.7719345018267623
leaf_count=1084 209 176 116 529 406 247 63
internal_value=0.00185312 0.0330467 -0.00635202 -0.00072775 -0.00420358 -0.0101895 0.047481
internal_weight=179.616 32.7433 146.873 80.847 73.646 48.1222 18.9793
internal_count=2830 448 2382 1298 1182 776 239
is_linear=0
shrinkage=0.03


Tree=8
num_leaves=8
num_cat=1
split_feature=16 30 2 27 32 2 27
split_gain=31.0826 16.9688 15.171 13.2041 9.12776 7.19391 6.5592
threshold=-0.39037986359504989 0 -0.43202764606913518 0.72745000000000004 10.768579810257661 -1.3778671979494534 0.61830000000000018
decision_type=2 1 10 2 10 8 2
left_child=1 4 -3 -4 6 -2 -1
right_child=5 2 3 -5 -6 -7 -8
leaf_value=0.022932230251999645 0 -0.019729947527496686 0.028258384846972764 -0.010538992195365245 -0.0060719411262077846 0.027969610281232623 -0.0045639769037177308
leaf_weight=23.083835370838646 10.296811293810604 74.805917203426361 6.416434038430455 10.155588667839764 19.713581830263138 28.222126621752977 6.2179934531450263
leaf_count=371 148 1243 96 164 320 385 100
internal_value=0.000216177 -0.0064225 -0.0129616 0.00818181 0.00670974 0.0216786 0.0169678
internal_weight=178.912 140.393 91.3779 16.572 49.0154 38.5189 29.3018
internal_count=2827 2294 1503 260 791 533 471
cat_boundaries=0 1
cat_threshold=168
is_linear=0
shrinkage=0.03


Tree=9
num_leaves=8
num_cat=1
split_feature=2 27 30 1 0 27 0
split_gain=48.1549 35.9323 11.4302 9.8542 7.87973 6.78276 5.87055
threshold=-0.27171493735885749 0.72745000000000004 0 0.53118474423898643 0.24026764920318064 0.29775000000000007 0.017117935888965378
decision_type=8 2 1 8 8 2 10
left_child=2 -2 3 5 -4 -1 -7
right_child=1 -3 4 -5 -6 6 -8
leaf_value=0.025563602108147433 0.058499408831813732 -0.00058620752088540853 -0.017664190544777036 -0.01311560211317956 0.0041188578538413128 -0.0086202044102782448 0.013103531718148105
leaf_weight=10.214036326855419 11.126740217208864 16.702864315360785 83.736855518072844 14.126311674714087 13.406412310898302 16.342988856136802 12.54752843827009
leaf_count=159 140 256 1395 222 188 266 190
internal_value=-0.000956185 0.0304056 -0.00809771 0.00308602 -0.0131774 0.0111458 0.00120366
internal_weight=178.204 27.8296 150.374 53.2309 97.1433 39.1046 28.8905
internal_count=2816 396 2420 837 1583 615 456
cat_boundaries=0 1
cat_threshold=168
is_linear=0
shrinkage=0.03


Tree=10
num_leaves=8
num_cat=0
split_feature=4 18 2 27 2 4 0
split_gain=40.8914 12.8659 9.8869 23.0366 7.53514 3.4868 3.33602
threshold=0.1231859328481812 0.86447853632967886 -0.39926954780594753 0.71520000000000017 -0.79814559872029023 -0.34545437731407996 0.20907183561422524
decision_type=10 8 8 2 8 8 10
left_child=2 4 5 -4 -2 -1 -3
right_child=1 6 3 -5 -6 -7 -8
leaf_value=0.0035346660542177459 0.0071967647511523812 -0.010954808958581501 0.033847214201065137 -0.011744701720490169 0.045260068976865672 -0.012352714311779124 0.0097866257243918158
leaf_weight=8.8969174027442914 11.72685670852661 6.224044516682623 8.7950466051697749 17.110139586031437 14.742884039878847 106.30409782379866 5.5599874928593636
leaf_count=148 161 96 123 276 187 1782 72
internal_value=0.00045107 0.0251482 -0.00713375 0.00762581 0.0344161 -0.0108541 -0.000410188
internal_weight=179.36 38.2538 141.106 25.9052 26.4697 115.201 11.784
internal_count=2845 516 2329 399 348 1930 168
is_linear=0
shrinkage=0.03


Tree=11
num_leaves=8
num_cat=0
split_feature=2 27 4 2 27 29 26
split_gain=41.025 27.4959 10.1199 4.43721 5.14735 3.16279 2.92433
threshold=-0.16535915822265893 0.72745000000000004 0.11082581929922704 -0.43202764606913518 0.71520000000000017 29.500000000000004 1.5000000000000002
decision_type=8 2 10 10 2 2 2
left_child=2 -2 3 -1 -5 6 -4
right_child=1 -3 5 4 -6 -7 -8
leaf_value=-0.011390774950534768 0.060334265260028733 -0.00033239422198131404 -0.0013119653512671939 0.015123811133172146 -0.0080308643033716719 -0.0025329533926525915 0.019252596911896444
leaf_weight=111.26804774999619 7.5067385807633427 10.861686483025549 5.5916530974209371 7.857834346592429 10.778960358351467 11.146836142987011 13.507192369550465
leaf_count=1883 87 165 76 114 178 156 187
internal_value=-4.00937e-05 0.0346747 -0.00557118 -0.00920588 0.00277885 0.00830785 0.0140684
internal_weight=178.519 18.3684 160.151 129.905 18.6368 30.2457 19.0988
internal_count=2846 252 2594 2175 292 419 263
is_linear=0
shrinkage=0.03


Tree=12
num_leaves=8
num_cat=1
split_feature=4 0 2 27 30 6 1
split_gain=45.7362 11.7199 8.79954 22.1462 5.68355 4.36225 3.51578
threshold=0.11082581929922704 0.043381288141403913 -0.39926954780594753 0.71520000000000017 0 0.091850884408647304 0.16930329773742922
decision_type=10 10 8 2 1 10 8
left_child=2 -2 4 -4 6 -3 -1
right_child=1 5 3 -5 -6 -7 -8
leaf_value=0.0071325512077653501 -0.0038406872784911682 0.036902099613449875 0.032241438398942196 -0.011981022667824947 -0.014249060523341697 0.0023049797975922314 -0.008313133301248072
leaf_weight=23.396025415509939 6.8945442214608184 27.767140723764896 9.1904159002006072 17.432464849203825 72.927556626498699 5.8877787552773944 14.792924728244541
leaf_count=383 108 351 123 285 1271 78 245
internal_value=0.00143887 0.0266674 -0.00694145 0.00677404 -0.0105878 0.0328147 0.000346209
internal_weight=178.289 40.5495 137.739 26.6229 111.117 33.6549 38.189
internal_count=2844 537 2307 408 1899 429 628
cat_boundaries=0 1
cat_threshold=168
is_linear=0
shrinkage=0.03


Tree=13
num_leaves=8
num_cat=0
split_feature=2 4 4 32 3 32 26
split_gain=34.0102 20.3428 8.58589 4.32193 3.68861 3.16231 3.18605
threshold=-0.30307454926889665 0.14668392030419972 0.21343005710966814 10.768579810257661 -0.11356989088617522 10.382865851323567 2.5000000000000004
decision_type=8 8 10 10 10 10 2
left_child=2 4 3 5 -2 6 -1
right_child=1 -3 -4 -5 -6 -7 -8
leaf_value=-0.010085414001438217 0.0099482351303029869 0.041494992118888505 0.012145208854640569 -0.014551218873357466 -0.010709832583998546 0.0073616199408202592 0.0023054254038765969
leaf_weight=43.917219907045364 6.2701459638774386 17.459061250090599 13.497477889060972 52.133463203907013 8.8356139846146089 12.596597105264662 22.588315155357122
leaf_count=734 95 212 173 885 137 214 377
internal_value=0.000635154 0.0250976 -0.00579696 -0.00834182 -0.0010103 -0.00311661 -0.00587993
internal_weight=177.298 32.5648 144.733 131.236 15.1058 79.1021 66.5055
internal_count=2827 444 2383 2210 232 1325 1111
is_linear=0
shrinkage=0.03


Tree=14
num_leaves=8
num_cat=0
split_feature=4 2 6 27 2 3 25
split_gain=38.582 9.47992 9.45179 8.81963 9.58537 5.73635 5.70647
threshold=0.14668392030419972 -1.0636431477588428 0.085798286060302931 0.71520000000000017 -0.39926954780594753 -0.47053662675759106 7.5000000000000009
decision_type=10 8 10 2 8 10 2
left_child=1 5 6 4 -3 -1 -2
right_child=2 3 -4 -5 -6 -7 -8
leaf_value=0.00037797643407448054 0 0 -0.0013821616730579683 -0.011811849055321339 0.026573969643569159 -0.017995094448392868 0.037454465050814179
leaf_weight=17.962510328739882 5.0272170230746296 38.523228298872709 7.5079166255891314 21.681501317769289 9.7940938211977464 52.155866727232933 22.329633094370365
leaf_count=305 63 667 98 359 125 905 274
internal_value=0.000881922 -0.00632812 0.0259812 0.00135123 0.00836311 -0.0135397 0.0325287
internal_weight=174.982 140.117 34.8648 69.9988 48.3173 70.1184 27.3569
internal_count=2796 2361 435 1151 792 1210 337
is_linear=0
shrinkage=0.03


Tree=15
num_leaves=8
num_cat=1
split_feature=4 16 22 0 0 7 30
split_gain=31.7222 12.0905 5.01405 7.72494 4.39772 2.56289 2.50751
threshold=0.18572957414461641 -0.39037986359504989 262.50000000000006 0.0094889155959529421 -0.49046425900321594 0.10883183659255806 0
decision_type=10 2 2 10 8 10 1
left_child=2 -2 4 -4 -1 6 -6
right_child=1 -3 3 -5 5 -7 -8
leaf_value=0.0091627982873469065 -0.00022056778820148346 0.037350677946290441 -0.00700737259846321 0.01304805212213405 0.0026747530321543978 0.0043293718337609121 -0.012624867339523513
leaf_weight=4.4113897830247879 9.7812924012541789 17.555279053747654 30.436314444988966 23.181631952524185 9.3800281956791878 4.3669335357844821 77.395051144063473
leaf_count=75 135 185 523 363 152 66 1322
internal_value=0.000754743 0.0264764 -0.00497119 0.00198841 -0.00887321 -0.0105664 -0.0117765
internal_weight=176.508 27.3366 149.171 53.6179 95.5534 91.142 86.7751
internal_count=2821 320 2501 886 1615 1540 1474
cat_boundaries=0 1
cat_threshold=8
is_linear=0
shrinkage=0.03


Tree=16
num_leaves=8
num_cat=1
split_feature=17 18 22 30 27 27 32
split_gain=18.1984 9.60659 6.85151 5.54006 10.0802 6.01296 5.37967
threshold=0.10959723962624247 0.84865483533176989 96.500000000000014 0 0.57160000000000022 0.57160000000000022 10.14500820531264
decision_type=10 10 2 1 2 2 10
left_child=3 2 -2 5 -5 -1 -6
right_child=1 -3 -4 4 6 -7 -8
leaf_value=0.013608271708009764 -0.00083640659429985427 -0.0022903682595128961 0.024680419350882145 -0.017485482933402061 0.016061776941123554 -0.0089032107653411272 -0.0053324669030207928
leaf_weight=18.276956062763933 10.069506671279667 23.966883670538664 34.878391832113266 54.411669556051493 8.8434723429381865 10.181883852928875 20.096560429781675
leaf_count=297 140 354 472 973 145 168 337
internal_value=0.00079506 0.0122204 0.019418 -0.00646754 -0.00957642 0.00388961 0.00286172
internal_weight=180.725 68.9148 44.9479 111.811 83.3517 28.4588 28.94
internal_count=2886 966 612 1920 1455 465 482
cat_boundaries=0 1
cat_threshold=136
is_linear=0
shrinkage=0.03


Tree=17
num_leaves=8
num_cat=1
split_feature=4 2 27 18 30 1 17
split_gain=36.5492 9.70539 19.3344 9.1628 4.41085 5.02388 4.79355
threshold=0.14668392030419972 -0.43202764606913518 0.71520000000000017 0.86447853632967886 0 -0.70071747366740322 0.10959723962624247
decision_type=10 8 2 8 1 8 10
left_child=1 4 -3 -2 5 -1 -6
right_child=3 2 -4 -5 6 -7 -8
leaf_value=0.013505817108685389 0.0322169443006214 0.027971957690446962 -0.010727178029717068 0.00034823775066972033 -0.01811755681989672 -0.0070279897986490793 -0.0013683321263132406
leaf_weight=10.45638884231448 26.466911613941193 12.846839785575868 18.775790471583605 12.113973524421452 59.72554275393486 17.225001420825723 24.301551166921854
leaf_count=171 302 168 312 157 1096 287 406
internal_value=0.00104832 -0.00606838 0.00708934 0.0243109 -0.0101432 0.0012475 -0.0126067
internal_weight=181.912 143.331 31.6226 38.5809 111.708 27.6814 84.0271
internal_count=2899 2440 480 459 1960 458 1502
cat_boundaries=0 1
cat_threshold=136
is_linear=0
shrinkage=0.03


Tree=18
num_leaves=8
num_cat=1
split_feature=0 30 27 21 27 3 1
split_gain=35.8687 4.10579 8.65538 6.76756 5.9291 5.01129 3.80226
threshold=0.15562261050103524 0 0.57160000000000022 0.64790000000000014 0.71520000000000017 0.10578348132296272 0.94803742984722283
decision_type=10 1 2 2 2 8 8
left_child=1 3 -3 -1 5 -4 -2
right_child=6 2 4 -5 -6 -7 -8
leaf_value=0.016802208091103776 0.023535226161400538 -0.016953505120445807 -0.0012563686610324598 -0.0062958043463169928 -0.010250039247009688 0.023122410594701624 -0.00033409691801434193
leaf_weight=9.8090945743024331 42.507890768349171 62.28896576538682 12.486796695739031 23.402661740779877 14.091373220086096 6.1036707460880288 5.1725512072443953
leaf_count=157 539 1129 211 379 239 89 71
internal_value=0.000669688 -0.00757206 -0.0100266 0.00168959 0.00107995 0.0107321 0.0210004
internal_weight=175.863 128.183 94.9708 33.2118 32.6818 18.5905 47.6804
internal_count=2814 2204 1668 536 539 300 610
cat_boundaries=0 1
cat_threshold=136
is_linear=0
shrinkage=0.03


Tree=19
num_leaves=8
num_cat=1
split_feature=0 2 2 27 30 18 22
split_gain=31.2583 10.0744 7.03461 14.8097 4.57185 4.43189 3.62737
threshold=0.16962795691237395 -0.79814559872029023 -0.43202764606913518 0.71520000000000017 0 0.51646170971961325 250.50000000000003
decision_type=10 8 8 2 1 10 2
left_child=2 6 4 -4 -1 -6 -2
right_child=1 -3 3 -5 5 -7 -8
leaf_value=0.0001806509651337588 -0.0056698389820382901 0.030801259806233418 0.025101143200478175 -0.0099815923258744724 0.0033745393549758462 -0.017591641147104781 0.012986825839097682
leaf_weight=36.634945955127478 13.294665135443212 25.35837185010314 10.757690068334343 17.864947266876698 6.4801268950104705 59.344445567578077 8.5399969890713674
leaf_count=609 181 295 137 299 122 1098 114
internal_value=0.00119847 0.0203204 -0.00635092 0.00539737 -0.00992188 -0.0133712 0.0026501
internal_weight=178.275 47.193 131.082 28.6226 102.46 65.8246 21.8347
internal_count=2855 590 2265 436 1829 1220 295
cat_boundaries=0 1
cat_threshold=168
is_linear=0
shrinkage=0.03


Tree=20
num_leaves=8
num_cat=1
split_feature=4 16 22 30 17 1 5
split_gain=31.7576 12.7801 6.26102 6.68148 5.66185 5.59517 3.91954
threshold=0.18572957414461641 -0.39037986359504989 268.50000000000006 0 0.10959723962624247 0.33014075855019631 0.21319501873169419
decision_type=10 2 2 1 10 8 8
left_child=2 -2 3 5 6 -1 -4
right_child=1 -3 4 -5 -6 -7 -8
leaf_value=0.021785067587355256 -0.00039594040174965157 0.036729794404307833 -0.0084223957357179909 -0.011665970835039801 0.014303152019583768 -0.0072708339628038045 0.010400791490226616
leaf_weight=5.9335357509553432 10.78369737789035 18.507028289139271 30.253039464354515 86.208260606974363 15.84489433839917 4.1412975117564201 5.447271365672349
leaf_count=93 147 178 534 1501 236 67 90
internal_value=0.000591364 0.0255066 -0.00530512 -0.00959336 0.00266583 0.00713328 -0.00382881
internal_weight=177.119 29.2907 147.828 96.2831 51.5452 10.0748 35.7003
internal_count=2846 325 2521 1661 860 160 624
cat_boundaries=0 1
cat_threshold=8
is_linear=0
shrinkage=0.03


Tree=21
num_leaves=8
num_cat=0
split_feature=4 16 4 7 6 17 22
split_gain=36.6978 10.8571 3.70912 4.04771 4.66734 3.13442 2.56622
threshold=0.14668392030419972 -0.39037986359504989 -0.050000244207981652 0.10883183659255806 0.046650734569235998 0.071731858591453104 40.500000000000007
decision_type=10 2 10 8 10 10 2
left_child=2 -2 3 -1 5 -5 -4
right_child=1 -3 6 4 -6 -7 -8
leaf_value=-0.013122061079072317 0.0018827859584990632 0.034574455875772611 0.0026093952786173111 -0.013641963400731065 0.0070388862185901376 0.0046890022306116655 -0.013626389903857691
leaf_weight=12.761143345385788 15.635871060192583 23.707172267138958 5.8858704827725878 14.956319056451322 45.809828165918589 6.6840986795723429 49.142882142215967
leaf_count=228 215 230 101 265 802 105 852
internal_value=0.00150813 0.0244124 -0.00604161 -0.00139419 0.00178191 -0.00773658 -0.011541
internal_weight=174.583 39.343 135.24 80.2114 67.4502 21.6404 55.0288
internal_count=2798 445 2353 1400 1172 370 953
is_linear=0
shrinkage=0.03


Tree=22
num_leaves=8
num_cat=0
split_feature=2 27 4 0 7 25 25
split_gain=33.0243 22.7642 11.2007 4.96651 3.29796 3.02777 4.67971
threshold=-0.27171493735885749 0.76330000000000009 0.21343005710966814 0.30292359495716453 0.027497093839756299 29.500000000000004 33.500000000000007
decision_type=8 2 10 10 10 2 2
left_child=2 -2 4 -4 5 -1 -7
right_child=1 -3 3 -5 -6 6 -8
leaf_value=-0.011206262485359716 0.0435698848023649 -0.0016821014373818327 0 0.026780928358949959 0.0059259815359705165 0.009596678031364653 -0.0096920450510120347
leaf_weight=93.037119839340448 17.359084524214271 14.565951548516749 10.227251987904308 5.6006645560264579 8.6058092787861806 14.376180674880745 14.898409601300953
leaf_count=1632 179 222 125 54 143 251 261
internal_value=0.00203972 0.0263477 -0.00424037 0.0148926 -0.00738595 -0.00874399 0
internal_weight=178.67 31.925 146.745 15.8279 130.918 122.312 29.2746
internal_count=2867 401 2466 179 2287 2144 512
is_linear=0
shrinkage=0.03


Tree=23
num_leaves=8
num_cat=0
split_feature=2 27 16 18 2 27 27
split_gain=21.9626 16.3946 9.55036 3.09134 3.27805 7.17188 3.45183
threshold=-0.27171493735885749 0.72745000000000004 -0.20827026059006448 0.55063728013574442 -1.0636431477588428 0.45865000000000006 0.18815000000000001
decision_type=8 2 2 8 10 2 2
left_child=2 -2 3 -1 6 -6 -5
right_child=1 -3 -4 4 5 -7 -8
leaf_value=0.0028030948850201816 0.037223739805850191 -0.0011713307442105122 0.011090100168996111 0 0.017369001887497546 -0.0077679844909577817 -0.017324133016606156
leaf_weight=14.489164825528858 14.08455414324999 16.115905713289976 19.966488260775805 13.283355154097078 4.736317314207553 42.749711852520704 49.49598104134202
leaf_count=266 134 245 242 236 73 740 887
internal_value=0 0.0203878 -0.00504552 -0.00825364 -0.00992469 -0.00284767 -0.0141389
internal_weight=174.921 30.2005 144.721 124.755 110.265 47.486 62.7793
internal_count=2823 379 2444 2202 1936 813 1123
is_linear=0
shrinkage=0.03


Tree=24
num_leaves=8
num_cat=0
split_feature=2 21 4 6 6 4 7
split_gain=35.7851 16.5913 7.90689 3.92415 5.75029 5.78014 4.25618
threshold=-0.27171493735885749 0.84100000000000008 0.21343005710966814 0.057305815443651854 0.047747460872056259 0.13625789180823913 0.080312247106518062
decision_type=8 2 10 8 10 8 10
left_child=2 -2 3 4 -1 -6 -5
right_child=1 -3 -4 6 5 -7 -8
leaf_value=-0.0076725691096279991 0.036028471266826352 -0.0067558915670048727 0.01038779654823796 -0.014652219130573754 0.019210994476029794 -0.0074707705229521987 0.0069221752968401289
leaf_weight=41.311818432062864 24.092604242265228 7.2282953634858123 16.202293533831835 66.635145045816898 10.791622862219809 5.4593004435300854 3.5725746601819983
leaf_count=722 286 101 182 1195 197 91 59
internal_value=0.000864287 0.0264075 -0.00569147 -0.00833287 -0.00179818 0.0101214 -0.0127668
internal_weight=175.294 31.3209 143.973 127.77 57.5627 16.2509 70.2077
internal_count=2833 387 2446 2264 1010 288 1254
is_linear=0
shrinkage=0.03


Tree=25
num_leaves=8
num_cat=0
split_feature=4 2 27 2 27 4 16
split_gain=21.8704 7.48409 10.1274 9.04964 9.16293 8.90171 7.42183
threshold=0.17286388292331559 -1.0636431477588428 0.71520000000000017 -0.30307454926889665 0.48235 -0.12263693616826953 -0.39037986359504989
decision_type=10 8 2 8 2 8 2
left_child=1 -1 3 4 -3 -6 -2
right_child=6 2 -4 -5 5 -7 -8
leaf_value=-0.011235419585281793 0 0.022034878061223361 -0.012363636278652005 0.027528011005537575 0.015245215343444703 -0.012227528829869137 0.027711111662099986
leaf_weight=69.100955609232187 11.98487790673971 6.442791409790515 22.493228070437908 8.8737516701221448 6.6437290720641613 31.508947171270847 22.188156321644783
leaf_count=1279 162 109 377 89 121 552 198
internal_value=0.000608094 -0.00460837 0.00173755 0.00875066 0.00111027 -0.00530522 0.0197811
internal_weight=179.236 145.063 75.9624 53.4692 44.5955 38.1527 34.173
internal_count=2887 2527 1248 871 782 673 360
is_linear=0
shrinkage=0.03


Tree=26
num_leaves=8
num_cat=1
split_feature=2 27 4 30 16 1 32
split_gain=25.1194 23.2399 11.6316 4.11453 5.80438 5.25564 5.8739
threshold=-0.30307454926889665 0.72745000000000004 0.30710162705722266 0 -0.39037986359504989 0.10382377478270928 10.768579810257661
decision_type=8 2 10 1 2 8 10
left_child=2 -2 3 5 -5 6 -1
right_child=1 -3 -4 4 -6 -7 -8
leaf_value=0.016399231246413293 0.038474589492788466 -0.0030053886241689139 0.021520047084702905 -0.014834069781074242 0.0029600965416146955 -0.0087509773689684149 -0.0064586175250905221
leaf_weight=18.597232315689329 19.788774900138378 18.599735148251057 6.3658037632703772 66.328379772603512 16.487208548933268 20.246698461472988 9.6524992361664754
leaf_count=299 180 281 66 1277 224 333 166
internal_value=0.00178328 0.0210013 -0.00433132 -0.00685605 -0.010069 0.000676385 0.00847354
internal_weight=176.066 38.3885 137.678 131.312 82.8156 48.4964 28.2497
internal_count=2826 461 2365 2299 1501 798 465
cat_boundaries=0 1
cat_threshold=168
is_linear=0
shrinkage=0.03


Tree=27
num_leaves=8
num_cat=1
split_feature=2 27 4 4 27 30 5
split_gain=33.8748 20.5681 8.93162 5.37244 5.15117 4.08738 2.97873
threshold=-0.27171493735885749 0.71520000000000017 0.21343005710966814 0.1231859328481812 0.31230000000000008 0 0.50748599015435258
decision_type=8 2 10 10 2 1 8
left_child=2 -2 5 -3 -4 -1 -7
right_child=1 3 4 -5 -6 6 -8
leaf_value=0.004275161764515323 0.042413535647980193 -0.010373866418907276 0.023147637988419265 0.013579087104298448 -0.0020404175607107206 -0.013055107097883524 0.0010048885629010621
leaf_weight=12.292523201555014 15.568513825535772 11.428220674395563 5.454474080353978 6.8834751583635798 11.404134105890988 103.45227322354913 11.980059470981358
leaf_count=200 131 191 60 74 125 1908 201
internal_value=0 0.023882 -0.00657733 0 0.0103323 -0.00939723 -0.0106417
internal_weight=178.464 33.8802 144.583 18.3117 16.8586 127.725 115.432
internal_count=2890 396 2494 265 185 2309 2109
cat_boundaries=0 1
cat_threshold=8
is_linear=0
shrinkage=0.03


Tree=28
num_leaves=8
num_cat=1
split_feature=4 22 6 5 22 22 30
split_gain=22.361 10.0871 9.01578 5.1175 4.07337 3.16457 2.60109
threshold=0.11082581929922704 78.500000000000014 0.085798286060302931 -0.30991265230219295 238.50000000000003 351.50000000000006 0
decision_type=10 2 10 10 2 2 1
left_child=3 -2 -3 4 6 -5 -1
right_child=1 2 -4 5 -6 -7 -8
leaf_value=0.0053592460410424696 -0.0061460794857112928 0.029214826924417212 -0.0022911018607368388 -0.010409263600177483 0.013846992725972168 0.0035845981665790158 -0.0084843582237775911
leaf_weight=5.8190133832395077 8.8961669318377954 31.230421230196953 7.85874294117093 83.897269286215305 12.932411622256039 11.423098731786011 11.002925317734485
leaf_count=99 105 347 97 1534 223 206 201
internal_value=0.00152106 0.0174319 0.023249 -0.00515145 0.00454071 -0.00843937 -0.00416645
internal_weight=173.06 47.9853 39.0892 125.075 29.7544 95.3204 16.8219
internal_count=2812 549 444 2263 523 1740 300
cat_boundaries=0 1
cat_threshold=88
is_linear=0
shrinkage=0.03


Tree=29
num_leaves=8
num_cat=1
split_feature=2 30 1 21 16 25 2
split_gain=21.8787 10.338 9.127 9.04373 6.40739 5.7757 4.92711
threshold=-0.30307454926889665 0 0.049970971763623979 0.84100000000000008 -0.39037986359504989 5.5000000000000009 -0.65471003629972413
decision_type=8 1 8 2 2 2 8
left_child=1 2 5 -2 -3 -1 -7
right_child=3 4 -4 -5 -6 6 -8
leaf_value=-0.0067372208417987431 0.025550384601837447 -0.015223934264080551 -0.0066806676198722789 -0.0050231924044814085 0.0026962623332356345 0.025316839240187201 -0.0019478023086320791
leaf_weight=3.9059390686452415 29.545307580381632 66.480787683278322 22.52079176902771 7.3367656879127017 19.074321262538433 20.174770187586546 4.9564909599721458
leaf_count=67 333 1316 362 103 248 319 78
internal_value=0.00099076 -0.00463048 0.0051604 0.019323 -0.0100999 0.0156018 0.0203149
internal_weight=173.995 137.113 51.558 36.8821 85.5551 29.0372 25.1313
internal_count=2826 2390 826 436 1564 464 397
cat_boundaries=0 1
cat_threshold=168
is_linear=0
shrinkage=0.03


Tree=30
num_leaves=8
num_cat=1
split_feature=4 16 2 27 30 4 1
split_gain=13.8935 6.12744 5.021 11.9572 6.06533 4.96394 4.33979
threshold=0.18572957414461641 -0.51871970690477365 -0.30307454926889665 0.71520000000000017 0 -0.12263693616826953 0.16930329773742922
decision_type=10 2 10 2 1 8 8
left_child=2 -2 4 -4 6 -6 -1
right_child=1 -3 3 -5 5 -7 -8
leaf_value=0.01037976925225282 -0.0018028271438315935 0.023661982368410571 0.027557498839559481 -0.0065675457568007134 0.002539465721556959 -0.014170233324257889 -0.0060338426474229089
leaf_weight=28.024117797613144 8.6920158080756647 24.137921366840601 7.826393403112891 15.505673598498104 16.504439581185579 56.609419867396355 16.312514875084162
leaf_count=460 117 208 72 250 334 1095 287
internal_value=0.00204302 0.0175203 -0.00221341 0.008514 -0.00487107 -0.0092006 0.00340449
internal_weight=173.612 32.8299 140.783 23.3321 117.45 73.1139 44.3366
internal_count=2823 325 2498 322 2176 1429 747
cat_boundaries=0 1
cat_threshold=168
is_linear=0
shrinkage=0.03


Tree=31
num_leaves=8
num_cat=1
split_feature=2 27 30 17 32 1 2
split_gain=23.149 15.5885 10.3271 6.74251 5.58314 7.17669 5.47974
threshold=-0.24010858262232684 0.76330000000000009 0 0.28063917695038426 10.768579810257661 0.16930329773742922 -1.0636431477588428
decision_type=8 2 1 10 8 8 10
left_child=2 -2 4 -4 5 -1 -5
right_child=1 -3 3 6 -6 -7 -8
leaf_value=0.020811984138235588 0.034888684167916066 -0.0023979218090860264 -0.014724736513438011 -0.0091385469016597165 -0.0048658593881185123 -0.0042105905741838742 0.016891834172719014
leaf_weight=20.246230039745569 17.187843263149265 14.053519573062657 77.479821212589741 6.2621441446244717 21.763749394565821 11.275824535638096 7.0696975924074632
leaf_count=306 148 210 1476 90 364 178 76
internal_value=4.53318e-05 0.0206641 -0.00517811 -0.0104258 0.0046555 0.0124411 0.00512002
internal_weight=175.339 31.2414 144.097 90.8117 53.2858 31.5221 13.3318
internal_count=2848 358 2490 1642 848 484 166
cat_boundaries=0 1
cat_threshold=168
is_linear=0
shrinkage=0.03


Tree=32
num_leaves=8
num_cat=0
split_feature=4 2 27 6 18 0 25
split_gain=23.9222 9.49899 10.1922 8.13486 7.86659 9.31449 4.85064
threshold=0.14668392030419972 -1.0636431477588428 0.71520000000000017 0.091850884408647304 0.62377295522818754 -0.14171106602665692 7.5000000000000009
decision_type=10 8 2 10 10 10 2
left_child=1 -1 4 6 -3 -6 -2
right_child=3 2 -4 -5 5 -7 -8
leaf_value=-0.011908334856730306 0 -0.0049543462415721192 -0.011550309206909361 -0.0043501232604395562 -0.0049519747822977011 0.025182724219531921 0.029341444237800021
leaf_weight=61.435022730380297 6.7299906425178042 15.252279993146656 19.94174200296402 6.8333225809037677 8.6047765612602216 24.837434887886047 29.028646532446146
leaf_count=1194 73 272 351 80 151 397 292
internal_value=0.00250539 -0.00398404 0.0034158 0.0201161 0.0105744 0.0176079 0.0250748
internal_weight=172.663 130.071 68.6362 42.592 48.6945 33.4422 35.7586
internal_count=2810 2365 1171 445 820 548 365
is_linear=0
shrinkage=0.03


Tree=33
num_leaves=8
num_cat=1
split_feature=2 21 7 17 30 32 1
split_gain=16.5646 10.8068 6.20648 4.6571 4.31665 5.23838 6.4244
threshold=-0.27171493735885749 0.80720000000000014 0.166547824097529 0.071731858591453104 0 10.768579810257661 0.48965201648588325
decision_type=8 2 10 10 1 10 8
left_child=2 3 4 -2 5 6 -1
right_child=1 -3 -4 -5 -6 -7 -8
leaf_value=0.014215513053093827 0.0014261346949403909 -0.0054533934299030662 0.016040702178093749 0.031815708940225056 -0.010053423360009039 -0.0094743692684861915 -0.0093439350396384343
leaf_weight=25.49225651845336 7.8796876892447498 10.739467382431028 3.7979658171534529 16.051280673593283 84.043094161897898 18.525280207395554 7.8492988273501387
leaf_count=382 100 145 51 141 1580 311 130
internal_value=-0.000324977 0.0160688 -0.00514482 0.0251435 -0.00669987 0.000668479 0.00757143
internal_weight=174.378 34.6704 139.708 23.931 135.91 51.8668 33.3416
internal_count=2840 386 2454 241 2403 823 512
cat_boundaries=0 1
cat_threshold=168
is_linear=0
shrinkage=0.03


Tree=34
num_leaves=8
num_cat=0
split_feature=4 6 2 18 22 25 21
split_gain=21.2132 7.40882 6.31973 9.71187 5.32719 3.99301 3.50133
threshold=0.11082581929922704 0.085798286060302931 -1.0636431477588428 0.72351716393767895 78.500000000000014 21.500000000000004 0.80720000000000014
decision_type=10 10 8 10 2 2 2
left_child=2 4 -1 -4 -2 6 -5
right_child=1 -3 3 5 -6 -7 -8
leaf_value=-0.011182463420088225 -0.00017391005069474595 -0.002522626078500467 -0.0087543156986915373 0.022964726478200047 0.02630776030741868 -0.001035789244563184 -0.0011093981804637498
leaf_weight=59.095437631011009 6.7469149678945533 10.836882080882786 31.956295911222696 15.862888805568224 32.833307262510061 11.350665938109158 4.6413687504827967
leaf_count=1172 79 132 572 252 340 195 81
internal_value=0.00200197 0.0170181 -0.00470675 0.00165917 0.0222081 0.0121425 0.0182071
internal_weight=173.324 50.4171 122.907 63.8112 39.5802 31.8549 20.5043
internal_count=2823 551 2272 1100 419 528 333
is_linear=0
shrinkage=0.03


Tree=35
num_leaves=8
num_cat=0
split_feature=16 4 5 5 16 2 5
split_gain=18.177 9.43524 5.83555 3.82324 3.27916 2.95068 2.78087
threshold=-0.70236073147940914 0.18572957414461641 -0.30991265230219295 0.058905012780844167 -1.0877503056039111 -0.79814559872029023 0.30212397473794944
decision_type=2 10 10 10 2 8 10
left_child=2 3 4 -2 -1 -3 -4
right_child=1 5 6 -5 -6 -7 -8
leaf_value=-0.0016685889165724698 0.011516900819319517 0.0039669930433880521 -0.011400011893758541 -0.0037849180896154535 0.016100292053913553 0.029642797269025186 0.0047876802755469922
leaf_weight=19.730818800628189 16.688724428415298 9.749604217708109 72.507556889206171 27.666660789400339 6.3492177650332442 19.032291457057003 5.0218891501426688
leaf_count=361 275 92 1386 426 110 149 81
internal_value=0.00197774 0.0127693 -0.00587483 0.00256597 0.00498108 0.0241077 -0.00982635
internal_weight=176.747 73.1373 103.609 44.3554 26.08 28.7819 77.5294
internal_count=2880 942 1938 701 471 241 1467
is_linear=0
shrinkage=0.03


Tree=36
num_leaves=8
num_cat=0
split_feature=0 2 27 2 7 1 6
split_gain=17.086 6.86249 6.96024 6.71366 2.65339 3.05206 3.74332
threshold=0.15562261050103524 -0.79814559872029023 0.76330000000000009 -0.12139816440845426 0.2187211557792513 -1.0000000180025095e-35 0.046650734569235998
decision_type=10 8 2 8 8 8 10
left_child=3 -2 -3 4 -1 6 -6
right_child=1 2 -4 -5 5 -7 -8
leaf_value=-0.018852929657904579 -0.00073554081501299559 0.024925938944983364 -0.0036254642611499616 0.011461284771983349 -0.010115286507509551 -0.01173584688529347 0.0045497882729407229
leaf_weight=19.736235808581114 22.867807056754827 24.873398698866371 6.5105519220232955 7.6641786582767955 16.763775855302811 41.057531367987394 33.975442308932543
leaf_count=382 302 235 79 101 311 782 640
internal_value=-0.00137523 0.011471 0.0190888 -0.00769375 -0.00981448 -0.00636539 -0.000757812
internal_weight=173.449 54.2518 31.384 119.197 111.533 91.7967 50.7392
internal_count=2832 616 314 2216 2115 1733 951
is_linear=0
shrinkage=0.03


Tree=37
num_leaves=8
num_cat=1
split_feature=2 30 21 1 7 16 2
split_gain=12.8085 11.9696 7.57963 6.21766 5.2957 4.65575 3.81149
threshold=-0.27171493735885749 0 0.78505000000000014 0.8868002640992606 0.10883183659255806 -0.80831610572699164 -0.65471003629972413
decision_type=8 1 2 8 10 2 10
left_child=1 3 5 6 -3 -2 -1
right_child=2 4 -4 -5 -6 -7 -8
leaf_value=0.016069624746653542 0.00026950233276109713 -0.012408479226523713 -0.0021600028371507409 -0.0095764658808047305 0.0098296172416361769 0.029816547466714707 -0.0020051553685226436
leaf_weight=35.45028131455183 7.5072753168642512 80.750529162585735 12.520912796258925 8.0389897786080819 4.1235500089824191 15.718596406280996 9.8634562976658327
leaf_count=565 93 1539 164 138 61 128 151
internal_value=0.000982479 -0.00323658 0.0152482 0.00671052 -0.00940071 0.0232623 0.0121434
internal_weight=173.974 138.227 35.7468 53.3527 84.8741 23.2259 45.3137
internal_count=2839 2454 385 854 1600 221 716
cat_boundaries=0 1
cat_threshold=168
is_linear=0
shrinkage=0.03


Tree=38
num_leaves=8
num_cat=0
split_feature=2 21 1 16 22 0 5
split_gain=16.477 8.77194 5.28213 4.42491 4.40438 4.09437 3.21825
threshold=-0.30307454926889665 0.78505000000000014 0.049970971763623979 -0.72998160368801457 212.50000000000003 0.16962795691237395 -0.33709876098531549
decision_type=8 2 8 2 2 8 8
left_child=2 3 4 -2 6 -6 -1
right_child=1 -3 -4 -5 5 -7 -8
leaf_value=0.0081510875405848057 0.0019467133694702429 -0.0028193360449366655 -0.011635756715770371 0.030014789764755176 0 0.018651882079780989 -0.0098347838583320059
leaf_weight=3.9919237568974495 9.3651536591351014 13.994844701141117 59.333447575569153 16.557700719684366 27.551206897944212 8.3883506767451745 33.842893932014704
leaf_count=75 121 190 1068 136 520 106 615
internal_value=-0.000335284 0.0147939 -0.00556017 0.0231672 0 0.00677433 -0.00651838
internal_weight=173.026 39.9177 133.108 25.9229 73.7744 35.9396 37.8348
internal_count=2831 447 2384 257 1316 626 690
is_linear=0
shrinkage=0.03


Tree=39
num_leaves=8
num_cat=1
split_feature=4 0 27 27 30 3 18
split_gain=13.0242 8.73243 5.86911 9.38968 7.20713 8.3217 5.60582
threshold=0.11082581929922704 0.043381288141403913 0.71520000000000017 0.53670000000000007 0 -0.35922926953658929 0.55063728013574442
decision_type=10 10 2 2 1 10 10
left_child=2 -2 3 4 5 -1 -3
right_child=1 6 -4 -5 -6 -7 -8
leaf_value=0.02463547595784582 -0.0080281559534966882 0.036703913507817668 -0.015607141115424775 0.011225307007982577 -0.010911888042827998 -0.0057823595058668744 0.0093740568579586889
leaf_weight=6.8022832460701492 8.1618964597582799 6.0800177827477446 19.573031086474657 34.741685800254345 49.177019488066435 11.444088403135536 36.15876366943121
leaf_count=107 126 52 352 594 1032 194 363
internal_value=0.00196871 0.0137154 -0.00332475 0 -0.00637467 0.00654489 0.0188249
internal_weight=172.139 50.4007 121.738 102.165 67.4234 18.2464 42.2388
internal_count=2820 541 2279 1927 1333 301 415
cat_boundaries=0 1
cat_threshold=136
is_linear=0
shrinkage=0.03


Tree=40
num_leaves=8
num_cat=0
split_feature=2 27 2 27 27 2 5
split_gain=9.59494 10.2946 5.68074 8.62916 5.30437 4.86094 4.10303
threshold=-1.0169667466394263 0.71520000000000017 -0.30307454926889665 0.49435000000000007 0.32880000000000004 -1.9488975278611627 -0.28170156685490211
decision_type=8 2 8 2 2 10 8
left_child=4 2 3 -2 5 -1 -5
right_child=1 -3 -4 6 -6 -7 -8
leaf_value=-0.0037880931609912921 0.021126897522512122 -0.0074641632690646996 0.023854921177393372 0.012666764492025575 -0.013742298574334752 0.017262839541684446 -0.0066481224921590022
leaf_weight=35.562060881406069 12.595436826348303 25.588526487350464 20.004476822912693 4.7870255224406719 36.614800363779068 4.6887209527194491 34.418518923223019
leaf_count=657 166 406 149 85 712 67 604
internal_value=0.000868734 0.00694934 0.012507 0.00526888 -0.00658787 0.00080882 -0.00222502
internal_weight=174.26 97.394 71.8055 51.801 76.8656 40.2508 39.2055
internal_count=2846 1410 1004 855 1436 724 689
is_linear=0
shrinkage=0.03


Tree=41
num_leaves=8
num_cat=0
split_feature=2 0 21 18 4 25 2
split_gain=16.2343 8.70046 7.76135 3.62668 4.53199 4.08174 3.73319
threshold=-0.12139816440845426 -0.018124759238594908 0.79895000000000016 0.53904297135676515 0.24714943459493596 18.500000000000004 -0.91403539186437344
decision_type=8 10 2 10 8 2 10
left_child=1 -1 -2 -3 5 6 -5
right_child=2 3 -4 4 -6 -7 -8
leaf_value=-0.011321837397821556 0.030272485602543246 0.014653912491198313 -0.0022946060563900387 -0.0066469202137907192 0.0080651450907261377 -0.012271260616143044 0.011502599288967286
leaf_weight=63.94701787084341 13.333164416253569 9.8844592683017236 6.8348950594663611 12.033635828644039 28.27451191842556 26.260208334773779 12.480675440281628
leaf_count=1292 117 161 90 207 362 424 191
internal_value=0.000104032 -0.00349907 0.021186 0.00244126 -0.000119906 -0.00541046 0.00268863
internal_weight=173.049 152.881 20.1681 88.9335 79.049 50.7745 24.5143
internal_count=2844 2637 207 1345 1184 822 398
is_linear=0
shrinkage=0.03


Tree=42
num_leaves=8
num_cat=1
split_feature=16 30 22 5 5 18 21
split_gain=10.4909 6.35877 6.3915 5.17376 3.69337 2.89788 2.71888
threshold=0.24435497365858791 0 238.50000000000003 -0.30991265230219295 0.1767271155417818 0.86447853632967886 0.77365000000000006
decision_type=2 1 2 8 8 8 2
left_child=1 -1 6 -4 -5 -6 -3
right_child=-2 2 3 4 5 -7 -8
leaf_value=0.010882796600180249 0.021882111190414524 -0.012343497406852493 0.018586133225198823 -0.0063278262740128601 0.01474053152706755 -0.0023582214661934781 -0.00019060413264166038
leaf_weight=16.38164159655571 12.333437383174894 53.641377545893192 7.4404669590294361 35.892505675554276 10.865048721432688 10.985770951956509 26.497935879975557
leaf_count=235 112 974 137 645 139 166 457
internal_value=0.00153377 -0.000888217 -0.00330574 0.00310919 -0.000675901 0.00731331 -0.00887737
internal_weight=174.038 161.705 145.323 65.1838 57.7433 21.8508 80.1393
internal_count=2865 2753 2518 1087 950 305 1431
cat_boundaries=0 1
cat_threshold=8
is_linear=0
shrinkage=0.03


Tree=43
num_leaves=8
num_cat=1
split_feature=2 27 30 27 2 7 1
split_gain=13.2133 16.1963 13.6072 5.69607 4.84216 3.5394 3.0071
threshold=-0.43202764606913518 0.72745000000000004 0 0.45865000000000006 -3.9996213253608861 0.10883183659255806 -2.235303652665904
decision_type=10 2 1 2 8 10 10
left_child=2 -2 3 4 -1 -4 -6
right_child=1 -3 5 -5 6 -7 -8
leaf_value=-0.0038879282611686567 0.026126286044709849 -0.0046980758453170849 -0.013950449856305046 -0.0035821988948134716 -0.00017592262384287925 0.0055968541302509238 0.023363692940997806
leaf_weight=5.8902429416775703 27.079930379986763 22.321397993713617 70.27532871067524 18.244916584342718 4.2489853762090268 3.9063213318586341 20.418308686465025
leaf_count=100 261 353 1397 300 70 60 299
internal_value=0.00120576 0.0132237 -0.00401999 0.00701745 0.0149853 -0.0109603 0.0197997
internal_weight=172.385 49.4013 122.984 48.8025 30.5575 74.1817 24.6673
internal_count=2840 614 2226 769 469 1457 369
cat_boundaries=0 1
cat_threshold=168
is_linear=0
shrinkage=0.03


Tree=44
num_leaves=8
num_cat=1
split_feature=4 17 30 28 4 3 27
split_gain=11.6587 4.5299 2.8914 4.5259 3.60636 3.58154 3.23879
threshold=0.18572957414461641 0.2271843322843338 0 -1.0000000180025095e-35 -0.12263693616826953 -0.24846320756096002 0.65790000000000015
decision_type=10 10 1 2 8 8 2
left_child=2 -2 3 -1 5 -4 -6
right_child=1 -3 4 -5 6 -7 -8
leaf_value=-0.007084423975149288 0 0.020530577127076319 0.012822380403776024 0.011980619064446679 -0.011731889619691963 -0.0054441980822992724 0.00083128838912142813
leaf_weight=11.247526027262213 14.087482180446385 23.241824630647898 10.144609618932007 19.114795416593552 61.759657330811024 12.494635727256538 20.829294595867395
leaf_count=193 160 178 206 303 1214 256 329
internal_value=0.000868298 0.0141622 -0.00327231 0.00358739 -0.00534266 0.00346223 -0.00860422
internal_weight=172.92 37.3293 135.591 30.3623 105.228 22.6392 82.589
internal_count=2839 338 2501 496 2005 462 1543
cat_boundaries=0 1
cat_threshold=40
is_linear=0
shrinkage=0.03


Tree=45
num_leaves=8
num_cat=1
split_feature=4 6 32 4 32 31 26
split_gain=9.58832 7.04588 5.09512 6.09246 4.78185 3.95909 3.01884
threshold=0.14668392030419972 0.085798286060302931 10.768579810257661 -0.12263693616826953 11.951378335098926 0 1.5000000000000002
decision_type=10 10 10 10 10 1 2
left_child=2 -2 3 6 -4 -6 -1
right_child=1 -3 4 -5 5 -7 -8
leaf_value=-0.0013192136222847004 0.01731511967077173 -0.006584425116117172 -0.016339055097311705 -0.0066377206672967506 0.0079437447415073616 -0.0075157318443728315 0.013783008284574471
leaf_weight=13.493372060358523 36.473727986216545 9.0157475657761079 28.581984002143145 32.381040912121534 12.532670095562935 11.021149206906557 27.253897793591022
leaf_count=251 345 99 556 630 240 206 491
internal_value=0.00128252 0.0120216 -0.00299236 0.00196617 -0.0095332 0.000298809 0.00907847
internal_weight=170.754 45.4895 125.264 73.1283 52.1358 23.5538 40.7473
internal_count=2818 444 2374 1372 1002 446 742
cat_boundaries=0 1
cat_threshold=8
is_linear=0
shrinkage=0.03


Tree=46
num_leaves=8
num_cat=1
split_feature=0 22 30 3 27 3 29
split_gain=7.98702 4.12255 3.76923 3.67364 3.56437 3.54713 3.49561
threshold=0.16962795691237395 250.50000000000003 0 -0.47053662675759106 0.57555000000000012 0.011584509848837559 17.500000000000004
decision_type=10 2 1 8 2 8 2
left_child=2 6 5 -4 -5 -1 -2
right_child=1 -3 3 4 -6 -7 -8
leaf_value=-0.0039343172814999359 0.012207150834336837 0.017899539812375447 0.0047737651383444541 -0.016303456372598644 0 0.0092783521510119132 -0.0048317004121519692
leaf_weight=28.451482430100441 8.9908707737922686 23.142422761768103 9.9792807549238187 32.674500729888678 18.881300240755081 28.175302267074585 21.238128606230021
leaf_count=548 92 236 189 676 327 500 248
internal_value=0.00127393 0.0101607 -0.00301091 -0.00719302 -0.0112991 0.00237496 0.00133773
internal_weight=171.533 53.3714 118.162 61.5351 51.5558 56.6268 30.229
internal_count=2816 576 2240 1192 1003 1048 340
cat_boundaries=0 1
cat_threshold=44
is_linear=0
shrinkage=0.03


Tree=47
num_leaves=8
num_cat=0
split_feature=2 27 0 2 27 4 18
split_gain=12.8384 13.8078 5.65418 5.35979 7.31445 5.01588 3.98128
threshold=-0.91403539186437344 0.71520000000000017 0.25841767013101385 -0.43202764606913518 0.50155000000000005 0.1231859328481812 0.55063728013574442
decision_type=8 2 10 8 2 10 8
left_child=2 3 6 4 -2 -3 -1
right_child=1 5 -4 -5 -6 -7 -8
leaf_value=0.0045104979952378388 0.02004732558418066 -0.01563978920038098 0.0075347653828930598 0.023552890760936696 -0.0035015074089623363 0.0063932682253987801 -0.013539589018466677
leaf_weight=7.7029440812766543 10.17864281311631 17.833224244415764 11.2708837762475 27.856052417308092 26.826312087476254 7.8714637979865065 60.784386679530144
leaf_count=164 136 329 136 248 506 76 1213
internal_value=0.000471972 0.00795862 -0.00780876 0.0149188 0.00505475 -0.00853162 -0.0110539
internal_weight=170.324 90.5657 79.7582 64.861 37.005 25.7047 68.4873
internal_count=2808 1295 1513 890 642 405 1377
is_linear=0
shrinkage=0.03


Tree=48
num_leaves=8
num_cat=0
split_feature=16 1 5 7 16 29 18
split_gain=7.09452 7.35771 5.05965 3.61952 3.27637 2.71489 2.57315
threshold=-0.58624438198861706 0.90894899748892743 -0.38529363583507981 0.16896802668429706 -1.0877503056039111 41.000000000000007 0.5592558440817349
decision_type=2 8 10 8 2 2 8
left_child=2 5 4 -4 -1 -2 -5
right_child=1 -3 3 6 -6 -7 -8
leaf_value=-0.00080039649784577306 0.016695506266322421 -0.0063964683733334013 -0.017872579656570367 0.0067723953752971628 0.017760784000168214 -0.00018878238342398234 -0.0055494206680369636
leaf_weight=16.078111063688997 39.715698700398207 15.837644610553978 13.538879189640282 11.348833560943602 6.4036417827010146 8.117904741317032 61.263697564601898
leaf_count=303 439 229 276 220 102 84 1184
internal_value=0.00107804 0.00852669 -0.0034445 -0.00677941 0.00726822 0.0139449 -0.00295656
internal_weight=172.304 63.6712 108.633 86.1514 22.4818 47.8336 72.6125
internal_count=2837 752 2085 1680 405 523 1404
is_linear=0
shrinkage=0.03


Tree=49
num_leaves=8
num_cat=0
split_feature=16 0 5 1 2 7 5
split_gain=9.77099 5.06 6.52031 3.85513 3.30035 3.17594 3.24384
threshold=0.24435497365858791 -0.018124759238594908 -0.28170156685490211 0.8868002640992606 -0.62195376488429077 0.19795794562890051 0.078383042637919162
decision_type=2 10 10 8 10 8 10
left_child=1 4 -3 5 -1 -4 -7
right_child=-2 2 3 -5 -6 6 -8
leaf_value=-0.011871635937521993 0.019087030511250151 0.019208759274467791 -0.0099950554550348233 -0.01286594870730247 0.0012944767884130956 0.012571108625765642 -0.00022900921668726816
leaf_weight=48.010196451097727 13.723850496113299 8.8964217118918878 8.3310736082494241 11.906620401889084 19.821659125387669 19.948454275727272 42.385340142995119
leaf_count=1023 119 137 150 184 355 335 555
internal_value=8.69595e-05 -0.0022947 0.00216166 -0.00104385 -0.00809578 0.00186328 0.00461804
internal_weight=173.024 159.3 91.4679 82.5715 67.8319 70.6649 62.3338
internal_count=2858 2739 1361 1224 1378 1040 890
is_linear=0
shrinkage=0.03


Tree=50
num_leaves=8
num_cat=0
split_feature=4 2 27 2 27 4 25
split_gain=14.9926 10.8369 9.95591 4.14763 5.53975 5.25286 4.14662
threshold=0.14668392030419972 -1.0636431477588428 0.71520000000000017 -0.30307454926889665 0.49435000000000007 -0.098964515315366861 14.500000000000002
decision_type=10 8 2 10 2 8 2
left_child=1 -1 3 4 -3 -6 -2
right_child=6 2 -4 -5 5 -7 -8
leaf_value=-0.013012390319386264 0.0014815342138048103 0.018673217877045591 -0.011665685061024054 0.023591173095893852 0.012673178051219073 -0.0086974682738908127 0.020583136704530811
leaf_weight=57.944827355444431 18.794110283255577 7.9092745743691912 18.669626004993916 8.7121949270367605 6.8215071596205235 25.674202263355255 27.347622696310282
leaf_count=1234 180 126 343 68 130 493 256
internal_value=0.0011082 -0.00424676 0.00363089 0.0105274 0.00396721 -0.00222356 0.0144484
internal_weight=171.873 125.732 67.7868 49.1172 40.405 32.4957 46.1417
internal_count=2830 2394 1160 817 749 623 436
is_linear=0
shrinkage=0.03


Tree=51
num_leaves=8
num_cat=1
split_feature=2 30 32 1 18 2 4
split_gain=14.4701 6.22917 4.96113 6.6062 3.79878 5.91291 3.619
threshold=-0.27171493735885749 0 10.768579810257661 0.85913981076322277 0.51646170971961325 -0.49462663450432337 0.14668392030419972
decision_type=8 1 10 10 10 10 8
left_child=1 2 3 -1 -3 -6 -2
right_child=6 4 -4 -5 5 -7 -8
leaf_value=0.015447193433297953 0.00103990886046784 0.0060221055476905559 -0.00631086611534026 -0.0098426150826686053 -0.014819732661635079 0.0042686243975271314 0.021031238980597274
leaf_weight=30.148513801395893 14.277912773191927 7.0521524995565406 18.736569605767727 5.4971164651215068 61.967090152204037 13.198741365224121 24.241322848945856
leaf_count=447 209 147 324 93 1272 208 189
internal_value=0.000809271 -0.00382468 0.0035604 0.0101142 -0.00823962 -0.0111994 0.0153967
internal_weight=175.119 136.6 54.3822 35.6456 82.218 75.1658 38.5192
internal_count=2889 2491 864 540 1627 1480 398
cat_boundaries=0 1
cat_threshold=168
is_linear=0
shrinkage=0.03


Tree=52
num_leaves=8
num_cat=1
split_feature=2 27 4 30 27 17 25
split_gain=9.08283 11.9217 5.19434 3.17483 8.33004 5.74069 5.929
threshold=-0.24010858262232684 0.76330000000000009 0.30710162705722266 0 0.57160000000000022 0.25959762179737117 10.500000000000002
decision_type=8 2 10 1 2 8 2
left_child=2 -2 3 4 5 6 -1
right_child=1 -3 -4 -5 -6 -7 -8
leaf_value=-0.0053108014893474571 0.023796553468857427 -0.0062017435912917101 0.013424552802160324 -0.0076834838224156994 -0.0140795685500793 -0.0078236659214284028 0.023236405426403775
leaf_weight=4.3947016745805767 20.58657119423151 14.770055457949637 6.7464723177254191 92.356216829270124 10.312418714165686 5.4158602096140411 16.898393716663122
leaf_count=78 147 216 60 1816 171 74 267
internal_value=0 0.0120869 -0.00357348 -0.00529918 0.0019071 0.0108837 0.0169911
internal_weight=171.481 35.3566 136.124 129.378 37.0214 26.709 21.2931
internal_count=2829 363 2466 2406 590 419 345
cat_boundaries=0 1
cat_threshold=136
is_linear=0
shrinkage=0.03


Tree=53
num_leaves=8
num_cat=0
split_feature=0 2 4 32 3 18 22
split_gain=7.95089 5.03827 4.99007 4.72672 3.55956 3.55798 3.54298
threshold=0.24026764920318064 -0.95840954017402014 0.21343005710966814 8.9100106325661006 -0.47053662675759106 0.55063728013574442 268.50000000000006
decision_type=10 10 8 10 10 8 2
left_child=1 4 -2 -3 -1 -6 -5
right_child=2 3 -4 6 5 -7 -8
leaf_value=0.0026835779110255206 -0.002948533254337444 0.016852363302354314 0.017992482810123223 -0.0059806188314923897 0.0041743655458752202 -0.014452935719479998 0.0072756665251906437
leaf_weight=16.304729927331209 10.156180012971161 9.6046018637716752 26.279733173549175 37.41354912891984 6.1647676341235629 41.909326430410147 21.968724507838488
leaf_count=323 132 142 218 647 133 865 340
internal_value=0.00126197 -0.00218485 0.0123378 0.00315795 -0.00783356 -0.011542 -0.000572238
internal_weight=169.802 133.366 36.4359 68.9869 64.3788 48.0741 59.3823
internal_count=2800 2450 350 1129 1321 998 987
is_linear=0
shrinkage=0.03


Tree=54
num_leaves=8
num_cat=0
split_feature=4 18 17 18 4 6 21
split_gain=9.24525 12.2258 5.6894 3.4074 3.23358 3.12201 2.6367
threshold=0.11082581929922704 0.55063728013574442 0.2271843322843338 0.749687639074338 -0.24890699233591237 0.069691968037604607 0.59975000000000012
decision_type=10 8 10 10 8 8 2
left_child=3 -2 -3 -1 -5 -4 -6
right_child=1 2 5 4 6 -7 -8
leaf_value=-0.0089378227031302795 0.033517912734211418 -0.0073229244054334904 0.016576321171382146 0.013060950147071475 0.0051577839901874476 -0.0014961457731317645 -0.0071245705317110903
leaf_weight=58.621588442474604 7.0283927060663691 23.343612413853407 15.245136853307487 7.3609577044844627 17.537491660565138 9.5012274459004384 31.80059864372015
leaf_count=1189 58 297 116 147 301 81 612
internal_value=0.00040159 0.00979632 0.00177585 -0.00431127 0.000754005 0.0105091 -0.00238664
internal_weight=170.439 55.1184 48.09 115.321 56.699 24.7464 49.3381
internal_count=2801 552 494 2249 1060 197 913
is_linear=0
shrinkage=0.03


Tree=55
num_leaves=8
num_cat=1
split_feature=2 21 31 2 27 2 27
split_gain=6.37418 5.99304 3.43671 2.87379 5.94333 7.11939 4.9491
threshold=-0.12139816440845426 0.80720000000000014 0 -0.91403539186437344 0.21170000000000003 -4.3551199158998122 0.70085000000000008
decision_type=8 2 1 10 2 10 2
left_child=2 -2 3 4 5 -1 -5
right_child=1 -3 -4 6 -6 -7 -8
leaf_value=-0.0061821353075934837 0.020562638232281442 -0.0057515226392668003 -0.0067262514276990922 0.013217624010721817 -0.0095898208065979523 0.025362798350204347 -0.007520263513141185
leaf_weight=7.1347136572003365 14.544024728238584 6.4203385449945918 69.571579590439796 26.354039575904608 30.825685314834118 4.5070793963968736 7.7645970955491057
leaf_count=139 120 82 1263 394 608 73 131
internal_value=-0.000208766 0.0126233 -0.00270622 0.00165821 -0.00294609 0.0106227 0.00761005
internal_weight=167.122 20.9644 146.158 76.5861 42.4675 11.6418 34.1186
internal_count=2810 202 2608 1345 820 212 525
cat_boundaries=0 1
cat_threshold=12
is_linear=0
shrinkage=0.03


Tree=56
num_leaves=8
num_cat=0
split_feature=0 29 22 1 32 29 18
split_gain=12.5778 4.35129 5.98556 3.4875 4.08094 3.48445 3.20777
threshold=0.091067126322135164 15.500000000000002 130.50000000000003 -0.70071747366740322 9.8448600845764549 31.500000000000004 0.53904297135676515
decision_type=10 2 2 8 10 2 8
left_child=3 -2 -3 4 5 -1 -5
right_child=1 2 -4 6 -6 -7 -8
leaf_value=0.016889707211033285 0.019226463666054898 -0.008602014181814114 0.0091778022464035301 0.0037274378107040114 -0.0065498421932605137 -0.0056161532048826356 -0.01376966672706989
leaf_weight=9.7800557352602464 17.919335905462503 17.490279145538807 43.094494342803955 6.2843187712132922 24.058296170085669 3.4629909768700591 48.362586323171854
leaf_count=180 213 229 502 126 501 78 995
internal_value=0.000202293 0.00864704 0.00342157 -0.00697266 0 0.0103997 -0.011299
internal_weight=170.452 78.5041 60.5848 91.9482 37.3013 13.243 54.6469
internal_count=2824 944 731 1880 759 258 1121
is_linear=0
shrinkage=0.03


Tree=57
num_leaves=8
num_cat=1
split_feature=16 30 27 1 1 27 32
split_gain=14.57 6.75555 4.67617 3.68946 3.60319 3.54883 3.9691
threshold=-0.39037986359504989 0 0.44050000000000006 0.10382377478270928 0.90894899748892743 0.58900000000000008 10.001499986472195
decision_type=2 1 2 8 8 2 10
left_child=1 2 3 -1 -2 -3 -7
right_child=4 5 -4 -5 -6 6 -8
leaf_value=0.01888771409393707 0.017508941114516542 -0.014603354153078707 -0.0033448220295631487 -0.0022112654317365354 -0.00014648147842101516 0.011770213473844174 -0.0076582185799878135
leaf_weight=14.880195580422876 38.486296437680721 46.758623518049717 27.228077173233032 7.0852737762033966 11.089316375553606 6.9262528903782394 17.668207537382841
leaf_count=233 357 1098 449 128 146 106 318
internal_value=0.00127187 -0.00431425 0.00373496 0.012808 0.0138275 -0.0091832 -0.000180631
internal_weight=170.122 120.547 49.1935 21.9655 49.5756 71.3531 24.5945
internal_count=2835 2332 810 361 503 1522 424
cat_boundaries=0 1
cat_threshold=168
is_linear=0
shrinkage=0.03


Tree=58
num_leaves=8
num_cat=0
split_feature=4 5 16 0 32 2 27
split_gain=10.5587 5.75388 5.60175 3.74599 3.55826 3.28487 6.94738
threshold=0.18572957414461641 -0.30991265230219295 -0.64854664324855105 -0.070814431954184007 10.001499986472195 -1.0636431477588428 0.55510000000000004
decision_type=10 10 2 10 10 8 2
left_child=1 3 -2 4 -1 -3 -7
right_child=2 5 -4 -5 -6 6 -8
leaf_value=0.008152875506597948 -0.0041883347903709329 -0.01150779711109262 0.0188606960667458 0.017266336585323703 -0.010747160060245533 0.011757184222694003 -0.0074254809298646557
leaf_weight=10.662872660905128 7.903510980308055 42.628493394702673 31.298555750399828 10.692200791090725 9.0689542368054372 17.850342389196157 41.17033102363348
leaf_count=198 105 951 228 159 188 311 698
internal_value=0.00171379 -0.00240838 0.0139737 0.00758534 -0.000587293 -0.00587153 -0.000689132
internal_weight=171.275 132.073 39.2021 30.424 19.7318 101.649 59.0207
internal_count=2838 2505 333 545 386 1960 1009
is_linear=0
shrinkage=0.03


Tree=59
num_leaves=8
num_cat=1
split_feature=2 27 30 27 25 18 2
split_gain=9.5544 7.92494 5.93125 9.0987 6.7784 5.23293 5.11136
threshold=-0.12139816440845426 0.76330000000000009 0 0.55510000000000004 10.500000000000002 0.53904297135676515 -3.6371557987660106
decision_type=8 2 1 2 2 10 10
left_child=2 -2 3 4 -1 -4 -6
right_child=1 -3 5 -5 6 -7 -8
leaf_value=-0.0068764586598127767 0.025032360251936291 -0.0041766775913940884 0.0076211031487385221 -0.0093624465697701147 -0.0024850225240078986 -0.0093537434309499574 0.026409726135480746
leaf_weight=5.0442672148346928 14.874230798333885 8.817956514656542 12.345564782619475 14.05470525100827 4.2009664773941067 90.802460376173258 18.363332033157349
leaf_count=81 93 119 237 219 69 1725 257
internal_value=0.000328492 0.0153777 -0.00271166 0.00544295 0.0153399 -0.00622476 0.021297
internal_weight=168.503 23.6922 144.811 41.6633 27.6086 103.148 22.5643
internal_count=2800 212 2588 626 407 1962 326
cat_boundaries=0 1
cat_threshold=136
is_linear=0
shrinkage=0.03


Tree=60
num_leaves=8
num_cat=0
split_feature=2 27 6 27 2 6 6
split_gain=6.81045 7.46956 5.43728 6.9396 5.34268 4.50976 3.32947
threshold=-0.27171493735885749 0.72745000000000004 0.070842741664735018 0.21170000000000003 -4.3551199158998122 0.045566115129367681 0.056104277765816765
decision_type=8 2 8 2 10 10 10
left_child=2 -2 3 4 -1 -5 -7
right_child=1 -3 -4 5 -6 6 -8
leaf_value=-0.00031111169719851603 0.020784222211526968 -0.0024226348829539503 -0.0086912889607065457 -0.0082360095972834352 0.031224952343653183 0.013049691154624938 -0.001939477750960037
leaf_weight=6.2172715216875076 22.754748903214931 16.720147803425789 47.187325801700354 31.885323990136385 4.2636737413704378 17.138611856848001 21.645220920443535
leaf_count=124 148 241 917 583 62 310 394
internal_value=0.00213435 0.0118868 -0.00127684 0.00325932 0.0196694 -0.000736515 0.00546246
internal_weight=167.812 39.4749 128.337 81.1501 10.4809 70.6692 38.7838
internal_count=2779 389 2390 1473 186 1287 704
is_linear=0
shrinkage=0.03


Tree=61
num_leaves=8
num_cat=1
split_feature=2 21 30 1 16 4 22
split_gain=7.45587 9.08173 6.20297 7.20421 5.58073 4.63551 4.60089
threshold=-0.39926954780594753 0.84100000000000008 0 0.53118474423898643 -0.39037986359504989 -0.12263693616826953 85.500000000000014
decision_type=8 2 1 8 2 8 2
left_child=2 6 3 -1 5 -4 -2
right_child=1 -3 4 -5 -6 -7 -8
leaf_value=0.011770076224746667 -0.0027325973767783071 -0.010070586035550241 0.0010775376888782823 -0.010287839128295088 0.0041283597144105505 -0.017482900284884938 0.01961306614066172
leaf_weight=36.664711110293865 6.6611032523214808 9.2363948523998243 13.139035768806933 11.278357636183499 17.759895619004965 39.011572448536754 35.254013780504465
leaf_count=562 74 135 321 201 227 938 369
internal_value=0.00143668 0.0102229 -0.002665 0.00473703 -0.00753919 -0.013036 0.0158926
internal_weight=169.005 51.1515 117.854 47.9431 69.9105 52.1506 41.9151
internal_count=2827 578 2249 763 1486 1259 443
cat_boundaries=0 1
cat_threshold=168
is_linear=0
shrinkage=0.03


Tree=62
num_leaves=8
num_cat=1
split_feature=16 30 1 1 6 3 6
split_gain=7.34972 5.08361 6.38451 5.03338 3.7572 3.68768 3.58077
threshold=0.24435497365858791 0 0.53118474423898643 -1.3617152947239801 0.047747460872056259 -0.53614634806867123 0.096694690662783869
decision_type=2 1 8 10 10 10 10
left_child=1 2 3 5 -5 -1 -6
right_child=-2 -3 -4 4 6 -7 -8
leaf_value=0.0094163777578476996 0.016761195310884103 -0.0060130249800493356 -0.007684576556256738 0.00031365646818259734 0.024380684773203085 -0.010784393163041138 -0.00069688709531386095
leaf_weight=5.7176017276942757 14.93146478384733 80.00618070922792 20.95306583866477 13.912981253117321 19.704695286229256 11.621879510581492 4.359905455261468
leaf_count=89 121 1540 346 217 291 196 70
internal_value=0.000830501 -0.00134241 0.00375291 0.00933839 0.0146532 -0.00266146 0.0203291
internal_weight=171.208 156.276 76.2701 55.3171 37.9776 17.3395 24.0646
internal_count=2870 2749 1209 863 578 285 361
cat_boundaries=0 1
cat_threshold=169
is_linear=0
shrinkage=0.03


Tree=63
num_leaves=8
num_cat=0
split_feature=16 18 32 4 18 3 4
split_gain=5.93387 7.92708 5.33962 4.3783 3.91287 2.91515 2.89274
threshold=-0.70236073147940914 0.84865483533176989 10.001499986472195 0.05138984211368109 0.74018345143444264 -0.47053662675759106 0.029097825799776936
decision_type=2 10 10 8 10 10 8
left_child=2 3 4 -2 -1 -6 -4
right_child=1 -3 6 -5 5 -7 -8
leaf_value=-0.0066757217646012668 -0.0025463533238985455 -0.0060333465248581996 -0.0017699816186891892 0.016661949559395397 0.017798682123215521 0 -0.015548862858609316
leaf_weight=11.045308781787751 9.4088722579181177 21.546364489942789 34.063194075599313 43.909282714128494 11.800365947186945 14.06166819855571 22.917688446119428
leaf_count=230 188 273 745 452 207 280 448
internal_value=0.00142292 0.00738938 -0.00339404 0.0131377 0.00466233 0.0103808 -0.00877467
internal_weight=168.753 74.8645 93.8882 53.3182 36.9073 25.862 56.9809
internal_count=2823 913 1910 640 717 487 1193
is_linear=0
shrinkage=0.03


Tree=64
num_leaves=8
num_cat=1
split_feature=2 27 30 5 4 5 22
split_gain=10.6266 8.17958 7.39011 6.55284 4.70626 4.65308 4.4288
threshold=-0.39926954780594753 0.71520000000000017 0 0.20093875383498563 -0.27983439623801259 -0.0097672724554301819 198.50000000000003
decision_type=8 2 1 8 8 10 2
left_child=2 -2 3 5 -4 -1 -5
right_child=1 -3 4 6 -6 -7 -8
leaf_value=0.0038426328753678701 0.020792628654838299 -0.00096210616211376838 0.0069789053865812476 -0.00036791151974614825 -0.016554553849848712 -0.012011332500301453 0.021742331876946127
leaf_weight=31.538926515728235 30.106172729283571 23.013995878398418 3.6194064430892467 10.654630687087776 36.702564654871821 20.555168399587274 13.416157495230435
leaf_count=645 227 352 84 160 787 399 179
internal_value=0.00200595 0.0122298 -0.00302215 0.00268382 -0.0110411 -0.00292961 0.0138373
internal_weight=169.607 53.1202 116.487 76.1649 40.322 52.0941 24.0708
internal_count=2833 579 2254 1383 871 1044 339
cat_boundaries=0 1
cat_threshold=172
is_linear=0
shrinkage=0.03


Tree=65
num_leaves=8
num_cat=0
split_feature=2 27 4 4 2 27 2
split_gain=9.40997 11.954 4.97732 5.49911 5.35414 4.08191 5.67715
threshold=-0.39926954780594753 0.71520000000000017 0.30710162705722266 -0.12263693616826953 -1.2140138270881671 0.21170000000000003 -3.9996213253608861
decision_type=8 2 10 8 10 2 10
left_child=2 -2 3 4 -1 6 -5
right_child=1 -3 -4 5 -6 -7 -8
leaf_value=-0.0051096787411204986 0.021908586587710773 -0.0038145482179929471 0.013110572099931299 -0.0074127774113139071 0.017356478330741006 -0.011398544575506918 0.019807228601356103
leaf_weight=13.424535103142263 28.857460763305426 23.94380734488368 6.7781297378242007 9.1601828355342132 9.7012118659913522 73.02397533506155 3.5376793183386317
leaf_count=297 218 364 57 192 198 1423 55
internal_value=0.00135989 0.0110301 -0.00336275 -0.00534433 0.00587161 -0.00877309 0.00417071
internal_weight=168.427 52.8013 115.626 108.848 23.1257 85.7218 12.6979
internal_count=2804 582 2222 2165 495 1670 247
is_linear=0
shrinkage=0.03


Tree=66
num_leaves=8
num_cat=1
split_feature=18 4 2 27 30 4 25
split_gain=6.63078 6.08672 5.83483 8.46062 6.39603 3.60781 4.77495
threshold=0.53904297135676515 0.094181235280523426 -1.0169667466394263 0.55510000000000004 0 -0.050000244207981652 12.500000000000002
decision_type=8 10 10 2 1 10 2
left_child=1 -1 4 -4 -2 6 -5
right_child=2 -3 3 5 -6 -7 -8
leaf_value=-0.00020615506551531178 0.0043538387771164628 0.026232787115090566 0.014858165390592757 0.01569091832147361 -0.012524837454017182 -0.0090020010368743551 -0.0053081525151993502
leaf_weight=12.819165509194137 21.673936676234007 8.2016962319612485 28.158657725900412 9.4831237234175223 43.234252613037825 32.72073296085 14.192958723753689
leaf_count=264 327 68 371 160 958 439 248
internal_value=0.000777179 0.0139804 -0.00160043 0.00337318 -0.00794445 -0.00326174 0.00446781
internal_weight=170.485 21.0209 149.464 84.5555 64.9082 56.3968 23.6761
internal_count=2835 332 2503 1218 1285 847 408
cat_boundaries=0 1
cat_threshold=136
is_linear=0
shrinkage=0.03


Tree=67
num_leaves=8
num_cat=0
split_feature=4 18 25 4 2 27 2
split_gain=8.15926 5.44388 4.26019 3.92001 3.72265 8.12845 5.34493
threshold=0.1231859328481812 0.5592558440817349 9.5000000000000018 0.30710162705722266 -1.0636431477588428 0.71520000000000017 -0.30307454926889665
decision_type=10 8 2 8 8 2 10
left_child=4 -2 -3 -4 -1 6 -6
right_child=1 2 3 -5 5 -7 -8
leaf_value=-0.0082189935426361278 0.025912662590039853 -0.0081825720006246192 0.00032735550070692708 0.019140600042610336 0.0016476939530873571 -0.011992209210088972 0.023397613836403111
leaf_weight=52.215255411341786 8.1632513999938947 10.753559462726114 24.927828535437587 11.155308723449702 38.330603484064341 17.696686774492264 7.6262696981430045
leaf_count=1186 61 112 259 78 732 345 55
internal_value=0.00165871 0.0104413 0.00408432 0.00890189 -0.00279419 0.00186726 0.00846891
internal_weight=170.869 54.9999 46.8367 36.0831 115.869 63.6536 45.9569
internal_count=2828 510 449 337 2318 1132 787
is_linear=0
shrinkage=0.03


Tree=68
num_leaves=8
num_cat=0
split_feature=0 5 5 1 18 1 27
split_gain=8.26816 5.70327 3.51807 3.15864 3.7477 3.10916 2.96876
threshold=0.10045643443870157 -0.30991265230219295 0.30212397473794944 -1.3617152947239801 0.84865483533176989 0.79992565249819836 0.71520000000000017
decision_type=10 8 8 10 10 10 2
left_child=1 -1 -3 -2 6 -6 -5
right_child=3 2 -4 4 5 -7 -8
leaf_value=0.0084675665424222991 -0.0020336126897908067 -0.01039291005789583 0.0047321821236435057 0.018906998289467163 0.0069951419967064421 -0.010960027621433147 -0.00040350421571980747
leaf_weight=17.231874471530318 15.700936760753391 64.809208383783698 10.652909452095626 33.622478246688843 15.800253946334125 5.6015618927776805 6.4507782757282248
leaf_count=343 196 1417 187 360 199 70 66
internal_value=0.00157734 -0.0042185 -0.00782907 0.00845707 0.011278 8.20583e-05 0.0159366
internal_weight=169.87 92.694 75.4621 77.176 61.4751 21.4018 40.0733
internal_count=2838 1947 1604 891 695 269 426
is_linear=0
shrinkage=0.03


Tree=69
num_leaves=8
num_cat=0
split_feature=4 22 27 27 25 32 21
split_gain=5.98923 4.30703 3.12537 3.41477 6.8282 3.12205 2.93176
threshold=0.18572957414461641 212.50000000000003 0.51285000000000014 0.61830000000000018 20.500000000000004 12.051687750503712 0.55100000000000005
decision_type=10 2 2 2 2 8 2
left_child=1 6 -3 4 -4 -5 -1
right_child=-2 2 3 5 -6 -7 -8
leaf_value=0.0050666527512991449 0.010459903147247812 -0.0026681951451713944 0.028194140775022743 -0.007127772443212119 -0.0051640007630790455 0.010629905318024475 -0.0094239733651502611
leaf_weight=8.7486127410083991 39.466447062790394 33.071663876995444 7.345476331189273 13.298682909458877 4.3053266555070877 7.2906464859843245 57.02727872505784
leaf_count=161 325 687 121 218 83 108 1154
internal_value=0.00125332 -0.00185286 0.00327705 0.00906642 0.01802 0 -0.00695289
internal_weight=170.554 131.088 65.3118 32.2401 11.6508 20.5893 65.7759
internal_count=2857 2532 1217 530 204 326 1315
is_linear=0
shrinkage=0.03


Tree=70
num_leaves=8
num_cat=0
split_feature=2 7 3 22 32 1 0
split_gain=5.19356 6.44163 4.21656 3.67261 2.43992 4.24334 3.26244
threshold=-0.91403539186437344 0.166547824097529 0.58983932791917493 62.500000000000007 10.1906799100543 0.45738864630883097 0.16962795691237395
decision_type=10 8 8 2 10 10 10
left_child=2 -2 -1 -3 -5 -6 -7
right_child=1 3 -4 4 5 6 -8
leaf_value=-0.008797275909088324 -0.010749396232136835 -0.0048999719699978975 0.0064763821116324656 0.016461181337597108 -0.0032468547411757366 0 0.021676754916192309
leaf_weight=63.86100454442203 12.935515142977236 11.088662497699259 13.552456110715864 27.520378079265356 25.597882617264986 9.412303641438486 7.3265882879495612
leaf_count=1308 234 162 229 345 374 163 56
internal_value=-5.97542e-05 0.00443541 -0.00559161 0.00777923 0.0102812 0.00398826 0.0131309
internal_weight=171.295 93.8813 77.4135 80.9458 69.8572 42.3368 16.7389
internal_count=2871 1334 1537 1100 938 593 219
is_linear=0
shrinkage=0.03


Tree=71
num_leaves=8
num_cat=0
split_feature=18 5 0 4 5 22 6
split_gain=7.9045 7.06471 6.59064 5.55656 4.34234 4.0437 4.06201
threshold=0.53904297135676515 -0.38529363583507981 -0.58984806769140952 0.35013106303184444 -0.12153552059407646 268.50000000000006 0.042928030333116964
decision_type=8 10 10 10 10 2 8
left_child=4 2 -2 5 -1 6 -3
right_child=1 3 -4 -5 -6 -7 -8
leaf_value=-0.0032317815802102704 -0.0089457323677545574 0.0013960091139350534 0.017901904561605508 0.012004090213716467 0.021831945624876625 0.0010114115508067735 -0.013636504970743405
leaf_weight=4.5990264676511314 5.0401010364294079 17.623902363702655 21.126701291650534 9.5900492034852487 16.13192842155695 42.000156622380018 54.617600744590163
leaf_count=101 96 329 356 64 232 691 981
internal_value=0.00195552 -0.00067482 0.0114079 -0.00387912 0.016398 -0.00603349 -0.0100087
internal_weight=170.729 149.999 26.1668 123.832 20.731 114.242 72.2415
internal_count=2850 2517 452 2065 333 2001 1310
is_linear=0
shrinkage=0.03


Tree=72
num_leaves=8
num_cat=0
split_feature=2 32 32 2 6 6 21
split_gain=6.10783 5.12638 4.57718 4.53337 4.01072 5.79595 3.21027
threshold=-0.12139816440845426 10.1906799100543 11.44995051986016 -4.3551199158998122 0.053638216502319036 0.047747460872056259 0.64095000000000013
decision_type=8 10 8 10 8 10 2
left_child=1 3 -2 -1 5 -3 -5
right_child=2 4 -4 6 -6 -7 -8
leaf_value=-0.010417071051414834 0 -0.0052539478118712526 0.023602054328630623 0.015373358348400505 -0.010787012281390002 0.017293376181295325 0.0015403032284787795
leaf_weight=7.2871000934392205 13.218932319432499 24.129064029082659 9.8939155377447587 21.294517109170556 47.449454421177506 6.9559873268008223 41.27954088523984
leaf_count=147 105 462 98 338 897 117 670
internal_value=0.00158926 -0.000807472 0.0137104 0.00471369 -0.00587394 0.00191467 0.0076694
internal_weight=171.509 148.396 23.1128 69.8612 78.5345 31.0851 62.5741
internal_count=2834 2631 203 1155 1476 579 1008
is_linear=0
shrinkage=0.03


Tree=73
num_leaves=8
num_cat=1
split_feature=4 5 18 0 17 30 28
split_gain=5.63296 7.14143 4.94411 4.67313 4.0427 2.92474 4.73917
threshold=0.14668392030419972 -0.30991265230219295 0.5592558440817349 -0.31562112598791919 0.2271843322843338 0 -1.0000000180025095e-35
decision_type=10 10 10 10 10 1 2
left_child=1 3 -2 -1 -4 6 -3
right_child=2 5 4 -5 -6 -7 -8
leaf_value=-0.0042749014985795737 0.023638415847383659 -0.0093408417949661423 -0.0067493829049467494 0.015605524664474025 0.0091025953087374972 -0.0091044208396386817 0.012341377724879159
leaf_weight=11.47345580533147 7.1403039880096904 7.9731966480612781 16.78261087462306 18.770256573334336 26.255039680749178 66.912660416215658 12.810595758259295
leaf_count=224 47 152 199 308 189 1478 211
internal_value=0.000888607 -0.00262772 0.00863618 0.00835475 0.00253817 -0.00695378 0.00238833
internal_weight=168.118 117.94 50.178 30.2437 43.0377 87.6965 20.7838
internal_count=2808 2373 435 532 388 1841 363
cat_boundaries=0 1
cat_threshold=40
is_linear=0
shrinkage=0.03


Tree=74
num_leaves=8
num_cat=0
split_feature=2 4 21 21 1 3 25
split_gain=7.10861 3.17589 3.8169 3.08438 2.65166 2.40701 2.27001
threshold=-0.12139816440845426 0.18572957414461641 0.66905000000000014 0.80720000000000014 -10.577012419508245 -0.81575266317193784 9.5000000000000018
decision_type=10 10 2 2 8 8 2
left_child=1 4 -3 -2 -1 -6 -7
right_child=3 2 -4 -5 5 6 -8
leaf_value=0.0092538498735420995 0.019419342118661583 0.015792625613919972 -0.0020874378479792594 -0.000845561033004592 0.006367487084828898 0 -0.0094105375408907923
leaf_weight=3.6738347094506025 13.946196224540474 9.3489464893937129 21.168411072343588 6.8838911838829508 6.1139958146959543 28.373777618631721 79.523893773555756
leaf_count=80 106 80 190 88 121 559 1606
internal_value=6.35027e-05 -0.00238378 0.00514309 0.0138257 -0.00465807 -0.00580665 -0.00701783
internal_weight=169.033 148.203 30.5174 20.8301 117.686 114.012 107.898
internal_count=2830 2636 270 194 2366 2286 2165
is_linear=0
shrinkage=0.03


Tree=75
num_leaves=8
num_cat=0
split_feature=6 22 0 27 7 21 29
split_gain=5.63546 5.43896 5.17718 4.31606 3.8452 2.72232 2.68459
threshold=0.064870592930269019 262.50000000000006 0.017117935888965378 0.71520000000000017 -0.024811380108601861 0.55100000000000005 44.500000000000007
decision_type=8 2 10 2 8 2 2
left_child=3 5 -3 4 -1 -2 -6
right_child=1 2 -4 -5 6 -7 -8
leaf_value=-0.0077732696663342675 0.0036446339177374381 -0.0064262844130642694 0.014563819542564178 -0.0055850814003219045 0.013205687861357718 -0.012051306394963377 -0.0010220468425465015
leaf_weight=4.4315112419426441 6.7633164059370747 11.993449645116927 15.038490692153571 15.324006155133246 62.995444357395172 43.663311786949635 10.743274785578249
leaf_count=95 106 254 195 256 999 780 198
internal_value=0.00159108 -0.00405762 0.00548199 0.00636969 0.00918825 -0.00947862 0.0110521
internal_weight=170.953 77.4586 27.0319 93.4942 78.1702 50.4266 73.7387
internal_count=2883 1335 449 1548 1292 886 1197
is_linear=0
shrinkage=0.03


Tree=76
num_leaves=8
num_cat=1
split_feature=2 27 30 27 1 22 18
split_gain=5.02016 9.69674 8.32072 7.03084 4.4406 3.33923 3.01923
threshold=-0.91403539186437344 0.71520000000000017 0 0.29775000000000007 0.10382377478270928 32.500000000000007 0.83655308509019533
decision_type=10 2 1 2 8 2 10
left_child=2 5 3 4 -1 -2 -3
right_child=1 6 -4 -5 -6 -7 -8
leaf_value=0.026358602509331849 -0.0039751796697786758 -0.013609421263188126 -0.010838835051817954 -0.004493427788883563 -0.00059159010851937309 0.013609116141918991 0.0037900965631015161
leaf_weight=9.2496569454669917 6.2471753880381575 17.103773858398203 42.676836984232068 17.879905086010695 6.0313272327184686 60.882915329188108 7.8246047608554354
leaf_count=123 80 290 1003 295 98 802 124
internal_value=0.00128797 0.00583788 -0.00408622 0.00586555 0.0185291 0.011524 -0.00809852
internal_weight=167.896 92.0585 75.8377 33.1609 15.281 67.1301 24.9284
internal_count=2815 1296 1519 516 221 882 414
cat_boundaries=0 1
cat_threshold=168
is_linear=0
shrinkage=0.03


Tree=77
num_leaves=8
num_cat=2
split_feature=16 5 29 30 30 2 32
split_gain=6.97085 5.20527 5.26817 3.73709 3.42217 4.62223 4.06108
threshold=-0.70236073147940914 0.058905012780844167 16.500000000000004 0 1 -0.43202764606913518 10.768579810257661
decision_type=2 8 2 1 1 10 10
left_child=4 -2 -3 -4 6 -6 -1
right_child=1 2 3 -5 5 -7 -8
leaf_value=0.0095654649471251778 0.020119933811506847 0.014394172735697904 0.0040086351833310569 -0.0088105282789828678 -0.013632578705366792 0.0035380373212241288 -0.0070957241991744958
leaf_weight=24.91040737554431 15.052642559632657 15.700950555503367 27.948916394263506 20.096686467528343 39.266537496820092 14.417278919368981 13.770762369036673
leaf_count=395 232 167 302 232 1044 229 269
internal_value=0.00147232 0.00770184 0.00264397 -0.00243479 -0.0038831 -0.0076733 0.00256389
internal_weight=171.164 78.7992 63.7466 48.0456 92.365 53.6838 38.6812
internal_count=2870 933 701 534 1937 1273 664
cat_boundaries=0 1 2
cat_threshold=140 168
is_linear=0
shrinkage=0.03


Tree=78
num_leaves=8
num_cat=0
split_feature=0 22 6 6 25 2 3
split_gain=7.55671 8.81554 5.98927 3.57021 3.48918 3.56214 4.71567
threshold=-0.018124759238594908 262.50000000000006 0.061083277684425945 0.056104277765816765 14.500000000000002 -0.39926954780594753 -0.39401227958194901
decision_type=10 2 10 10 2 10 8
left_child=4 3 -3 -2 -1 6 -6
right_child=1 2 -4 -5 5 -7 -8
leaf_value=-0.014219613953057531 0.0055976886123248592 0.0018634937359803432 0.024451184843548628 -0.0069081925710933302 0.0084092306819365751 0.012450399781333363 -0.011684157271960104
leaf_weight=24.30492053553462 28.727540528401732 21.890364801511168 19.794499337673187 37.793895455077291 8.4008371140807849 6.0545318946242324 22.13112967833877
leaf_count=526 398 272 257 551 175 100 542
internal_value=0.000796328 0.00550353 0.0151014 -0.00128505 -0.00701854 -0.000205306 -0.00516814
internal_weight=169.098 108.206 41.6849 66.5214 60.8914 36.5865 30.532
internal_count=2821 1478 529 949 1343 817 717
is_linear=0
shrinkage=0.03


Tree=79
num_leaves=8
num_cat=0
split_feature=27 2 4 27 2 6 6
split_gain=4.97563 13.6261 5.31729 7.83236 7.98522 3.91013 3.48805
threshold=0.71520000000000017 -0.30307454926889665 -0.12263693616826953 0.21170000000000003 -3.9996213253608861 0.066269824278548564 0.046650734569235998
decision_type=2 10 8 2 8 10 8
left_child=1 2 5 4 -4 6 -1
right_child=-2 -3 3 -5 -6 -7 -8
leaf_value=0 -0.010360502328306882 0.02029839369984696 -0.0052875643082110381 -0.0087626397456742403 0.02572376695147088 -0.0030037725118119874 0.025356475984389205
leaf_weight=6.0565262772142896 25.610887166112661 22.757452070713043 9.9747708290815336 83.936719158664346 6.1244979165494469 9.7604769635945541 6.110389795154334
leaf_count=132 427 133 210 1530 70 220 117
internal_value=7.53261e-06 0.00238716 -0.00188328 -0.00497349 0.0105104 0.00927438 0.0171522
internal_weight=170.332 144.721 121.963 100.036 16.0993 21.9274 12.1669
internal_count=2839 2412 2279 1810 280 469 249
is_linear=0
shrinkage=0.03


Tree=80
num_leaves=8
num_cat=0
split_feature=0 29 22 25 27 3 5
split_gain=4.12552 6.96325 5.06043 3.91491 3.53123 5.20483 4.33576
threshold=-0.0097751738381945934 15.500000000000002 243.50000000000003 30.500000000000004 0.58900000000000008 -0.39401227958194901 0.13435532197577618
decision_type=10 2 2 2 2 8 10
left_child=4 3 -3 -2 5 -1 -7
right_child=1 2 -4 -5 -6 6 -8
leaf_value=0.0055099469452540885 0.02024230778348152 -0.0065626315070095205 0.0072828282528884757 -0.0026853352487153327 0.0039482310494099665 -0.017850417720836485 0.0061938921025383141
leaf_weight=10.482043258845804 21.561556478962306 43.953649936243892 35.694261351600289 5.0615032166242591 21.856549471616745 29.02261278219521 3.0544889308512202
leaf_count=225 280 648 434 75 413 712 72
internal_value=0.00102359 0.00459946 -8.82492e-05 0.0158368 -0.00452503 -0.0091094 -0.0144072
internal_weight=170.687 106.271 79.6479 26.6231 64.4157 42.5591 32.0771
internal_count=2859 1437 1082 355 1422 1009 784
is_linear=0
shrinkage=0.03


Tree=81
num_leaves=8
num_cat=0
split_feature=18 4 18 16 22 22 3
split_gain=6.51831 4.16158 3.88731 5.54906 4.97175 4.90424 4.48671
threshold=0.53904297135676515 0.094181235280523426 0.749687639074338 -0.72998160368801457 238.50000000000003 157.50000000000003 0.022899688322283871
decision_type=8 10 10 2 2 2 8
left_child=1 -1 3 -2 5 6 -4
right_child=2 -3 4 -5 -6 -7 -8
leaf_value=0.00074249586535356737 -0.012588876713358385 0.025867088969803751 0.015990281170842151 0.0030438276126810012 0.011443917316490148 -0.013071689351226434 -0.0032805677287302236
leaf_weight=12.187639582902195 32.680728008970618 8.1765587814152223 9.5242460928857327 33.750229079276323 37.002994289621711 14.821154812350867 20.933844653889537
leaf_count=258 750 65 202 405 578 251 326
internal_value=0.00262813 0.0158097 1.24655e-05 -0.00497164 0.00428653 -0.00212114 0.00442815
internal_weight=169.077 20.3642 148.713 66.431 82.2822 45.2792 30.4581
internal_count=2835 323 2512 1155 1357 779 528
is_linear=0
shrinkage=0.03


Tree=82
num_leaves=8
num_cat=1
split_feature=18 21 30 1 1 4 18
split_gain=8.35848 5.21947 4.80671 3.86677 5.30668 3.93006 3.36413
threshold=0.53904297135676515 0.82135000000000014 0 0.22248920455378104 -1.6417636932737176 -0.15762898204123774 0.48408655777444304
decision_type=8 2 1 8 10 8 10
left_child=1 6 3 4 -2 -6 -1
right_child=2 -3 -4 -5 5 -7 -8
leaf_value=0.00073004487807852624 -0.0015966912220634327 -0.0046529168314313309 -0.0058692614228218563 -0.0024758220974702562 -0.003364736747729742 0.019410759485286016 0.029537576769810055
leaf_weight=6.4140362944454017 21.944085566326976 3.9319830164313307 57.990162972360849 37.454819621518254 4.536165002733469 26.973692109808329 10.743045723065732
leaf_count=115 401 65 1042 613 83 382 151
internal_value=0.00277523 0.0174852 0 0.00396052 0.00909419 0.0157349 0.0230212
internal_weight=169.988 21.0891 148.899 90.9088 53.4539 31.5099 17.1571
internal_count=2852 331 2521 1479 866 465 266
cat_boundaries=0 1
cat_threshold=142
is_linear=0
shrinkage=0.03


Tree=83
num_leaves=8
num_cat=1
split_feature=21 2 1 30 27 1 27
split_gain=5.80597 7.34892 6.0896 5.25344 4.02524 3.42045 3.23844
threshold=0.84100000000000008 -0.24010858262232684 0.049970971763623979 0 0.61830000000000018 -2.235303652665904 0.76330000000000009
decision_type=2 8 8 1 2 10 2
left_child=1 2 3 -1 5 -5 -3
right_child=-2 6 -4 4 -6 -7 -8
leaf_value=-0.0052898800231177935 -0.012464764388994139 0.020133562270982897 -0.0066948147159721664 0.00066954390345356205 -0.0035651463552280292 0.01980313565549937 0
leaf_weight=18.514796860516075 14.493605671450494 21.167223408818248 55.640471357852221 13.972888303920625 8.7342245951294881 27.451622288674116 9.8154981918632966
leaf_count=395 264 130 1051 280 148 447 137
internal_value=0.00178196 0.00374896 5.95937e-05 0.0058553 0.00964081 0.0148057 0.0151171
internal_weight=169.79 155.297 124.314 68.6735 50.1587 41.4245 30.9827
internal_count=2852 2588 2321 1270 875 727 267
cat_boundaries=0 1
cat_threshold=81
is_linear=0
shrinkage=0.03


Tree=84
num_leaves=8
num_cat=0
split_feature=0 22 4 32 25 25 0
split_gain=5.58771 4.9523 6.26996 3.92933 4.4226 3.32017 3.43025
threshold=-0.018124759238594908 268.50000000000006 0.35013106303184444 9.4052107756448216 16.500000000000004 4.5000000000000009 0.017117935888965378
decision_type=10 2 10 10 2 2 10
left_child=3 2 5 4 -1 -2 -7
right_child=1 -3 -4 -5 -6 6 -8
leaf_value=-0.0073280762541717672 0.01008940268472951 0.012948203162381983 0.017206032690470881 -0.0093219568987914399 0.014510214624630272 0.0086495372745830548 -0.0089459302341960943
leaf_weight=7.794816572219136 5.4837006367743006 42.366652347147465 8.1534891687333566 44.073655234649777 10.021327635273336 4.577312806621193 49.829435609281063
leaf_count=153 98 516 48 1006 206 99 730
internal_value=0.0018464 0.00580681 0.000268658 -0.00486023 0.00506457 -0.00357204 -0.00630621
internal_weight=172.3 110.411 68.0439 61.8898 17.8161 59.8904 54.4067
internal_count=2856 1491 975 1365 359 927 829
is_linear=0
shrinkage=0.03


Tree=85
num_leaves=8
num_cat=0
split_feature=2 27 27 2 0 6 2
split_gain=5.07471 7.46063 4.95556 7.44283 4.07819 5.25769 3.8589
threshold=-0.91403539186437344 0.71520000000000017 0.22660000000000005 -4.3551199158998122 0.3354629038381613 0.094141660414923473 -0.12139816440845426
decision_type=8 2 2 10 8 10 10
left_child=2 4 3 -1 5 -2 -3
right_child=1 6 -4 -5 -6 -7 -8
leaf_value=-0.0079455140174961771 0.017192498169488566 -0.014258394308407366 -0.0088520890803666305 0.019294768601294698 -0.0029595654119920979 -0.0034181974850805799 0.0042648688904919196
leaf_weight=10.77180332504213 48.983456512913108 14.036921638995411 52.672193991020322 9.8701132107526046 11.844718128442763 9.4994598198682052 11.763335157185791
leaf_count=237 653 276 1112 156 89 158 141
internal_value=0.00137954 0.00577383 -0.00419887 0.00630712 0.0106111 0.0136106 -0.00635862
internal_weight=169.442 96.1279 73.3141 20.6419 70.3276 58.4829 25.8003
internal_count=2822 1317 1505 393 900 811 417
is_linear=0
shrinkage=0.03


Tree=86
num_leaves=8
num_cat=1
split_feature=18 31 2 1 27 2 27
split_gain=6.09363 5.65951 6.99188 6.70378 5.13699 5.72194 4.95134
threshold=0.53904297135676515 0 -0.91403539186437344 -6.9671685148573284 0.21170000000000003 -3.9996213253608861 0.68525000000000003
decision_type=8 1 10 8 2 10 2
left_child=-1 2 4 -3 5 -2 -4
right_child=1 3 6 -5 -6 -7 -8
leaf_value=0.01396475069345712 -0.004713607488192488 0.014478443571836763 0.018170586152429179 -0.010017777757975422 -0.010505290428405673 0.022843633905237637 -0.0021253370978035709
leaf_weight=21.831639219075441 9.3587737418711168 4.0162655506283045 28.22390359826386 65.838092444464564 26.680098185315728 3.877216422930359 11.481196045875548
leaf_count=337 177 68 359 1153 551 48 174
internal_value=0.00154959 -0.00078577 0.00422016 -0.00626852 -0.00364863 0.00821701 0.0126151
internal_weight=171.307 149.476 79.6212 69.8544 39.9161 13.236 39.7051
internal_count=2867 2530 1309 1221 776 225 533
cat_boundaries=0 1
cat_threshold=12
is_linear=0
shrinkage=0.03


Tree=87
num_leaves=8
num_cat=0
split_feature=7 21 2 21 29 18 22
split_gain=4.70759 5.08741 6.2889 4.40415 3.06904 2.11909 3.68045
threshold=-1.0000000180025095e-35 0.76805000000000012 -0.24010858262232684 0.88365000000000016 30.500000000000004 0.749687639074338 238.50000000000003
decision_type=8 2 8 2 2 10 2
left_child=-1 2 4 -3 5 -2 -7
right_child=1 3 -4 -5 -6 6 -8
leaf_value=-0.01141757699795754 -0.0037046748979045279 0.017069492775341238 0.013003889030625148 -0.0056391108268604127 -0.0088732081391807126 -0.0025785221199435236 0.013502340265902048
leaf_weight=11.103420006111262 31.509301790967584 29.884527618065476 22.757074490189552 4.3827078584581605 33.046056577935815 19.137798087671399 17.325856836512685
leaf_count=255 574 463 171 71 684 341 274
internal_value=0.00268192 0.0042652 0.000996882 0.0132926 -0.00232617 0.00125852 0.00577962
internal_weight=169.147 158.043 123.776 34.2672 101.019 67.973 36.4637
internal_count=2833 2578 2044 534 1873 1189 615
is_linear=0
shrinkage=0.03


Tree=88
num_leaves=8
num_cat=0
split_feature=18 18 6 3 6 29 2
split_gain=3.72801 7.41657 3.98982 5.46595 2.73414 2.67702 2.63773
threshold=0.53904297135676515 0.50011865699514235 0.10278082437300369 0.58983932791917493 0.039591175891329711 16.500000000000004 -1.1602033170970538
decision_type=8 10 8 8 10 2 10
left_child=1 -1 3 6 -5 -4 -2
right_child=2 -3 5 4 -6 -7 -8
leaf_value=-0.0043033016511848715 -0.00708226816115192 0.02311756487879214 0.002415730960083907 -0.0022250506203520199 0.017277407225081223 -0.016292839281829355 0.0018481846112704285
leaf_weight=11.747564295306804 39.975377533584833 10.31943456083536 5.5522441174834993 4.8491209335625198 16.296016110107303 13.762214198708532 68.076306266710162
leaf_count=197 866 142 84 71 234 243 1024
internal_value=0.00108469 0.01076 -0.000733614 0.0012902 0.0129072 -0.0112332 -0.00158698
internal_weight=170.578 22.067 148.511 129.197 21.1451 19.3145 108.052
internal_count=2861 339 2522 2195 305 327 1890
is_linear=0
shrinkage=0.03


Tree=89
num_leaves=8
num_cat=1
split_feature=22 16 29 30 3 6 16
split_gain=5.02863 4.20299 5.89604 3.50441 3.99912 3.44982 3.37783
threshold=238.50000000000003 -0.39037986359504989 16.500000000000004 0 0.13074601924416843 0.047747460872056259 -1.8670651274979286
decision_type=2 2 2 1 8 8 2
left_child=1 3 -3 4 5 -1 -2
right_child=6 2 -4 -5 -6 -7 -8
leaf_value=-0.0043736329541146854 -0.0074281910566479561 0.019219162500843288 -0.0033433355622960346 -0.0097986156456248107 -0.008365061155246812 0.018134312937673227 0.0093111952845392788
leaf_weight=4.0422311257570955 5.5017197038978329 8.811112795025112 20.402994906529784 44.857622774317861 7.1476496458053616 9.8190179206430912 70.787635875865817
leaf_count=94 120 74 215 956 134 199 1059
internal_value=0.00191942 -0.00251285 0.00572726 -0.00659516 0.00291616 0.0116859 0.00733561
internal_weight=171.37 95.0806 29.2141 65.8665 21.0089 13.8612 76.2894
internal_count=2851 1672 289 1383 427 293 1179
cat_boundaries=0 1
cat_threshold=25
is_linear=0
shrinkage=0.03


Tree=90
num_leaves=8
num_cat=0
split_feature=4 22 0 4 26 1 20
split_gain=3.43967 2.69312 6.73096 4.02033 2.92638 2.40843 2.151
threshold=0.30710162705722266 268.50000000000006 -0.070814431954184007 -0.12263693616826953 1.5000000000000002 -0.07137202281186715 6.5000000000000009
decision_type=10 2 10 8 2 10 2
left_child=1 3 -3 5 -4 -1 -5
right_child=-2 2 4 6 -6 -7 -8
leaf_value=0.012971754433591963 0.009635850631706749 -0.010166351262105092 0.01724301253754007 0 0.0012398128723817689 -0.0038519472206224553 -0.010626195090347297
leaf_weight=8.7398486584424955 17.442767675966024 16.868146046996117 13.84216785058379 21.208642007783055 26.334365513175726 7.0628267116844645 58.091959945857525
leaf_count=195 113 365 185 374 368 166 1073
internal_value=-0.000529109 -0.00221125 0.00255785 -0.00519384 0.00901254 0.00605495 -0.00795672
internal_weight=169.591 152.148 57.0447 95.1033 40.1765 15.8027 79.3006
internal_count=2839 2726 918 1808 553 361 1447
is_linear=0
shrinkage=0.03


Tree=91
num_leaves=8
num_cat=1
split_feature=16 1 22 18 18 30 16
split_gain=5.18628 4.06089 2.68241 4.05807 3.92597 4.05231 3.37603
threshold=-1.1155180317065569 0.90894899748892743 250.50000000000003 0.749687639074338 0.83655308509019533 0 0.24435497365858791
decision_type=2 8 2 10 10 1 2
left_child=-1 2 4 -4 5 -2 -7
right_child=1 -3 3 -5 -6 6 -8
leaf_value=-0.0065989869885733667 0.012380788829259292 -0.0060005820872871107 0.0011720329538263642 0.019662573446698719 -0.0078817782569393872 -0.0098842486392380254 0.0095274895154150319
leaf_weight=51.389458084478974 17.6179154291749 20.743101518601179 22.276075353845954 19.510498780757189 17.067490264773369 16.441338613629345 4.0238246247172347
leaf_count=1160 250 348 287 246 262 281 28
internal_value=0.000640427 0.00413995 0.00674486 0.0118789 0.00160528 0.00681271 -0.00291244
internal_weight=169.07 117.68 96.9371 41.7866 55.1506 38.0831 20.4652
internal_count=2862 1702 1354 533 821 559 309
cat_boundaries=0 1
cat_threshold=153
is_linear=0
shrinkage=0.03


Tree=92
num_leaves=8
num_cat=1
split_feature=2 7 23 16 4 30 1
split_gain=6.31755 6.52761 4.19442 3.27959 3.23062 2.77978 3.32068
threshold=-0.27171493735885749 0.016188784901416637 1.0000000180025095e-35 -0.80831610572699164 -0.12263693616826953 0 0.53118474423898643
decision_type=8 10 2 2 8 1 8
left_child=1 4 -2 -4 -1 6 -6
right_child=2 -3 3 -5 5 -7 -8
leaf_value=0.003148458177980418 -0.0064716066263956389 0.01289603187535707 0 0.017652422297023632 0.0041036383175854152 -0.01177793923165078 -0.010834494236914054
leaf_weight=22.985315892845392 6.5214947238564482 11.731910169124601 11.719584368169306 25.527717091143131 33.427391527220607 47.202512046322227 11.640634542331098
leaf_count=517 78 189 154 180 518 1002 210
internal_value=0.000166028 -0.00317603 0.00914458 0.0128711 -0.00566455 -0.00808557 -0.000440688
internal_weight=170.757 126.988 43.7688 37.2473 115.256 92.2705 45.068
internal_count=2848 2436 412 334 2247 1730 728
cat_boundaries=0 1
cat_threshold=170
is_linear=0
shrinkage=0.03


Tree=93
num_leaves=8
num_cat=1
split_feature=7 2 27 2 7 32 30
split_gain=4.27411 3.87224 3.78659 3.86995 3.49531 3.44933 2.82436
threshold=0.016188784901416637 -1.6153538790784483 0.32880000000000004 -0.91403539186437344 0.16896802668429706 11.951378335098926 0
decision_type=8 8 2 10 8 8 1
left_child=-1 5 -3 6 -5 -2 -4
right_child=1 2 3 4 -6 -7 -8
leaf_value=-0.012900503640190509 -0.0097894706632276722 0.019759141933071975 0.0041119552602118387 -0.0090130652996491169 0.0071638954902449497 0.0070983890891793376 -0.010247443245593358
leaf_weight=12.635710563510655 32.285077517852187 5.2462042812257996 9.153221666812895 6.1493476778268814 82.18785809352994 7.3825655709952107 15.672473069280388
leaf_count=294 686 43 200 101 1086 153 308
internal_value=0 0.00157589 0.00432641 0.00222975 0.00522713 -0.00566796 -0.00665344
internal_weight=170.712 158.077 118.409 113.163 88.3372 39.6676 24.8257
internal_count=2871 2577 1738 1695 1187 839 508
cat_boundaries=0 1
cat_threshold=12
is_linear=0
shrinkage=0.03


Tree=94
num_leaves=8
num_cat=0
split_feature=21 18 21 4 22 6 22
split_gain=6.97205 5.11578 3.07356 3.0541 3.02278 4.41952 3.09982
threshold=0.85325000000000017 0.53904297135676515 0.76805000000000012 0.094181235280523426 257.50000000000006 0.053638216502319036 286.50000000000006
decision_type=2 8 2 10 2 8 2
left_child=1 3 4 -1 5 -3 -6
right_child=-2 2 -4 -5 6 -7 -8
leaf_value=0.0020345670382446203 -0.01422467048174578 0.004383607486098653 0.010173337578688027 0.026076770309499567 0.014263027913855862 -0.010387749331883793 0
leaf_weight=11.388852886855604 11.763634305447338 23.087877037003636 24.527862606570125 6.9151077084243289 11.96678229421377 36.776868347078562 41.480493685230613
leaf_count=232 219 417 412 51 162 674 651
internal_value=0.00260876 0.00459981 0.00203405 0.0168562 -0.000158861 -0.0046247 0.00454995
internal_weight=167.907 156.144 137.84 18.304 113.312 59.8647 53.4473
internal_count=2818 2599 2316 283 1904 1091 813
is_linear=0
shrinkage=0.03


Tree=95
num_leaves=8
num_cat=0
split_feature=2 3 2 21 2 6 0
split_gain=5.46525 3.99405 3.79992 4.64979 4.23527 3.33309 3.14434
threshold=-4.3551199158998122 0.58983932791917493 -0.95840954017402014 0.85325000000000017 -3.3166662454626539 0.1063127971192401 -0.14171106602665692
decision_type=10 8 10 2 10 8 8
left_child=-1 2 4 6 -2 -3 -4
right_child=1 5 3 -5 -6 -7 -8
leaf_value=-0.012803139980961836 0.0099453358681840034 0.01624695051653113 -0.0045600703296884279 -0.0099551988176945268 -0.0090791004017594708 -0.0040881293751514926 0.0097257389099206035
leaf_weight=13.97898939065635 5.5812843423336735 21.980707434937361 10.649253455922006 9.2992265764623863 42.649211388081312 4.5648576002567998 62.456145294010639
leaf_count=259 112 300 219 164 926 64 799
internal_value=0.00118625 0.00308104 0.000528005 0.0044022 -0.00550909 0.0121789 0.00721526
internal_weight=171.16 157.181 130.635 82.4046 48.2305 26.5456 73.1054
internal_count=2843 2584 2220 1182 1038 364 1018
is_linear=0
shrinkage=0.03


Tree=96
num_leaves=8
num_cat=0
split_feature=18 2 27 27 3 5 4
split_gain=4.44075 5.69669 7.85547 7.31558 5.69879 5.65072 5.21408
threshold=0.53904297135676515 -1.0169667466394263 0.55510000000000004 0.32880000000000004 -0.53614634806867123 1.0000000180025095e-35 0.094181235280523426
decision_type=8 10 2 2 10 10 10
left_child=6 3 -3 4 -2 -4 -1
right_child=1 2 5 -5 -6 -7 -8
leaf_value=-0.0011670781689848845 0.01630272995826151 0.014868371050768461 0.0064911863108133494 -0.016547023503162405 -0.0051817114578475744 -0.010319259757711915 0.022630000267696716
leaf_weight=12.433178370818498 8.6018865443766099 28.910727264359593 25.671946177259088 29.056695433333516 25.052018685266376 30.249265488237143 9.1956888996064645
leaf_count=254 145 364 435 670 517 397 66
internal_value=0.00118062 -0.000810832 0.00401445 -0.00726607 0.00202598 -0.00252081 0.0118226
internal_weight=169.171 147.543 84.8319 62.7106 33.6539 55.9212 21.6289
internal_count=2848 2528 1196 1332 662 832 320
is_linear=0
shrinkage=0.03


Tree=97
num_leaves=8
num_cat=1
split_feature=7 5 18 4 6 30 4
split_gain=5.47185 4.25104 4.68994 3.57139 3.24013 3.0709 4.4881
threshold=-1.0000000180025095e-35 -0.30991265230219295 0.55063728013574442 0.094181235280523426 0.085798286060302931 0 0.30710162705722266
decision_type=8 10 8 10 8 1 10
left_child=-1 -2 3 -3 5 -4 -7
right_child=1 2 4 -5 -6 6 -8
leaf_value=-0.013980089280009341 0.012308365235767367 0 0.0052673926738586617 0.019948057661601168 -0.010190176335045835 -0.0094013650295626996 0.010432524918991113
leaf_weight=10.551653333008288 27.987940508872271 12.528308521956207 45.330545701086521 9.4761583805084211 24.582749353721738 35.295369485393167 5.6505873501300803
leaf_count=255 479 255 684 73 419 656 36
internal_value=0.00142429 0.00313811 0.000510585 0.0111645 -0.00208703 0.00073148 -0.00423482
internal_weight=171.403 160.852 132.864 22.0045 110.859 86.2765 40.946
internal_count=2857 2602 2123 328 1795 1376 692
cat_boundaries=0 1
cat_threshold=140
is_linear=0
shrinkage=0.03


Tree=98
num_leaves=8
num_cat=1
split_feature=1 31 28 2 22 2 18
split_gain=4.97357 6.48137 4.21541 4.01479 3.71733 3.10565 2.87573
threshold=0.10382377478270928 0 2.5000000000000004 -0.68172784003528275 373.50000000000006 -0.12139816440845426 0.55063728013574442
decision_type=8 1 2 10 2 8 8
left_child=2 -2 3 6 -3 -5 -1
right_child=1 4 -4 5 -6 -7 -8
leaf_value=0.018344591729555913 0.0071354597293851055 -0.012616786665311236 0.015831128601125909 -0.01186199633291015 0.0069156812826552411 0.0053129104096148799 0.0013876403056025878
leaf_weight=5.0984989125281563 16.084417548030615 57.501170821487904 14.513302031904457 21.192847732454538 3.9321828428655854 7.0864028185606029 41.854328963905573
leaf_count=103 237 983 227 322 54 75 831
internal_value=-0.00014802 -0.00550397 0.00439657 0.000700857 -0.00917618 -0.00692221 0.00590445
internal_weight=167.263 77.5178 89.7454 75.2321 61.4334 28.2793 46.9528
internal_count=2832 1274 1558 1331 1037 397 934
cat_boundaries=0 1
cat_threshold=8
is_linear=0
shrinkage=0.03


Tree=99
num_leaves=8
num_cat=1
split_feature=30 2 25 25 6 4 5
split_gain=5.06716 7.71447 5.66149 7.27906 4.46315 3.20186 4.24203
threshold=0 -0.874799753766066 29.500000000000004 19.500000000000004 0.094141660414923473 0.065854585077607011 -0.0097672724554301819
decision_type=1 10 2 2 10 10 8
left_child=2 -2 3 5 -4 6 -1
right_child=1 -3 4 -5 -6 -7 -8
leaf_value=0.009145921691012927 -0.015548533616356401 0.0036308599896587618 0.019773329020294769 -0.010525968410249316 -0.0046543003766841232 0.013865592336981595 -0.0083526122826782286
leaf_weight=16.810388579964638 24.905324714258313 36.763434857130051 25.01390174031258 23.71862430870533 3.9962419755756846 23.43084678798914 16.979814486578107
leaf_count=350 613 523 377 398 73 236 311
internal_value=0.00196564 -0.00419361 0.00548782 0.00118288 0.0157244 0.00696208 7.81802e-05
internal_weight=171.619 61.6688 109.95 80.9397 29.0101 57.221 33.7902
internal_count=2881 1136 1745 1295 450 897 661
cat_boundaries=0 1
cat_threshold=172
is_linear=0
shrinkage=0.03


Tree=100
num_leaves=8
num_cat=0
split_feature=18 18 4 21 5 5 7
split_gain=5.0475 5.51602 4.90261 3.90248 4.90218 4.86451 3.40979
threshold=0.53904297135676515 0.749687639074338 0.094181235280523426 0.64095000000000013 -0.28170156685490211 0.041875185948576539 0.166547824097529
decision_type=8 10 10 2 8 10 10
left_child=2 -2 -1 5 -5 -3 -6
right_child=1 3 -4 4 6 -7 -8
leaf_value=-0.00036045888420958584 -0.0073850704072194809 -1.9073837150505701e-05 0.023049098716871833 0.013314168694448772 -0.0087109341312652262 0.020780871894755904 0.0094245065018689327
leaf_weight=12.820226086303594 65.750461647287011 16.891397636383775 8.5875069685280305 7.8240196108818054 40.903338771313429 12.842695822939275 3.8663731031119815
leaf_count=264 1159 306 62 146 678 172 35
internal_value=0.000813299 -0.00128444 0.0122356 0.00364427 -0.00121259 0.0110684 -0.00566914
internal_weight=169.486 148.078 21.4077 82.3278 52.5937 29.7341 44.7697
internal_count=2822 2496 326 1337 859 478 713
is_linear=0
shrinkage=0.03


Tree=101
num_leaves=8
num_cat=0
split_feature=27 2 27 2 2 3 4
split_gain=5.08251 4.92071 4.43902 5.5529 5.30448 4.01041 3.87256
threshold=0.71520000000000017 -0.27171493735885749 0.32880000000000004 -4.3551199158998122 -1.0636431477588428 -0.61674597773884343 -0.13135790052793536
decision_type=2 10 2 8 10 10 8
left_child=1 2 3 -1 -4 -6 -7
right_child=-2 -3 4 -5 5 6 -8
leaf_value=-0.0073254974277114976 -0.010859457149827818 0.013178160091570289 -0.013351375979954618 0.013294637966059857 -0.010902701075237713 0.019792496533238002 0.00035633546714071922
leaf_weight=10.297489987686275 24.783018356189132 21.490263022482395 27.701588904485106 27.969755288213491 10.232486000284551 4.7658556755632162 40.603559974581003
leaf_count=235 411 116 666 487 169 90 659
internal_value=-7.77568e-05 0.00216689 -0.000357293 0.00711446 -0.00427652 0.00111953 0.0053399
internal_weight=167.844 143.061 121.571 38.2672 83.3035 55.6019 45.3694
internal_count=2833 2422 2306 722 1584 918 749
is_linear=0
shrinkage=0.03


Tree=102
num_leaves=8
num_cat=2
split_feature=30 27 31 28 17 27 25
split_gain=4.51095 5.32642 4.45335 3.83168 3.58723 3.21662 2.79662
threshold=0 0.29775000000000007 1 1.5000000000000002 0.10959723962624247 0.70085000000000008 27.500000000000004
decision_type=1 2 1 2 10 2 2
left_child=1 -1 4 -3 -2 -4 -7
right_child=2 3 5 -5 -6 6 -8
leaf_value=0.01663775279336201 -0.0030448716773872108 -0.0045129462203832337 -0.010926921533913286 0.011463339950651028 0.016122027037236721 -0.0049961545421237565 0.013746354926295301
leaf_weight=17.534496705979109 11.691952124238016 40.823000134900212 63.631729815155268 10.675777100026606 9.1084257811307889 9.4215804245322925 3.9942340776324263
leaf_count=238 272 611 1251 141 106 166 47
internal_value=-0.000316943 0.00480952 -0.00422118 0 0.00517683 -0.00741606 0.0029341
internal_weight=166.881 69.0333 97.8479 51.4988 20.8004 77.0475 13.4158
internal_count=2832 990 1842 752 378 1464 213
cat_boundaries=0 1 2
cat_threshold=168 8
is_linear=0
shrinkage=0.03


Tree=103
num_leaves=8
num_cat=0
split_feature=32 2 17 25 3 22 5
split_gain=3.47538 4.34682 3.81723 2.87218 3.64336 2.82373 2.84357
threshold=11.951378335098926 -0.24010858262232684 -0.53170048353498878 32.500000000000007 0.58983932791917493 335.50000000000006 1.0000000180025095e-35
decision_type=8 8 8 2 8 2 10
left_child=2 -2 -1 4 5 6 -4
right_child=1 -3 3 -5 -6 -7 -8
leaf_value=0.013190414988746634 0 0.017555550215971074 -0.0015325831040827475 0.0054196803336390527 0.0058112179373069608 0.0019910081202169131 -0.014489307202105043
leaf_weight=5.304204685613513 28.158321458846331 13.086039710789917 28.431805906817317 18.122504681348801 13.869768509641288 16.064834093675017 44.228902442380786
leaf_count=110 547 127 640 290 179 247 672
internal_value=0.000378642 0.00724736 -0.00205585 -0.00362045 -0.00562946 -0.00790569 -0.0102602
internal_weight=167.266 41.2444 126.022 120.718 102.595 88.7255 72.6607
internal_count=2812 674 2138 2028 1738 1559 1312
is_linear=0
shrinkage=0.03


Tree=104
num_leaves=8
num_cat=1
split_feature=31 1 18 1 28 25 29
split_gain=3.87641 7.1426 4.75495 3.88844 3.04421 6.16477 4.53716
threshold=0 -6.9671685148573284 0.53904297135676515 0.90894899748892743 1.0000000180025095e-35 26.500000000000004 36.500000000000007
decision_type=1 8 10 8 2 2 2
left_child=3 -2 -3 4 -1 6 -6
right_child=1 2 -4 -5 5 -7 -8
leaf_value=0.0012682110448203291 0.01729907739279108 0.0082855945027551729 -0.009949996637138454 -0.007189364264469731 0.024456791859927444 -0.0031741028273053118 -0.0019333607109132496
leaf_weight=42.925550268962979 4.476704053580761 8.3689333181828243 65.248392928391695 11.881352389231322 20.605802016332749 10.988313874229787 4.7142279762774697
leaf_count=726 73 128 1166 195 279 168 88
internal_value=0.000812851 -0.00361479 -0.00708422 0.004641 0.0076156 0.0131974 0.0198087
internal_weight=169.209 78.094 73.6173 91.1152 79.2339 36.3083 25.32
internal_count=2823 1367 1294 1456 1261 535 367
cat_boundaries=0 1
cat_threshold=12
is_linear=0
shrinkage=0.03


Tree=105
num_leaves=8
num_cat=0
split_feature=18 2 27 18 7 3 18
split_gain=6.18633 6.24348 5.67261 4.87286 3.598 3.12904 2.93826
threshold=0.53904297135676515 -0.43202764606913518 0.71520000000000017 0.50011865699514235 0.037181881997489757 -0.47053662675759106 0.94238845887751188
decision_type=8 10 2 10 10 8 10
left_child=3 4 -3 -1 5 -2 -4
right_child=1 2 6 -5 -6 -7 -8
leaf_value=-0.00061323203439944327 0.0041793492552418508 0.013996684451260961 -0.010678009342009818 0.022197453691178967 0.0080137802892098833 -0.0097126337191070465 0.0074622880532983849
leaf_weight=12.080507684499027 11.07089041545987 26.864483315497637 13.873713647946717 11.24484972655773 7.487729135900735 82.917873479425907 4.8362246565520755
leaf_count=200 232 203 240 143 127 1657 72
internal_value=0.00056536 -0.00183182 0.00653683 0.0127651 -0.00593034 -0.00772975 -0.0045968
internal_weight=170.376 147.051 45.5744 23.3254 101.476 93.9888 18.7099
internal_count=2874 2531 515 343 2016 1889 312
is_linear=0
shrinkage=0.03


Tree=106
num_leaves=8
num_cat=0
split_feature=2 1 27 18 2 3 27
split_gain=3.7919 4.40013 4.1721 4.04429 4.2798 7.4466 4.66212
threshold=-0.12139816440845426 0.90894899748892743 0.63845000000000007 0.55063728013574442 -1.0169667466394263 -0.39401227958194901 0.56475000000000009
decision_type=10 8 2 8 10 10 2
left_child=1 2 3 -1 5 -5 -6
right_child=-2 -3 -4 4 6 -7 -8
leaf_value=0.016831770951774083 0.011229380209692417 -0.011388752738980063 -0.0076713831156293736 0.0099431879252470136 0.015127672510494985 -0.010736320179926104 -0.0031738826992835424
leaf_weight=12.252556968480347 22.65877502784133 19.043771924450994 23.938144613057375 16.182197181507945 23.674046518281102 36.423465747386217 14.95380115136504
leaf_count=212 195 363 405 322 321 798 229
internal_value=0.00162012 -0.000273925 0.00185109 0.00458077 0.00156001 -0.00365471 0.00839202
internal_weight=169.127 146.468 127.424 103.486 91.2335 52.6057 38.6278
internal_count=2845 2650 2287 1882 1670 1120 550
is_linear=0
shrinkage=0.03


Tree=107
num_leaves=8
num_cat=1
split_feature=30 2 5 1 5 27 0
split_gain=3.5461 9.15257 4.75661 4.92052 4.62479 4.49591 3.5515
threshold=0 -0.52993917286937264 -0.0097672724554301819 0.53118474423898643 0.14791991857320722 0.71520000000000017 -0.12995426879165958
decision_type=1 10 10 8 10 2 10
left_child=2 -2 3 6 -4 -3 -1
right_child=1 5 4 -5 -6 -7 -8
leaf_value=0.0022465830263343305 -0.013780435357294937 0.014770507178105352 -0.0098310988302375314 -0.0023181657298156533 0.004884886851119233 -0.0058616012776652312 0.023593289105482574
leaf_weight=14.799911465495827 34.449304260313511 16.047420661896471 24.177465606480837 14.066140171140431 39.090781645849347 8.8084727302193624 16.597858084365726
leaf_count=298 793 150 447 289 435 144 281
internal_value=0.000856663 -0.00424683 0.00389883 0.0108562 -0.00100054 0.00735539 0.0164112
internal_weight=168.037 59.3052 108.732 45.4639 63.2682 24.8559 31.3978
internal_count=2837 1087 1750 868 882 294 579
cat_boundaries=0 1
cat_threshold=172
is_linear=0
shrinkage=0.03


Tree=108
num_leaves=8
num_cat=1
split_feature=5 16 32 0 25 30 5
split_gain=4.03458 5.84814 5.01156 3.65842 3.54974 2.81027 3.16304
threshold=-0.30991265230219295 -0.67621554996209821 11.743312752950009 0.38254834369321289 32.500000000000007 0 0.16201966518367525
decision_type=10 2 10 8 2 1 10
left_child=3 -2 4 -1 5 6 -3
right_child=1 2 -4 -5 -6 -7 -8
leaf_value=0.01303457932258339 -0.0075311815621672672 -0.0070045696178815372 0.015707362124135187 -0.0071696163922616027 0.011310691431352413 -0.0086372678832294224 0.010935553057417564
leaf_weight=28.172543181106448 65.457908252254128 6.9041200503706994 15.882154293358324 3.8009953536093262 8.9598296713083965 24.891009373590347 13.839670827612279
leaf_count=507 1478 95 188 56 93 315 121
internal_value=0.000850354 -0.00144024 0.00421684 0.00930329 -0.000466523 -0.00440067 0.00308261
internal_weight=167.908 135.935 70.4768 31.9735 54.5946 45.6348 20.7438
internal_count=2853 2290 812 563 624 531 216
cat_boundaries=0 1
cat_threshold=139
is_linear=0
shrinkage=0.03


Tree=109
num_leaves=8
num_cat=0
split_feature=18 5 4 28 25 4 3
split_gain=4.11326 4.28631 3.69664 3.41295 2.71591 3.64331 2.43481
threshold=0.55063728013574442 -0.12153552059407646 0.30710162705722266 -1.0000000180025095e-35 3.5000000000000004 0.058936089184546576 -0.47053662675759106
decision_type=8 10 10 2 2 10 10
left_child=1 -1 4 -3 5 -2 -6
right_child=2 3 -4 -5 6 -7 -8
leaf_value=-0.0065083311468494467 0.0131781886237243 -0.00055194155782900111 0.0092619082466185217 0.021280900377828631 0.0016834898629291004 -0.0080038862408106596 -0.0076537940141366478
leaf_weight=5.0349064208567169 11.056611139327286 6.7967424578964772 15.688729498535393 13.448330972343678 27.802073249593377 4.2647343110293141 84.279173269867897
leaf_count=112 220 105 102 172 492 63 1592
internal_value=0.000424065 0.0100192 -0.00161256 0.0153398 -0.00353056 0.00591587 -0.00525489
internal_weight=168.371 25.28 143.091 20.2451 127.403 15.3213 112.081
internal_count=2858 389 2469 277 2367 283 2084
is_linear=0
shrinkage=0.03


Tree=110
num_leaves=8
num_cat=0
split_feature=5 16 0 18 3 6 6
split_gain=4.46369 5.69355 5.5371 2.97484 3.48185 2.05268 1.68024
threshold=-0.30991265230219295 0.24435497365858791 -0.22958589145399175 0.55063728013574442 0.011584509848837559 0.044196585280297795 0.083940559053202177
decision_type=10 2 10 8 10 8 8
left_child=2 3 -1 4 -2 -4 -5
right_child=1 -3 5 6 -6 -7 -8
leaf_value=-0.0036674254018508766 -0.0065092866988148467 0.011222627264199968 0 -0.0037735724349375736 0.01246076600390536 0.021409759256850618 -0.013149051961625175
leaf_weight=14.151234501972796 8.3478998467326182 14.736883807927368 4.6158678606152561 73.755099259316921 10.670058920979498 12.932748762890695 25.448447681963444
leaf_count=285 171 109 71 1347 146 193 477
internal_value=-1.8862e-05 -0.00260308 0.00878265 -0.00504743 0.00411689 0.0174142 -0.00712033
internal_weight=164.658 132.958 31.6999 118.222 19.018 17.5486 99.2035
internal_count=2799 2250 549 2141 317 264 1824
is_linear=0
shrinkage=0.03


Tree=111
num_leaves=8
num_cat=1
split_feature=4 4 6 6 30 25 16
split_gain=5.21629 4.70761 5.32869 4.42559 3.7705 3.00589 3.68774
threshold=0.14668392030419972 -0.090536385868056221 0.060035806120608846 0.047747460872056259 0 4.5000000000000009 -1.7842029782803819
decision_type=10 8 8 10 1 2 2
left_child=1 2 3 -1 -2 -3 -7
right_child=4 5 -4 -5 -6 6 -8
leaf_value=0 0.011299096598194934 0.0036033497140692651 -0.0054335546275927418 0.026184352855238856 -0.0026634135247423944 0.0067559115991816616 -0.011404236496830762
leaf_weight=8.8667246103286761 29.728838773444295 13.423026587814091 14.802896477282045 5.4354992136359206 21.343100568279624 5.1607354432344428 68.861228622496128
leaf_count=206 248 251 349 113 189 112 1377
internal_value=-0.000161422 -0.00371622 0.00545966 0.0153116 0.00710161 -0.00712909 -0.0094198
internal_weight=167.622 116.55 29.1051 14.3022 51.0719 87.445 74.022
internal_count=2845 2408 668 319 437 1740 1489
cat_boundaries=0 1
cat_threshold=140
is_linear=0
shrinkage=0.03


Tree=112
num_leaves=8
num_cat=1
split_feature=7 31 3 18 4 21 22
split_gain=6.37179 2.95459 3.37002 4.71619 3.27996 3.08657 3.5979
threshold=0.10883183659255806 0 0.50966488437186064 0.53904297135676515 -0.082124389746455292 0.76805000000000012 274.50000000000006
decision_type=8 1 8 10 8 2 2
left_child=-1 5 3 -3 -5 6 -2
right_child=1 2 -4 4 -6 -7 -8
leaf_value=-0.012169469597524843 -0.001348976792792512 0.01015884760978676 0.0091134983259460248 0.0039405600079573441 -0.011976362560988553 0.018350715691397661 0.011404351060164476
leaf_weight=16.335081754252315 40.265649320557714 8.2632693219929916 14.822801467031239 9.6872536502778512 36.688473930582404 14.733594564720986 26.049975857138634
leaf_count=377 692 119 194 238 645 198 371
internal_value=0.00209868 0.00427788 -0.000540762 -0.00431507 -0.00828509 0.00747493 0.00414729
internal_weight=166.846 150.511 69.4618 54.639 46.3757 81.0492 66.3156
internal_count=2834 2457 1196 1002 883 1261 1063
cat_boundaries=0 1
cat_threshold=12
is_linear=0
shrinkage=0.03


Tree=113
num_leaves=8
num_cat=0
split_feature=16 1 32 26 27 32 3
split_gain=4.47307 5.5182 4.04395 3.61258 2.99472 3.63548 2.89017
threshold=-0.67621554996209821 0.90894899748892743 10.001499986472195 1.5000000000000002 0.55510000000000004 10.768579810257661 0.074850753686358518
decision_type=2 8 10 2 2 10 10
left_child=2 4 3 -1 -2 -6 -5
right_child=1 -3 -4 6 5 -7 -8
leaf_value=-0.0064798183114467998 0.015116469377139626 -0.0066698647483094719 -0.0079218294004310078 0.014034791667617626 -0.0080720645389685871 0.0097965514809820065 -0.0043356808263260759
leaf_weight=11.837371246889232 35.787909969687462 15.605560965836046 53.283113457262516 19.742072092369202 11.682977158576252 13.064743883907793 4.9019455034285775
leaf_count=243 417 241 1222 383 112 128 98
internal_value=0.00130157 0.00638156 -0.00302361 0.00393137 0.0103508 0.000991812 0.00975418
internal_weight=165.906 76.1412 89.7645 36.4814 60.5356 24.7477 24.644
internal_count=2844 898 1946 724 657 240 481
is_linear=0
shrinkage=0.03


Tree=114
num_leaves=8
num_cat=0
split_feature=1 28 27 2 2 32 2
split_gain=3.76118 3.49808 3.82914 3.11266 3.0903 2.90418 3.66297
threshold=0.8868002640992606 1.0000000180025095e-35 0.32880000000000004 -0.874799753766066 -0.27171493735885749 9.1053797757080925 -1.2140138270881671
decision_type=8 2 2 10 10 10 10
left_child=1 5 -3 -4 -2 -1 -7
right_child=4 2 3 -5 -6 6 -8
leaf_value=0.0081284759532539684 -0.01250499615138804 0.018919456812344134 -0.0066185724370426196 0.0070980219259101337 0.0056469804822441259 -0.011651557427834056 0.0016163292075805481
leaf_weight=16.697928406298161 19.013306545093659 14.3704991415143 13.379455186426638 39.959955617785454 5.479652475565671 22.821586862206459 39.658493073657155
leaf_count=264 389 243 310 491 53 515 618
internal_value=0.00163977 0.00358857 0.00821764 0.00299839 -0.00759186 -0.000588809 -0.00378955
internal_weight=171.381 146.888 67.7099 53.3394 24.493 79.178 62.4801
internal_count=2883 2441 1044 801 442 1397 1133
is_linear=0
shrinkage=0.03


Tree=115
num_leaves=8
num_cat=1
split_feature=27 2 2 7 18 27 30
split_gain=4.01819 9.55474 8.24966 4.73249 3.73237 4.57309 5.02793
threshold=0.21170000000000003 -3.9996213253608861 -1.6153538790784483 0.166547824097529 0.86447853632967886 0.71520000000000017 0
decision_type=2 8 10 8 10 2 1
left_child=1 -1 -2 -4 5 6 -5
right_child=2 -3 3 4 -6 -7 -8
leaf_value=-0.0052081069343643139 -0.013286740541962931 0.027097933371579411 -0.0095125870411735154 -0.0039915432598451586 -0.0020888930938209832 -0.0038032800520176441 0.014994057532969167
leaf_weight=11.063426563516257 27.208355080336332 8.4347867742180842 14.576545901596544 11.874893449246882 33.877546004951 14.350064067170022 46.329318605363369
leaf_count=255 612 90 313 189 506 226 659
internal_value=0.00148723 0.0120395 -0.000350387 0.0030856 0.00548649 0.00906602 0.0125417
internal_weight=167.715 19.4982 148.217 121.008 106.432 72.5543 58.2042
internal_count=2850 345 2505 1893 1580 1074 848
cat_boundaries=0 1
cat_threshold=96
is_linear=0
shrinkage=0.03


Tree=116
num_leaves=8
num_cat=1
split_feature=28 30 25 2 29 7 21
split_gain=3.77969 4.24071 2.71251 4.64936 3.93684 2.61224 2.30324
threshold=1.0000000180025095e-35 0 28.500000000000004 -2.0629664380444992 33.500000000000007 0.11909677700076886 0.76805000000000012
decision_type=2 1 2 8 2 10 2
left_child=2 -2 5 -4 -5 -1 -3
right_child=1 6 3 4 -6 -7 -8
leaf_value=-0.0092180470297101112 0.011084200383335031 -0.0051886858439045853 0.016696815732939265 -0.012764530742954231 0.0079617729579192689 0.0060000374286697288 0.0067100212529886856
leaf_weight=60.369684927165508 25.083154793828726 39.617834597826004 6.1802202239632607 11.54720787517727 6.3945688214153042 5.0409700609743586 12.741913143545387
leaf_count=1127 328 671 136 195 104 63 206
internal_value=-0.000202781 0.00432625 -0.00430757 0.00317103 -0.00462207 -0.00731486 -0.00132029
internal_weight=166.976 77.4429 89.5327 24.122 17.9418 65.4107 52.3597
internal_count=2830 1205 1625 435 299 1190 877
cat_boundaries=0 1
cat_threshold=56
is_linear=0
shrinkage=0.03


Tree=117
num_leaves=8
num_cat=0
split_feature=0 22 6 27 18 29 22
split_gain=4.11198 4.73411 7.9321 4.15166 5.30139 4.67446 2.87114
threshold=-0.018124759238594908 250.50000000000003 0.061083277684425945 0.55510000000000004 0.8255282788967554 44.500000000000007 281.50000000000006
decision_type=10 2 10 2 10 2 2
left_child=-1 3 6 4 5 -2 -3
right_child=1 2 -4 -5 -6 -7 -8
leaf_value=-0.0059405903314993635 0.016360655108437885 0.0095678191855891829 0.020313932414398373 -0.010255890697418711 -0.00839437112279421 -0.0068572062406087163 -0.0075058414403249363
leaf_weight=58.986173303797841 20.473387353122238 5.097547015175226 22.01084578409791 23.324544815346599 12.544870376586912 4.6279226560145608 18.522706085816026
leaf_count=1378 299 58 281 326 191 86 222
internal_value=0 0.00341536 0.00999193 -0.00187719 0.00387305 0.0110041 -0.00185831
internal_weight=165.588 106.602 45.6311 60.9707 37.6462 25.1013 23.6203
internal_count=2841 1463 561 902 576 385 280
is_linear=0
shrinkage=0.03


Tree=118
num_leaves=8
num_cat=0
split_feature=18 18 22 5 32 18 32
split_gain=3.20876 4.19137 4.08228 3.84663 3.70394 3.51111 2.91463
threshold=0.53904297135676515 0.50011865699514235 238.50000000000003 -0.30991265230219295 9.8448600845764549 0.81225777996973292 11.279188329632326
decision_type=8 10 2 10 8 8 10
left_child=1 -1 4 -4 5 -2 -5
right_child=2 -3 3 6 -6 -7 -8
leaf_value=-0.0022824734528069583 0.010795142912076767 0.018545484990337278 0.014775649352056551 -0.0044573199834216769 -0.0099192332941247397 -0.0062072989733340739 0.0089543412900011526
leaf_weight=11.215637546032669 13.971369968727233 10.851635556668041 13.516648190096019 38.460301965475082 50.00208175368607 13.409177020192145 13.20458137616515
leaf_count=186 219 135 224 599 983 245 224
internal_value=0.000697529 0.0096701 -0.00103171 0.00410906 -0.00551687 0.00252373 -3.71303e-05
internal_weight=164.631 22.0673 142.564 65.1815 77.3826 27.3805 51.6649
internal_count=2815 321 2494 1047 1447 464 823
is_linear=0
shrinkage=0.03


Tree=119
num_leaves=8
num_cat=0
split_feature=7 2 18 21 2 22 3
split_gain=3.53916 3.90549 4.30513 4.08465 3.14959 3.02964 3.55398
threshold=1.0000000180025095e-35 -0.91403539186437344 0.62377295522818754 0.68625000000000014 -0.55645521881363935 62.500000000000007 -0.18015937636820931
decision_type=10 10 8 2 8 2 10
left_child=1 2 3 -1 -2 -3 -7
right_child=4 5 -4 -5 -6 6 -8
leaf_value=0.014403407942246045 0.018925296609978954 -0.007689116276653511 -0.0097213904467663061 -0.0072164087022390834 -0.00049435854885194021 -0.0031597739036428305 0.010007208620953596
leaf_weight=9.5593254994601029 9.4125407412648183 9.6064865253865701 50.185671767219901 6.6020409595221272 10.010257955640556 20.322289355099201 49.962107809260488
leaf_count=179 162 159 1069 169 122 339 626
internal_value=0.00122478 -0.000505305 -0.0056237 0.00548561 0.0111453 0.00369968 0.00607461
internal_weight=165.661 146.238 66.347 16.1614 19.4228 79.8909 70.2844
internal_count=2825 2541 1417 348 284 1124 965
is_linear=0
shrinkage=0.03


Tree=120
num_leaves=8
num_cat=1
split_feature=2 1 32 16 4 17 31
split_gain=4.02912 4.21963 7.13194 3.05642 3.06665 2.47574 2.69201
threshold=-4.3551199158998122 0.16930329773742922 10.768579810257661 -0.3086786344750071 -0.0065613759531327745 -0.042663946313760907 0
decision_type=10 8 10 2 8 10 1
left_child=-1 2 -2 4 -4 -3 -7
right_child=1 5 3 -5 -6 6 -8
leaf_value=-0.010738165558130059 0.013445438333719872 -0.011990867231533529 0.0023528247515365065 0.0092769656847968996 -0.014156710789421729 0.0077497273946786792 -0.0030586471089561664
leaf_weight=13.594762209802864 52.355910945683718 10.133055087178944 12.2386959772557 5.4611752368509761 15.02510658465326 12.71537040732801 45.220169669017196
leaf_count=270 847 257 283 40 298 175 695
internal_value=0.00136426 0.0030114 0.0072308 -0.00303162 -0.00746776 -0.00227115 0.000449948
internal_weight=166.744 153.149 85.0809 32.725 27.2638 68.0686 57.9355
internal_count=2865 2595 1468 621 581 1127 870
cat_boundaries=0 1
cat_threshold=8
is_linear=0
shrinkage=0.03


Tree=121
num_leaves=8
num_cat=0
split_feature=17 1 3 21 29 25 29
split_gain=4.01561 4.32885 6.38988 4.3313 4.0611 3.96626 3.59257
threshold=-0.054432484853343281 0.8868002640992606 0.0860600061250619 0.56510000000000005 29.500000000000004 32.500000000000007 41.000000000000007
decision_type=10 8 8 2 2 2 2
left_child=-1 2 4 -4 5 -2 -3
right_child=1 6 3 -5 -6 -7 -8
leaf_value=-0.0077903961297411317 0.025137487237486926 -0.01430752397638632 0.011985184939708736 -0.0040605816476581265 -0.00099670814539565972 -0.0017300498265346432 0.0055565174112305691
leaf_weight=47.005791509523988 16.120440049096949 15.54164698161185 11.451382691040633 59.475124465301633 8.2647122740745527 3.7324712686240664 5.9885521978139868
leaf_count=1115 279 264 143 710 164 61 113
internal_value=-0.000989027 0.00186556 0.00466124 -0.000327644 0.0149461 0.0205016 -0.00826595
internal_weight=167.58 120.574 99.0441 70.9265 28.1176 19.8529 21.5302
internal_count=2849 1734 1357 853 504 340 377
is_linear=0
shrinkage=0.03


Tree=122
num_leaves=8
num_cat=1
split_feature=7 31 21 27 2 2 3
split_gain=3.78497 4.18446 4.13884 3.44329 6.57853 5.44698 4.07055
threshold=0.10883183659255806 0 0.76805000000000012 0.21170000000000003 -4.3551199158998122 -0.91403539186437344 -0.47053662675759106
decision_type=8 1 2 2 8 10 10
left_child=-1 -2 3 4 -3 6 -5
right_child=1 2 -4 5 -6 -7 -8
leaf_value=-0.01115078843643957 -0.0041191295423989747 -0.0064020597511592735 0.016109483829181367 0.0052048154091233418 0.022943442757316204 0.005235728171653074 -0.016051814343160591
leaf_weight=16.59722500666976 57.534148897975683 6.1254323236644268 17.498634502291679 5.6879916973412064 8.1124155763536674 36.364627219736576 19.789054490625858
leaf_count=385 997 140 245 115 86 465 427
internal_value=-0.000130564 0.00148535 0.00504106 0.00162587 0.0118826 -0.00161136 -0.0107483
internal_weight=167.71 151.112 93.5782 76.0795 14.2378 61.8417 25.477
internal_count=2860 2475 1478 1233 226 1007 542
cat_boundaries=0 1
cat_threshold=2
is_linear=0
shrinkage=0.03


Tree=123
num_leaves=8
num_cat=0
split_feature=6 21 2 27 6 21 4
split_gain=3.18643 3.63573 3.0394 4.1466 6.64778 6.69314 5.05852
threshold=0.083940559053202177 0.63575000000000015 -0.12139816440845426 0.48235 0.047747460872056259 0.72505000000000008 -0.12263693616826953
decision_type=8 2 10 2 10 2 8
left_child=2 -2 3 4 -1 -6 -5
right_child=1 -3 -4 6 5 -7 -8
leaf_value=-0.0051151243329537882 0.0043025010760319006 -0.011400095094228367 0.012204988192682198 0.00969444696774973 0.0020502712435943242 0.029404734613154463 -0.0089985705031695208
leaf_weight=21.257190870121121 13.936306662857531 28.0708611253649 17.367641754448414 9.3257656525820476 22.326568199321631 7.5143768321722737 46.064151722937822
leaf_count=413 225 517 147 198 451 152 722
internal_value=0.000333394 -0.00603574 0.00284246 0.000438328 0.00623911 0.0140952 -0.0047884
internal_weight=165.863 42.0072 123.856 106.488 51.0981 29.8409 55.3899
internal_count=2825 742 2083 1936 1016 603 920
is_linear=0
shrinkage=0.03


Tree=124
num_leaves=8
num_cat=1
split_feature=7 31 18 3 1 1 1
split_gain=3.88312 2.99703 4.29386 4.2851 2.93245 2.95063 2.1697
threshold=0.016188784901416637 0 0.53904297135676515 0.50966488437186064 -3.8184625296717147 0.90894899748892743 -6.9671685148573284
decision_type=8 1 10 8 10 10 10
left_child=-1 4 -3 6 -2 -6 -4
right_child=1 2 3 -5 5 -7 -8
leaf_value=-0.012495040796982859 -0.0069031757155683408 0.010985197238459421 0.0044386822496766225 0.0058767729148156223 0.0099557436502629975 -0.0041489631579713594 -0.011487301717678243
leaf_weight=10.651070652529596 6.976329442113637 9.0977377220988256 3.2142985519021741 14.561612218618391 66.894496254622936 9.9340870603919011 46.061689516529441
leaf_count=269 121 129 61 198 1019 175 876
internal_value=0.000393165 0.00192426 -0.00226353 -0.00568862 0.00528303 0.00773587 -0.00971168
internal_weight=167.391 156.74 72.9353 63.8376 83.8049 76.8286 49.276
internal_count=2848 2579 1264 1135 1315 1194 937
cat_boundaries=0 1
cat_threshold=12
is_linear=0
shrinkage=0.03


Tree=125
num_leaves=8
num_cat=1
split_feature=7 30 21 21 28 27 32
split_gain=3.69531 2.53226 5.48821 3.28258 3.89861 2.3129 2.91881
threshold=0.016188784901416637 0 0.80720000000000014 0.76805000000000012 -1.0000000180025095e-35 0.54730000000000012 9.4052107756448216
decision_type=8 1 2 2 2 2 8
left_child=-1 2 -2 5 -5 6 -3
right_child=1 3 -4 4 -6 -7 -8
leaf_value=-0.0099902632169814078 0.010276247297121134 0.0028454659586820449 -0.0083322970297734084 -0.0054522834140336204 0.016898634463458375 0.0024031910822340441 -0.01315395434286603
leaf_weight=11.322935957461594 75.608274638652802 9.5162689089775068 10.035194870084522 5.4446144159883252 9.2887177895754558 21.700336966663599 24.114644277840853
leaf_count=291 1177 175 148 95 141 306 506
internal_value=0.002391 0.00382718 0.00669511 -0.000594622 0.00896709 -0.00428252 -0.00858959
internal_weight=167.031 155.708 85.6435 70.0646 14.7333 55.3313 33.6309
internal_count=2839 2548 1325 1223 236 987 681
cat_boundaries=0 1
cat_threshold=140
is_linear=0
shrinkage=0.03


Tree=126
num_leaves=8
num_cat=0
split_feature=21 21 6 20 21 16 27
split_gain=2.92753 2.83184 3.17144 3.97921 2.26176 2.10458 2.90337
threshold=0.84100000000000008 0.76805000000000012 0.051485790889295745 7.5000000000000009 0.6291000000000001 0.24435497365858791 0.53670000000000007
decision_type=2 2 10 2 2 2 2
left_child=1 4 -3 -4 -1 6 -6
right_child=-2 2 3 -5 5 -7 -8
leaf_value=0.0049276550127684117 -0.0094917289127856991 -0.0018703824376055333 0.021598200014620195 -0.0027567726616435344 -0.0096561553776613514 0.0069424530176992244 0.0013826532708814509
leaf_weight=44.980985503643751 13.857746623456476 10.392071144655349 12.534577861428263 4.8248487226665011 39.133721264079213 8.2732895240187627 32.33830887824297
leaf_count=751 270 182 186 85 836 58 475
internal_value=0.000722622 0.00217131 0.00961511 0.0155033 0 -0.00292187 -0.00483638
internal_weight=166.336 152.478 27.7515 17.3594 124.726 79.7453 71.472
internal_count=2843 2573 453 271 2120 1369 1311
is_linear=0
shrinkage=0.03


Tree=127
num_leaves=8
num_cat=1
split_feature=1 25 1 30 27 2 2
split_gain=3.33312 4.8046 4.36326 3.94062 5.75821 3.67367 2.80161
threshold=0.27637719668734467 10.500000000000002 0.72336505465846079 0 0.61830000000000018 -3.9996213253608861 -1.6153538790784483
decision_type=8 2 10 1 2 10 10
left_child=3 2 -2 4 5 -1 -5
right_child=1 -3 -4 6 -6 -7 -8
leaf_value=-0.0028867749284141745 -0.0051292594564861568 -0.0088966924012917857 0.015561732958313803 -0.012146445806494065 -0.0045831127058636491 0.018267148185497226 0.0017173707368373519
leaf_weight=5.1550337057560673 10.781209122389557 47.527887826785445 10.691827999427913 10.476437922567127 12.841295504942535 34.022279733791947 35.694787513464689
leaf_count=81 154 818 171 305 197 503 610
internal_value=0.000800725 -0.00388919 0.00609179 0.00428243 0.00862819 0.0151482 -0.00209413
internal_weight=167.191 69.0009 21.473 98.1898 52.0186 39.1773 46.1712
internal_count=2839 1143 325 1696 781 584 915
cat_boundaries=0 1
cat_threshold=169
is_linear=0
shrinkage=0.03


Tree=128
num_leaves=8
num_cat=0
split_feature=7 27 2 2 3 4 27
split_gain=4.05427 2.736 7.83444 7.5407 2.96296 2.52234 3.66003
threshold=-1.0000000180025095e-35 0.21170000000000003 -1.6153538790784483 -4.3551199158998122 -0.47053662675759106 -0.050000244207981652 0.71520000000000017
decision_type=8 2 10 8 10 8 2
left_child=-1 3 4 -2 -3 6 -4
right_child=1 2 5 -5 -6 -7 -8
leaf_value=-0.011766961324033853 -0.0052685951411358539 0.0020995499714818932 0.018063738185194068 0.023978575874098233 -0.016278902654426702 0.0020491699574403796 -0.0038147931782446434
leaf_weight=10.017595071345566 8.8807175941765291 6.9911318290978697 15.903698131442072 9.7359877545386571 18.582391345873475 93.868732415139675 4.8906370587646952
leaf_count=263 211 146 331 108 432 1276 112
internal_value=0.00169297 0.00315517 0.00128244 0.0120731 -0.0115048 0.00482102 0.0127669
internal_weight=168.871 158.853 140.237 18.6167 25.5735 114.663 20.7943
internal_count=2879 2616 2297 319 578 1719 443
is_linear=0
shrinkage=0.03


Tree=129
num_leaves=8
num_cat=0
split_feature=7 4 5 27 2 27 2
split_gain=4.3622 2.67059 5.0334 2.8564 3.95171 4.76293 3.55645
threshold=0.016188784901416637 -0.24890699233591237 -0.095582142205157233 0.21170000000000003 -0.24010858262232684 0.76330000000000009 -3.9996213253608861
decision_type=8 8 8 2 10 2 10
left_child=-1 -2 -3 6 -5 -6 -4
right_child=1 2 3 4 5 -7 -8
leaf_value=-0.012505489933599824 0.013849390624385753 -0.0090756782990640324 0 -0.0020448500845457918 0.016083807977736456 -0.0038663397005622249 0.023822716934352221
leaf_weight=10.760860947892068 9.6833110544830543 25.597968546673656 8.1234738174825889 75.543171849101782 21.073946423828602 11.391764815896748 5.1149911880493155
leaf_count=288 206 571 159 1288 120 150 56
internal_value=0.0011258 0.00271658 0.00120799 0.00392252 0.00165342 0.00933246 0.0141331
internal_weight=167.289 156.529 146.845 121.247 108.009 32.4657 13.2385
internal_count=2838 2550 2344 1773 1558 270 215
is_linear=0
shrinkage=0.03


Tree=130
num_leaves=8
num_cat=0
split_feature=27 2 2 27 4 6 2
split_gain=3.31139 5.52607 2.85008 4.44522 2.72136 3.51595 3.23095
threshold=0.21170000000000003 -3.9996213253608861 -1.6153538790784483 0.36325000000000007 -0.098964515315366861 0.062091782180464884 -0.39926954780594753
decision_type=2 8 10 2 8 10 10
left_child=1 -1 -2 -4 5 -5 -6
right_child=2 -3 3 4 6 -7 -8
leaf_value=-0.0034798467937410603 -0.0092409779559490639 0.021106676791801469 0.017036014025173473 0.016399717782928393 -0.0083927406175650452 -0.0039348365956571258 0.0018061270858801982
leaf_weight=10.970888784155248 26.38639971986413 8.4456689581275004 5.2059942167252293 8.159318560734393 47.918617181479931 8.1385639235377294 47.508175935596228
leaf_count=260 623 86 65 172 923 186 491
internal_value=3.37438e-05 0.00970573 -0.00162134 0.000459675 -0.00127417 0.0076758 -0.00342325
internal_weight=162.734 19.4166 143.317 116.931 111.725 16.2979 95.4268
internal_count=2806 346 2460 1837 1772 358 1414
is_linear=0
shrinkage=0.03


Tree=131
num_leaves=8
num_cat=1
split_feature=30 27 1 1 1 27 18
split_gain=3.00203 3.88934 3.11089 3.75111 3.70036 3.54567 4.06804
threshold=0 0.21170000000000003 0.48965201648588325 -1.3617152947239801 -6.9671685148573284 0.63845000000000007 0.8255282788967554
decision_type=1 2 8 10 10 2 10
left_child=-1 -2 3 4 -3 6 -5
right_child=1 2 -4 5 -6 -7 -8
leaf_value=-0.00596968884091545 0.013228980661529126 0.0082098280772581415 -0.006787344950527973 0.017998866679598043 -0.010094241431449638 -0.0042064713083675188 -0.0010110609967143784
leaf_weight=43.209532443434 15.370901780202983 7.1102353911846903 34.769303916022182 23.001581910997629 21.325749151408672 10.09718490205705 11.730112409219144
leaf_count=819 250 124 582 343 402 142 181
internal_value=-0.000409861 0.00197188 -0.000132194 0.00319881 -0.00430807 0.00817583 0.0122402
internal_weight=166.615 123.405 108.034 73.2649 28.436 44.8289 34.7317
internal_count=2843 2024 1774 1192 526 666 524
cat_boundaries=0 1
cat_threshold=82
is_linear=0
shrinkage=0.03


Tree=132
num_leaves=8
num_cat=1
split_feature=31 1 32 6 5 4 3
split_gain=3.37597 4.35013 2.76899 3.04912 2.96288 2.68112 4.27496
threshold=0 -6.9671685148573284 11.951378335098926 0.080031832214799745 -0.28170156685490211 0.05138984211368109 0.074850753686358518
decision_type=1 8 10 10 8 10 8
left_child=2 -2 3 4 -1 -6 -7
right_child=1 -3 -4 -5 5 6 -8
leaf_value=0.010209919632169972 0.013368292605829122 -0.0054252286725862443 0.014118182969361967 0.010430117525748264 -0.010845663492566295 0.0148271883732486 -0.0056804303993057172
leaf_weight=6.8127488605678082 4.837377930060029 70.100945360958576 19.345562038943172 19.365098588168621 22.52750283293426 6.2621649261564016 17.003006486222151
leaf_count=124 81 1257 303 335 461 79 167
internal_value=0.00185921 -0.00255117 0.00526983 0.0021884 -0.00157435 -0.00486406 0.00174123
internal_weight=166.254 74.9383 91.3161 71.9705 52.6054 45.7927 23.2652
internal_count=2807 1338 1469 1166 831 707 246
cat_boundaries=0 1
cat_threshold=12
is_linear=0
shrinkage=0.03


Tree=133
num_leaves=8
num_cat=1
split_feature=30 27 1 27 16 27 4
split_gain=4.38105 5.9351 4.74029 4.21933 4.54282 3.93341 3.59586
threshold=0 0.57555000000000012 0.90894899748892743 0.52355000000000007 0.24435497365858791 0.71520000000000017 0.14668392030419972
decision_type=1 2 8 2 2 2 10
left_child=1 2 -1 4 -2 -5 -3
right_child=3 6 -4 5 -6 -7 -8
leaf_value=0.012304145085261186 -0.016044547267297787 -0.011385968492997887 -0.0066472552072220368 0.006828180933695349 0.0057125933783358602 -0.010082560947371148 0.0060186206916723476
leaf_weight=52.243657432496548 32.37097517028451 21.738886175677184 8.282642398029564 27.722594261169434 5.4537069872021666 10.772251127287744 9.2133168391883355
leaf_count=847 761 383 168 408 46 191 71
internal_value=-0.000587175 0.00349846 0.00901861 -0.00531418 -0.0121305 0.000852739 -0.00564809
internal_weight=167.798 91.4785 60.5263 76.3195 37.8247 38.4948 30.9522
internal_count=2875 1469 1015 1406 807 599 454
cat_boundaries=0 1
cat_threshold=140
is_linear=0
shrinkage=0.03


Tree=134
num_leaves=8
num_cat=0
split_feature=5 4 25 29 21 22 25
split_gain=3.40912 3.9088 5.36935 3.98415 2.21634 1.76019 1.93731
threshold=-0.30991265230219295 0.11082581929922704 14.500000000000002 29.500000000000004 0.67765000000000009 351.50000000000006 3.5000000000000004
decision_type=8 10 2 2 2 2 2
left_child=-1 5 4 -4 -3 6 -2
right_child=1 2 3 -5 -6 -7 -8
leaf_value=0.010853083814908449 0.0031998087230088847 0.0041932830246714566 0.016710658831127906 -0.0015729102615587938 -0.010709087242706895 0.0035306652507541914 -0.0081974439677583374
leaf_weight=17.633933329954743 9.7247730232775194 7.480747107416394 23.914043491706252 12.136006666347383 14.751439763233064 12.110563544556497 68.113675003871322
leaf_count=344 204 66 209 117 143 238 1525
internal_value=0.000689556 -0.000917342 0.0046453 0.0110473 -0.00541582 -0.0047598 -0.00643327
internal_weight=165.865 148.231 58.2822 36.0501 22.2322 89.949 77.8384
internal_count=2846 2502 535 326 209 1967 1729
is_linear=0
shrinkage=0.03


Tree=135
num_leaves=8
num_cat=1
split_feature=0 5 6 32 5 30 32
split_gain=3.43514 4.83202 4.54386 3.41361 2.64946 2.57849 3.51251
threshold=-0.12995426879165958 1.0000000180025095e-35 0.041767449754145938 12.254596493540776 -0.49138392644306683 0 10.768579810257661
decision_type=10 10 8 10 8 1 10
left_child=4 2 -2 5 -1 6 -3
right_child=1 3 -4 -5 -6 -7 -8
leaf_value=0.0051691438195360781 -0.0037111809571950243 0.0099226836303149355 0.015882514682821109 0.0096759175146167598 -0.0099047761741876354 -0.0066451795212440039 -0.0083857323169161113
leaf_weight=7.3391069695353508 9.6523881275206787 19.306748179718856 30.054652899503708 14.11320276558399 30.133045187219977 48.772781563922763 6.415241075679659
leaf_count=150 178 217 578 179 723 731 86
internal_value=0.000838988 0.00325874 0.0109814 -0.000669486 -0.00623259 -0.00355954 0.00308938
internal_weight=165.787 128.315 39.707 88.608 37.4722 74.4948 25.722
internal_count=2842 1969 756 1213 873 1034 303
cat_boundaries=0 1
cat_threshold=138
is_linear=0
shrinkage=0.03


Tree=136
num_leaves=8
num_cat=0
split_feature=6 27 2 27 27 2 32
split_gain=3.84832 3.05788 3.01117 6.09181 2.71723 4.51651 2.71626
threshold=0.085798286060302931 0.71520000000000017 -1.0636431477588428 0.28475 0.49435000000000007 -0.43202764606913518 8.9100106325661006
decision_type=8 2 10 2 2 8 10
left_child=1 2 3 6 -4 -6 -1
right_child=-2 -3 4 -5 5 -7 -8
leaf_value=-0.0040612256968100965 -0.0066672667976310001 -0.0057100301498913802 0.019566394887419358 -0.0089670171044150086 -0.0039461890695403528 0.01208654577782769 0.014141400922943909
leaf_weight=4.7476143818348673 38.333832742646337 19.500106800347567 11.482930198311804 25.887426599860191 23.907644929364324 23.570810437202454 16.964252233505249
leaf_count=87 673 338 126 624 464 171 347
internal_value=0.000715348 0.00333611 0.00540559 -4.69534e-05 0.00951114 0.00433805 0.00963449
internal_weight=164.395 126.061 106.561 47.5993 58.9614 47.4785 21.7119
internal_count=2830 2157 1819 1058 761 635 434
is_linear=0
shrinkage=0.03


Tree=137
num_leaves=8
num_cat=0
split_feature=21 6 2 29 29 27 4
split_gain=3.6278 2.85052 3.57677 3.2782 3.17525 4.47328 2.5964
threshold=0.85325000000000017 0.047747460872056259 -4.3551199158998122 9.5000000000000018 47.500000000000007 0.32880000000000004 0.029097825799776936
decision_type=2 10 10 2 2 2 8
left_child=1 3 -3 -1 5 -5 -4
right_child=-2 2 6 4 -6 -7 -8
leaf_value=0.010054344361142772 -0.010883502805081522 -0.008363728172348605 0.013567351471614373 0.0043075252498018073 0.0080772242512160281 -0.014219916663485582 0.0028819852821964521
leaf_weight=6.7648179028183213 11.255281658843158 7.2558884266763917 32.197240294888616 11.156245924532412 4.8995261657983056 29.13767815567553 63.915330123156309
leaf_count=95 222 173 724 182 94 468 847
internal_value=0.00136058 0.00282928 0.0056123 -0.00246731 -0.00585385 -0.00891579 0.00737307
internal_weight=166.582 155.327 103.368 51.9583 45.1935 40.2939 96.1126
internal_count=2805 2583 1744 839 744 650 1571
is_linear=0
shrinkage=0.03


Tree=138
num_leaves=8
num_cat=0
split_feature=7 1 6 6 1 21 16
split_gain=2.72443 2.41277 3.67928 3.18804 2.97056 2.8528 3.24405
threshold=0.027497093839756299 -1.3617152947239801 0.096694690662783869 0.047747460872056259 -3.0222268080423986 0.7440500000000001 -0.55654139574336081
decision_type=8 10 8 10 8 2 2
left_child=-1 4 3 -3 -2 6 -5
right_child=1 2 -4 5 -6 -7 -8
leaf_value=-0.010775531958792718 0.0031681611677613509 -0.00085308916488506775 -0.0062798438431808032 0.010438446272252086 -0.011004439588012324 0.017895530457990808 -0.0036719009059342092
leaf_weight=10.624755803495644 18.136858131736517 34.40441444888711 19.617301283404231 21.479295823723074 19.504290023818612 18.49535353295505 21.066673479974273
leaf_count=284 329 571 305 468 359 264 233
internal_value=0 0.00134201 0.00353908 0.00603178 -0.00448857 0.00977873 0.00367958
internal_weight=163.329 152.704 115.063 95.4457 37.6411 61.0413 42.546
internal_count=2813 2529 1841 1536 688 965 701
is_linear=0
shrinkage=0.03


Tree=139
num_leaves=8
num_cat=0
split_feature=6 27 21 17 26 2 26
split_gain=3.6907 5.0437 4.369 4.25939 2.96283 2.63111 2.45324
threshold=0.056104277765816765 0.71520000000000017 0.6291000000000001 0.090327376986495969 3.5000000000000004 -3.9996213253608861 3.5000000000000004
decision_type=8 2 2 10 2 10 2
left_child=1 -1 4 6 5 -2 -4
right_child=2 -3 3 -5 -6 -7 -8
leaf_value=0.010854182365251553 -0.0024316669060787032 -0.007113708665391529 -0.014957183237154788 0.0014901417420046757 -0.0060549283515305644 0.016839917626121224 0.002322073798389601
leaf_weight=59.174138685688376 4.5762423127889678 10.771210337057708 27.073079846799374 38.532746842131019 4.0898824241012326 15.316390855237842 5.1311449557542792
leaf_count=983 77 191 627 462 69 269 122
internal_value=0.00257543 0.00744865 -0.001177 -0.00501369 0.00809384 0.0124429 -0.0119167
internal_weight=164.665 69.9453 94.7195 70.737 23.9825 19.8926 32.2042
internal_count=2800 1174 1626 1211 415 346 749
is_linear=0
shrinkage=0.03


Tree=140
num_leaves=8
num_cat=1
split_feature=16 18 5 30 0 28 32
split_gain=3.87507 3.96434 4.37707 5.70775 7.17272 4.22058 2.30318
threshold=0.24435497365858791 0.55063728013574442 1.0000000180025095e-35 0 -0.10683492232872115 -1.0000000180025095e-35 9.9395512583258512
decision_type=2 8 10 1 10 2 8
left_child=1 5 3 -3 -5 -1 -6
right_child=-2 2 -4 4 6 -7 -8
leaf_value=-0.0054131964483717376 0.011076456927312711 -0.0087928987599632628 -0.0087403637633065249 -0.0038459679438643392 0 0.015764561304967839 0.020847563664102318
leaf_weight=7.4072773940861252 16.783652078360319 15.109412476420401 67.061048185452819 21.830549420788884 6.8623180165886906 13.596276734024284 18.161459468305111
leaf_count=135 118 379 1092 488 119 214 303
internal_value=0 -0.00168168 -0.00381542 0.00169022 0.00654362 0.00834564 0.0167791
internal_weight=166.812 150.028 129.025 61.9637 46.8543 21.0036 25.0238
internal_count=2848 2730 2381 1289 910 349 422
cat_boundaries=0 1
cat_threshold=67
is_linear=0
shrinkage=0.03


Tree=141
num_leaves=8
num_cat=0
split_feature=7 4 27 6 27 5 22
split_gain=2.7075 3.20311 3.40073 3.23839 2.97281 2.47873 3.27585
threshold=0.016188784901416637 -0.12263693616826953 0.21170000000000003 0.066269824278548564 0.14570000000000002 0.14791991857320722 62.500000000000007
decision_type=8 8 2 10 2 10 2
left_child=-1 3 4 -2 -3 -4 -7
right_child=1 2 5 -5 -6 6 -8
leaf_value=-0.0085036975985108652 0.019118183844977092 -0.0016709909171156274 -0.0041918387788407513 -0.0004033604008117576 0.018560966559337318 -0.0083127787477654102 0.0072578804280495138
leaf_weight=10.103401115164159 13.064060341566803 6.5621569007635108 66.657422369346023 9.2201719731092435 9.3460334409028274 7.7757014129310837 45.217993227764964
leaf_count=280 259 106 1259 218 150 94 478
internal_value=0.00248142 0.0036513 0.00146131 0.0125729 0.0118213 -0.000453125 0.00393664
internal_weight=167.947 157.844 135.559 22.2842 15.9082 119.651 52.9937
internal_count=2844 2564 2087 477 256 1831 572
is_linear=0
shrinkage=0.03


Tree=142
num_leaves=8
num_cat=0
split_feature=4 27 2 2 6 27 2
split_gain=3.1858 5.68064 6.26309 5.2664 4.67408 3.89593 3.05835
threshold=-0.090536385868056221 0.21170000000000003 -0.16535915822265893 -3.9996213253608861 0.060035806120608846 0.76330000000000009 -1.2140138270881671
decision_type=8 2 10 8 8 2 10
left_child=4 3 -3 -2 6 -4 -1
right_child=1 2 5 -5 -6 -7 -8
leaf_value=0 -0.0023367595890705709 -0.0067444778076237626 0.016239751705282541 0.023502439523446245 -0.0018091420813932634 -0.0033878489287003321 0.025680991221223019
leaf_weight=7.172769432887435 9.112199202179907 96.643112145364285 13.151579484343531 7.26507589966059 15.852018091827629 10.131250219419597 7.0955754965543765
leaf_count=176 203 1691 72 74 367 140 138
internal_value=0.00127528 -0.000727033 -0.00331202 0.0124616 0.00898084 0.00853729 0.0179854
internal_weight=166.424 136.303 119.926 16.3773 30.1204 23.2828 14.2683
internal_count=2861 2180 1903 277 681 212 314
is_linear=0
shrinkage=0.03


Tree=143
num_leaves=8
num_cat=0
split_feature=18 18 17 2 18 5 17
split_gain=3.83075 3.50129 2.4569 3.99143 3.27939 2.84204 4.9077
threshold=0.53904297135676515 0.50011865699514235 0.10959723962624247 -0.39926954780594753 1.4120393278246635 1.0000000180025095e-35 0.29719014469083438
decision_type=8 10 10 10 10 10 10
left_child=1 -1 3 4 -2 6 -4
right_child=2 -3 5 -5 -6 -7 -8
leaf_value=-0.00089151500950433184 -0.010316094560698711 0.018391115407272535 0.020170541160597549 0.0059950721457868849 0.0074142823554635322 -0.00037830124431158609 -0.0054439155384726802
leaf_weight=11.083003088831903 53.356072049587965 11.987724551931022 9.9351145345717651 17.374347701668739 4.1821683123707762 54.31349366530776 5.1844041012227526
leaf_count=182 1309 140 149 276 92 626 72
internal_value=0.00120562 0.0108006 -0.000716129 -0.0043481 -0.00805077 0.00305313 0.0118941
internal_weight=167.416 23.0707 144.346 74.9126 57.5382 69.433 15.1195
internal_count=2846 322 2524 1677 1401 847 221
is_linear=0
shrinkage=0.03


Tree=144
num_leaves=8
num_cat=0
split_feature=6 4 16 3 6 6 28
split_gain=2.52727 2.75966 4.44441 3.12584 2.8476 4.05989 2.39534
threshold=0.083940559053202177 -0.090536385868056221 -0.39037986359504989 -1.4929149234453514 0.060035806120608846 0.047747460872056259 3.5000000000000004
decision_type=8 8 2 10 10 10 2
left_child=1 4 3 -3 5 -1 -2
right_child=6 2 -4 -5 -6 -7 -8
leaf_value=0 -0.010217555494734088 0.0050154330267122406 0.0060842459563743984 -0.0090099694666338336 -0.0028046935234691669 0.02470881072679065 0.0034337369470785798
leaf_weight=8.8449921999126691 31.256247797980905 11.83383617736399 39.616298820823431 49.099116202443838 7.525075362995266 6.2903149463236323 9.8054575957357866
leaf_count=203 573 186 360 1025 183 125 149
internal_value=-0.000791047 0.00132375 -0.000877728 -0.00580254 0.00926165 0.0148046 -0.00662357
internal_weight=164.271 123.21 100.549 60.933 22.6604 15.1353 41.0617
internal_count=2804 2082 1571 1211 511 328 722
is_linear=0
shrinkage=0.03


Tree=145
num_leaves=8
num_cat=0
split_feature=2 27 4 2 6 6 0
split_gain=3.0626 5.45051 3.60384 4.12839 3.61471 6.02898 3.0696
threshold=-0.24010858262232684 0.76330000000000009 -0.0065613759531327745 -0.68172784003528275 0.047747460872056259 0.056104277765816765 -1.0000000180025095e-35
decision_type=8 2 8 10 10 10 8
left_child=2 -2 4 6 -1 -6 -4
right_child=1 -3 3 -5 5 -7 -8
leaf_value=-0.0055225635531596937 0.014246730808632757 -0.0054333352063932559 -0.009465786294890019 -0.013046360040465702 0.02544564717356718 0 0.004076059077903006
leaf_weight=13.623143656179307 24.917281929403543 13.739346852526067 13.652324917726217 28.658784173429012 6.0962118096649673 23.324081325903535 41.509784106165171
leaf_count=321 142 208 375 414 119 586 662
internal_value=0.000531113 0.00719826 -0.00169568 -0.00524298 0.00465736 0.00994495 0
internal_weight=165.521 38.6566 126.864 83.8209 43.0434 29.4203 55.1621
internal_count=2827 350 2477 1451 1026 705 1037
is_linear=0
shrinkage=0.03


Tree=146
num_leaves=8
num_cat=1
split_feature=7 6 2 27 4 4 24
split_gain=2.43587 3.07062 2.85285 7.95138 4.96332 3.31599 2.94414
threshold=-1.0000000180025095e-35 0.1063127971192401 -3.9996213253608861 0.21170000000000003 -0.090536385868056221 0.35013106303184444 0
decision_type=8 10 8 2 10 10 1
left_child=-1 2 -2 -4 6 -6 -5
right_child=1 -3 3 4 5 -7 -8
leaf_value=-0.010524461290937341 -0.0080668487977713244 -0.00918136282181993 0.024014230706311798 -0.0043319028368723539 -0.0054139315550909431 0.0089924802960977043 0.012033140484776182
leaf_weight=9.0019555781036598 10.744967013597487 13.331072602421044 8.470808504149316 6.7407389096915722 69.479947198182344 9.5019052959978563 36.36842511408031
leaf_count=251 238 243 77 124 1112 56 705
internal_value=0.000189272 0.00139219 0.00292868 0.00435534 0.0014832 -0.00284066 0.00890322
internal_weight=163.64 154.638 141.307 130.562 122.091 78.9819 43.1092
internal_count=2806 2555 2312 2074 1997 1168 829
cat_boundaries=0 1
cat_threshold=1
is_linear=0
shrinkage=0.03


Tree=147
num_leaves=8
num_cat=1
split_feature=30 2 22 4 4 4 22
split_gain=3.50781 5.2481 3.7387 2.75694 2.54486 3.24345 2.85523
threshold=0 -0.874799753766066 72.500000000000014 -0.012423423904370899 0.11082581929922704 -0.090536385868056221 212.50000000000003
decision_type=1 10 2 10 10 10 2
left_child=1 -1 -2 -3 5 -4 -7
right_child=2 3 4 -5 -6 6 -8
leaf_value=-0.015632988025355361 -0.0064662932889806056 0.011087904451059285 0.0073813467688872356 -0.0041199453082100095 0.012083759342401074 -0.012799827031585576 0.0026687918606688693
leaf_weight=15.954315179958938 15.614026689901946 10.852245826274158 39.964437073096633 16.342927049845457 40.441011207178235 10.998340569436552 17.062364384531975
leaf_count=452 282 176 765 191 336 269 355
internal_value=0.00188136 -0.0043457 0.00429622 0.00266344 0.00668093 0.00233808 -0.00447271
internal_weight=167.23 43.1495 124.08 27.1952 108.466 68.0251 28.0607
internal_count=2826 819 2007 367 1725 1389 624
cat_boundaries=0 1
cat_threshold=82
is_linear=0
shrinkage=0.03


Tree=148
num_leaves=8
num_cat=0
split_feature=22 2 27 4 3 29 3
split_gain=4.11185 2.76047 3.66322 3.18689 1.96081 2.44197 2.27104
threshold=212.50000000000003 -0.39926954780594753 0.71520000000000017 -0.34545437731407996 -0.082815736074856552 27.000000000000004 0.33433443384468842
decision_type=2 10 2 8 8 2 10
left_child=1 3 -3 -1 5 -2 -6
right_child=4 2 -4 -5 6 -7 -8
leaf_value=0.0089727735787323883 -0.0078364193830489197 0.011241324036488799 -0.0071904411046078706 -0.008978302885250181 0.011036893530525105 0.0069186780063828814 -0.00061876668328245685
leaf_weight=3.0224040206521749 14.045235117897393 15.248551528900864 8.6567423529922944 53.530997834168375 47.464474966749549 10.267647648230193 16.302841331809759
leaf_count=67 287 104 166 1136 746 202 155
internal_value=0.00126761 -0.00335713 0.00396722 -0.00679348 0.00557607 -0.00097075 0.00811118
internal_weight=168.539 80.4587 23.9053 56.5534 88.0802 24.3129 63.7673
internal_count=2863 1473 270 1203 1390 489 901
is_linear=0
shrinkage=0.03


Tree=149
num_leaves=8
num_cat=0
split_feature=0 2 4 25 21 25 18
split_gain=3.0926 3.30601 3.19139 3.20387 4.19027 2.90878 2.67574
threshold=-0.14171106602665692 -1.0636431477588428 -0.050000244207981652 15.500000000000002 0.62285000000000013 23.500000000000004 0.52756058119116267
decision_type=10 8 8 2 2 2 10
left_child=5 6 -3 4 -4 -1 -2
right_child=1 2 3 -5 -6 -7 -8
leaf_value=-0.010640000781146578 0.010469194513317445 0.018902691295407607 0.009774161936868659 0.0086611930896392953 -0.0084316562099087389 0.0043257300055058222 -0.0053467069817301266
leaf_weight=21.54015776515007 3.92432409338653 10.653033541515468 9.0263184383511526 45.082436844706535 25.585038712248206 11.882535093463956 39.156485831364989
leaf_count=499 75 197 88 524 342 293 813
internal_value=0.00203028 0.00412435 0.00722535 0.00391131 -0.00238808 -0.00514937 -0.00219836
internal_weight=166.85 133.428 90.3468 79.6938 34.6114 33.4227 43.0808
internal_count=2831 2039 1151 954 430 792 888
is_linear=0
shrinkage=0.03


Tree=150
num_leaves=8
num_cat=0
split_feature=0 3 1 4 1 21 1
split_gain=6.57051 4.63711 5.8559 3.00774 2.59897 2.58379 2.20494
threshold=-0.018124759238594908 0.0860600061250619 0.8868002640992606 0.35013106303184444 0.68698340599661178 0.82135000000000014 0.95803377119004363
decision_type=10 10 8 8 10 2 10
left_child=6 2 5 4 -3 -2 -1
right_child=1 3 -4 -5 -6 -7 -8
leaf_value=-0.0080282152883554073 0.019410881972754181 -0.0075454498171739571 -0.0058918124551946196 0.0084698194823606219 0.006001684198390516 -0.00076261669702537116 0.0066629629548486989
leaf_weight=53.617631233297288 31.743144754320383 35.63010972365737 7.5973459724336854 18.683429334312677 9.9930498935282213 4.3499992862343779 3.483549313619732
leaf_count=1301 478 469 128 166 127 82 71
internal_value=0.00139662 0.00568909 0.012384 6.61576e-05 -0.00384573 0.0169421 -0.0061929
internal_weight=165.098 107.997 43.6905 64.3066 45.6232 36.0931 57.1012
internal_count=2822 1450 688 762 596 560 1372
is_linear=0
shrinkage=0.03


Tree=151
num_leaves=8
num_cat=0
split_feature=32 25 17 27 3 0 27
split_gain=2.86495 2.11313 2.20059 2.3001 2.0961 3.5267 2.62401
threshold=11.951378335098926 32.500000000000007 -0.020622851071902756 0.68525000000000003 -0.26986194174730138 0.10045643443870157 0.58345000000000014
decision_type=8 2 10 2 10 8 2
left_child=4 2 -2 -4 -1 -6 -7
right_child=1 -3 3 -5 5 6 -8
leaf_value=0.0053003835374714533 0 -0.0029350553271550129 0.019262872349489563 0 -0.0092177892112914536 0.0059698689709806602 -0.0062158668546468277
leaf_weight=30.658783045597374 12.155509024858473 7.6535253822803488 16.095718363299969 6.8420847784727803 36.836397341452539 37.988334333524108 15.872296949848531
leaf_count=601 263 128 213 85 908 454 165
internal_value=0.00183548 0.0078452 0.0106528 0.0149025 -0.00051972 -0.00290926 0.0017969
internal_weight=164.103 42.7468 35.0933 22.9378 121.356 90.697 53.8606
internal_count=2817 689 561 298 2128 1527 619
is_linear=0
shrinkage=0.03


Tree=152
num_leaves=8
num_cat=1
split_feature=18 31 1 18 1 18 16
split_gain=4.46119 5.0269 4.16868 3.27435 2.44221 5.1545 2.51658
threshold=0.53904297135676515 0 -6.9671685148573284 0.50011865699514235 -0.14009640959949773 0.89151280176007541 -1.0357523479951272
decision_type=8 1 8 10 10 8 2
left_child=3 4 -3 -1 -2 6 -6
right_child=1 2 -4 -5 5 -7 -8
leaf_value=-0.00051046466174164376 -0.001665923533767482 0.0091354820705654548 -0.01016163487284333 0.018601282768053503 -0.0012699721403923695 -0.004496791585202266 0.017829137282810211
leaf_weight=10.813782975077631 35.883217222057283 4.6068094521760941 61.710169414058328 10.903977233916519 4.7719498910009852 13.930451576597987 22.283850962296132
leaf_count=186 622 74 1185 130 123 233 288
internal_value=0.000322876 -0.00169465 -0.00685746 0.0110047 0.00323594 0.00806549 0.0145116
internal_weight=164.904 143.186 66.317 21.7178 76.8695 40.9863 27.0558
internal_count=2841 2525 1259 316 1266 644 411
cat_boundaries=0 1
cat_threshold=12
is_linear=0
shrinkage=0.03


Tree=153
num_leaves=8
num_cat=0
split_feature=5 5 5 5 22 6 1
split_gain=3.37709 4.26526 3.63195 5.91467 5.52701 4.64749 3.01137
threshold=-0.30991265230219295 -0.095582142205157233 -1.0000000180025095e-35 0.14791991857320722 262.50000000000006 0.053638216502319036 -1.7940925238607317
decision_type=8 8 8 8 2 10 10
left_child=6 -2 -3 -4 -5 -6 -1
right_child=1 2 3 4 5 -7 -8
leaf_value=-0.0037165532505412887 -0.011331289985212408 0.011479462972937936 -0.010334665963698423 -0.0026929012547612049 -0.00093349677827129465 0.019797392996704681 0.01631211809299124
leaf_weight=4.741707623004916 20.93308238312602 17.920902881771326 32.587126106955111 46.212782468646765 12.641911009326579 17.070246912539005 12.879058700054882
leaf_count=97 534 380 645 594 129 187 252
internal_value=0.000748887 -0.000860412 0.00133279 -0.000887356 0.00358733 0.0122522 0.0108594
internal_weight=164.987 147.366 126.433 108.512 75.9249 29.7122 17.6208
internal_count=2818 2469 1935 1555 910 316 349
is_linear=0
shrinkage=0.03


Tree=154
num_leaves=8
num_cat=1
split_feature=0 4 29 5 25 30 25
split_gain=4.97284 4.77486 4.44324 4.44572 2.18845 1.96751 3.49646
threshold=-0.11614706061906298 -0.12263693616826953 15.500000000000002 -0.039952449170574215 32.500000000000007 0 20.500000000000004
decision_type=10 8 2 8 2 1 2
left_child=-1 -2 3 -3 5 6 -4
right_child=1 2 4 -5 -6 -7 -8
leaf_value=-0.010425014924303989 0.016147135136019054 -0.0081128844837621093 0.0095575023296387337 0.012581026805741661 0.0039534117646550073 -0.0088653863684830733 -0.0083408662058519645
leaf_weight=36.554546672850847 8.7577891424298269 5.7733713816851377 13.733169889077546 25.65012715943158 15.000829080119727 48.029223825782537 9.6461687032133323
leaf_count=883 175 127 159 331 203 812 116
internal_value=-0.00175986 0.00110178 -0.000852726 0.00752372 -0.00443719 -0.00660941 0.00110032
internal_weight=163.145 126.591 117.833 31.4235 86.4094 71.4086 23.3793
internal_count=2806 1923 1748 458 1290 1087 275
cat_boundaries=0 1
cat_threshold=136
is_linear=0
shrinkage=0.03


Tree=155
num_leaves=8
num_cat=2
split_feature=31 32 30 6 25 4 1
split_gain=3.34929 4.61284 3.09565 5.41073 4.40094 4.05057 2.74703
threshold=0 12.254596493540776 1 0.051485790889295745 27.500000000000004 -0.0065613759531327745 -0.78642411837171111
decision_type=1 10 1 8 2 8 10
left_child=1 2 3 -1 -5 -4 -3
right_child=-2 6 5 4 -6 -7 -8
leaf_value=-0.0051302099485796906 -0.0043951317456021582 -0.00064923209379597231 0.0061086285919101299 0.020064149736499681 -0.0023991556617912651 -0.011211981843801882 0.022267915931164894
leaf_weight=16.765023650601506 74.877274171449244 4.3132085669785729 11.030824888497589 16.651624737307433 7.6373060662299386 27.573216894641519 8.0564753599464876
leaf_count=236 1396 84 290 220 107 445 94
internal_value=-0.000149818 0.00333556 0.000199112 0.00508091 0.0136919 -0.00472747 0.0164239
internal_weight=166.905 92.0277 79.658 41.054 24.2889 38.604 12.3697
internal_count=2872 1476 1298 563 327 735 178
cat_boundaries=0 1 2
cat_threshold=12 170
is_linear=0
shrinkage=0.03


Tree=156
num_leaves=8
num_cat=0
split_feature=1 6 25 28 2 0 1
split_gain=2.53504 2.41295 2.40078 2.80056 2.27624 2.27583 3.0875
threshold=0.27637719668734467 0.091850884408647304 10.500000000000002 1.0000000180025095e-35 -1.5351199684194723 0.28261358467526121 -1.1100673658308329
decision_type=8 8 2 2 10 8 10
left_child=2 -2 4 -4 -1 6 -6
right_child=1 -3 3 -5 5 -7 -8
leaf_value=-0.012523892719478829 6.206554236541996e-05 -0.011261106293078336 0.00039744706255898381 0.012177193234667087 -0.0045639374606105685 -0.0085021085077509259 0.014822609485986099
leaf_weight=5.9399678818881538 54.178184882737696 15.029590415768324 38.574411229230464 33.02018228545785 6.2296252716332718 3.7854090053588196 9.3964485786855132
leaf_count=158 913 240 692 518 138 40 154
internal_value=0.000951321 -0.00311471 0.00401307 0.00669671 -0.0029044 0.00228798 0.00753056
internal_weight=166.154 69.2078 96.946 71.5946 25.3515 19.4115 15.6261
internal_count=2853 1153 1700 1210 490 332 292
is_linear=0
shrinkage=0.03


Tree=157
num_leaves=8
num_cat=1
split_feature=27 2 27 30 32 18 18
split_gain=4.58018 4.3973 6.74749 3.42607 3.03907 2.72892 4.14723
threshold=0.71520000000000017 -1.0636431477588428 0.32880000000000004 0 13.850852838257866 1.1294987976157409 0.63337719253447233
decision_type=2 10 2 1 8 10 10
left_child=1 2 3 -1 -4 6 -3
right_child=-2 5 4 -5 -6 -7 -8
leaf_value=-0.0060169143728019733 -0.0088951596626693653 -1.179952463737898e-06 -0.015449636733659948 0.0085148285261015949 0.0053741801680143118 -0.0039104056689786993 0.014519661985881865
leaf_weight=7.046876328997314 24.11663581058383 23.19699558056891 23.184861101210121 30.782241638749838 2.4599362742155781 9.0683824978768808 46.440690129995346
leaf_count=203 418 321 620 520 51 113 601
internal_value=0.00133154 0.00354751 -0.0020415 0.00544779 -0.0122034 0.00800035 0.00998772
internal_weight=166.297 142.18 63.4739 37.8291 25.6448 78.7061 69.6377
internal_count=2847 2429 1394 723 671 1035 922
cat_boundaries=0 1
cat_threshold=82
is_linear=0
shrinkage=0.03


Tree=158
num_leaves=8
num_cat=0
split_feature=27 2 27 2 22 17 7
split_gain=5.40722 4.04238 5.66221 5.82493 3.88554 3.95863 4.99725
threshold=0.71520000000000017 -0.91403539186437344 0.32880000000000004 -4.3551199158998122 54.500000000000007 0.18909169130694722 -0.017974556758261082
decision_type=2 10 2 8 2 10 10
left_child=1 2 3 -1 -3 6 -6
right_child=-2 4 -4 -5 5 -7 -8
leaf_value=-0.0091580925145193712 -0.0099504278035236777 -0.0055249022967262139 -0.009463944049925694 0.012285691746112333 0.020009180294549511 0.00068527513524797054 -0.0051825038776385241
leaf_weight=9.1800481919199211 24.64664962887764 9.4396362137049419 33.258969314396381 27.520165289752185 31.931328974664211 25.714445751160383 4.1018000822514287
leaf_count=236 437 130 805 476 502 196 68
internal_value=0.00104584 0.00349729 -0.0014292 0.00590721 0.00818348 0.0108875 0.0163803
internal_weight=165.793 141.146 69.9592 36.7002 71.1872 61.7476 36.0331
internal_count=2850 2413 1517 712 896 766 570
is_linear=0
shrinkage=0.03


Tree=159
num_leaves=8
num_cat=0
split_feature=0 3 6 21 3 18 6
split_gain=3.26716 5.30921 4.15919 3.60194 3.28554 2.91641 2.41475
threshold=-0.070814431954184007 0.065902584153307922 0.056104277765816765 0.68175000000000008 0.096291650363639666 0.69010890503952904 0.040503840461384763
decision_type=10 10 10 2 10 10 8
left_child=4 2 6 -3 -1 -5 -2
right_child=1 3 -4 5 -6 -7 -8
leaf_value=-0.009656060481963635 0.0026072525355321989 0.0047401418758024295 0 0.00020578760580416849 0.0078564017428342531 -0.014077803933933861 0.022871107775912621
leaf_weight=38.010113855823874 12.800855848938228 25.564828831702471 26.563141929917037 19.189378976821899 4.8174562416970721 20.858059920370579 12.57352341711521
leaf_count=950 203 336 480 236 122 272 193
internal_value=0 0.00254993 0.00912122 -0.00287399 -0.00646455 -0.00802671 0.0161733
internal_weight=160.377 117.55 51.9375 65.6123 42.8276 40.0474 25.3744
internal_count=2792 1720 876 844 1072 508 396
is_linear=0
shrinkage=0.03


Tree=160
num_leaves=8
num_cat=1
split_feature=30 2 2 2 18 2 2
split_gain=3.60506 2.38874 4.07882 4.04344 3.24203 2.27145 3.06691
threshold=0 -2.8991409354800797 -3.9996213253608861 -0.874799753766066 0.7313268519816033 -0.12139816440845426 -0.73924982846479692
decision_type=1 8 10 10 10 8 10
left_child=5 2 -2 -3 -5 6 -1
right_child=1 3 -4 4 -6 -7 -8
leaf_value=0.0055456432956523249 -0.0080581789672003606 -0.015963314666746446 0.015949659321388043 -0.0081237242742570534 0.0056979792318241802 0.012390241325662599 -0.0055993917737367565
leaf_weight=46.709291346371174 4.6625152565538883 21.498228283599019 5.0286908429115993 21.983706502243876 22.632628975436091 13.78286963328719 28.917059276252985
leaf_count=901 137 537 102 336 312 101 438
internal_value=-0.000303543 -0.00462827 0.00513059 -0.007285 -0.00102697 0.00341293 0.000976787
internal_weight=165.215 75.8058 9.69121 66.1146 44.6163 89.4092 75.6264
internal_count=2864 1424 239 1185 648 1440 1339
cat_boundaries=0 1
cat_threshold=140
is_linear=0
shrinkage=0.03


Tree=161
num_leaves=8
num_cat=0
split_feature=7 2 18 6 4 6 18
split_gain=3.69472 2.46266 3.68381 3.97939 2.90009 2.453 2.369
threshold=-1.0000000180025095e-35 -1.0169667466394263 0.55063728013574442 0.056104277765816765 0.24714943459493596 0.044196585280297795 0.64043968165551013
decision_type=8 8 8 8 10 10 10
left_child=-1 2 -2 5 -5 -4 -3
right_child=1 6 3 4 -6 -7 -8
leaf_value=-0.011480629896944946 0.011979358370006642 0 -0.0034073473205972773 -0.014714889416443621 0.0049945085489190326 0.011618252515988758 0.0091931697794199203
leaf_weight=8.3549851700663549 6.8350656181573859 33.799333464354277 14.565829991362991 23.621446266770366 3.013827469199895 9.0644129030406457 64.787891739979386
leaf_count=239 129 456 317 618 29 183 854
internal_value=0.00206673 0.00341095 -0.00124751 -0.00470138 -0.0114131 0.00336289 0.00614093
internal_weight=164.043 155.688 57.1006 50.2655 26.6353 23.6302 98.5872
internal_count=2825 2586 1276 1147 647 500 1310
is_linear=0
shrinkage=0.03


Tree=162
num_leaves=8
num_cat=1
split_feature=22 18 25 30 27 25 4
split_gain=4.23656 4.69584 3.94618 3.79041 3.88614 3.64069 3.24089
threshold=238.50000000000003 0.749687639074338 25.500000000000004 0 0.63845000000000007 16.500000000000004 0.22653730399659158
decision_type=2 10 2 1 2 2 8
left_child=3 6 -3 4 -1 -5 -2
right_child=1 2 -4 5 -6 -7 -8
leaf_value=0.01280287229298566 0.0038312921048514904 0.017320685387104403 -0.0013321102511887233 -0.01386308559405677 -0.0082732625573865171 -0.00034808652886358991 -0.011332255054985413
leaf_weight=16.861554559320215 28.809859276749194 26.796188779175282 10.918811636045573 29.638522460125387 4.1848116125911465 39.635564532130957 11.09844598174095
leaf_count=263 515 389 169 567 65 753 115
internal_value=0.000774205 0.00568879 0.0123043 -0.00341614 0.00518592 -0.00634057 -0.00126072
internal_weight=167.944 77.6233 37.715 90.3205 21.0464 69.2741 39.9083
internal_count=2836 1188 558 1648 328 1320 630
cat_boundaries=0 1
cat_threshold=9
is_linear=0
shrinkage=0.03


Tree=163
num_leaves=8
num_cat=0
split_feature=4 4 18 2 27 1 28
split_gain=3.15638 2.81637 3.44259 3.43631 4.51735 3.29416 3.00239
threshold=0.35013106303184444 0.029097825799776936 0.58622924528512732 -1.2140138270881671 0.71520000000000017 0.8868002640992606 -1.0000000180025095e-35
decision_type=10 8 8 10 2 8 2
left_child=1 3 -3 -1 5 -5 -4
right_child=-2 2 6 4 -6 -7 -8
leaf_value=-0.00452351974981351 0.010549523447809617 0.0047830353857511634 0 0.018045845116204724 -0.0058322392942427555 -0.0037369691681829083 -0.011603907719356155
leaf_weight=23.933469081297517 12.301562324166296 18.159998717717826 26.957572811283171 20.57340747769922 8.2471675351262075 3.591099230572584 50.014771262183785
leaf_count=630 74 225 446 406 204 73 767
internal_value=-0.000503641 -0.00197951 -0.00503037 0.0029234 0.00860044 0.014218 -0.0077545
internal_weight=163.779 151.477 95.1323 56.3451 32.4117 24.1645 76.9723
internal_count=2825 2751 1438 1313 683 479 1213
is_linear=0
shrinkage=0.03


Tree=164
num_leaves=8
num_cat=0
split_feature=18 6 18 2 3 7 29
split_gain=3.57409 3.98316 3.86215 2.3202 3.17491 2.86419 2.49656
threshold=0.55063728013574442 0.094141660414923473 0.50011865699514235 -0.39926954780594753 -0.47053662675759106 0.016188784901416637 27.000000000000004
decision_type=8 8 10 10 8 10 2
left_child=2 3 -1 4 -2 -6 -5
right_child=1 -3 -4 6 5 -7 -8
leaf_value=-0.0020987206767310281 0.0097315430535490147 -0.010650896669458391 0.017568503667348263 0.012206676939184253 -0.0064727778991555502 0.0078723584302456996 -0.0015856327850410244
leaf_weight=11.044311231002213 9.9347725268453342 24.505513194948435 12.779986109584568 20.218887593597174 64.016648282296956 7.2387215197086325 14.583963388577102
leaf_count=180 202 442 179 228 1318 107 157
internal_value=0.000585474 -0.00130785 0.00974427 0.00110489 -0.00158818 -0.00417868 0.0068605
internal_weight=164.323 140.499 23.8243 115.993 81.1901 71.2554 34.8029
internal_count=2813 2454 359 2012 1627 1425 385
is_linear=0
shrinkage=0.03


Tree=165
num_leaves=8
num_cat=0
split_feature=1 27 2 28 4 2 1
split_gain=3.76413 3.27389 5.30258 4.12349 3.62673 2.68353 2.61793
threshold=0.90894899748892743 0.48235 -1.1602033170970538 3.5000000000000004 -0.12263693616826953 -0.20128577890358271 0.16930329773742922
decision_type=8 2 10 2 8 10 10
left_child=1 2 6 4 -3 -6 -1
right_child=-2 3 -4 -5 5 -7 -8
leaf_value=0.0047454042989722549 -0.010515871397802549 0.0066395381275129017 0.017128713268968702 0.0096857403692523197 -0.012770039937731603 2.3147008582735624e-05 -0.0076203451463554058
leaf_weight=33.569171458482742 20.793556341901422 9.880247322842477 17.061827229335904 11.284460159018634 37.447395908646286 18.391558025032282 16.454171776771545
leaf_count=716 383 210 206 125 679 183 354
internal_value=-0.000531301 0.00128831 0.00586254 -0.00269698 -0.00584702 -0.00884654 0
internal_weight=164.882 144.089 67.0852 77.0037 65.7192 55.839 50.0233
internal_count=2856 2473 1276 1197 1072 862 1070
is_linear=0
shrinkage=0.03


Tree=166
num_leaves=8
num_cat=0
split_feature=4 6 3 6 18 4 1
split_gain=3.73113 5.70323 4.5511 4.58373 4.03195 3.32309 3.17833
threshold=-0.090536385868056221 0.060035806120608846 0.58983932791917493 0.039591175891329711 0.53904297135676515 0.1231859328481812 0.68698340599661178
decision_type=8 8 8 10 8 8 8
left_child=1 6 4 -4 5 -2 -1
right_child=2 -3 3 -5 -6 -7 -8
leaf_value=0.02289273184712691 -0.0052029060506973293 -0.0036745111889120077 -0.007605604059693182 0.013423280673182547 -0.0079863829253405474 0.013594014728361621 -0.0020592956035887398
leaf_weight=11.127248773351312 8.600112382322548 15.294118616729973 6.886991964653137 19.427258217707276 90.530338888056576 9.812749460339548 3.0708104372024545
leaf_count=233 168 365 93 252 1569 71 68
internal_value=-0.000357173 0.00798786 -0.00262593 0.00699241 -0.00539683 0.0053299 0.0180231
internal_weight=164.75 29.4922 135.257 26.3143 108.943 18.4129 14.1981
internal_count=2819 666 2153 345 1808 239 301
is_linear=0
shrinkage=0.03


Tree=167
num_leaves=8
num_cat=1
split_feature=30 22 26 27 21 2 27
split_gain=3.08802 5.17707 3.99516 3.47992 3.29691 4.72637 4.29616
threshold=0 351.50000000000006 1.5000000000000002 0.21170000000000003 0.80720000000000014 -2.1823538595135736 0.48235
decision_type=1 2 2 2 2 8 2
left_child=1 4 3 -2 5 -1 -7
right_child=2 -3 -4 -5 -6 6 -8
leaf_value=-0.0095779184751261324 0.0054265282249818143 0.02084782132695405 0.0006576473043860278 -0.014313356080004124 -0.012050023281690749 0.01798034230776737 -5.2317770367487447e-05
leaf_weight=9.2816784996539337 4.4605082944035521 6.8709543980658045 70.802132069133222 29.282090403139591 6.5911168232560149 14.865935716778038 21.29629910364747
leaf_count=201 76 108 1205 522 135 274 271
internal_value=-0.000121928 0.00452872 -0.0031351 -0.0108047 0.000387421 0.00400573 0.00893534
internal_weight=163.451 58.906 104.545 33.7426 52.035 45.4439 36.1622
internal_count=2792 989 1803 598 881 746 545
cat_boundaries=0 1
cat_threshold=12
is_linear=0
shrinkage=0.03


Tree=168
num_leaves=8
num_cat=1
split_feature=30 0 22 28 29 32 18
split_gain=2.98908 3.17118 2.50195 2.41287 2.98381 2.25303 3.6225
threshold=0 0.30292359495716453 47.500000000000007 1.0000000180025095e-35 27.000000000000004 9.7754325134627251 0.77340185741246559
decision_type=1 10 2 2 2 8 10
left_child=2 -2 -1 -4 -5 -6 -7
right_child=1 -3 3 4 5 6 -8
leaf_value=-0.0065652795987844294 -0.0080728823417594731 0.0056934310727143923 0.00030225293714580023 0.016786909225473556 -0.0065669983910285161 -0.0042587414967923494 0.017007642876714968
leaf_weight=10.755157971754668 49.416302191093564 12.704896425828336 50.308459443971515 19.389639295637608 9.9462835881859082 7.5463073048740608 6.7797983344644308
leaf_count=186 1028 105 877 255 156 139 98
internal_value=0.000348613 -0.00412666 0.00331298 0.00534194 0.00991243 0.00115605 0.00762165
internal_weight=166.847 62.1212 104.726 93.9705 43.662 24.2724 14.3261
internal_count=2844 1133 1711 1525 648 393 237
cat_boundaries=0 1
cat_threshold=156
is_linear=0
shrinkage=0.03


Tree=169
num_leaves=8
num_cat=0
split_feature=32 2 1 6 26 3 18
split_gain=3.89751 5.14671 3.99201 3.74765 3.29081 2.54391 2.65938
threshold=10.1906799100543 -0.16535915822265893 0.049970971763623979 0.060035806120608846 1.5000000000000002 -0.35922926953658929 0.87767590400839446
decision_type=10 8 8 8 2 8 8
left_child=2 3 4 -2 -1 -4 -7
right_child=1 -3 5 -5 -6 6 -8
leaf_value=-0.0018035275211351815 -0.0011298025237175694 0.006218529521551195 0.0090904912398793378 -0.015224596995778264 0.01378340458027855 0.00051746307516997399 -0.014295457196090051
leaf_weight=13.426959078758953 35.165658990852535 19.068529779091477 3.576912758871913 33.756407156586647 28.662555860355496 18.081549794413153 12.703727251850067
leaf_count=216 690 175 69 743 428 272 223
internal_value=-0.00122771 -0.00537726 0.00342749 -0.00909353 0.00901767 -0.00347558 -0.00689625
internal_weight=164.442 87.9906 76.4517 68.9221 42.0895 34.3622 30.7853
internal_count=2816 1608 1208 1433 644 564 495
is_linear=0
shrinkage=0.03


Tree=170
num_leaves=8
num_cat=0
split_feature=5 1 7 29 0 6 3
split_gain=3.67966 2.89253 2.59164 2.25125 3.2769 2.70117 2.11318
threshold=-0.30991265230219295 -1.6417636932737176 0.10883183659255806 19.500000000000004 -0.10683492232872115 0.094141660414923473 0.0860600061250619
decision_type=8 10 8 2 10 8 10
left_child=1 -1 -2 4 -4 -5 -6
right_child=2 -3 3 5 6 -7 -8
leaf_value=-0.0026405211316515515 -0.01055348909326741 0.017102477299976125 -0.0066984801107525206 0.00063658329212858264 0.014266553076709912 -0.011537602617212116 0.0010793952763028703
leaf_weight=5.2897014487534788 11.765314417891203 13.053354639559982 8.6925163986161333 66.827833128161728 20.90442113019526 12.698983522132037 24.247660404071212
leaf_count=107 313 252 224 1101 307 233 291
internal_value=0.00143199 0.0117668 -0.000322689 0.00101985 0.00542262 -0.0020129 0.00869532
internal_weight=163.48 18.3431 145.137 133.371 53.8446 79.5268 45.1521
internal_count=2828 359 2469 2156 822 1334 598
is_linear=0
shrinkage=0.03


Tree=171
num_leaves=8
num_cat=1
split_feature=2 21 30 27 6 4 6
split_gain=2.5966 4.89054 3.98756 5.04385 6.88186 4.04677 3.54374
threshold=-0.30307454926889665 0.78505000000000014 0 0.56475000000000009 0.087853757904858429 -0.27983439623801259 0.045566115129367681
decision_type=10 2 1 2 10 8 8
left_child=2 -2 3 4 6 -4 -1
right_child=1 -3 5 -5 -6 -7 -8
leaf_value=0 0.011877814261594764 -0.0060841816858808219 0.0078895126966207312 -0.0094516289662052166 -0.0099169323131538898 -0.013480557983595253 0.01549522187893615
leaf_weight=20.232514854520559 29.103029074147344 14.139029085636137 3.3240567035973072 18.348577627912164 12.111654281616209 35.022942014969885 33.137433750554919
leaf_count=343 235 191 83 349 252 849 559
internal_value=0 0.00567903 -0.00229277 0.00159251 0.00580013 -0.00844112 0.0104391
internal_weight=165.419 43.2421 122.177 83.8302 65.4816 38.347 53.3699
internal_count=2861 426 2435 1503 1154 932 902
cat_boundaries=0 1
cat_threshold=172
is_linear=0
shrinkage=0.03


Tree=172
num_leaves=8
num_cat=0
split_feature=25 29 22 6 5 0 25
split_gain=2.7857 3.2963 4.48519 2.8628 3.34755 2.22135 2.05101
threshold=29.500000000000004 29.500000000000004 335.50000000000006 0.094141660414923473 0.25151494995134266 -0.12995426879165958 6.5000000000000009
decision_type=2 2 2 10 10 10 2
left_child=1 6 -3 4 5 -2 -1
right_child=3 2 -4 -5 -6 -7 -8
leaf_value=-0.0065246062823920009 -0.00052853724978406012 -0.013967041700538535 0.006123321661476497 -0.007467360201827429 -0.0044905236934638096 0.01641905368335389 0.0030368743581602421
leaf_weight=19.63298412412405 6.3021691078320172 31.018567093648016 7.1384285269305101 5.2375161591917268 7.6883433517068616 21.429635088890791 65.508400881662965
leaf_count=341 155 640 120 105 81 340 1053
internal_value=-0.000686139 -0.00300335 -0.00947368 0.00537119 0.00864112 0.0128918 0.000299989
internal_weight=163.956 123.298 38.157 40.6577 35.4201 27.7318 85.1414
internal_count=2835 2154 760 681 576 495 1394
is_linear=0
shrinkage=0.03


Tree=173
num_leaves=8
num_cat=0
split_feature=6 28 1 22 22 22 17
split_gain=2.92527 3.19514 2.14819 3.46467 3.32716 2.95187 2.42422
threshold=0.085798286060302931 1.5000000000000002 0.85913981076322277 299.50000000000006 321.50000000000006 219.50000000000003 -0.41774042988745524
decision_type=8 2 8 2 2 2 10
left_child=2 -2 3 5 -4 6 -1
right_child=1 -3 4 -5 -6 -7 -8
leaf_value=0.014525433282221306 -0.011691366113816014 0.0033772466409125535 -0.010326481944231299 -0.0028680731529008921 0.0093939912692045102 0.015288524733351185 -0.00014827759800457535
leaf_weight=4.2642916012555352 22.704157915897667 14.625190773978828 16.243346968665723 31.79896042868495 3.3912837952375403 24.068745724856853 46.777673535048962
leaf_count=95 444 239 305 480 57 370 849
internal_value=0.000612414 -0.00590264 0.00288247 0.00462241 -0.00464413 0.00794489 0.00262562
internal_weight=163.874 37.3293 126.544 106.91 19.6346 75.1107 51.042
internal_count=2839 683 2156 1794 362 1314 944
is_linear=0
shrinkage=0.03


Tree=174
num_leaves=8
num_cat=1
split_feature=2 7 27 2 24 4 29
split_gain=3.92383 4.90907 3.00642 8.95578 2.90368 2.72607 3.35678
threshold=-0.43202764606913518 0.016188784901416637 0.32880000000000004 -3.9996213253608861 0 -0.27983439623801259 32.500000000000007
decision_type=10 10 2 10 1 8 2
left_child=1 2 3 -1 -5 -4 -7
right_child=-2 -3 5 4 -6 6 -8
leaf_value=-0.014016928148552422 0.0062852959022090321 0.011496227858323736 0.0041803434014420701 0.01601167474896005 -0.0039495001057812422 -0.014686606058329795 0.00010477219913977751
leaf_weight=11.985585859045385 54.998326741158962 10.118655690923331 6.9662440605461597 17.922599541023374 3.7471517287194755 42.570249114185572 16.107415826059878
leaf_count=266 617 169 149 294 85 874 370
internal_value=0.000175019 -0.00298751 -0.0053503 0.00140516 0.0119202 -0.00879388 -0.0108759
internal_weight=164.416 109.418 99.2992 33.6553 21.6698 65.6439 58.6777
internal_count=2824 2207 2038 645 379 1393 1244
cat_boundaries=0 1
cat_threshold=2
is_linear=0
shrinkage=0.03


Tree=175
num_leaves=8
num_cat=1
split_feature=1 32 30 22 25 3 22
split_gain=3.13698 3.65022 5.87577 5.357 4.34582 3.56338 3.54919
threshold=0.90894899748892743 10.768579810257661 0 357.50000000000006 6.5000000000000009 -0.098477915316762477 54.500000000000007
decision_type=8 8 1 2 2 8 2
left_child=1 2 5 4 -4 -1 -6
right_child=-2 -3 3 -5 6 -7 -8
leaf_value=0.006963594884319242 -0.0086362330436418576 -0.0026622472403928605 -0.0027918672820541959 -0.0067558527456064799 -0.00070919701785413002 -0.010473361669847631 0.022378544230797728
leaf_weight=8.6994699947535974 20.088713889941573 66.06193664483726 5.9496836569160214 5.4239672422409049 4.9947284795343867 21.143003232777122 33.535192275419831
leaf_count=220 388 1179 98 78 81 388 445
internal_value=0.000500047 0.00224005 0.00634454 0.0109809 0.0162222 -0.00363562 0.0194559
internal_weight=165.897 145.808 79.746 49.9036 44.4796 29.8425 38.5299
internal_count=2877 2489 1310 702 624 608 526
cat_boundaries=0 1
cat_threshold=21
is_linear=0
shrinkage=0.03


Tree=176
num_leaves=8
num_cat=0
split_feature=2 27 2 27 4 22 7
split_gain=3.70672 5.62357 4.13031 3.19926 3.98957 2.22456 2.11672
threshold=-1.0636431477588428 0.21170000000000003 -3.9996213253608861 0.71520000000000017 0.14668392030419972 47.500000000000007 0.027497093839756299
decision_type=10 2 10 2 10 2 10
left_child=1 2 -1 5 -5 -2 -3
right_child=3 6 -4 4 -6 -7 -8
leaf_value=-0.0036154556431182839 -0.0045627079635146336 -0.012802921881550952 0.017429139588048176 -0.01161151422340391 0.0078240986995730573 0.0080554505163242546 0.0038336109239837371
leaf_weight=12.806617351248862 8.0126697700470668 40.238204217515886 6.5575374774634829 16.99545945040882 7.5072589516639701 70.261105313897133 2.8448673747479907
leaf_count=271 115 989 70 360 63 918 56
internal_value=0 -0.00542981 0.00597497 0.00337132 -0.00473514 0.00628658 -0.0109824
internal_weight=165.224 62.4472 19.3642 102.776 24.5027 78.2738 43.0831
internal_count=2842 1386 341 1456 423 1033 1045
is_linear=0
shrinkage=0.03


Tree=177
num_leaves=8
num_cat=0
split_feature=4 21 1 5 0 2 29
split_gain=3.2674 4.43462 3.26414 2.71397 3.49346 3.42907 2.70905
threshold=-0.050000244207981652 0.63575000000000015 0.8868002640992606 0.28594909693581066 0.10045643443870157 -0.62195376488429077 31.500000000000004
decision_type=8 2 8 8 10 8 2
left_child=2 6 -1 4 -3 -6 -2
right_child=1 3 -4 -5 5 -7 -8
leaf_value=0.011831409721373995 0.010854220364378012 -0.0073026177236794184 -0.006291663109533027 -0.011191452299809227 0.014221957078100617 -0.0023655723579712939 -0.0033866847957751915
leaf_weight=32.845313102938235 28.341194214299321 27.101230564527214 4.8314079456031314 27.466043910011649 12.871980987489222 17.509403700008992 11.360798696987329
leaf_count=736 424 660 123 291 194 182 226
internal_value=0.0015832 -0.000775457 0.00848412 -0.00464505 -0.000302902 0.00577092 0.00658015
internal_weight=162.327 124.651 37.6767 84.9487 57.4826 30.3814 39.702
internal_count=2836 1977 859 1327 1036 376 650
is_linear=0
shrinkage=0.03


Tree=178
num_leaves=8
num_cat=0
split_feature=32 1 22 16 6 6 5
split_gain=2.7329 3.36079 2.84604 2.25269 3.16094 2.75162 1.9681
threshold=12.254596493540776 -0.99080786844196311 238.50000000000003 -1.6519020176218528 0.050283274886461761 0.046650734569235998 -0.30991265230219295
decision_type=10 10 2 2 8 10 8
left_child=2 -2 3 -1 5 -5 -4
right_child=1 -3 6 4 -6 -7 -8
leaf_value=0.0055014808084785215 -0.0034024751874681246 0.01486881883808288 0.012306051825678921 -0.0039432740963766108 -0.011266247558818955 0.013197154371408016 0.00013698725757548886
leaf_weight=8.0458665266633016 9.033581808209421 15.047558394260703 8.0097837410867196 18.994489891454581 42.971599821001291 4.0744842365384093 58.723715927451849
leaf_count=202 169 217 140 358 814 55 888
internal_value=0.000421112 0.00840786 -0.00122244 -0.00509317 -0.0070415 0.00121994 0.00295928
internal_weight=164.901 24.0811 140.82 74.0864 66.0406 23.069 66.7335
internal_count=2843 386 2457 1429 1227 413 1028
is_linear=0
shrinkage=0.03


Tree=179
num_leaves=8
num_cat=0
split_feature=4 32 25 0 22 18 32
split_gain=3.35907 3.10344 3.39401 2.86216 2.49209 2.26967 2.2937
threshold=0.14668392030419972 10.768579810257661 13.500000000000002 -0.093111541399980888 62.500000000000007 1.0808109496470675 9.3161691214325675
decision_type=10 10 2 8 2 8 10
left_child=1 2 3 -1 -2 6 -4
right_child=4 -3 5 -5 -6 -7 -8
leaf_value=-0.0034161902780908545 -0.0058122935080792866 -0.0084825384226817468 0.0071915004838710743 0.014375117303589766 0.0084014497988101622 -0.013230170657386006 -0.0054532474095228371
leaf_weight=6.756040858104825 6.7593923117965451 45.633473534137011 15.878691502846776 15.505856471136214 43.48073798045516 7.5028440514579406 19.905531181022525
leaf_count=164 71 1012 280 311 360 145 466
internal_value=-0.000125653 -0.00308783 0.000978023 0.00900439 0.00569585 -0.00361802 0.00010387
internal_weight=161.423 111.182 65.549 22.2619 50.2401 43.2871 35.7842
internal_count=2809 2378 1366 475 431 891 746
is_linear=0
shrinkage=0.03


Tree=180
num_leaves=8
num_cat=0
split_feature=2 7 27 2 21 17 27
split_gain=2.53835 5.02028 4.56443 5.12265 3.80471 5.1658 2.3838
threshold=-0.91403539186437344 1.0000000180025095e-35 0.32880000000000004 -3.6371557987660106 0.85325000000000017 0.14086949904440868 0.21170000000000003
decision_type=10 10 2 10 2 10 2
left_child=1 2 3 -1 5 -2 -5
right_child=4 -3 -4 6 -6 -7 -8
leaf_value=-0.0090868983473143799 0.012663382049129378 0.013202712336420026 -0.013473719102222736 0.020631312506910287 -0.0097117789161467166 -0.00089236648716795725 0.00071198573651431519
leaf_weight=14.573448583483694 43.64030116982758 6.3046490699052802 29.413288065232337 3.6131550725549486 7.8028209377080193 43.955532478168607 14.449434389360247
leaf_count=311 767 108 750 36 168 394 304
internal_value=0.00101497 -0.00307489 -0.00626188 0.00124165 0.00410164 0.00619878 0.0103819
internal_weight=163.753 68.354 62.0493 32.636 95.3987 87.5958 18.0626
internal_count=2838 1509 1401 651 1329 1161 340
is_linear=0
shrinkage=0.03


Tree=181
num_leaves=8
num_cat=0
split_feature=2 27 4 25 29 7 29
split_gain=3.99888 4.70632 3.49513 3.86582 2.90654 2.70729 2.41656
threshold=-0.39926954780594753 0.72745000000000004 -0.090536385868056221 1.5000000000000002 27.000000000000004 0.037181881997489757 32.500000000000007
decision_type=8 2 8 2 2 10 2
left_child=2 4 -1 -4 -2 -5 -3
right_child=1 6 3 5 -6 -7 -8
leaf_value=0.0055713661491644372 0.017039437065086219 -0.0098505392549768263 0.010744857322188633 -0.009605845882866287 0 0.0045971870861124002 0.0060011886595808459
leaf_weight=25.644279420375824 23.986467698588967 13.077553419396283 3.9525445681065312 69.293850595131516 13.031603468582032 7.8652186933904877 6.6237017046660176
leaf_count=606 163 229 94 1432 86 119 109
internal_value=0.000609338 0.0066155 -0.00268975 -0.00573561 0.0121733 -0.00768606 -0.00378559
internal_weight=163.475 56.7193 106.756 81.1116 37.0181 77.1591 19.7013
internal_count=2838 587 2251 1645 249 1551 338
is_linear=0
shrinkage=0.03


Tree=182
num_leaves=8
num_cat=0
split_feature=5 1 18 4 3 3 21
split_gain=2.87119 3.0948 2.97334 3.17191 2.28359 2.26489 3.18006
threshold=-0.30991265230219295 -1.7940925238607317 0.55063728013574442 0.094181235280523426 0.58983932791917493 0.33433443384468842 0.52615000000000001
decision_type=8 10 8 10 10 8 2
left_child=1 -1 3 -2 5 -4 -7
right_child=2 -3 4 -5 -6 6 -8
leaf_value=-0.004529644230860894 -0.0020462345199987867 0.014930486884546105 -0.0010556104112591756 0.015232456423045982 0.0074024946658417358 0.00476765765936256 -0.013242363922284924
leaf_weight=5.0840803403407362 13.811915315687658 13.952424942515789 75.891187925823033 10.477801648899911 8.106828526593743 5.4800573494285336 32.195898214355111
leaf_count=100 284 263 1570 73 80 82 421
internal_value=0.000306231 0.009376 -0.00120493 0.00686999 -0.00325698 -0.00457835 -0.00991814
internal_weight=165 19.0365 145.964 24.2897 121.674 113.567 37.676
internal_count=2873 363 2510 357 2153 2073 503
is_linear=0
shrinkage=0.03


Tree=183
num_leaves=8
num_cat=0
split_feature=27 2 2 5 3 15 16
split_gain=3.53958 6.15666 3.69669 3.94078 4.06266 3.09555 2.9654
threshold=0.21170000000000003 -4.3551199158998122 -1.6153538790784483 -1.0000000180025095e-35 -0.14682481940509409 1.0000000180025095e-35 -0.25900033046111143
decision_type=2 8 10 8 8 2 2
left_child=1 -1 -2 4 -4 -6 -5
right_child=2 -3 3 6 5 -7 -8
leaf_value=-0.0053243782265287526 -0.010396295945314084 0.020469061036972026 -0.001943715119735823 -0.0071230582931431329 0.019573252912956307 -0.0024371598369949629 0.0033217450302725801
leaf_weight=8.9275405900552851 25.360629443079233 10.851065924391152 16.906091642566025 48.885048165917397 16.055276254191998 3.9532164279371491 34.288890136405826
leaf_count=232 628 110 384 831 305 88 275
internal_value=0.000187517 0.0101062 -0.00152006 0.000769586 0.00808864 0.015235 -0.00273897
internal_weight=165.228 19.7786 145.449 120.089 36.9146 20.0085 83.1739
internal_count=2853 342 2511 1883 777 393 1106
is_linear=0
shrinkage=0.03


Tree=184
num_leaves=8
num_cat=0
split_feature=27 2 27 25 3 7 2
split_gain=2.73378 4.51524 3.98214 3.67849 3.62255 3.43143 2.49808
threshold=0.32880000000000004 -0.39926954780594753 0.72745000000000004 1.5000000000000002 -0.35922926953658929 0.13519901732864323 -4.3551199158998122
decision_type=2 10 2 2 10 10 10
left_child=4 3 -3 -2 -1 -5 -6
right_child=1 2 -4 5 6 -7 -8
leaf_value=0.016076620283574181 0.0099592627521473218 0.01006869462234644 -0.0049677364775697775 -0.010527271131330534 -0.010002921795466527 0.0078505437044783018 0.0049779881694238205
leaf_weight=11.983555631712077 3.4599710367619982 31.413455337285995 18.676301658153534 65.034790909849107 7.750573622994124 3.642917286604642 19.190089975483719
leaf_count=193 81 219 319 1415 171 42 357
internal_value=8.90827e-05 -0.00206561 0.004292 -0.00665506 0.00637343 -0.00863946 -0.000206058
internal_weight=161.152 122.227 50.0898 72.1377 38.9242 68.6777 26.9407
internal_count=2797 2076 538 1538 721 1457 528
is_linear=0
shrinkage=0.03


Tree=185
num_leaves=8
num_cat=0
split_feature=21 21 1 22 27 2 6
split_gain=4.36583 3.52457 2.56941 2.49624 2.81537 4.55306 2.8612
threshold=0.84100000000000008 0.76805000000000012 0.85913981076322277 219.50000000000003 0.39990000000000003 -0.37056068039762496 0.061083277684425945
decision_type=2 2 8 2 2 10 10
left_child=1 3 -3 -1 -5 -6 -7
right_child=-2 2 -4 4 5 6 -8
leaf_value=-0.0050238830721690752 -0.012585722674644669 0.013542425832230795 -0.0039361796187155429 0.0099345115733161724 -0.0086787860535384748 -0.0016334665613860636 0.015693128651215377
leaf_weight=51.518192899413407 12.837955290451644 24.27711365185678 4.4015074968338039 24.583069764077663 25.942983891814944 12.049222148954874 8.7976500988006574
leaf_count=1001 279 379 79 463 482 106 74
internal_value=0.000243572 0.00200072 0.0101775 -0.000298275 0.00308633 -0.0011631 0.00748289
internal_weight=164.408 151.57 28.6786 122.891 71.3729 46.7899 20.8469
internal_count=2863 2584 458 2126 1125 662 180
is_linear=0
shrinkage=0.03


Tree=186
num_leaves=8
num_cat=0
split_feature=7 21 22 2 28 1 27
split_gain=1.77368 2.10783 3.62223 2.17694 2.2059 2.01266 1.48899
threshold=-1.0000000180025095e-35 0.76805000000000012 62.500000000000007 -0.37056068039762496 -1.0000000180025095e-35 -6.9671685148573284 0.68525000000000003
decision_type=8 2 2 8 2 8 2
left_child=-1 5 -3 4 -4 -2 -7
right_child=1 2 3 -5 -6 6 -8
leaf_value=-0.0077499080218555632 0.011215317978292293 -0.0041933305429253664 0 0.0016056883495185327 0.02459145495738042 0.0006418807307353513 -0.0076650044836378472
leaf_weight=8.2798531018197519 5.9705655854195356 9.463125089183448 3.6424772273749104 13.404276542365553 8.174862949177621 100.04238288570195 15.271892122924326
leaf_count=250 105 172 66 175 136 1733 207
internal_value=0.00160056 0.00254231 0.0082982 0.0133177 0.0198345 0.000368609 -0.000762514
internal_weight=164.249 155.97 34.6847 25.2216 11.8173 121.285 115.314
internal_count=2844 2594 549 377 202 2045 1940
is_linear=0
shrinkage=0.03


Tree=187
num_leaves=8
num_cat=0
split_feature=3 22 2 27 27 29 25
split_gain=2.54825 2.40629 1.65975 3.95825 2.8038 2.52264 2.26545
threshold=0.58983932791917493 238.50000000000003 -1.5351199684194723 0.28475 0.39990000000000003 15.500000000000002 28.500000000000004
decision_type=8 2 8 2 2 2 2
left_child=2 -2 3 6 -4 -6 -1
right_child=1 -3 4 -5 5 -7 -8
leaf_value=-0.0041773888562773647 -2.5297543493090534e-05 0.014421164582867879 0.011866294551213838 -0.015142441350101692 0.0060277688464744584 -0.0040138800262544379 0.010400023262084446
leaf_weight=15.259880636818709 16.13843367621303 13.447675203904508 10.172762838192282 13.66996156144887 23.960062691010535 65.839940953068435 7.9539598049595943
leaf_count=337 231 163 128 380 392 1084 151
internal_value=0.000838191 0.00781379 -0.000914515 -0.00577893 0.00103643 -0.000907329 0.00172218
internal_weight=166.443 29.5861 136.857 36.8838 99.9728 89.8 23.2138
internal_count=2866 394 2472 868 1604 1476 488
is_linear=0
shrinkage=0.03


Tree=188
num_leaves=8
num_cat=0
split_feature=1 27 2 27 2 3 25
split_gain=3.03294 2.43568 2.57791 3.48345 3.77987 3.33401 2.51281
threshold=0.85913981076322277 0.71520000000000017 -4.3551199158998122 0.21170000000000003 -1.2140138270881671 -0.39401227958194901 14.500000000000002
decision_type=8 2 8 2 10 10 2
left_child=1 2 -1 -4 5 6 -5
right_child=-2 -3 3 4 -6 -7 -8
leaf_value=-0.0069062748142371547 -0.0067491073665851449 -0.0050678606142364104 0.018698671080466821 -0.0056221222360616887 0.0071989549134043769 -0.0099173344448373352 0.013603260220413114
leaf_weight=7.5772687997668982 25.486535047180951 18.757266100496054 10.17244561947882 3.4352975850924867 71.059926750138402 21.744710953906178 6.3523215111345053
leaf_count=189 483 332 97 82 965 563 130
internal_value=0.00133685 0.00320685 0.00484898 0.00616827 0.00352745 -0.00414953 0.00651845
internal_weight=164.586 139.099 120.342 112.765 102.592 31.5323 9.78762
internal_count=2841 2358 2026 1837 1740 775 212
is_linear=0
shrinkage=0.03


Tree=189
num_leaves=8
num_cat=0
split_feature=6 28 32 27 1 5 2
split_gain=2.30899 1.95405 1.6172 2.22117 4.65702 4.14295 4.01277
threshold=0.1063127971192401 4.5000000000000009 8.7022880238878546 0.48235 -2.235303652665904 -0.21941524106294316 -0.39926954780594753
decision_type=8 2 8 2 10 8 10
left_child=2 -2 -1 4 -4 -5 -7
right_child=1 -3 3 5 -6 6 -8
leaf_value=-0.0057039290728231945 -0.01105346951021308 0.004429197948963173 -0.0064448019046861454 0.012598922801396574 0.011790528509931071 -0.010666785817111134 0.0028735236452625723
leaf_weight=9.0478464476764184 13.69021235778928 4.1579963816329828 9.562191801145671 11.761478170752524 47.64582840912044 25.603473043069243 38.942511780187488
leaf_count=144 264 54 230 226 922 544 408
internal_value=0.00160434 -0.00661175 0.00302924 0.00401604 0.00809577 0.000301548 -0.00287474
internal_weight=160.412 17.8482 142.563 133.515 57.208 76.3075 64.546
internal_count=2792 318 2474 2330 1152 1178 952
is_linear=0
shrinkage=0.03


Tree=190
num_leaves=8
num_cat=0
split_feature=2 27 2 27 4 25 2
split_gain=1.84492 3.67354 3.24148 2.94425 2.38552 4.43844 4.02717
threshold=-1.0169667466394263 0.21170000000000003 -3.6371557987660106 0.45865000000000006 -0.050000244207981652 13.500000000000002 -0.12139816440845426
decision_type=8 2 10 2 8 2 10
left_child=1 2 -1 -2 5 -5 -6
right_child=3 -3 -4 4 6 -7 -8
leaf_value=-0.0021759768778695423 0.012385136547815929 -0.008142905102991288 0.017847588900200238 0.018870014207930871 -0.0070514490754374276 -0.0037264791016503435 0.0065302146239287111
leaf_weight=12.913665604777636 13.801972413435577 43.242058626376092 3.5935793612152329 7.1583712175488499 49.498901726678014 10.004462661221622 21.533772967755795
leaf_count=293 123 1072 33 134 785 202 177
internal_value=3.25644e-05 -0.00377641 0.00597414 0.00251258 0 0.00810503 -0.00250009
internal_weight=161.747 59.7493 16.5072 101.997 88.1955 17.1628 71.0327
internal_count=2819 1398 326 1421 1298 336 962
is_linear=0
shrinkage=0.03


Tree=191
num_leaves=8
num_cat=0
split_feature=27 27 22 28 32 16 18
split_gain=2.28956 2.28227 1.544 1.72406 1.5767 3.24476 3.22245
threshold=0.21170000000000003 0.14570000000000002 54.500000000000007 2.5000000000000004 8.9747889095080371 -0.67621554996209821 1.0808109496470675
decision_type=2 2 2 2 10 2 8
left_child=1 -1 3 -2 5 6 -4
right_child=2 -3 4 -5 -6 -7 -8
leaf_value=-0.0024098618180646092 -0.012474591675147537 0.013500442149920154 0.019138203310043445 0.0032499325277768683 -0.00180288145109577 -0.00518710076602722 -0.0026875184091546536
leaf_weight=7.8122726287692812 12.249005599878727 12.266152651049195 9.3029628973454237 3.2618787093088022 103.99603566341102 8.4975414704531413 5.0617602039128551
leaf_count=143 257 201 162 44 1834 99 88
internal_value=0 0.00785288 -0.00147932 -0.00854914 -4.77989e-05 0.00584758 0.0125664
internal_weight=162.448 20.0784 142.369 15.5109 126.858 22.8623 14.3647
internal_count=2828 344 2484 301 2183 349 250
is_linear=0
shrinkage=0.03


Tree=192
num_leaves=8
num_cat=0
split_feature=18 2 4 32 6 5 28
split_gain=1.99478 2.84562 5.00912 3.82457 4.03583 3.13086 2.61778
threshold=0.55063728013574442 -1.1602033170970538 0.087003832308053822 10.341116928401819 0.062091782180464884 0.60749662553889505 -1.4999999999999998
decision_type=8 10 8 10 10 8 2
left_child=-1 5 3 -3 -5 -2 -4
right_child=1 2 6 4 -6 -7 -8
leaf_value=0.0062826666574060984 -0.010209874366793442 -0.0022270917350229059 0.0079589902844631501 0.024445753691568504 0 0.0053680011108520271 -0.0064390199243240642
leaf_weight=25.746539139188826 41.959533548913896 12.141258981078861 6.1304268818348637 9.9281141404062527 10.715417480096219 8.2454755827784521 49.969805443659425
leaf_count=381 1045 259 74 196 236 132 551
internal_value=-0.000209105 -0.0017891 0.00133886 0.00957515 0.0157235 -0.00700756 -0.00383469
internal_weight=164.837 139.09 88.885 32.7848 20.6435 50.205 56.1002
internal_count=2874 2493 1316 691 432 1177 625
is_linear=0
shrinkage=0.03


Tree=193
num_leaves=8
num_cat=1
split_feature=30 0 18 5 25 16 5
split_gain=2.63561 3.97601 2.55263 3.61328 2.73235 2.97806 3.35701
threshold=0 0.25841767013101385 0.5592558440817349 -0.039952449170574215 19.500000000000004 -0.39037986359504989 0.1767271155417818
decision_type=1 10 8 10 2 2 8
left_child=1 -1 -2 -4 5 6 -5
right_child=2 -3 3 4 -6 -7 -8
leaf_value=-0.0097705627674331674 0.011361418027562315 0.0065118136619997571 0.0072991528715695324 -0.012829454313127989 -0.0099630684442608888 0.0098996134367758653 0.0066502463009700209
leaf_weight=33.41582132037729 21.789052419364452 12.284069342538713 38.812755996361375 10.607700464315714 23.95082373265177 13.895094985142348 6.231490830890837
leaf_count=739 344 105 773 243 397 128 103
internal_value=0.00104689 -0.00404349 0.00337228 0.000946172 -0.00367965 0.0018761 -0.00519678
internal_weight=160.987 45.6999 115.287 93.4979 54.6851 30.7343 16.8392
internal_count=2832 844 1988 1644 871 474 346
cat_boundaries=0 1
cat_threshold=98
is_linear=0
shrinkage=0.03


Tree=194
num_leaves=8
num_cat=1
split_feature=5 5 5 30 3 22 18
split_gain=2.93839 1.99386 3.61399 2.81918 2.58474 2.288 1.88419
threshold=-0.30991265230219295 -0.13522359635874662 -1.0000000180025095e-35 0 0.58983932791917493 204.50000000000003 0.749687639074338
decision_type=8 8 8 1 8 2 10
left_child=6 -2 3 -3 -4 -6 -1
right_child=1 2 4 -5 5 -7 -8
leaf_value=-0.00052170229230698545 -0.0095228241370959778 0.011778478705295655 -0.005064365016949267 -0.0040007748855613815 -0.003464347253146417 0.010643634513566798 0.014754776609457419
leaf_weight=8.0525514353066701 14.486626664176582 16.297121204435825 78.637783895246685 7.268813498318198 11.466572849079968 14.574370088055728 10.85246934276074
leaf_count=162 394 335 1229 183 166 172 191
internal_value=0.000280572 -0.00127508 5.09531e-05 0.00911974 -0.00236008 0.0046366 0.00946995
internal_weight=161.636 142.731 128.245 23.5659 104.679 26.0409 18.905
internal_count=2832 2479 2085 518 1567 338 353
cat_boundaries=0 1
cat_threshold=165
is_linear=0
shrinkage=0.03


Tree=195
num_leaves=8
num_cat=0
split_feature=1 21 21 1 1 32 21
split_gain=2.63388 2.06358 4.58887 2.21358 3.3871 2.44354 2.1551
threshold=0.90894899748892743 0.76805000000000012 0.85325000000000017 0.049970971763623979 0.45738864630883097 10.768579810257661 0.69040000000000012
decision_type=8 2 2 10 10 10 2
left_child=1 3 -3 5 -5 6 -1
right_child=-2 2 -4 4 -6 -7 -8
leaf_value=0.012059980588365224 -0.0069989905387854165 0.014211609669579166 -0.0056673000802146692 -0.012881628223560643 0.0020631379525005247 -0.0030076450092526002 -0.00028339140014416652
leaf_weight=27.168419193476439 18.502895805984735 26.258169094100595 8.6372955320402962 14.360698273405431 27.16219315584749 21.225917361676693 15.791432841680942
leaf_count=437 379 419 192 258 441 418 257
internal_value=0.00165206 0.00320694 0.00880222 0.000738635 -0.00404859 0.00414884 0.00789618
internal_weight=159.107 140.604 34.8955 105.709 41.5229 64.1858 42.9599
internal_count=2801 2422 611 1811 699 1112 694
is_linear=0
shrinkage=0.03


Tree=196
num_leaves=8
num_cat=1
split_feature=1 22 1 30 2 2 16
split_gain=2.77266 3.17487 4.19373 2.86552 4.09161 3.98797 3.6781
threshold=0.27637719668734467 321.50000000000006 0.72336505465846079 0 -0.874799753766066 -0.73924982846479692 -1.4018207822315072
decision_type=8 2 10 1 10 8 2
left_child=3 -2 -3 5 -5 -1 -7
right_child=1 2 -4 4 -6 6 -8
leaf_value=0.0050310929229533804 -0.007552523940925971 -0.0064724758001414211 0.016065593840948675 -0.00069265574785573321 0.01526762950504517 0.0059861730228694928 -0.014815062660812279
leaf_weight=26.903210918419063 50.739102147519588 7.1696469066664559 7.037854372523725 20.856808084063232 26.375408327206969 4.5332382041960981 18.301229206845164
leaf_count=574 927 103 112 442 358 82 232
internal_value=0.000297762 -0.00411563 0.00578214 0.00348496 0.00750922 -0.00160955 -0.00971731
internal_weight=161.916 64.9466 14.2075 96.9699 47.2322 49.7377 22.8345
internal_count=2830 1142 215 1688 800 888 314
cat_boundaries=0 1
cat_threshold=196
is_linear=0
shrinkage=0.03


Tree=197
num_leaves=8
num_cat=0
split_feature=0 3 1 1 12 26 32
split_gain=1.99195 3.56069 3.5149 3.48221 4.4059 4.2323 2.27711
threshold=-0.10683492232872115 0.0860600061250619 0.8868002640992606 -1.1100673658308329 1.0000000180025095e-35 2.5000000000000004 11.951378335098926
decision_type=10 10 8 10 2 2 10
left_child=-1 2 3 -2 -5 -6 -3
right_child=1 6 -4 4 5 -7 -8
leaf_value=-0.0060036976763862444 -0.0012114829658473665 -0.0061366011439542073 -0.0063340449029128144 -0.0030997301074643913 0.0246864094028581 0 0.0050872432618568894
leaf_weight=38.089374939911067 15.525769405998288 51.957454580813646 9.0373993711546046 6.8882690770551553 17.97157648392022 8.3799357302486879 14.109301353804765
leaf_count=946 301 686 188 105 281 144 176
internal_value=-0.000601296 0.00120961 0.00630626 0.00947557 0.0140977 0.0187048 -0.00324653
internal_weight=161.959 123.87 57.803 48.7656 33.2398 26.3515 66.0668
internal_count=2827 1881 1019 831 530 425 862
is_linear=0
shrinkage=0.03


Tree=198
num_leaves=8
num_cat=0
split_feature=7 21 22 5 22 3 21
split_gain=2.53503 3.06275 3.82901 3.78628 4.64326 4.08919 4.46994
threshold=0.071855924164225968 0.76805000000000012 85.500000000000014 -0.095582142205157233 262.50000000000006 0.15961638205981565 0.55100000000000005
decision_type=8 2 2 8 2 8 2
left_child=-1 3 -3 4 -2 -5 -7
right_child=1 2 -4 5 -6 6 -8
leaf_value=-0.0089078651072563714 -0.017728509013651726 -0.0020883700455408857 0.015694665899106241 0.0093969637789126075 0.0031312303954233044 0.009654644695397379 -0.0068224878388353557
leaf_weight=12.857442812062798 13.282505426555874 12.974628079682587 19.848372265696526 37.888192698359489 11.946774511598049 12.428151889704166 44.653590474277735
leaf_count=349 349 216 273 735 236 154 556
internal_value=0.000844443 0.00215887 0.00926605 -0.000122008 -0.00902364 0.00261443 -0.00225873
internal_weight=165.88 153.022 32.823 120.199 25.2293 94.9699 57.0817
internal_count=2868 2519 489 2030 585 1445 710
is_linear=0
shrinkage=0.03


Tree=199
num_leaves=8
num_cat=0
split_feature=5 4 16 21 7 17 21
split_gain=2.27949 2.57502 2.79866 2.51121 3.56271 2.36691 2.35049
threshold=-1.0000000180025095e-35 0.11082581929922704 -0.39037986359504989 0.67365000000000008 -0.024811380108601861 0.11899705854465743 0.55100000000000005
decision_type=8 10 2 2 8 8 2
left_child=3 6 5 -1 -5 -3 -2
right_child=1 2 -4 4 -6 -7 -8
leaf_value=-0.0010718368729177995 0.0037652025684494308 0.0037695196581672033 0.008477036512157636 -0.0061733011057749573 0.014069353801298659 -0.011851847492337236 -0.0081223019650194829
leaf_weight=19.855979489162564 14.126563047990201 10.9662226755172 34.592120127752423 3.7763690957799554 31.564244605600834 8.1203523427248019 40.290606826543808
leaf_count=452 220 150 243 127 677 91 892
internal_value=0.00216974 -0.000322383 0.00391533 0.0067106 0.01082 -0.0038603 -0.00470896
internal_weight=163.292 108.096 53.6787 55.1966 35.3406 19.0866 54.4172
internal_count=2852 1596 484 1256 804 241 1112
is_linear=0
shrinkage=0.03


Tree=200
num_leaves=8
num_cat=0
split_feature=6 3 5 6 17 5 2
split_gain=2.50875 2.39175 4.84112 3.69687 3.22869 2.57302 2.55681
threshold=0.1063127971192401 -0.18015937636820931 0.050390116924214856 0.056104277765816765 0.29719014469083438 0.14791991857320722 -2.0629664380444992
decision_type=8 8 10 10 8 10 10
left_child=1 3 4 -1 6 -4 -3
right_child=-2 2 5 -5 -6 -7 -8
leaf_value=0.0049180573911720713 -0.0072236454874512433 0 -0.0085936517287428533 -0.01200140955852934 -0.0047316768501577608 0.0030486157698859924 0.01696514412170589
leaf_weight=16.032741238363091 16.658796397969127 8.6229042224585992 16.266199522651732 14.375400363467632 4.5486105866730204 48.928248078562319 34.897266006097198
leaf_count=318 298 215 337 339 54 583 676
internal_value=0.00158365 0.00303091 0.00503074 -0.00352378 0.0115042 -0.000273011 0.0139635
internal_weight=160.33 143.671 113.263 30.4081 48.0688 65.1944 43.5202
internal_count=2820 2522 1865 657 945 920 891
is_linear=0
shrinkage=0.03


Tree=201
num_leaves=8
num_cat=0
split_feature=18 6 5 29 29 17 22
split_gain=3.49744 4.20596 4.74399 3.45711 3.03726 2.88243 2.99143
threshold=0.55063728013574442 0.094141660414923473 -0.0097672724554301819 16.500000000000004 14.500000000000002 0.19968174303262662 335.50000000000006
decision_type=8 8 10 2 2 10 2
left_child=-1 2 4 -3 -2 6 -4
right_child=1 3 5 -5 -6 -7 -8
leaf_value=0.010659766561527687 -0.0028109957921763689 0.0041780540801910756 -0.012655811995395158 -0.015429786511364346 0.012151031414803323 0.0027691106729699193 0.00453033024241189
leaf_weight=24.530509794130921 11.040169575251637 6.2522898456081775 24.883899883367125 17.31815966591239 38.634925684891641 33.120904758572578 6.4145610257983199
leaf_count=361 226 102 561 351 766 335 119
internal_value=0.00180263 -0.000171405 0.00226169 -0.0100127 0.00863701 -0.00285837 -0.00854664
internal_weight=162.195 137.665 114.094 23.5704 49.6751 64.4194 31.2985
internal_count=2821 2460 2007 453 992 1015 680
is_linear=0
shrinkage=0.03


Tree=202
num_leaves=8
num_cat=0
split_feature=3 4 27 22 18 22 7
split_gain=2.32002 3.71559 4.33402 2.98369 3.03795 2.66637 2.4712
threshold=0.58983932791917493 -0.090536385868056221 0.31230000000000008 351.50000000000006 0.53904297135676515 204.50000000000003 0.027497093839756299
decision_type=8 8 2 2 10 2 8
left_child=1 2 -1 4 -3 -2 -4
right_child=5 3 6 -5 -6 -7 -8
leaf_value=-0.008633093218965663 -0.0032596704709626214 0.0021792847530821805 -0.0041689026910979362 0.0047788780929741599 -0.010402790209913032 0.011252202026413877 0.014730794567113955
leaf_weight=7.1862580757588175 14.029616578482093 16.424567261710763 2.8543456988409162 12.705591010861097 74.336983810178936 16.241173028945923 18.293258977122608
leaf_count=164 207 223 88 200 1348 202 391
internal_value=-0.00163128 -0.00342194 0.00498063 -0.00604983 -0.00798191 0.00485899 0.0112212
internal_weight=162.072 131.801 28.3339 103.467 90.7616 30.2708 21.1476
internal_count=2823 2414 643 1771 1571 409 479
is_linear=0
shrinkage=0.03


Tree=203
num_leaves=8
num_cat=0
split_feature=27 21 28 4 7 21 5
split_gain=2.68811 2.1921 4.61619 2.48911 2.86227 1.94437 2.66597
threshold=0.71520000000000017 0.76805000000000012 -1.0000000180025095e-35 0.27590573644831889 0.016188784901416637 0.64095000000000013 0.28594909693581066
decision_type=2 2 2 8 8 2 8
left_child=1 5 -3 4 -4 6 -1
right_child=-2 2 3 -5 -6 -7 -8
leaf_value=-0.00084750070354952761 -0.0070850296525558068 -0.0050941185329198765 -0.00056170715741822076 -0.0011216590414991887 0.024075017627115735 -0.0030051089932970547 0.011732718825440169
leaf_weight=30.332702962681651 23.812539527192712 8.8935834709554928 3.4830740550532937 4.0263274740427759 11.65720991976559 61.495555053465068 17.428493231534958
leaf_count=589 425 165 98 27 170 1121 210
internal_value=0.000732421 0.00250671 0.00893645 0.0155819 0.0195243 0.000230406 0.0044988
internal_weight=161.129 137.317 28.0602 19.1666 15.1403 109.257 47.7612
internal_count=2805 2380 460 295 268 1920 799
is_linear=0
shrinkage=0.03


Tree=204
num_leaves=8
num_cat=0
split_feature=7 4 22 6 6 4 22
split_gain=2.66791 3.47884 2.33016 2.27412 2.23636 2.9624 2.33803
threshold=-1.0000000180025095e-35 -0.0065613759531327745 62.500000000000007 0.096694690662783869 0.068540063138674681 0.14668392030419972 111.50000000000001
decision_type=8 8 2 8 10 10 2
left_child=-1 2 -2 4 5 6 -3
right_child=1 3 -4 -5 -6 -7 -8
leaf_value=-0.0098358174835747481 -0.0040018864548923968 0.0042127878718963884 0.011523663978453273 -0.008085405319851826 0.0079118509035058706 0.0047094932509138725 -0.010107319794777865
leaf_weight=8.5141388811171037 4.8732197405770412 7.4740825891494742 39.162969960831106 18.106915541924536 28.14022941980511 31.928904531523585 28.229589772410691
leaf_count=267 116 167 862 286 416 252 512
internal_value=0.00158484 0.00273557 0.00916618 -6.64508e-05 0.00181151 -0.00109675 -0.00654396
internal_weight=166.43 157.916 44.0362 113.88 95.7728 67.6326 35.7037
internal_count=2878 2611 978 1633 1347 931 679
is_linear=0
shrinkage=0.03


Tree=205
num_leaves=8
num_cat=1
split_feature=1 30 22 4 6 25 4
split_gain=4.18929 4.4927 3.59417 3.31821 3.94724 3.8948 2.84204
threshold=0.22248920455378104 0 299.50000000000006 -0.018059571442600172 0.056104277765816765 10.500000000000002 0.05138984211368109
decision_type=8 1 2 10 8 2 10
left_child=1 -1 3 4 -3 -5 -2
right_child=6 2 -4 5 -6 -7 -8
leaf_value=-0.0041248369005503268 -0.01005102962278131 0.012068298495423995 -0.0013714035307603942 -0.0014319703628400419 -0.0065405849236644014 0.023707889959871629 0.00099535998950837251
leaf_weight=29.006920403800905 34.27719908580184 11.96283549629152 18.25817096978426 4.5022998899221447 12.820624038577078 19.411848541349173 34.650648217648268
leaf_count=608 798 211 265 74 259 243 393
internal_value=0.000458842 0.00444204 0.00789472 0.0127292 0.00273731 0.0193323 -0.0047769
internal_weight=164.891 95.9627 66.9558 48.6976 24.7835 23.9141 68.9278
internal_count=2851 1660 1052 787 470 317 1191
cat_boundaries=0 1
cat_threshold=68
is_linear=0
shrinkage=0.03


Tree=206
num_leaves=8
num_cat=0
split_feature=2 2 2 5 7 3 29
split_gain=2.78491 3.68544 3.23866 2.94562 2.78774 2.47691 2.39989
threshold=-4.3551199158998122 -2.7048735638414692 -1.2140138270881671 0.0086689347114228942 0.16896802668429706 -0.61674597773884343 14.500000000000002
decision_type=8 8 8 8 8 8 2
left_child=-1 -2 -3 4 -4 -6 -5
right_child=1 2 3 6 5 -7 -8
leaf_value=-0.0095141760816850451 0.014104452051363089 -0.0067911419671237549 -0.0040148620921862648 0.0069402051707609718 -0.0027115144442623881 0.015472785440163107 -0.0034889640685801322
leaf_weight=9.3986900448799116 15.507581917569039 28.056955516338348 5.9530664701014757 21.038975927978754 4.0670123733580112 27.440352120436732 54.535076524131
leaf_count=245 286 711 149 240 70 485 692
internal_value=0.00183413 0.00303567 0.00102694 0.00341205 0.00945045 0.0126721 -1.96973e-05
internal_weight=165.998 156.599 141.091 113.034 37.4604 31.5074 75.5741
internal_count=2878 2633 2347 1636 704 555 932
is_linear=0
shrinkage=0.03


Tree=207
num_leaves=8
num_cat=0
split_feature=18 18 18 2 27 20 4
split_gain=2.54124 3.07201 2.91677 2.5202 5.4921 3.1903 4.18631
threshold=0.53904297135676515 0.63337719253447233 0.50011865699514235 -3.6371557987660106 0.21170000000000003 6.5000000000000009 0.029097825799776936
decision_type=8 10 10 10 2 2 8
left_child=2 -2 -1 -3 -5 -6 -7
right_child=1 3 -4 4 5 6 -8
leaf_value=-0.0015941971772194421 -0.0090729364066722776 -0.0084831839527511783 0.015055394316670455 0.02187368346245341 0.0084543926111814247 0.0050786527496175619 -0.0078844328622098368
leaf_weight=12.213169390335681 26.178887425921857 12.725218180567024 12.824619060382245 4.2046669814735642 24.29478510748595 29.834389640018347 46.180695676244795
leaf_count=196 522 268 144 36 410 687 619
internal_value=0.00048362 -0.00109604 0.00806044 0.00103116 0.0028437 0.000350813 -0.00261901
internal_weight=168.456 143.419 25.0378 117.24 104.515 100.31 76.0151
internal_count=2882 2542 340 2020 1752 1716 1306
is_linear=0
shrinkage=0.03


Tree=208
num_leaves=8
num_cat=1
split_feature=2 30 29 21 22 6 3
split_gain=2.7566 4.63243 3.33869 3.55589 3.28706 2.79891 2.71233
threshold=-0.91403539186437344 0 15.500000000000002 0.69515000000000016 286.50000000000006 0.044196585280297795 -0.068797939933485847
decision_type=8 1 2 2 2 10 10
left_child=1 4 -2 5 -1 -4 -5
right_child=2 -3 3 6 -6 -7 -8
leaf_value=0.010038425105342284 0.010963777881644605 -0.0093881577773698016 -0.0039509862034076563 0.0035718006064695712 -0.0061956859081386522 0.01320320751470081 -0.0092455517653704002
leaf_weight=23.102989727631211 29.183691503480077 33.665623463690281 6.8954180050641325 16.387095436453819 9.7588226497173292 16.512367270886898 31.116205616854131
leaf_count=386 383 997 81 273 145 202 409
internal_value=0.000573071 -0.00379522 0.0036812 0 0.0036805 0.00795313 -0.00467621
internal_weight=166.622 66.5274 100.095 70.9111 32.8618 23.4078 47.5033
internal_count=2876 1528 1348 965 531 283 682
cat_boundaries=0 1
cat_threshold=168
is_linear=0
shrinkage=0.03


Tree=209
num_leaves=8
num_cat=0
split_feature=7 18 5 5 32 1 16
split_gain=2.9555 1.95576 4.20485 2.5097 2.22621 2.00276 1.88356
threshold=-1.0000000180025095e-35 0.55063728013574442 -0.10960166346112914 -0.21941524106294316 10.870074095990228 -1.6417636932737176 0.24435497365858791
decision_type=8 8 10 10 8 10 2
left_child=-1 2 -2 4 5 -3 -5
right_child=1 3 -4 6 -6 -7 -8
leaf_value=-0.011173016283036441 -0.0070980224741352205 -0.0014549095230230744 0.014565254518265808 -0.0036629018190837545 -0.00016864447590844131 0.016918352495650848 0.006488812446895178
leaf_weight=8.1400597821921092 4.8638010341674116 3.7748672645539036 18.759646139107645 86.111014629714191 18.857828117907047 11.845464909449218 11.533993158489464
leaf_count=264 97 78 226 1579 297 217 82
internal_value=0.000984632 0.00222648 0.0089634 0.000471905 0.00668795 0.0128542 -0.00192122
internal_weight=163.887 155.747 23.6234 132.123 34.4782 15.6203 97.645
internal_count=2840 2576 323 2253 592 295 1661
is_linear=0
shrinkage=0.03


Tree=210
num_leaves=8
num_cat=0
split_feature=21 21 6 21 1 21 32
split_gain=1.9251 5.90819 4.93031 2.82936 2.83085 2.99498 2.79644
threshold=0.79895000000000016 0.76805000000000012 0.051485790889295745 0.63575000000000015 0.10382377478270928 0.45155000000000006 9.3161691214325675
decision_type=2 2 10 2 8 2 8
left_child=1 3 -3 4 5 -1 -5
right_child=-2 2 -4 6 -6 -7 -8
leaf_value=-0.0039532749007469897 -0.0057726839749874378 -0.003748294670600573 0.024041819294189967 -0.01248294865925696 -0.0026025899678260873 0.014353043304532432 -0.0001124854868142235
leaf_weight=5.4948030710220364 25.41352123208344 4.4646261362358919 9.7563659558072668 15.850021743215619 20.227253451012075 22.06748856510967 61.749463140964508
leaf_count=103 488 75 140 282 342 347 1064
internal_value=0.000644256 0.00216352 0.0164338 -0.000231031 0.00492471 0.0102134 -0.00374493
internal_weight=165.024 139.61 14.221 125.389 47.7895 27.5623 77.5995
internal_count=2841 2353 215 2138 792 450 1346
is_linear=0
shrinkage=0.03


Tree=211
num_leaves=8
num_cat=0
split_feature=27 2 22 2 28 6 27
split_gain=2.6329 4.84296 2.77942 2.93814 2.23381 2.06107 1.92062
threshold=0.21170000000000003 -3.9996213253608861 54.500000000000007 -0.91403539186437344 2.5000000000000004 0.094141660414923473 0.71520000000000017
decision_type=2 8 2 10 2 8 2
left_child=1 -1 4 -4 -2 6 -5
right_child=2 -3 3 5 -6 -7 -8
leaf_value=-0.0041977562717771906 -0.015465793020148314 0.01842618454582886 -0.0056304328063614215 0.0080266409643106641 0.0029220225018336864 -0.0050460534286784296 -0.0018251613610889724
leaf_weight=10.315267208963631 12.317235623486338 9.5547437034547347 44.741497910581529 52.794040352106094 3.5750694349408141 13.638848159462212 18.445540276356041
leaf_count=260 258 81 1068 619 50 197 312
internal_value=-8.80097e-05 0.00830943 -0.00170568 0 -0.0111082 0.00323556 0.00535975
internal_weight=165.382 19.87 145.512 129.62 15.8923 84.8784 71.2396
internal_count=2845 341 2504 2196 308 1128 931
is_linear=0
shrinkage=0.03


Tree=212
num_leaves=8
num_cat=0
split_feature=27 22 1 1 27 22 18
split_gain=3.82596 4.07735 3.32118 2.78642 3.5124 2.50181 2.06694
threshold=0.32880000000000004 62.500000000000007 -1.7940925238607317 0.85913981076322277 0.14570000000000002 299.50000000000006 1.0808109496470675
decision_type=2 2 10 10 2 2 8
left_child=2 -2 -1 4 -4 -6 -3
right_child=1 6 3 -5 5 -7 -8
leaf_value=-0.0060261146124571631 -0.013377192900570281 0.00219240713405641 -0.0019638640808744149 -0.0036501335034140412 0.023661049505280876 0 -0.0075458446988725565
leaf_weight=5.8075198680162421 15.612823881208895 94.114296723157167 5.8154886988923016 4.3024600837379685 15.40620625857264 5.7703167321160427 16.155390011146665
leaf_count=131 295 1546 107 115 267 94 272
internal_value=0.000428027 -0.00204859 0.00803636 0.0117233 0.0148767 0.019286 0.000224938
internal_weight=162.985 125.883 37.102 31.2945 26.992 21.1765 110.27
internal_count=2827 2113 714 583 468 361 1818
is_linear=0
shrinkage=0.03


Tree=213
num_leaves=8
num_cat=1
split_feature=18 4 30 21 6 4 0
split_gain=2.07306 3.18817 2.94648 2.78434 2.81962 1.98421 1.82109
threshold=0.89151280176007541 -0.0065613759531327745 0 0.80720000000000014 0.060035806120608846 0.30710162705722266 -0.070814431954184007
decision_type=8 8 1 2 10 8 10
left_child=2 -2 5 6 -5 -1 -4
right_child=1 -3 3 4 -6 -7 -8
leaf_value=-0.0088765035593444275 0.00564886300281399 -0.0088150134886452736 0 0.0054984895914150867 -0.013554426706007813 0.0051381006120301657 0.010078735919244271
leaf_weight=23.51579946745187 12.419753817841409 34.602602861821651 18.125859206542373 6.1119238380342704 6.1102335201576352 5.2939411317929652 56.537541252560914
leaf_count=496 261 557 425 125 123 85 791
internal_value=0.000305918 -0.00445626 0.00252572 0.00499463 -0.0048789 -0.00419666 0.00771231
internal_weight=162.718 47.0224 115.695 86.8856 12.2222 28.8097 74.6634
internal_count=2863 818 2045 1464 248 581 1216
cat_boundaries=0 1
cat_threshold=67
is_linear=0
shrinkage=0.03


Tree=214
num_leaves=8
num_cat=0
split_feature=1 1 18 1 27 0 18
split_gain=1.90855 5.2 2.948 3.20321 3.19204 3.32963 3.68271
threshold=-1.9786373756666737 -6.9671685148573284 0.86447853632967886 0.22248920455378104 0.71520000000000017 -0.053436397809689666 0.50011865699514235
decision_type=10 8 8 10 2 10 10
left_child=1 -1 4 -4 5 -2 -7
right_child=2 -3 3 -5 -6 6 -8
leaf_value=0.010223183009648674 -0.001190460835210465 -0.011033332863496115 0.0042554354448110952 -0.0099694412496535 -0.0044701343988506684 -0.00452987905594827 0.014316802608460126
leaf_weight=7.8790698666125536 19.167993258684874 21.831611157394949 21.68967474065721 18.950736778788269 13.637078953906892 5.8351255897432557 52.889946499839425
leaf_count=138 492 441 332 368 231 76 725
internal_value=0.0019182 -0.00402558 0.00351481 -0.00261801 0.00638013 0.00869378 0.0119007
internal_weight=161.881 29.7107 132.171 40.6404 91.5301 77.8931 58.7251
internal_count=2803 579 2224 700 1524 1293 801
is_linear=0
shrinkage=0.03


Tree=215
num_leaves=8
num_cat=0
split_feature=32 17 1 25 25 4 16
split_gain=2.26147 2.83971 2.90298 3.30556 2.63511 2.83819 2.72704
threshold=10.1906799100543 0.10959723962624247 -10.577012419508245 28.500000000000004 13.500000000000002 0.18572957414461641 -0.51871970690477365
decision_type=8 8 8 2 2 10 2
left_child=-1 2 -2 -4 -3 6 -6
right_child=1 4 3 -5 5 -7 -8
leaf_value=0.0042309557579526171 0.0079905200326708722 0.009748088171944046 -0.013314389110082486 0.0015705438986194575 0.0038732403052030968 0.0063979403561892226 -0.014597012975599361
leaf_weight=63.862066560424864 3.2694396693259478 17.373835131525993 35.957502070814371 14.692371143959461 5.2292995853349593 10.129073137417434 12.430305376648905
leaf_count=1037 73 215 836 326 97 64 172
internal_value=3.40458e-05 -0.00264494 -0.00693773 -0.00911559 0.0024708 -0.00282191 -0.00904072
internal_weight=162.944 99.0818 53.9193 50.6499 45.1625 27.7887 17.6596
internal_count=2820 1783 1235 1162 548 333 269
is_linear=0
shrinkage=0.03


Tree=216
num_leaves=8
num_cat=1
split_feature=30 22 27 2 2 2 4
split_gain=2.81888 3.99267 3.25464 3.72895 3.09137 2.92816 2.65812
threshold=0 351.50000000000006 0.48235 -1.6153538790784483 -0.12139816440845426 -0.874799753766066 0.029097825799776936
decision_type=1 2 2 8 10 10 10
left_child=1 2 3 -1 -4 -2 -7
right_child=5 -3 4 -5 -6 6 -8
leaf_value=-0.0024600818072955583 -0.010980375683516824 0.015440382800838806 -0.010069554714948007 0.013306191505908222 0.0053258573791156397 0.0066470633355663221 -0.0059909518937932126
leaf_weight=20.657449943944812 29.342066982761025 11.233032194897531 28.317308359779418 18.56317085865885 9.9260367732495052 21.974466076120734 21.773094495758414
leaf_count=418 775 154 496 272 87 384 248
internal_value=-0.000379678 0.00290254 0 0.00567453 -0.00551923 -0.00427224 0.000113493
internal_weight=161.787 88.697 77.464 39.2206 38.2433 73.0896 43.7476
internal_count=2834 1427 1273 690 583 1407 632
cat_boundaries=0 1
cat_threshold=140
is_linear=0
shrinkage=0.03


Tree=217
num_leaves=8
num_cat=0
split_feature=5 17 1 5 27 6 6
split_gain=2.87949 4.35608 2.8225 2.61827 2.5985 2.97113 2.28186
threshold=-0.30991265230219295 0.10959723962624247 -1.7940925238607317 0.30212397473794944 0.55510000000000004 0.033897031489758499 0.091850884408647304
decision_type=8 10 10 10 2 10 10
left_child=2 3 -1 -2 5 -3 -7
right_child=1 4 -4 -5 -6 6 -8
leaf_value=-0.0040494450467767826 -0.0081321077668450002 -0.0054775153257216845 0.014811917427277856 0.007869420479589162 -0.0025860168730532838 0.013264893454393143 -0.0018419018283539587
leaf_weight=4.8638279549777534 63.257945492863655 6.6664575692266217 13.826847336255012 3.1893483698368064 31.052772569470108 33.800129818730056 7.1074067931622258
leaf_count=101 1492 78 251 59 325 425 105
internal_value=0.000466356 -0.00105245 0.00959909 -0.00639948 0.00346684 0.00749113 0.0104615
internal_weight=163.765 145.074 18.6907 66.4473 78.6268 47.574 40.9075
internal_count=2836 2484 352 1551 933 608 530
is_linear=0
shrinkage=0.03


Tree=218
num_leaves=8
num_cat=0
split_feature=2 7 28 22 27 32 28
split_gain=2.52434 5.16798 2.9305 2.8786 2.94041 2.02073 2.09014
threshold=-0.91403539186437344 0.16896802668429706 1.0000000180025095e-35 54.500000000000007 0.71520000000000017 9.1053797757080925 3.5000000000000004
decision_type=10 8 2 2 2 8 2
left_child=2 -2 -1 -3 -5 -4 -7
right_child=1 3 5 4 -6 6 -8
leaf_value=-0.0083744482912911453 -0.011551298482052297 -0.0060732674087898139 -0.0077346173712554388 0.01113395946280972 -0.0012272589006472046 0.010911071575965142 -0.0036103929903527781
leaf_weight=40.08730152528733 9.492684353142975 7.9434958361089221 4.0950726689770844 58.015579720959067 18.67429032549262 17.899586933664981 6.8719085473567239
leaf_count=926 224 136 85 659 290 374 144
internal_value=0.000356732 0.00350925 -0.00366917 0.00621212 0.00811524 0.00285755 0.00652698
internal_weight=163.08 94.1261 68.9539 84.6334 76.6899 28.8666 24.7715
internal_count=2838 1309 1529 1085 949 603 518
is_linear=0
shrinkage=0.03


Tree=219
num_leaves=8
num_cat=1
split_feature=31 0 4 7 27 4 1
split_gain=2.21668 3.23432 4.9614 2.16883 1.95974 2.74328 1.91493
threshold=0 0.19464148588575189 0.35013106303184444 -0.024811380108601861 0.68525000000000003 -0.15762898204123774 -6.9671685148573284
decision_type=1 8 10 8 2 8 8
left_child=1 3 -3 -1 5 -5 -2
right_child=6 2 -4 4 -6 -7 -8
leaf_value=-0.0052978717949917729 0.0081736325002511878 -0.0092356218643385134 0.011946214571074811 -0.00112701738318668 -0.00068552265762366889 0.015068438214451661 -0.0042683526833261045
leaf_weight=3.3368966365233064 4.8042940720915794 23.492536243982617 6.4394204802811137 8.4143568295985443 9.6856092885136587 38.019391543231905 68.711006180383265
leaf_count=107 81 252 35 173 152 731 1303
internal_value=0.00126754 0.00409169 -0.00272479 0.00826841 0.00986936 0.0121237 -0.00227035
internal_weight=162.904 89.3882 29.932 59.4563 56.1194 46.4337 73.5153
internal_count=2834 1450 287 1163 1056 904 1384
cat_boundaries=0 1
cat_threshold=12
is_linear=0
shrinkage=0.03


Tree=220
num_leaves=8
num_cat=1
split_feature=27 2 30 27 7 27 2
split_gain=2.72586 4.4648 2.55537 4.90559 5.96815 4.06604 4.42524
threshold=0.71520000000000017 -0.24010858262232684 0 0.57555000000000012 0.016188784901416637 0.55510000000000004 -1.6153538790784483
decision_type=2 10 1 2 10 2 8
left_child=1 2 5 4 -4 6 -1
right_child=-2 -3 3 -5 -6 -7 -8
leaf_value=-0.001323429524060199 -0.0074568569270506398 0.013795457503545085 -0.013959624234452449 0.0077108238661772561 0.010523774618199894 -0.0070181405738338962 0.014153651310710719
leaf_weight=24.507923861965537 22.576841458678246 17.414671115577221 36.499698651023209 12.755791385658084 4.2882513580843797 15.305707219988106 29.917047223076224
leaf_count=503 419 83 870 220 71 243 441
internal_value=0.000618009 0.00234618 0 -0.0042189 -0.00977455 0.00342047 0.00766749
internal_weight=163.266 140.689 123.274 53.5437 40.788 69.7307 54.425
internal_count=2850 2431 2348 1161 941 1187 944
cat_boundaries=0 1
cat_threshold=140
is_linear=0
shrinkage=0.03


Tree=221
num_leaves=8
num_cat=2
split_feature=30 16 32 21 0 17 30
split_gain=3.46454 3.46035 2.95206 3.58937 3.77114 3.80742 2.07491
threshold=0 0.24435497365858791 9.6029086844637366 0.82135000000000014 -0.10683492232872115 0.29719014469083438 1
decision_type=1 2 8 2 8 10 1
left_child=1 -1 6 4 -4 -6 -2
right_child=2 -3 3 -5 5 -7 -8
leaf_value=-0.0094243586744298998 0.004999798803081849 0.007701055454000281 -0.0028528230623711339 -0.0066868498504948828 0.015084259303137695 -0.0010066469201978829 -0.0064042404059879085
leaf_weight=39.809551588259637 6.2129988595843315 6.1796986050903788 15.566815398633478 9.3306651916354877 48.698488599620759 13.813922572880982 24.220460170879964
leaf_count=803 77 42 367 198 799 121 419
internal_value=0.000666176 -0.00510048 0.00335568 0.00634291 0.008551 0.011605 -0.00349513
internal_weight=163.833 45.9893 117.843 87.4099 78.0792 62.5124 30.4335
internal_count=2826 845 1981 1485 1287 920 496
cat_boundaries=0 1 2
cat_threshold=98 8
is_linear=0
shrinkage=0.03


Tree=222
num_leaves=8
num_cat=1
split_feature=30 27 27 6 6 22 23
split_gain=2.8523 4.17032 3.88709 3.3636 3.25077 3.17027 3.11109
threshold=0 0.49435000000000007 0.49435000000000007 0.070842741664735018 0.046650734569235998 104.50000000000001 1.0000000180025095e-35
decision_type=1 2 2 8 10 2 2
left_child=2 6 3 4 -1 -4 -2
right_child=1 -3 5 -5 -6 -7 -8
leaf_value=0.0015940627551358933 0.0041323385576828749 0.0017518268563497454 -0.012363127692051844 -0.00070825084372458608 0.019955267227602047 0.0020295645162799838 -0.017189647889895802
leaf_weight=17.767130680382252 3.2887226492166546 34.197407783940434 10.370359580032526 19.180464674718678 19.296042644418776 44.967226903885603 17.568323944695294
leaf_count=287 84 557 178 376 300 627 463
internal_value=0.000818675 -0.00395512 0.00344887 0.00881836 0.0133318 -0.0016517 -0.0130943
internal_weight=166.636 55.0545 111.581 56.2436 37.0632 55.3376 20.857
internal_count=2872 1104 1768 963 587 805 547
cat_boundaries=0 1
cat_threshold=172
is_linear=0
shrinkage=0.03


Tree=223
num_leaves=8
num_cat=1
split_feature=27 30 2 2 4 4 0
split_gain=2.66247 4.63728 5.13687 3.86329 3.64366 2.92293 3.294
threshold=0.29775000000000007 0 -3.9996213253608861 -0.79814559872029023 -0.13135790052793536 -0.050000244207981652 -0.093111541399980888
decision_type=2 1 8 10 8 8 10
left_child=1 -1 -3 4 -2 6 -5
right_child=3 2 -4 5 -6 -7 -8
leaf_value=-0.0054875211519971505 0.0034048595849772668 -0.0038977208558011044 0.021864275809294662 -0.0021872279767063299 -0.013378158505197989 -0.0014853513721475255 0.01906543450643482
leaf_weight=12.057368014007805 10.685082192532716 5.7105172090232372 14.859574025496842 7.1034437017515302 32.813284710980952 72.327333891764283 7.0220827609300596
leaf_count=343 263 114 174 155 752 890 113
internal_value=-0.00048016 0.00618862 0.011184 -0.00252504 -0.00907575 0.00110165 0.0107734
internal_weight=162.579 32.6275 20.5701 129.951 43.4984 86.4529 14.1255
internal_count=2804 631 288 2173 1015 1158 268
cat_boundaries=0 1
cat_threshold=86
is_linear=0
shrinkage=0.03


Tree=224
num_leaves=8
num_cat=0
split_feature=25 5 27 6 28 32 29
split_gain=2.18984 3.27112 3.46616 3.15633 2.99197 3.09697 4.18535
threshold=29.500000000000004 0.16201966518367525 0.49435000000000007 0.083940559053202177 1.0000000180025095e-35 10.707234077690996 33.500000000000007
decision_type=2 10 2 8 2 10 2
left_child=4 2 3 -2 -1 6 -6
right_child=1 -3 -4 -5 5 -7 -8
leaf_value=-0.0043701367490018338 0.024086657212352369 -0.0029742430150747536 0 -0.0016844184289224583 0.014682680612857947 -0.0027343657563310138 -0.0045318546155745133
leaf_weight=64.828264606185257 11.46500082872808 13.091512739658354 12.042418953962622 2.8922341810539374 25.68671893607825 25.426099298521876 8.755230372771619
leaf_count=1218 230 157 194 83 361 414 170
internal_value=0.00192129 0.00740793 0.0124868 0.0194791 -4.51376e-05 0.00438026 0.00951132
internal_weight=164.187 39.4912 26.3997 14.3572 124.696 59.868 34.4419
internal_count=2827 664 507 313 2163 945 531
is_linear=0
shrinkage=0.03


Tree=225
num_leaves=8
num_cat=1
split_feature=2 1 32 30 22 4 32
split_gain=2.72151 3.75687 2.72656 3.73542 3.03431 2.82007 3.4146
threshold=-0.27171493735885749 0.90894899748892743 10.768579810257661 0 329.50000000000006 0.029097825799776936 12.367204682890444
decision_type=10 8 10 1 2 8 10
left_child=1 2 3 4 -1 -4 -7
right_child=-2 -3 5 -5 -6 6 -8
leaf_value=0.012869057738871918 0.0055277520059335977 -0.014166925178698121 0.001576136411238428 -0.0037442575123207747 -0.004122699634011795 -0.018022539588962491 0.002797149274396483
leaf_weight=31.697668672539294 40.509861461818218 13.784017202444373 18.853511184453964 31.766856496222317 6.6449509616941205 14.166374927386643 5.989745798520743
leaf_count=442 377 323 446 746 92 299 96
internal_value=-0.00046289 -0.00276919 -0.000331997 0.00299778 0.0077294 -0.00612722 -0.012266
internal_weight=163.413 122.903 109.119 70.1095 38.3426 39.0096 20.1561
internal_count=2821 2444 2121 1280 534 841 395
cat_boundaries=0 1
cat_threshold=170
is_linear=0
shrinkage=0.03


Tree=226
num_leaves=8
num_cat=1
split_feature=5 22 5 4 30 5 2
split_gain=2.4952 2.4058 1.70948 2.53394 2.28068 3.55943 2.85521
threshold=-0.30991265230219295 238.50000000000003 -0.12153552059407646 -0.24890699233591237 0 -1.0000000180025095e-35 -0.70889973032277687
decision_type=8 2 8 8 1 8 8
left_child=1 -1 3 -2 -4 -6 -7
right_child=2 -3 4 -5 5 6 -8
leaf_value=-0.0011648092103104725 0.0060363242389822975 0.015650354585531174 -0.0046727789518741522 -0.012965556584669441 0.013039970263709602 0.0053845721737859811 -0.0052966251587986792
leaf_weight=9.2952277744188923 2.273637555539608 9.1194099467247707 39.249356498010457 13.698536785319446 16.0462910477072 34.964177931658924 39.200299927964807
leaf_count=193 53 147 629 378 330 647 446
internal_value=0.000237719 0.00881251 -0.00115313 -0.00852316 9.01407e-05 0.00272528 -4.45275e-05
internal_weight=163.847 18.4146 145.432 15.9722 129.46 90.2108 74.1645
internal_count=2823 340 2483 431 2052 1423 1093
cat_boundaries=0 1
cat_threshold=88
is_linear=0
shrinkage=0.03


Tree=227
num_leaves=8
num_cat=0
split_feature=5 22 22 0 22 6 0
split_gain=2.1842 3.77108 3.74127 2.84785 2.51476 2.36595 2.30366
threshold=-1.0000000180025095e-35 130.50000000000003 219.50000000000003 -0.036956786480355823 286.50000000000006 0.051485790889295745 -0.070814431954184007
decision_type=8 2 2 10 2 8 10
left_child=1 5 -3 -2 -4 -1 -6
right_child=3 2 4 -5 6 -7 -8
leaf_value=0 -0.011324725688266353 -0.011347865977425599 0.012595273247284981 0.0003287369525676645 -0.009380643494836971 0.019809240936472777 0.0060177757875518947
leaf_weight=5.9252980602905181 14.891497690230606 10.751174411736427 11.825533519499006 93.135298050008714 9.2872183080762643 10.255929897539316 9.2199397077783924
leaf_count=136 375 277 231 1219 210 231 143
internal_value=0.000584555 0.0050148 -0.000134816 -0.00181849 0.00498709 0.0144289 -0.00164256
internal_weight=165.292 57.2651 41.0839 108.027 30.3327 16.1812 18.5072
internal_count=2822 1228 861 1594 584 367 353
is_linear=0
shrinkage=0.03


Tree=228
num_leaves=8
num_cat=1
split_feature=30 17 21 6 6 16 6
split_gain=2.24821 2.28802 2.8159 2.62892 3.24627 3.30921 3.12379
threshold=0 0.29719014469083438 0.80720000000000014 0.041767449754145938 0.1063127971192401 -1.2471460758024555 0.028363477976601621
decision_type=1 8 2 10 10 2 8
left_child=1 2 3 6 5 -5 -1
right_child=-2 -3 -4 4 -6 -7 -8
leaf_value=0.010258060183800479 -0.0034004569557326771 -0.0042114204250333284 -0.0052253669984163613 0 -0.0044874312327366894 0.017139193736722333 -0.0073893054843815762
leaf_weight=6.3475709743797806 53.662505536340177 19.651003118604422 11.378380850888787 14.603630701079963 5.8379385564476243 36.257994542829692 15.974261818453668
leaf_count=106 1108 208 238 316 118 531 229
internal_value=0.000900413 0.00322761 0.00553607 0.00759592 0.0106799 0.0130489 -0.000493865
internal_weight=163.713 110.051 90.3998 79.0214 56.6996 50.8616 22.3218
internal_count=2854 1746 1538 1300 965 847 335
cat_boundaries=0 1
cat_threshold=172
is_linear=0
shrinkage=0.03


Tree=229
num_leaves=8
num_cat=0
split_feature=27 27 32 3 0 21 16
split_gain=1.79103 2.65273 2.95998 2.46433 4.15053 3.11124 2.61074
threshold=0.71520000000000017 0.67005000000000015 10.768579810257661 0.15961638205981565 -0.018124759238594908 0.52615000000000001 -1.4018207822315072
decision_type=2 2 10 8 8 2 2
left_child=1 2 3 4 6 -5 -1
right_child=-2 -3 -4 5 -6 -7 -8
leaf_value=0.0055763916198851527 -0.0069137342737945794 0.010868201012672669 -0.0062027203928128258 0.0097793438094295124 0.015213275008560576 -0.005942755089604357 -0.010294247081114555
leaf_weight=12.629849622957407 23.54269696213305 12.958696076646445 45.564259772188962 7.0128925442695609 19.376416962593794 36.325875588692725 8.6773517206311244
leaf_count=293 419 130 884 95 325 488 233
internal_value=-0.00036933 0.000921861 -0.000537853 0.0026433 0.00739149 -0.00197904 -0.00142083
internal_weight=166.088 142.545 129.587 84.0224 40.6836 43.3388 21.3072
internal_count=2867 2448 2318 1434 851 583 526
is_linear=0
shrinkage=0.03


Tree=230
num_leaves=8
num_cat=0
split_feature=2 5 27 17 2 3 22
split_gain=2.94078 2.66727 3.15634 3.56454 3.63816 3.60834 2.49976
threshold=-0.91403539186437344 -0.30991265230219295 0.55510000000000004 0.14086949904440868 -0.20128577890358271 -0.32885611491408334 72.500000000000014
decision_type=10 8 2 10 8 8 2
left_child=-1 -2 -3 5 -5 -4 -7
right_child=1 2 3 4 -6 6 -8
leaf_value=-0.0041781594811744456 0.014907019460522065 0.0085374711931452286 -0.010505398344879419 -0.018223021423240251 0 -0.0055902635267470104 0.011587914872453468
leaf_weight=67.028842244297266 8.2192662488669139 27.331478649750352 4.3720740806311369 11.047125607728956 17.581366235390309 3.4139803443104055 24.349509532563388
leaf_count=1522 123 317 87 153 135 83 421
internal_value=0.000272775 0.003597 0.00123252 -0.00244607 -0.00912635 0.00376431 0.00827817
internal_weight=163.344 96.3148 88.0955 60.7641 28.6285 32.1356 27.7635
internal_count=2841 1319 1196 879 288 591 504
is_linear=0
shrinkage=0.03


end of trees

feature_importances:
raw_s3=204
f_s3_bom_coverage=174
raw_s5=141
raw_s2=104
interval_width_rel=98
raw_s7=97
f_data_freshness_days=88
raw_s6=82
sector=80
f_data_quality_score=71
raw_s1=66
raw_s4=63
log_production=61
interval_position_z=56
f_firm_age_years=54
raw_s8=52
f_s2_peer_n_prev=35
interval_rel_gap=32
f_s7_matrix_age_years=25
size_band=14
f_s6_quarter=10
f_active_signal_count=4
f_missing_field_count=2
f_data_confidence_level=2
avail_s5=1
avail_s8=1

parameters:
[boosting: gbdt]
[objective: binary]
[metric: average_precision]
[tree_learner: serial]
[device_type: cpu]
[data_sample_strategy: bagging]
[data: ]
[valid: ]
[num_iterations: 1200]
[learning_rate: 0.03]
[num_leaves: 8]
[num_threads: 4]
[seed: 20261104]
[deterministic: 1]
[force_col_wise: 0]
[force_row_wise: 1]
[histogram_pool_size: -1]
[max_depth: -1]
[min_data_in_leaf: 60]
[min_sum_hessian_in_leaf: 0.001]
[bagging_fraction: 0.8]
[pos_bagging_fraction: 1]
[neg_bagging_fraction: 1]
[bagging_freq: 1]
[bagging_seed: 20261324]
[bagging_by_query: 0]
[feature_fraction: 0.7]
[feature_fraction_bynode: 1]
[feature_fraction_seed: 20261516]
[extra_trees: 0]
[extra_seed: 9347]
[early_stopping_round: 0]
[early_stopping_min_delta: 0]
[first_metric_only: 0]
[max_delta_step: 0]
[lambda_l1: 0.5]
[lambda_l2: 8]
[linear_lambda: 0]
[min_gain_to_split: 0]
[drop_rate: 0.1]
[max_drop: 50]
[skip_drop: 0.5]
[xgboost_dart_mode: 0]
[uniform_drop: 0]
[drop_seed: 228]
[top_rate: 0.2]
[other_rate: 0.1]
[min_data_per_group: 100]
[max_cat_threshold: 32]
[cat_l2: 10]
[cat_smooth: 10]
[max_cat_to_onehot: 4]
[top_k: 20]
[monotone_constraints: ]
[monotone_constraints_method: basic]
[monotone_penalty: 0]
[feature_contri: ]
[forcedsplits_filename: ]
[refit_decay_rate: 0.9]
[cegb_tradeoff: 1]
[cegb_penalty_split: 0]
[cegb_penalty_feature_lazy: ]
[cegb_penalty_feature_coupled: ]
[path_smooth: 0]
[interaction_constraints: ]
[verbosity: -1]
[saved_feature_importance_type: 0]
[use_quantized_grad: 0]
[num_grad_quant_bins: 4]
[quant_train_renew_leaf: 0]
[stochastic_rounding: 1]
[linear_tree: 0]
[max_bin: 63]
[max_bin_by_feature: ]
[min_data_in_bin: 3]
[bin_construct_sample_cnt: 200000]
[data_random_seed: 5686]
[is_enable_sparse: 1]
[enable_bundle: 1]
[use_missing: 1]
[zero_as_missing: 0]
[feature_pre_filter: 1]
[pre_partition: 0]
[two_round: 0]
[header: 0]
[label_column: ]
[weight_column: ]
[group_column: ]
[ignore_column: ]
[categorical_feature: 24,30,31]
[forcedbins_filename: ]
[precise_float_parser: 0]
[parser_config_file: ]
[objective_seed: 3628]
[num_class: 1]
[is_unbalance: 0]
[scale_pos_weight: 1]
[sigmoid: 1]
[boost_from_average: 1]
[reg_sqrt: 0]
[alpha: 0.9]
[fair_c: 1]
[poisson_max_delta_step: 0.7]
[tweedie_variance_power: 1.5]
[lambdarank_truncation_level: 30]
[lambdarank_norm: 1]
[label_gain: ]
[lambdarank_position_bias_regularization: 0]
[eval_at: ]
[multi_error_top_k: 1]
[auc_mu_weights: ]
[num_machines: 1]
[local_listen_port: 12400]
[time_out: 120]
[machine_list_filename: ]
[machines: ]
[gpu_platform_id: -1]
[gpu_device_id: -1]
[gpu_device_id_list: ]
[gpu_use_dp: 0]
[num_gpu: 1]

end of parameters

pandas_categorical:[["dusuk", "orta", "yuksek"], ["elektronik", "ev_temizlik", "gida_icecek", "ilac", "kimya_boya", "kozmetik", "otomotiv_yan_sanayi", "tekstil"], ["buyuk", "kucuk", "mikro", "orta"]]
