tree
version=v4
num_class=1
num_tree_per_iteration=1
label_index=0
max_feature_idx=32
objective=binary sigmoid:1
feature_names=raw_s1 raw_s2 raw_s3 raw_s4 raw_s5 raw_s6 raw_s7 raw_s8 avail_s1 avail_s2 avail_s3 avail_s4 avail_s5 avail_s6 avail_s7 avail_s8 interval_position_z interval_rel_gap interval_width_rel interval_below_lower f_active_signal_count f_data_quality_score f_data_freshness_days f_missing_field_count f_data_confidence_level f_firm_age_years f_s6_quarter f_s3_bom_coverage f_s7_matrix_age_years f_s2_peer_n_prev sector size_band log_production
feature_infos=[-208.60777113911226:1] [-100.24405333971055:1] [-18.445401647396661:0.42787502769776209] [-18.195565291938621:1.214954902093536] [-174.21415603222258:13.130288369385079] [-2.1314628631121586:1] [0.00050778214690254961:2] [-1.07584610203738:0.58862491509519155] [0:1] none none [0:1] [0:1] [0:1] none [0:1] [-5.568683564646622:5.8804354402321586] [-39.874239411428682:1] [0.29914621251336526:37.785602439860604] [0:1] [3:8] [0.1346:1] [5:399] [0:4] -1:1:2:0 [0:40] [1:4] [0.0068999999999999999:1] [-2:6] [2:61] -1:2:7:6:5:4:0:3:1 -1:1:2:3:0 [7.145401161296455:14.564719245148021]
tree_sizes=968 1000 958 1004 1017 999 973 992 960 1020 1020 971 981 976 985 1020 993 977 1005 1001 994 1019 992 981 991 1000 1025 1004 1023 1023 1019 999 1022 980 1010 1024 1025 1020 1002 973 1020 1007 1014 1008 1006 1026 1004 1022 1023 1005 973 1003 998 1007 1019 1004 981 1025 1008 1001 980 1010 1005 965 1023 999 1023 1003 1019 981 1007 997 999 1013 992 1004 987 998 999 1020 1002 1008 998 999 1006 1006 1006 973 1002 1003 1004 1011 1025 999 1021 1021 1023 1023 999 1002 1001 981 1027 1026 991 1003 1002 1004 993 998 1003 1003 987 1005 998 1003 963 1002 1004 1024 1010 1004 1017 986 1009 1001 1002 1003 1022 988 997 977 1015 999 984 1000 1008 1022 1019 998 1017 998 971 1025 1018 1004 984 1006 1005 1002 1017 980 1003 1007 976 1021 998 1012 1029 1017 1004 1002 986 1007 1007 1024 1005 1019 990 1009 1017 1012 999 986 1010 1008 997 992 1028 1020 1008 1011 1029 999 1005 1004 1029 1008 1007 999 1004 981 1006 1009 1028 1015 1011 1007 1007 1009 983 986 1011 989 1025 1010 996 1010 993 979 1008 1007 1009 1004 1021 1020 1027 1012 1010 1008 1002 1001 1018 1024 1003 1003 1009 1009 991 991 1000 1003 1003 1028 1003 999 1008 1011 986 991 1004 1007 1020 988 1004 1026 964 1026 1003 1011 993 989 1000 1002 998 960

Tree=0
num_leaves=8
num_cat=0
split_feature=4 2 27 6 0 4 2
split_gain=70.2894 16.0415 25.1577 11.8178 5.04486 3.38793 4.49491
threshold=0.14668392030419972 -0.30307454926889665 0.71520000000000017 0.091850884408647304 0.061938564435557127 -0.22291260397017207 -1.0636431477588428
decision_type=10 8 2 10 10 8 10
left_child=1 5 -3 4 -2 6 -1
right_child=3 2 -4 -5 -6 -7 -8
leaf_value=-2.6055040640717277 -2.5939491651081985 -2.5514667665701518 -2.6051480054180596 -2.5970587278528132 -2.5459736184776816 -2.6101074071449282 -2.5833510564210194
leaf_weight=12.389283657073976 4.0007061809301439 4.7750364094972637 14.583219304680823 5.1622015237808219 18.712980523705482 114.79445638507605 5.8074767142534247
leaf_count=192 62 74 226 80 290 1779 90
internal_value=-2.59602 -2.60447 -2.58303 -2.55803 -2.55095 -2.60831 -2.59695
internal_weight=180.225 152.349 19.3583 27.8759 22.7137 132.991 18.1968
internal_count=2793 2361 300 432 352 2061 282
is_linear=0
shrinkage=1


Tree=1
num_leaves=8
num_cat=0
split_feature=2 27 0 6 27 12 16
split_gain=58.955 41.7166 12.7784 4.49305 4.52474 5.97297 4.2683
threshold=-0.27171493735885749 0.72745000000000004 0.091067126322135164 0.085798286060302931 0.54730000000000012 1.0000000180025095e-35 -0.39037986359504989
decision_type=8 2 10 8 2 2 2
left_child=2 -2 -1 4 5 -4 -3
right_child=1 6 3 -5 -6 -7 -8
leaf_value=-0.013021245874272934 0.068202570481964403 -0.0079684815905549308 -0.005450542205513477 -0.008272402081030061 -0.004927056399597167 0.021064704781959404 0.01450639601426185
leaf_weight=110.94078989326954 9.3444391340017336 11.902494087815287 5.553876772522929 9.6503058001399022 8.5835813730955106 20.744415387511253 4.2529015317559233
leaf_count=1734 140 185 87 150 133 317 65
internal_value=-0.000305712 0.0358834 -0.00779859 0.00492837 0.00979221 0.0150625 0.00017192
internal_weight=180.973 25.4998 155.473 44.5322 34.8819 26.2983 16.1554
internal_count=2811 390 2421 687 537 404 250
is_linear=0
shrinkage=0.03


Tree=2
num_leaves=8
num_cat=0
split_feature=16 2 2 27 1 27 5
split_gain=60.1396 22.4247 10.8649 17.6074 7.50169 2.84618 2.55627
threshold=-0.39037986359504989 -0.27171493735885749 -0.30307454926889665 0.71520000000000017 0.90894899748892743 0.50155000000000005 0.39903157125788602
decision_type=2 8 8 2 8 2 8
left_child=2 4 6 -4 5 -2 -1
right_child=1 -3 3 -5 -6 -7 -8
leaf_value=-0.013482570039030509 0.023244776330151727 0.059893400419068279 0.035559441729482978 -0.0089990723588193322 -0.0088308210001355122 0 0
leaf_weight=117.18616595119238 12.586577072739606 8.2975891754031164 4.8580307811498669 14.084424786269663 7.5021931603550902 4.9821790829300872 12.801255755126475
leaf_count=1845 191 121 69 220 116 77 201
internal_value=-0.000522749 0.0315966 -0.00905871 0.00903723 0.00955477 0.018299 -0.0121755
internal_weight=182.298 33.3685 148.93 18.9425 25.0709 17.5688 129.987
internal_count=2840 505 2335 289 384 268 2046
is_linear=0
shrinkage=0.03


Tree=3
num_leaves=8
num_cat=0
split_feature=4 16 2 21 17 17 16
split_gain=51.8195 23.5474 13.6069 9.15605 6.865 4.30465 3.20803
threshold=0.14668392030419972 -0.39037986359504989 -0.39926954780594753 0.84100000000000008 0.10959723962624247 -0.53170048353498878 -0.51871970690477365
decision_type=10 2 8 2 10 8 2
left_child=2 -2 4 -4 5 -1 -6
right_child=1 -3 3 -5 6 -7 -8
leaf_value=0.0024800057506604292 0.00031369918803529639 0.050681586767256447 0.017598276455660075 -0.011773684741326116 0.0092219830525385703 -0.017216009686020797 -0.0065248942366748003
leaf_weight=7.6539580263197422 14.176167368888857 15.149889126420019 22.135085850954059 6.8129214085638514 13.072307337075474 84.517643589526415 17.796244822442532
leaf_count=122 214 217 338 107 207 1351 278
internal_value=0.000122551 0.0320213 -0.00723197 0.0092271 -0.0115457 -0.0153633 0.00028328
internal_weight=181.314 29.3261 151.988 28.948 123.04 92.1716 30.8686
internal_count=2834 431 2403 445 1958 1473 485
is_linear=0
shrinkage=0.03


Tree=4
num_leaves=8
num_cat=1
split_feature=16 30 16 1 5 18 32
split_gain=51.0926 6.10698 7.41394 5.84739 5.2825 2.94279 2.40069
threshold=-0.39037986359504989 0 -0.70236073147940914 0.90894899748892743 -0.33709876098531549 0.84865483533176989 10.447697515627381
decision_type=2 1 2 8 10 10 10
left_child=1 2 4 5 -1 -2 -5
right_child=3 -3 -4 6 -6 -7 -8
leaf_value=0.0086238457107461197 0.04067319198687102 -0.011603426551435316 0.018160451898634029 -0.0055397843294198992 -0.010743809353546321 0.0064686821133432037 0.012548543765290507
leaf_weight=11.178443301469086 18.312092691659931 92.568761941045523 9.3179879970848543 5.5749168433248979 29.93284548074007 7.5419073030352584 4.7779916822910309
leaf_count=178 261 1474 144 84 479 110 71
internal_value=0.000321841 -0.00791815 0.00105731 0.0287483 -0.00462524 0.0350249 0.00382191
internal_weight=179.205 142.998 50.4293 36.2069 41.1113 25.854 10.3529
internal_count=2801 2275 801 526 657 371 155
cat_boundaries=0 1
cat_threshold=137
is_linear=0
shrinkage=0.03


Tree=5
num_leaves=8
num_cat=0
split_feature=4 17 5 5 0 26 25
split_gain=63.1164 8.53055 6.37449 6.33593 4.19023 2.91921 2.77639
threshold=0.14668392030419972 0.16199566028301846 -0.30991265230219295 0.1767271155417818 -0.070814431954184007 2.5000000000000004 18.500000000000004
decision_type=10 10 10 10 10 2 2
left_child=2 -2 4 -4 5 -1 -5
right_child=1 -3 3 6 -6 -7 -8
leaf_value=-0.0099131832395417448 0.0062301627450308626 0.044110637507877609 -0.014022248290782302 0.01023069268089866 0.01393730182417628 0.0067319433473348048 -0.0055918327726624251
leaf_weight=16.376670408993963 11.556832082569601 20.227554753422737 93.10721954330802 11.140331715345384 10.909877024590967 7.4872860647737971 12.379078540951012
leaf_count=262 176 275 1499 173 171 120 193
internal_value=0.000900968 0.0347367 -0.00749512 -0.0107191 0.00294951 -0.00384104 0.00212131
internal_weight=183.185 31.7844 151.4 116.627 34.7738 23.864 23.5194
internal_count=2869 451 2418 1865 553 382 366
is_linear=0
shrinkage=0.03


Tree=6
num_leaves=8
num_cat=0
split_feature=4 16 2 27 7 3 4
split_gain=57.6915 22.4904 11.328 15.8531 4.18402 3.38531 2.39137
threshold=0.18572957414461641 -0.39037986359504989 -0.39926954780594753 0.71520000000000017 0.11909677700076886 -0.47053662675759106 -0.34545437731407996
decision_type=10 2 8 2 10 8 8
left_child=2 -2 4 -4 5 -1 -7
right_child=1 -3 3 -5 -6 6 -8
leaf_value=1.8788065830034126e-05 0 0.053441025995311829 0.028492699375352277 -0.0073725535060459547 0.0076316123781362969 0.0021219255000466605 -0.014941230846930774
leaf_weight=15.401910893619059 9.6731990799307841 14.348029442131518 10.290135934948923 21.081994261592627 4.1163138709962359 4.3221910409629345 102.08819726109505
leaf_count=251 144 184 149 329 65 70 1654
internal_value=0 0.0368928 -0.00710265 0.00740947 -0.0110566 -0.0122351 -0.0140171
internal_weight=181.322 24.0212 157.301 31.3721 125.929 121.812 106.41
internal_count=2846 328 2518 478 2040 1975 1724
is_linear=0
shrinkage=0.03


Tree=7
num_leaves=8
num_cat=1
split_feature=2 21 30 0 1 32 1
split_gain=41.2555 19.3572 12.378 10.152 8.10966 7.95965 4.4871
threshold=-0.27171493735885749 0.78505000000000014 0 0.24026764920318064 0.22248920455378104 10.768579810257661 -1.6417636932737176
decision_type=8 2 1 8 8 8 10
left_child=2 -2 4 -4 5 6 -1
right_child=1 -3 3 -5 -6 -7 -8
leaf_value=0 0.045608841519778842 -0.00067437407317512074 -0.015621261039584465 0.0085310551302606383 -0.006636645258246505 -0.0022829372358074084 0.030383019655204249
leaf_weight=5.5732963718473938 15.854317039251329 11.039674513041971 86.700101301074028 12.6083479039371 20.242475051432848 13.178315773606299 13.135758545249702
leaf_count=89 219 163 1414 183 317 214 209
internal_value=0.000797886 0.0303814 -0.00562259 -0.0109841 0.00537671 0.0145285 0.0240687
internal_weight=178.332 26.894 151.438 99.3084 52.1298 31.8874 18.7091
internal_count=2808 382 2426 1597 829 512 298
cat_boundaries=0 1
cat_threshold=168
is_linear=0
shrinkage=0.03


Tree=8
num_leaves=8
num_cat=0
split_feature=4 2 21 18 17 17 17
split_gain=50.2393 11.7487 12.7177 8.95107 7.03389 4.98971 4.31146
threshold=0.1231859328481812 -0.37056068039762496 0.72505000000000008 0.84865483533176989 0.071731858591453104 0.10959723962624247 -0.53170048353498878
decision_type=10 8 2 8 10 10 8
left_child=1 5 -3 4 -2 6 -1
right_child=3 2 -4 -5 -6 -7 -8
leaf_value=0.0031820903594435616 0 0.02784308328439096 -0.006677139549045372 0.0026890631547018869 0.04201008957488938 0 -0.01642506562614893
leaf_weight=7.3507032580673695 4.4495729543268707 8.9825840257108229 15.581657152622936 11.733575984835623 21.379301685839891 29.218831725418568 80.458722155541182
leaf_count=119 70 127 242 165 280 467 1350
internal_value=0.00112525 -0.00724224 0.00922452 0.0287294 0.0366822 -0.0111877 -0.0144985
internal_weight=179.155 141.592 24.5642 37.5625 25.8289 117.028 87.8094
internal_count=2820 2305 369 515 350 1936 1469
is_linear=0
shrinkage=0.03


Tree=9
num_leaves=8
num_cat=1
split_feature=4 0 0 22 26 32 30
split_gain=44.7978 10.6614 7.71735 7.06798 5.28893 6.19821 3.6404
threshold=0.17286388292331559 0.080424931439070382 -0.018124759238594908 268.50000000000006 2.5000000000000004 10.1906799100543 0
decision_type=10 10 10 2 2 10 1
left_child=2 -2 4 6 -1 -6 -4
right_child=1 -3 3 -5 5 -7 -8
leaf_value=-0.016868505012375454 -0.0034856703424656281 0.037576234382352733 0.0054903603668244967 0.012131947271768431 0.011686118784987324 -0.011148558743067166 -0.008546020439517828
leaf_weight=53.306936416774988 4.6168257556855705 23.188935618847609 10.503238566219805 24.535705786198378 11.914418615400793 15.019015301018952 37.606842439621687
leaf_count=889 71 292 165 388 197 250 600
internal_value=0.000693824 0.031084 -0.00601087 0.000942359 -0.0119907 -0.000254959 -0.00541301
internal_weight=180.692 27.8058 152.886 72.6458 80.2404 26.9334 48.1101
internal_count=2852 363 2489 1153 1336 447 765
cat_boundaries=0 1
cat_threshold=24
is_linear=0
shrinkage=0.03


Tree=10
num_leaves=8
num_cat=1
split_feature=16 2 27 30 32 2 1
split_gain=37.9894 10.0357 16.9069 9.09988 7.33839 7.09244 6.77961
threshold=-0.39037986359504989 -0.30307454926889665 0.72745000000000004 0 10.768579810257661 -0.27171493735885749 0.48965201648588325
decision_type=2 8 2 1 10 8 8
left_child=1 3 -3 4 6 -2 -1
right_child=5 2 -4 -5 -6 -7 -8
leaf_value=0.018387271162485064 0.010367448991747503 0.033407602903280015 -0.0087704853736207383 -0.014649808325965167 -0.010443080279771389 0.040601151820243701 -0.0083343641385038233
leaf_weight=19.949532873928547 27.745174281299114 6.6148641072213676 13.879729345440863 78.170528165996075 15.659854367375372 10.441918581724165 5.9563547261059311
leaf_count=323 387 86 219 1320 261 123 97
internal_value=0.000763542 -0.00659115 0.00987386 -0.00996869 0.00202325 0.0245599 0.0112841
internal_weight=178.418 140.231 20.4946 119.736 41.5657 38.1871 25.9059
internal_count=2816 2306 305 2001 681 510 420
cat_boundaries=0 1
cat_threshold=168
is_linear=0
shrinkage=0.03


Tree=11
num_leaves=8
num_cat=0
split_feature=4 2 16 21 4 6 6
split_gain=48.3031 14.908 13.81 9.32145 4.93757 5.7015 7.85317
threshold=0.18572957414461641 -0.30307454926889665 -0.51871970690477365 0.78505000000000014 -0.090536385868056221 0.060035806120608846 0.046650734569235998
decision_type=10 8 2 2 8 10 10
left_child=1 4 -2 -3 5 6 -1
right_child=2 3 -4 -5 -6 -7 -8
leaf_value=-0.0048839341137839375 0 0.025537273070457091 0.044206084066268546 -0.0057987533412186161 -0.012679381856374796 -0.0093145533253128476 0.025204330569268511
leaf_weight=10.833251394331457 8.3344764858484286 13.254512969404461 18.871326185762882 9.1139924712479097 91.0381233766675 19.793599605560303 6.7004504650831214
leaf_count=183 123 183 217 141 1509 335 114
internal_value=0.00196494 -0.00508744 0.0337419 0.0141114 -0.00917456 0 0.0103211
internal_weight=177.94 150.734 27.2058 22.3685 128.365 37.3273 17.5337
internal_count=2805 2465 340 324 2141 632 297
is_linear=0
shrinkage=0.03


Tree=12
num_leaves=8
num_cat=0
split_feature=2 21 17 0 1 17 3
split_gain=39.2391 18.5532 10.5345 9.67737 5.92739 3.92205 4.89745
threshold=-0.27171493735885749 0.80720000000000014 -0.031906674654701421 -0.0097751738381945934 0.90894899748892743 0.10959723962624247 0.065902584153307922
decision_type=8 2 8 10 8 10 10
left_child=3 2 -2 -1 5 6 -5
right_child=1 -3 -4 4 -6 -7 -8
leaf_value=-0.01240432008829072 0 -0.0033785980096329459 0.048937837032604743 0.00751145236892447 -0.012873225394355203 0.011546650600879919 -0.012705794452654377
leaf_weight=74.769693952053785 4.6630884334445 9.6752389632165414 15.883796028792863 14.791247788816692 10.717181473970411 37.029397640377283 12.223092347383497
leaf_count=1286 66 140 192 250 166 529 204
internal_value=0.00129933 0.0285809 0.040885 -0.00529084 0.00215359 0.00602667 -0.00202075
internal_weight=179.753 30.2221 20.5469 149.531 74.7609 64.0437 27.0143
internal_count=2833 398 258 2435 1149 983 454
is_linear=0
shrinkage=0.03


Tree=13
num_leaves=8
num_cat=1
split_feature=2 27 30 1 27 16 6
split_gain=42.713 28.0413 12.2742 9.03539 8.13477 7.6054 3.91131
threshold=-0.27171493735885749 0.72745000000000004 0 0.10382377478270928 0.44050000000000006 -0.20827026059006448 0.070842741664735018
decision_type=8 2 1 8 2 2 8
left_child=2 -2 3 4 6 -4 -1
right_child=1 -3 5 -5 -6 -7 -8
leaf_value=0.031864415391398122 0.051284125840954355 0 -0.016064002365007463 -0.0073397283243251043 -0.0014055249368834977 0.0058019276589796965 0
leaf_weight=10.766546413302422 13.749246664345266 17.41400146111846 84.202827151864767 22.26180000975728 14.501709666103123 11.635247446596621 5.2118276618421087
leaf_count=170 152 250 1437 355 233 156 84
internal_value=0.000496474 0.0285691 -0.00645451 0.00461645 0.0146489 -0.0118785 0.0254528
internal_weight=179.743 31.1632 148.58 52.7419 30.4801 95.8381 15.9784
internal_count=2837 402 2435 842 487 1593 254
cat_boundaries=0 1
cat_threshold=168
is_linear=0
shrinkage=0.03


Tree=14
num_leaves=8
num_cat=0
split_feature=4 2 27 17 18 17 3
split_gain=34.7915 13.4512 20.6918 9.36228 6.02653 4.11271 3.99945
threshold=0.18572957414461641 -0.39926954780594753 0.71520000000000017 0.16199566028301846 0.84865483533176989 0.10959723962624247 -0.47053662675759106
decision_type=10 8 2 10 10 10 8
left_child=1 5 -3 -2 -5 6 -1
right_child=3 2 -4 4 -6 -7 -8
leaf_value=0 -0.0012028035090488731 0.032155166028684033 -0.0085983104763272967 0.041026801302109714 0.0017447072447273836 -0.0019505515625646451 -0.017697940270549193
leaf_weight=14.266928955912588 7.4951628334820297 10.581118386238815 21.244251552969217 13.890117257833483 6.048845261335372 34.745737504214048 72.12913615629077
leaf_count=245 108 139 325 147 72 553 1273
internal_value=-0.00136915 -0.00731146 0.00831198 0.0255109 0.0335586 -0.0117927 -0.0150912
internal_weight=180.401 152.967 31.8254 27.4341 19.939 121.142 86.3961
internal_count=2862 2535 464 327 219 2071 1518
is_linear=0
shrinkage=0.03


Tree=15
num_leaves=8
num_cat=1
split_feature=4 16 22 0 30 18 18
split_gain=23.799 12.224 6.54089 6.30912 5.17738 3.54523 3.2276
threshold=0.18572957414461641 -0.64854664324855105 268.50000000000006 -0.070814431954184007 0 0.86447853632967886 0.77340185741246559
decision_type=10 2 2 10 1 10 10
left_child=2 -2 4 -4 -1 -3 -5
right_child=1 5 3 6 -6 -7 -8
leaf_value=0.0055715566069129583 -0.0071565334467333045 0.035564077445045014 -0.0080950487232759327 0.00040543293587151364 -0.011576386154784023 0.0023417877384000205 0.018793990671137156
leaf_weight=10.439659144729376 6.4336833506822613 15.602368511259558 20.907967049628496 18.728992670774463 88.521062407642603 5.8052380867302409 12.041960336267946
leaf_count=166 96 163 361 297 1497 68 190
internal_value=-0.000577816 0.0214398 -0.00561765 0.00257199 -0.00990715 0.0301529 0.0103816
internal_weight=178.481 27.8413 150.64 51.6789 98.9607 21.4076 30.771
internal_count=2838 327 2511 848 1663 231 487
cat_boundaries=0 1
cat_threshold=8
is_linear=0
shrinkage=0.03


Tree=16
num_leaves=8
num_cat=0
split_feature=2 27 4 4 17 7 4
split_gain=41.7021 33.6886 12.9289 6.61439 6.18055 2.70121 2.31216
threshold=-0.27171493735885749 0.71520000000000017 0.21343005710966814 0.1231859328481812 0.2271843322843338 0.13519901732864323 -0.12263693616826953
decision_type=8 2 10 10 10 10 8
left_child=2 -2 5 -3 -4 6 -1
right_child=1 3 4 -5 -6 -7 -8
leaf_value=-0.0021412636713228112 0.053605738330306442 -0.01176408780183665 -0.0045494511741361009 0.014951119344077226 0.02455901023823007 0.0053826698408065907 -0.012883193013523562
leaf_weight=30.26709296926856 13.112826846539976 12.621862124651672 6.0870145224034777 5.926848240196704 8.7780346386134607 4.0499980896711341 100.1183205395937
leaf_count=531 134 194 83 71 98 66 1704
internal_value=0.000107794 0.027669 -0.00675156 -0.000729807 0.0145621 -0.00989914 -0.0107659
internal_weight=180.962 31.6615 149.3 18.5487 14.865 134.435 130.385
internal_count=2881 399 2482 265 181 2301 2235
is_linear=0
shrinkage=0.03


Tree=17
num_leaves=8
num_cat=0
split_feature=4 2 27 22 6 0 16
split_gain=39.3372 8.69201 17.1495 6.63642 5.6264 4.26642 2.62724
threshold=0.14668392030419972 -0.43202764606913518 0.71520000000000017 96.500000000000014 0.085798286060302931 0.15562261050103524 -0.51871970690477365
decision_type=10 8 2 2 10 10 2
left_child=1 5 -3 -2 -5 -1 -7
right_child=3 2 -4 4 -6 6 -8
leaf_value=-0.01191735380147288 0 0.027648757036215953 -0.009288415454604914 0.037248794356396976 0.0013408735262555539 0.013236343436758041 -0.0042651310400056803
leaf_weight=94.100070957094431 7.8217166960239402 11.454652700573208 19.600774887949228 22.321103990077976 6.2359225489199153 4.6131873019039658 11.424228504300116
leaf_count=1686 96 150 311 259 79 76 180
internal_value=0.00165922 -0.00570488 0.00682439 0.0264548 0.0318273 -0.00958762 0.00287492
internal_weight=177.572 141.193 31.0554 36.3787 28.557 110.137 16.0374
internal_count=2837 2403 461 434 338 1942 256
is_linear=0
shrinkage=0.03


Tree=18
num_leaves=8
num_cat=2
split_feature=2 30 4 1 24 18 21
split_gain=22.6379 11.7037 9.66043 9.06976 6.88968 4.88733 3.282
threshold=-0.27171493735885749 0 0.14668392030419972 0.22248920455378104 1 0.51646170971961325 0.76310000000000011
decision_type=8 1 8 8 1 10 2
left_child=1 3 -2 4 -1 -3 -4
right_child=2 5 6 -5 -6 -7 -8
leaf_value=0.022839452559336407 -0.00044195438201719163 0.0038434844265883544 0.035291049993173076 -0.0089217782992908699 -0.0017521875218749531 -0.016260254033533771 0.0023270254979628497
leaf_weight=17.123120449483395 14.579128894954918 7.9435238130390635 11.319431073963647 20.425514191389084 13.763458345085384 85.082624018192291 5.7568676955997935
leaf_count=277 210 142 119 328 222 1461 65
internal_value=-0.0024532 -0.00768166 0.0177488 0.00363657 0.0133893 -0.0129453 0.0290639
internal_weight=175.994 144.338 31.6554 51.3121 30.8866 93.0261 17.0763
internal_count=2824 2430 394 827 499 1603 184
cat_boundaries=0 1 2
cat_threshold=168 2
is_linear=0
shrinkage=0.03


Tree=19
num_leaves=8
num_cat=0
split_feature=4 5 0 0 6 26 2
split_gain=27.2796 8.91339 8.3328 6.73839 4.41478 3.53738 2.51512
threshold=0.11082581929922704 -0.30991265230219295 0.043381288141403913 -0.070814431954184007 0.085798286060302931 2.5000000000000004 -1.0169667466394263
decision_type=10 10 10 10 8 2 8
left_child=1 3 -2 5 -4 -1 -3
right_child=2 6 4 -5 -6 -7 -8
leaf_value=-0.0098958308780954796 -0.004414703485994092 -0.014430203935292303 0.029555917633459026 0.020872188839439657 0.0017533976325263569 0.0088543331508452953 -0.0038377989799786047
leaf_weight=15.1357186511159 7.2079677209258071 50.404707960784435 27.897658560425043 9.5576033070683462 8.6163203492760641 6.7063143327832213 50.401556372642517
leaf_count=267 116 907 320 151 105 115 847
internal_value=0.00113519 -0.00570013 0.0197785 0.00679532 0.0248264 -0.00280586 -0.00994359
internal_weight=175.928 132.206 43.7219 31.3996 36.514 21.842 100.806
internal_count=2828 2287 541 533 425 382 1754
is_linear=0
shrinkage=0.03


Tree=20
num_leaves=8
num_cat=0
split_feature=4 18 2 18 27 0 3
split_gain=24.303 10.1464 6.22865 10.1365 6.27645 5.79471 4.30382
threshold=0.11082581929922704 0.86447853632967886 -1.0636431477588428 0.67492738577156086 0.71520000000000017 -0.10683492232872115 -0.81575266317193784
decision_type=10 8 8 10 2 10 10
left_child=2 -2 6 -4 5 -5 -1
right_child=1 -3 3 4 -6 -7 -8
leaf_value=0.0012346056780740435 0.024837288565968108 -0.002639097171506604 -0.0120802702844799 -0.0014157243713670859 -0.0059629672590457558 0.023504019332664855 -0.016185103326897061
leaf_weight=12.810158915817736 31.353476893156767 14.081952467560766 28.095236264169216 9.6651092469692248 11.550556410104035 17.32199228182435 53.198157414793968
leaf_count=225 370 185 480 167 187 277 969
internal_value=-0.000231672 0.0169206 -0.00684199 0 0.00910188 0.0158676 -0.0128338
internal_weight=178.077 45.4354 132.641 66.6329 38.5377 26.9871 66.0083
internal_count=2860 555 2305 1111 631 444 1194
is_linear=0
shrinkage=0.03


Tree=21
num_leaves=8
num_cat=1
split_feature=4 2 20 22 30 16 3
split_gain=22.1843 6.52329 8.1792 6.26835 5.67407 5.22722 4.95843
threshold=0.11082581929922704 -0.43202764606913518 6.5000000000000009 78.500000000000014 0 -0.70236073147940914 -0.39401227958194901
decision_type=10 8 2 2 1 2 8
left_child=1 4 -3 -2 6 -5 -1
right_child=3 2 -4 5 -6 -7 -8
leaf_value=0.018011822209062809 -0.0030874688855900886 0.021583957840397797 -0.0051181933950743838 0.0005334521348324884 -0.012273178180427892 0.026745234450811985 -0.0039528709312121263
leaf_weight=5.8146862722933292 8.3128410615026933 8.6493305303156394 19.773081328719854 10.332758419215677 74.913649339228868 27.986882042139769 19.857085935771469
leaf_count=99 104 111 317 154 1384 305 343
internal_value=0.000666895 -0.00572539 0.00555181 0.0168744 -0.00922438 0.021314 0.00283277
internal_weight=175.64 129.008 28.4224 46.6325 100.585 38.3196 25.6718
internal_count=2817 2254 428 563 1826 459 442
cat_boundaries=0 1
cat_threshold=136
is_linear=0
shrinkage=0.03


Tree=22
num_leaves=8
num_cat=0
split_feature=0 18 16 5 5 3 1
split_gain=23.379 5.4105 6.49949 5.40393 3.89534 3.4925 2.40179
threshold=0.10045643443870157 0.84865483533176989 -0.58624438198861706 -0.49138392644306683 0.1767271155417818 0.58983932791917493 -0.61055460616457291
decision_type=10 10 2 8 8 8 8
left_child=3 2 -2 -1 -5 -3 -6
right_child=1 5 -4 4 6 -7 -8
leaf_value=0.0090258589363645357 -0.00057925224587804702 -0.0063179275610326649 0.02531542796687317 -0.0115313284428743 0.010891813172442151 0.0117265936702085 -0.0049771917125460636
leaf_weight=10.303946815431116 9.1255776956677419 13.872416809201239 34.605450615286827 80.298539996147156 7.4029214382171631 9.014263719320299 10.844752211123707
leaf_count=179 143 195 417 1454 127 124 181
internal_value=0.00183121 0.0149426 0.020368 -0.00653845 -0.00886214 0.00150003 0.00224674
internal_weight=175.468 66.6177 43.731 108.85 98.5462 22.8867 18.2477
internal_count=2820 879 560 1941 1762 319 308
is_linear=0
shrinkage=0.03


Tree=23
num_leaves=8
num_cat=0
split_feature=2 27 6 16 1 6 6
split_gain=30.4276 22.2481 9.00473 6.56779 4.22576 3.57789 5.61993
threshold=-0.30307454926889665 0.72745000000000004 0.070842741664735018 -0.55654139574336081 0.90894899748892743 0.047747460872056259 0.053638216502319036
decision_type=8 2 8 2 8 10 10
left_child=2 -2 3 5 -5 -1 -7
right_child=1 -3 -4 4 -6 6 -8
leaf_value=-0.0087279210065786799 0.043236596142976223 0 -0.012471285137737769 0.019132593449297117 -0.0036315090189029532 0.017300866974541636 -0.0040877355126188149
leaf_weight=33.432242572307587 17.394213635474443 18.424992803484201 51.843933559954166 18.056063875555992 5.7319523468613651 9.0716462284326536 23.3064457885921
leaf_count=605 167 266 905 233 92 162 426
internal_value=0.00310265 0.0250282 -0.00339204 0.00229939 0.013642 -0.00263155 0.00377387
internal_weight=177.261 35.8192 141.442 89.5984 23.788 65.8103 32.3781
internal_count=2856 433 2423 1518 325 1193 588
is_linear=0
shrinkage=0.03


Tree=24
num_leaves=8
num_cat=0
split_feature=4 16 7 3 21 16 22
split_gain=25.1156 6.9788 3.89547 3.29606 2.66171 2.99909 2.56606
threshold=0.1231859328481812 -0.39037986359504989 0.10883183659255806 0.065902584153307922 0.59975000000000012 -1.1913994152008789 262.50000000000006
decision_type=10 2 10 10 2 2 2
left_child=2 3 4 -2 5 -1 -7
right_child=1 -3 -4 -5 -6 6 -8
leaf_value=-0.009348524434569452 0.011835639133672261 0.026232498562744028 0.0090875116846672981 -0.0063323901708160811 -0.010265679945023054 -0.0030159546494285868 0.01347301248644903
leaf_weight=10.615784827619793 8.3431685604155081 25.042144455015659 5.853082474321126 11.552022326737641 94.462932705879211 9.5690540149807948 9.7493943274021131
leaf_count=194 121 241 94 157 1696 162 153
internal_value=4.12551e-05 0.0176888 -0.00661005 0.00195807 -0.00796642 0 0.00626501
internal_weight=175.188 44.9373 130.25 19.8952 124.397 29.9342 19.3184
internal_count=2818 519 2299 278 2205 509 315
is_linear=0
shrinkage=0.03


Tree=25
num_leaves=8
num_cat=1
split_feature=4 16 2 27 30 3 16
split_gain=22.0932 8.79344 5.90934 16.8742 7.07212 3.72249 2.63515
threshold=0.11082581929922704 -0.55654139574336081 -0.39926954780594753 0.71520000000000017 0 -0.47053662675759106 -0.20827026059006448
decision_type=10 2 8 2 1 8 2
left_child=2 -2 4 -4 5 -1 -6
right_child=1 -3 3 -5 6 -7 -8
leaf_value=0.016162816850787257 0 0.025179797823881165 0.027452724558544403 -0.010362163626559473 -0.016117512553383805 -0.001891198792486716 0.0022344914033169275
leaf_weight=5.7209817953407764 16.986498188227415 30.751332975924015 9.9666429609060305 18.25749109685421 61.049631483852863 31.946549043059349 4.2791297398507586
leaf_count=97 249 308 121 298 1183 563 69
internal_value=0.00131256 0.0172862 -0.00505026 0.00569093 -0.00832684 0.00235726 -0.0128464
internal_weight=178.958 47.7378 131.22 28.2241 102.996 37.6675 65.3288
internal_count=2888 557 2331 419 1912 660 1252
cat_boundaries=0 1
cat_threshold=168
is_linear=0
shrinkage=0.03


Tree=26
num_leaves=8
num_cat=1
split_feature=4 16 2 27 30 4 6
split_gain=25.4076 5.83935 5.53023 12.4537 6.37564 5.08803 4.59187
threshold=0.14668392030419972 -0.39037986359504989 -0.39926954780594753 0.71520000000000017 0 -0.050000244207981652 0.070842741664735018
decision_type=10 2 8 2 1 10 8
left_child=2 -2 4 5 6 -4 -1
right_child=1 -3 3 -5 -6 -7 -8
leaf_value=0.0084090236008632149 0.0014697776736977951 0.026001692767705302 0.030766906738618184 -0.0099773697189575079 -0.013374957312059278 -0.00048137622942708599 -0.0095805401671286792
leaf_weight=26.178718954324722 15.001579530537127 25.552477739751339 6.6572804749011993 17.789362374693155 67.742305282503366 5.1916197799146193 12.167989023029802
leaf_count=452 205 233 73 290 1305 67 218
internal_value=0.000140639 0.0189733 -0.00612487 0.00417923 -0.00922622 0.021644 0.0014054
internal_weight=176.281 40.5541 135.727 29.6383 106.089 11.8489 38.3467
internal_count=2843 438 2405 430 1975 140 670
cat_boundaries=0 1
cat_threshold=168
is_linear=0
shrinkage=0.03


Tree=27
num_leaves=8
num_cat=0
split_feature=4 2 27 18 0 22 5
split_gain=15.5338 6.15802 9.21445 7.40007 9.20186 5.92342 4.31714
threshold=0.14668392030419972 -1.0636431477588428 0.71520000000000017 0.63337719253447233 -0.14171106602665692 78.500000000000014 -0.33709876098531549
decision_type=10 8 2 10 8 2 10
left_child=1 6 3 -3 -5 -2 -1
right_child=5 2 -4 4 -6 -7 -8
leaf_value=0.0012309441045713775 -0.0049892976747331107 -0.0071624276834924431 -0.012640970355339129 -0.0066895807891826191 0.022343779716802448 0.018937191787503346 -0.015181561514244078
leaf_weight=15.549511726945637 7.1599182635545722 13.755794294178484 21.406888451427221 8.6370915509760362 25.509713254868984 33.730179775506258 49.768686529248953
leaf_count=281 81 246 361 156 409 360 950
internal_value=-0.000209969 -0.00528052 0.000839258 0.00807859 0.0147683 0.01431 -0.0113619
internal_weight=175.518 134.628 69.3095 47.9026 34.1468 40.8901 65.3182
internal_count=2844 2403 1172 811 565 441 1231
is_linear=0
shrinkage=0.03


Tree=28
num_leaves=8
num_cat=1
split_feature=2 27 31 2 27 2 18
split_gain=16.8879 21.6136 7.82795 4.95272 7.56879 10.0176 7.43159
threshold=-0.24010858262232684 0.76330000000000009 0 -0.91403539186437344 0.22660000000000005 -4.3551199158998122 0.66647880364308676
decision_type=8 2 1 10 2 10 10
left_child=2 -2 3 4 5 -1 -5
right_child=1 -3 -4 6 -6 -7 -8
leaf_value=-0.0082849101537991274 0.035064945664825362 -0.0077004632141434368 -0.010752703066748106 -0.006092808275262822 -0.011117845739993731 0.026460004591383018 0.019397960800853882
leaf_weight=8.4478351324796659 16.388352323323492 13.813729140907524 68.656335163861513 10.515279702842237 32.14878423884511 6.8367938771843901 19.260062489658594
leaf_count=149 150 196 1190 184 570 107 300
internal_value=-0.000182895 0.0175959 -0.00468505 0.00205784 -0.00342853 0.0103636 0.0106148
internal_weight=176.067 30.2021 145.865 77.2088 47.4334 15.2846 29.7753
internal_count=2846 346 2500 1310 826 256 484
cat_boundaries=0 1
cat_threshold=12
is_linear=0
shrinkage=0.03


Tree=29
num_leaves=8
num_cat=1
split_feature=0 4 2 27 30 18 27
split_gain=22.9207 10.8158 6.33424 12.7432 6.32901 4.76383 4.59691
threshold=0.24026764920318064 0.21343005710966814 -0.24010858262232684 0.71520000000000017 0 0.51646170971961325 0.29775000000000007
decision_type=10 8 8 2 1 10 2
left_child=2 -2 4 -4 6 -6 -1
right_child=1 -3 3 -5 5 -7 -8
leaf_value=0.014580089008562546 -0.0026812365693935866 0.030172665399708986 0.027321645233973138 -0.008869002946981704 0.0048291492073687025 -0.014989062084756213 -0.0032090715432957417
leaf_weight=10.680017154663799 10.092474915087221 21.551657896488909 7.8571124151349094 12.468621484935282 7.5521770082414141 71.805179808288813 34.624780140817165
leaf_count=182 131 213 70 186 148 1345 584
internal_value=0.000510841 0.0208894 -0.00469857 0.00835658 -0.00731581 -0.0113612 0.0019046
internal_weight=176.632 31.6441 144.988 20.3257 124.662 79.3574 45.3048
internal_count=2859 344 2515 256 2259 1493 766
cat_boundaries=0 1
cat_threshold=168
is_linear=0
shrinkage=0.03


Tree=30
num_leaves=8
num_cat=1
split_feature=16 2 2 31 7 4 27
split_gain=20.8295 9.22206 5.76594 6.32597 3.91271 3.16015 3.0147
threshold=-0.70236073147940914 -0.27171493735885749 -0.91403539186437344 0 0.016188784901416637 0.27590573644831889 0.76330000000000009
decision_type=2 8 8 1 10 10 2
left_child=2 4 -1 -4 5 -2 -3
right_child=1 6 3 -5 -6 -7 -8
leaf_value=-0.014392344995933596 -0.0046834042928418449 0.031306155730804176 0.010486741756054997 -0.0066847965320818575 0.016963168410350605 0.011765044968124099 0.0022105194812885912
leaf_weight=55.902085084468126 38.492905668914318 13.52141795679927 12.776763871312141 33.691667396575212 6.0099210143089286 5.4548808410763732 6.6661474741995326
leaf_count=1092 583 108 213 591 84 52 80
internal_value=-7.27008e-05 0.011701 -0.00853943 -0.000143208 0.00307474 -0.000855624 0.0255848
internal_weight=172.516 70.1453 102.371 46.4684 49.9577 43.9478 20.1876
internal_count=2803 907 1896 804 719 635 188
cat_boundaries=0 1
cat_threshold=4
is_linear=0
shrinkage=0.03


Tree=31
num_leaves=8
num_cat=0
split_feature=4 18 4 5 2 6 2
split_gain=22.5871 6.02651 8.35759 5.59615 3.25142 2.43047 2.35492
threshold=0.11082581929922704 0.5592558440817349 0.30710162705722266 -0.49138392644306683 -0.30307454926889665 0.089790361204009336 -0.76842954008585596
decision_type=10 10 10 10 8 8 8
left_child=3 -2 5 4 -1 -3 -5
right_child=1 2 -4 6 -6 -7 -8
leaf_value=-0.00098382244247489144 0.033849551996548641 0.0035789705518125743 0.023919759609193118 -0.012492674385059563 0.01817305983311078 -0.011163621271431846 -0.0024654951019384779
leaf_weight=18.188735209405422 7.2289787642657748 26.315051432698965 11.283658210188149 60.5807542540133 3.8633510582149055 6.1012843847274771 43.564617935568094
leaf_count=326 73 311 101 1197 47 78 742
internal_value=0.000718886 0.0162424 0.00825245 -0.00602888 0.00581751 -0.000485171 -0.00890709
internal_weight=177.126 50.929 43.7 126.197 22.0521 32.4163 104.145
internal_count=2875 563 490 2312 373 389 1939
is_linear=0
shrinkage=0.03


Tree=32
num_leaves=8
num_cat=1
split_feature=2 30 1 21 2 17 18
split_gain=18.9906 7.81964 7.76461 7.45414 6.0741 5.19477 3.96275
threshold=-0.30307454926889665 0 0.22248920455378104 0.78505000000000014 -1.0636431477588428 0.28063917695038426 0.55063728013574442
decision_type=8 1 8 2 10 10 8
left_child=1 2 -1 -2 6 -6 -3
right_child=3 4 -4 -5 5 -7 -8
leaf_value=0.015921499711309753 0.024880746821485559 0.0028443094262544069 -0.0079923082644360738 -0.00066980538916889317 -0.0054515189520893794 0.015510649599436802 -0.018058360994991585
leaf_weight=22.549883678555489 25.228347346186638 5.8349984772503367 13.082635603845118 12.670550465583799 38.30857989192009 5.7590200491249552 48.197355635464191
leaf_count=362 261 115 211 176 689 71 914
internal_value=0.000563821 -0.00480921 0.00564771 0.0173839 -0.00860915 -0.000461722 -0.0154836
internal_weight=171.631 133.732 35.6325 37.8989 98.1 44.0676 54.0324
internal_count=2799 2362 573 437 1789 760 1029
cat_boundaries=0 1
cat_threshold=136
is_linear=0
shrinkage=0.03


Tree=33
num_leaves=8
num_cat=0
split_feature=4 2 27 4 0 7 3
split_gain=17.0937 6.00057 10.0334 6.32132 5.29294 3.32242 4.17418
threshold=0.11082581929922704 -0.95840954017402014 0.71520000000000017 -0.050000244207981652 0.043381288141403913 0.19795794562890051 0.47025764598559078
decision_type=10 8 2 10 10 8 8
left_child=1 -1 3 5 -2 -3 -7
right_child=4 2 -4 -5 -6 6 -8
leaf_value=-0.010230738469743232 -0.0039369021738761868 -0.00085851298338069173 -0.011954733388399596 -0.0023623914750461111 0.018905253212449055 0.028839264942567427 0
leaf_weight=63.143926896154881 6.9195516258478156 4.5117017813026905 20.44111242890358 17.299364674836397 42.498095944523811 13.144938964396713 5.5448835268616739
leaf_count=1254 109 77 352 307 429 223 80
internal_value=0.00168105 -0.00424592 0.00220517 0.0104541 0.0153427 0.0186466 0.0227631
internal_weight=173.504 124.086 60.942 40.5009 49.4176 23.2015 18.6898
internal_count=2831 2293 1039 687 538 380 303
is_linear=0
shrinkage=0.03


Tree=34
num_leaves=8
num_cat=0
split_feature=4 16 5 5 0 27 28
split_gain=15.6241 10.6659 6.2272 4.64182 3.11875 1.89012 1.88236
threshold=0.18572957414461641 -0.39037986359504989 -0.30991265230219295 0.16201966518367525 -0.070814431954184007 0.54730000000000012 -1.0000000180025095e-35
decision_type=10 2 10 10 10 2 2
left_child=2 5 4 -4 -1 -2 -5
right_child=1 -3 3 6 -6 -7 -8
leaf_value=-0.00034750556300304258 -0.010434197375049544 0.026587136918503534 -0.010579493565361423 -0.004845036429560687 0.015965787081221747 0.0052365308368383118 0.0075945432336664009
leaf_weight=20.496215201914314 7.1033714637160283 22.443946599960327 79.202674861997366 10.623512696474792 10.057625666260718 4.7104048728942871 17.600367348641157
leaf_count=378 97 181 1496 166 156 54 279
internal_value=0.000906674 0.0170001 -0.0036989 -0.00708995 0.00683205 -0.00383739 0.00246223
internal_weight=172.238 34.2577 137.98 107.427 30.5538 11.8138 28.2239
internal_count=2807 332 2475 1941 534 151 445
is_linear=0
shrinkage=0.03


Tree=35
num_leaves=8
num_cat=1
split_feature=0 22 31 18 21 7 0
split_gain=14.4218 4.12584 3.38792 3.66052 3.26546 7.40308 4.03112
threshold=0.15562261050103524 40.500000000000007 0 0.53904297135676515 0.76805000000000012 0.16896802668429706 -0.0097751738381945934
decision_type=10 2 1 10 2 8 10
left_child=2 -2 4 -4 6 -6 -1
right_child=1 -3 3 -5 5 -7 -8
leaf_value=-0.0087611262242756321 -0.0037000696468730571 0.016487083108246623 0.0057553185264735806 -0.012093559646144621 -0.0072998270959824182 0.023341229494186051 0.0064760857594439569
leaf_weight=29.656181886792183 6.4577118121087542 46.940504439175129 6.3298116773366919 51.003027375787497 6.6597388982772827 7.7023684717714769 18.400290008634329
leaf_count=574 75 532 118 955 127 132 312
internal_value=0.00169357 0.0136374 -0.00403538 -0.00817816 0.00106392 0.0109336 -0.00256777
internal_weight=173.15 53.3982 119.751 57.3328 62.4186 14.3621 48.0565
internal_count=2825 607 2218 1073 1145 259 886
cat_boundaries=0 1
cat_threshold=12
is_linear=0
shrinkage=0.03


Tree=36
num_leaves=8
num_cat=1
split_feature=0 18 30 27 27 18 25
split_gain=12.2565 7.86175 6.97225 7.53902 6.80703 6.33688 5.85507
threshold=0.30292359495716453 0.53904297135676515 0 0.58900000000000008 0.56475000000000009 0.50011865699514235 10.500000000000002
decision_type=10 8 1 2 2 10 2
left_child=1 5 4 -4 6 -1 -3
right_child=-2 2 3 -5 -6 -7 -8
leaf_value=-0.0028321383575878193 0.018357859541397289 -0.0062133337178955734 -0.014875742269691662 0.0019943202535327963 -0.0076639379380243197 0.024192508889313787 0.020884888949178351
leaf_weight=10.428275864571335 21.769543547183275 4.7745636031031635 67.320054113864899 30.238598015159369 13.849788043648003 8.4374350123107416 17.407967135310173
leaf_count=181 212 79 1275 470 211 134 278
internal_value=0.000639915 -0.00258572 -0.00537017 -0.00890614 0.00469746 0.0123009 0.0144544
internal_weight=174.226 152.457 133.591 97.5587 36.0323 18.8657 22.1825
internal_count=2840 2628 2313 1745 568 315 357
cat_boundaries=0 1
cat_threshold=136
is_linear=0
shrinkage=0.03


Tree=37
num_leaves=8
num_cat=1
split_feature=2 32 0 23 30 0 25
split_gain=18.1701 6.10826 5.8019 5.53881 4.62182 5.62557 3.77596
threshold=-0.39926954780594753 10.768579810257661 -0.14171106602665692 1.0000000180025095e-35 0 0.30292359495716453 6.5000000000000009
decision_type=8 10 10 2 1 8 2
left_child=1 4 -2 -4 6 -6 -1
right_child=2 -3 3 -5 5 -7 -8
leaf_value=-0.0064628662450119632 -0.0042295600747278865 -0.01226305200314696 -0.0018795283575360013 0.023637708717899362 -0.0097203176789821995 0.012312310540996924 0.013479683657292678
leaf_weight=4.8983640931546715 7.0568357780575743 46.752916682511568 6.6823766790330401 34.704982656985521 42.004323329776525 5.3933429494500151 26.716300960630178
leaf_count=81 113 872 88 382 814 71 419
internal_value=0.00145536 -0.00454519 0.0157353 0.0195769 0.000556811 -0.00468143 0.0074495
internal_weight=174.209 125.765 48.4442 41.3874 79.0123 47.3977 31.6147
internal_count=2840 2257 583 470 1385 885 500
cat_boundaries=0 1
cat_threshold=168
is_linear=0
shrinkage=0.03


Tree=38
num_leaves=8
num_cat=0
split_feature=2 21 1 0 4 21 22
split_gain=17.143 10.1906 7.17221 6.24674 6.29126 5.02351 3.41395
threshold=-0.30307454926889665 0.84100000000000008 0.22248920455378104 0.16962795691237395 -0.090536385868056221 0.6291000000000001 192.50000000000003
decision_type=8 2 8 10 8 2 2
left_child=2 -2 3 4 -1 -6 -5
right_child=1 -3 -4 6 5 -7 -8
leaf_value=0.0089378180001698192 0.023167175761043466 -0.0075365568926765002 -0.011416575529614632 -8.7260601148485538e-05 0.0038699319462205707 -0.014868145974527593 0.021950382078457634
leaf_weight=19.280836880207062 32.855508495122194 7.6503609605133525 55.539240378886461 7.7249375693500069 13.860689494758843 29.144041523337364 9.5413326025009138
leaf_count=388 340 109 977 100 273 561 114
internal_value=0.00135073 0.0167723 -0.00384766 0.0018256 -0.00275779 -0.00887493 0.0145913
internal_weight=175.597 40.5059 135.091 79.5518 62.2856 43.0047 17.2663
internal_count=2862 449 2413 1436 1222 834 214
is_linear=0
shrinkage=0.03


Tree=39
num_leaves=8
num_cat=0
split_feature=4 17 5 18 4 22 22
split_gain=13.9822 7.2702 5.94829 5.09871 5.01248 4.165 2.91017
threshold=0.1231859328481812 0.2271843322843338 -0.30991265230219295 0.6826129370640639 0.21343005710966814 238.50000000000003 321.50000000000006
decision_type=10 10 10 8 10 2 2
left_child=2 3 5 -2 -3 -1 -4
right_child=1 4 6 -5 -6 -7 -8
leaf_value=-0.0028775941874472424 0.012777989560266392 0 -0.010037321808754602 -0.0088811931452789736 0.028100016728228889 0.015215436423931316 0.0017824350587646856
leaf_weight=17.702520087361339 9.1047707311809081 7.7288796417415169 77.032982602715492 14.771010927855967 19.64834413304925 13.562301672995089 18.674579761922359
leaf_count=315 107 78 1473 199 150 234 348
internal_value=0.0013278 0.0134864 -0.0039774 4.17507e-05 0.0221266 0.00608989 -0.00762681
internal_weight=178.225 51.253 126.972 23.8758 27.3772 31.2648 95.7076
internal_count=2904 534 2370 306 228 549 1821
is_linear=0
shrinkage=0.03


Tree=40
num_leaves=8
num_cat=1
split_feature=2 30 0 1 7 16 0
split_gain=15.6391 8.26983 6.19112 5.30691 5.03535 4.17912 3.97532
threshold=-0.30307454926889665 0 0.28261358467526121 -0.37822281376776173 0.35777235299619309 -0.80831610572699164 0.072219307083571674
decision_type=8 1 8 8 8 2 10
left_child=1 3 -3 -1 -2 -6 -5
right_child=4 2 -4 6 5 -7 -8
leaf_value=0.014303213727857731 -0.0028634387386489765 -0.013137516339058353 0.0075577999279048055 -0.011188555766713021 0.0014076418697656335 0.026207655900353566 0.0063335376376058017
leaf_weight=22.343711603432894 7.130805067718029 72.160219199955463 9.1456210017204267 15.243501689285042 10.62979142740369 21.159850135445595 15.047291614115236
leaf_count=367 93 1439 117 286 151 191 197
internal_value=0.000876412 -0.00404114 -0.00914874 0.00452926 0.0159229 0.0202423 -0.00258784
internal_weight=172.861 133.94 81.3058 52.6345 38.9204 31.7896 30.2908
internal_count=2841 2406 1556 850 435 342 483
cat_boundaries=0 1
cat_threshold=168
is_linear=0
shrinkage=0.03


Tree=41
num_leaves=8
num_cat=0
split_feature=4 17 2 27 4 18 17
split_gain=17.6668 6.17482 5.99898 9.24636 6.91107 4.48376 2.69894
threshold=0.19660283353900024 0.2271843322843338 -0.874799753766066 0.71520000000000017 -0.050000244207981652 0.55063728013574442 -0.53170048353498878
decision_type=10 10 8 2 10 8 8
left_child=2 -2 5 4 -4 -1 -7
right_child=1 -3 3 -5 -6 6 -8
leaf_value=0.0061382668624233062 -6.0777508052662675e-05 0.025593924726486764 0.019495525180279707 -0.011043407653542985 -0.0012464568982993819 0.0030854616774460175 -0.014107738555546786
leaf_weight=7.8027665205299845 10.267051648348572 20.761776074767113 20.853822134435177 23.210188064724207 24.681083370000124 4.8821378238499165 59.892416104674339
leaf_count=157 120 159 327 380 394 94 1195
internal_value=0.000421816 0.0184483 -0.00421197 0.00191697 0.00946644 -0.0098174 -0.012409
internal_weight=172.351 31.0288 141.322 68.7451 45.5349 72.5773 64.7746
internal_count=2826 279 2547 1101 721 1446 1289
is_linear=0
shrinkage=0.03


Tree=42
num_leaves=8
num_cat=1
split_feature=2 27 30 27 1 25 18
split_gain=12.9298 10.5276 6.97223 6.07657 6.61788 4.9319 4.5972
threshold=-0.20128577890358271 0.76330000000000009 0 0.61830000000000018 0.53118474423898643 6.5000000000000009 0.51646170971961325
decision_type=8 2 1 2 8 2 10
left_child=2 -2 3 4 5 -1 -4
right_child=1 -3 6 -5 -6 -7 -8
leaf_value=-0.0036055817499314204 0.030184006779424854 -0.0016623083050155035 0.0077899209942868244 -0.0096096200776036277 -0.0062248146083196537 0.020523100015621361 -0.01026055084380533
leaf_weight=5.7026111856102935 14.172606538981201 13.331440635025499 7.8616751544177523 10.59258460998535 10.454293224960564 28.236547280102968 81.004328120499849
leaf_count=95 109 184 151 171 170 437 1504
internal_value=0.00111435 0.017429 -0.00266005 0.00487406 0.0104862 0.0161968 -0.00724901
internal_weight=171.356 27.504 143.852 54.986 44.3935 33.9392 88.866
internal_count=2821 293 2528 873 702 532 1655
cat_boundaries=0 1
cat_threshold=168
is_linear=0
shrinkage=0.03


Tree=43
num_leaves=8
num_cat=0
split_feature=2 21 32 7 16 2 2
split_gain=17.6293 11.3275 6.09413 6.91821 5.73698 3.74129 4.33044
threshold=-0.27171493735885749 0.79895000000000016 10.768579810257661 1.0000000180025095e-35 -0.80831610572699164 -3.9996213253608861 -2.7048735638414692
decision_type=8 2 10 10 2 10 10
left_child=2 4 3 5 -2 -1 -7
right_child=1 -3 -4 -5 -6 6 -8
leaf_value=-0.014810568955121802 0.00089267959199410463 -0.0048468656413398516 -0.011485446230469664 0.019225008855521482 0.032634588441773492 0.0150785548640346 -0.0026211967093502579
leaf_weight=9.4836833663284761 8.1261071376502532 11.306965071707962 50.52341628447175 7.7343966960906974 18.944139499217272 7.2561401166021815 57.939315538853407
leaf_count=181 102 147 956 122 144 124 1024
internal_value=0.00119183 0.0172526 -0.00405441 0.000948434 0.025911 -0.00244007 0.000576547
internal_weight=171.314 38.3772 132.937 82.4135 27.0702 74.6791 65.1955
internal_count=2800 393 2407 1451 246 1329 1148
is_linear=0
shrinkage=0.03


Tree=44
num_leaves=8
num_cat=0
split_feature=4 6 5 2 27 2 2
split_gain=14.2194 6.87136 6.26874 5.60386 3.91809 8.57238 2.61555
threshold=0.14668392030419972 0.085798286060302931 -0.30991265230219295 -0.95840954017402014 0.71520000000000017 -0.39926954780594753 -1.0636431477588428
decision_type=10 10 10 8 2 8 10
left_child=2 -2 3 -1 5 6 -4
right_child=1 -3 4 -5 -6 -7 -8
leaf_value=-0.0029246242192233771 0.021213730890980973 -0.0030928415658213453 -0.010301342976008539 0.01819748010071881 -0.01638315455995306 0.016884049814997477 0.00044463003121528573
leaf_weight=16.917370229959488 36.560435701161623 9.9435337521135789 43.980152372270823 14.528748217970135 16.910933695733547 9.4336568228900415 28.278130888938904
leaf_count=328 343 106 936 226 291 105 549
internal_value=0.00313615 0.0160501 -0.00203559 0.00816538 -0.00579819 -0.00217393 -0.0062839
internal_weight=176.553 46.504 130.049 31.4461 98.6029 81.6919 72.2583
internal_count=2884 449 2435 554 1881 1590 1485
is_linear=0
shrinkage=0.03


Tree=45
num_leaves=8
num_cat=1
split_feature=2 27 17 30 6 25 22
split_gain=10.6125 10.135 6.00522 6.22783 5.43291 4.41334 4.03959
threshold=-0.39926954780594753 0.71520000000000017 0.10959723962624247 0 0.039591175891329711 10.500000000000002 204.50000000000003
decision_type=8 2 10 1 10 2 2
left_child=2 -2 3 5 -4 -1 -6
right_child=1 -3 4 -5 6 -7 -8
leaf_value=-0.0095861640149618038 0.021885231401078734 -0.0023529109017576717 -0.0099508491776835861 -0.012623840240488645 -0.00030708822789501814 0.011755021379772497 0.017053773973735691
leaf_weight=5.4640621468424824 26.848796047270298 23.661449648439884 10.569320093840359 54.090540029108524 18.940947346389294 17.365664396435022 17.982572570443153
leaf_count=101 233 346 148 1199 279 297 264
internal_value=0.000832427 0.0115053 -0.00382067 -0.00872529 0.00396533 0.00377434 0.00934539
internal_weight=174.923 50.5102 124.413 76.9203 47.4928 22.8297 36.9235
internal_count=2867 579 2288 1597 691 398 543
cat_boundaries=0 1
cat_threshold=136
is_linear=0
shrinkage=0.03


Tree=46
num_leaves=8
num_cat=0
split_feature=2 27 1 1 16 21 6
split_gain=11.4641 13.2769 6.36254 4.91048 4.66777 3.39772 3.23676
threshold=-0.43202764606913518 0.72745000000000004 0.049970971763623979 -1.6417636932737176 -0.39037986359504989 0.73185000000000011 0.041767449754145938
decision_type=8 2 8 10 2 2 10
left_child=2 -2 3 -1 -4 -6 -5
right_child=1 -3 4 6 5 -7 -8
leaf_value=-0.0062303395513569242 0.023210063554480576 -0.0039227784151332438 -0.015930345392647559 -0.0029817801007017909 -0.0065554566528737953 0.012526137308866684 0.013182501924395748
leaf_weight=25.823425859212875 30.131120562553406 23.359906226396561 35.734960820525885 10.519699357450007 12.651242412626745 5.9795703031122676 28.349502649158239
leaf_count=501 272 347 744 181 170 76 503
internal_value=0.00151344 0.0121482 -0.0036106 0.00252053 -0.0105343 0.000928687 0.00872547
internal_weight=172.549 53.491 119.058 64.6926 54.3658 18.6308 38.8692
internal_count=2794 619 2175 1185 990 246 684
is_linear=0
shrinkage=0.03


Tree=47
num_leaves=8
num_cat=1
split_feature=0 31 29 32 5 29 1
split_gain=8.31171 4.97977 4.62942 3.53226 5.21866 2.83998 3.50703
threshold=0.16962795691237395 0 15.500000000000002 11.951378335098926 -0.25922691124652558 25.500000000000004 1.0000000180025095e-35
decision_type=10 1 2 8 10 2 10
left_child=1 3 -2 4 -1 6 -4
right_child=2 -3 5 -5 -6 -7 -8
leaf_value=0.011650452171665104 0.022258287964184564 -0.0083694747018097128 0.0065875539879491646 0.012080447007610986 -0.0073652350960487509 0.0093034721068927621 -0.012439560992604726
leaf_weight=10.558016821742056 12.309657372534273 56.664588872343302 8.4658617600798625 17.102970793843269 34.456610657274723 23.142256744205952 10.512965139001606
leaf_count=195 127 1098 88 309 646 241 111
internal_value=0.00119652 -0.0031798 0.0101707 0.00258072 -0.00153719 0.00335004 -0.00395953
internal_weight=173.213 118.782 54.4307 62.1176 45.0146 42.1211 18.9788
internal_count=2815 2248 567 1150 841 440 199
cat_boundaries=0 1
cat_threshold=12
is_linear=0
shrinkage=0.03


Tree=48
num_leaves=8
num_cat=1
split_feature=4 25 2 27 6 25 30
split_gain=15.8591 4.72934 4.49688 9.05663 4.17094 4.67876 4.13978
threshold=0.11082581929922704 3.5000000000000004 -0.39926954780594753 0.71520000000000017 0.096694690662783869 13.500000000000002 0
decision_type=10 2 8 2 10 2 1
left_child=1 -1 6 -4 5 -2 -3
right_child=4 2 3 -5 -6 -7 -8
leaf_value=0.0084676851902107907 0.0020014527103646607 0.00037324460022438165 0.019073186042148554 -0.0098123396281806496 -0.0030442794210290931 0.023117617881376697 -0.013577838594414651
leaf_weight=14.187134955078362 17.014954831451178 31.827123638242483 9.7609881088137644 13.648786682635544 7.0681936740875235 29.57348532602191 49.598081640899181
leaf_count=260 172 572 100 237 81 294 1113
internal_value=0.00167575 -0.00436956 -0.00671693 0.00354455 0.0141559 0.0171039 -0.00988802
internal_weight=172.679 119.022 104.835 23.4098 53.6566 46.5884 81.4252
internal_count=2829 2282 2022 337 547 466 1685
cat_boundaries=0 1
cat_threshold=168
is_linear=0
shrinkage=0.03


Tree=49
num_leaves=8
num_cat=0
split_feature=4 5 0 22 6 17 1
split_gain=8.93824 4.43629 5.03036 4.37087 4.7627 2.77396 3.20086
threshold=0.1231859328481812 -0.30991265230219295 -0.070814431954184007 78.500000000000014 0.085798286060302931 0.10959723962624247 0.8868002640992606
decision_type=10 10 10 2 10 10 8
left_child=1 2 -1 -2 -5 -3 -7
right_child=3 5 -4 4 -6 6 -8
leaf_value=-0.0031518706336171958 -0.0041373658108938855 -0.010058935202021908 0.017043500662374988 0.018776098112049253 -0.0024456354993372402 0.0068567561816415806 -0.0091924664093750736
leaf_weight=21.191513933241371 9.5362719744443876 61.238193985074759 10.19013938680291 32.943701338022947 8.6655189692974073 20.295279521495104 10.379416648298504
leaf_count=404 104 1296 151 312 96 325 189
internal_value=0.000860919 -0.00345319 0.00515509 0.0105748 0.0143724 -0.00671986 0.000260161
internal_weight=174.44 123.295 31.3817 51.1455 41.6092 91.9129 30.6747
internal_count=2877 2365 555 512 408 1810 514
is_linear=0
shrinkage=0.03


Tree=50
num_leaves=8
num_cat=0
split_feature=16 2 27 7 27 2 25
split_gain=9.59436 4.70517 6.29858 4.83904 3.38878 5.6133 3.42879
threshold=-0.70236073147940914 -0.27171493735885749 0.72745000000000004 0.016188784901416637 0.32880000000000004 -3.9996213253608861 8.5000000000000018
decision_type=2 8 2 10 2 10 2
left_child=-1 3 -3 4 5 -2 -6
right_child=1 2 -4 -5 6 -7 -8
leaf_value=-0.0033560573941941226 -0.008881348226701849 0.02707379512873986 0 0.019117180265004332 0.0070251675681299291 0.017456691107532694 -0.010652740689143576
leaf_weight=97.050965148955584 4.880727741867303 16.619250409305099 10.017082683742045 5.948494777083396 6.5114504024386397 10.507067564874886 25.814594868570566
leaf_count=1913 79 102 110 78 98 141 358
internal_value=0.00280144 0.0100432 0.0189034 0.00352009 -0.000621009 0.00828098 -0.00603265
internal_weight=177.35 80.2987 26.6363 53.6623 47.7138 15.3878 32.326
internal_count=2879 966 212 754 676 220 456
is_linear=0
shrinkage=0.03


Tree=51
num_leaves=8
num_cat=0
split_feature=4 6 22 1 32 4 25
split_gain=12.6957 6.25341 4.83684 4.05755 3.50208 4.27932 3.28782
threshold=0.14668392030419972 0.089790361204009336 96.500000000000014 0.27637719668734467 10.768579810257661 -0.098964515315366861 10.500000000000002
decision_type=10 10 2 8 10 10 2
left_child=3 2 -2 4 5 -1 -5
right_child=1 -3 -4 6 -6 -7 -8
leaf_value=0.011482065795432298 -0.0020531504804114616 -0.0064780794961481975 0.020676466684647427 0.0010253786328570927 -0.0069126498062797928 -0.0046522888764098935 -0.01463719657162168
leaf_weight=26.423423942178488 7.4431303367018691 7.8379923179745665 33.307411108165979 12.791510991752146 31.645858768373728 18.35878337547183 36.877075329422951
leaf_count=486 77 87 287 237 627 349 708
internal_value=0.000206883 0.0121895 0.0165615 -0.00475023 -1.69919e-05 0.00488087 -0.0107607
internal_weight=174.685 48.5885 40.7505 126.097 76.4281 44.7822 49.6686
internal_count=2858 451 364 2407 1462 835 945
is_linear=0
shrinkage=0.03


Tree=52
num_leaves=8
num_cat=1
split_feature=2 30 27 32 1 16 1
split_gain=9.74829 10.5056 8.69373 7.17302 9.21221 4.43945 4.11922
threshold=-0.30307454926889665 0 0.71520000000000017 10.768579810257661 0.8868002640992606 -0.20827026059006448 -1.6417636932737176
decision_type=8 1 2 10 8 2 10
left_child=1 3 -2 4 6 -3 -1
right_child=2 5 -4 -5 -6 -7 -8
leaf_value=0 0.023952970938403421 -0.012164720612604979 -0.00094251793864266297 -0.005283780423452982 -0.0097289407781375077 0.0042006257905928329 0.026077619954664445
leaf_weight=7.2160033509135273 21.154411472380161 65.708453468978405 19.288871806114912 17.779305540025234 5.40718950331211 12.875965576618908 22.206870369613171
leaf_count=112 149 1409 270 317 89 148 335
internal_value=0.00200816 -0.00202505 0.0135749 0.0070398 0.0151363 -0.00822028 0.0212096
internal_weight=171.637 131.194 40.4433 52.6094 34.8301 78.5844 29.4229
internal_count=2829 2410 419 853 536 1557 447
cat_boundaries=0 1
cat_threshold=168
is_linear=0
shrinkage=0.03


Tree=53
num_leaves=8
num_cat=0
split_feature=2 21 4 18 18 4 2
split_gain=11.1782 6.31982 6.1421 4.34184 5.74582 2.47059 8.47794
threshold=-0.12139816440845426 0.80720000000000014 0.30710162705722266 0.53904297135676515 0.50011865699514235 -0.050000244207981652 -1.2140138270881671
decision_type=8 2 10 8 10 8 10
left_child=2 -2 3 4 -1 6 -5
right_child=1 -3 -4 5 -6 -7 -8
leaf_value=-0.0066002236806983134 0.023635037577145437 -0.0040054995724368462 0.013441449732809226 -0.012727919290724261 0.018731986797109641 -0.009982973313865726 0.011772292276739246
leaf_weight=9.6344979256391543 15.927219852805139 6.6451246105134478 9.0475024245679361 17.329461846500635 7.3035993166267863 90.291068278253078 17.458073034882545
leaf_count=181 127 87 74 379 122 1521 345
internal_value=-0.000455033 0.0160884 -0.00370612 -0.00555707 0.00622642 -0.00754388 -0.00017976
internal_weight=173.637 22.5723 151.064 142.017 16.9381 125.079 34.7875
internal_count=2836 214 2622 2548 303 2245 724
is_linear=0
shrinkage=0.03


Tree=54
num_leaves=8
num_cat=1
split_feature=31 18 3 25 16 29 6
split_gain=6.40396 5.39376 5.13208 6.08783 5.10374 6.90497 3.84911
threshold=0 1.0808109496470675 0.50966488437186064 30.500000000000004 -0.72998160368801457 15.500000000000002 0.085798286060302931
decision_type=1 8 8 2 2 2 8
left_child=1 4 3 -2 -1 -6 -4
right_child=2 -3 6 -5 5 -7 -8
leaf_value=0.0012759885503121158 -0.013344249375762342 -0.0072498124842683524 0.014537020119332531 0.0056031448828332961 0.030439637339217198 0.0035085738940138613 -0.0075753669190723035
leaf_weight=40.798473797738552 52.826040338724852 14.545651420950888 10.945333838462826 14.082477252930401 11.211253277957438 22.583386421203613 4.1082454621791848
leaf_count=815 921 232 154 252 133 271 62
internal_value=0.000567501 0.0056553 -0.00489448 -0.00898358 0.0094966 0.0169181 0.00731705
internal_weight=171.101 89.1388 81.9621 66.9085 74.5931 33.7946 15.0536
internal_count=2840 1451 1389 1173 1219 404 216
cat_boundaries=0 1
cat_threshold=12
is_linear=0
shrinkage=0.03


Tree=55
num_leaves=8
num_cat=0
split_feature=2 27 1 2 27 27 2
split_gain=11.3628 14.0137 5.64924 4.48401 8.28065 7.21541 6.32461
threshold=-0.27171493735885749 0.72745000000000004 0.90894899748892743 -0.91403539186437344 0.49435000000000007 0.32880000000000004 -4.3551199158998122
decision_type=8 2 8 10 2 2 10
left_child=2 -2 3 5 -5 6 -1
right_child=1 -3 -4 4 -6 -7 -8
leaf_value=-0.010010703460086288 0.027308818320158836 -0.0046226879483377828 -0.014927968924884896 0.024151224252665977 -0.00045885616150235581 -0.012567146759489174 0.01236976928677719
leaf_weight=9.7370003797113878 21.67179449647665 16.594569247215986 18.300212807953358 9.3463100977241975 37.510047275573015 35.464482311159372 24.148079093545675
leaf_count=190 143 233 341 116 674 726 420
internal_value=0.00183065 0.0147323 -0.00235553 0.000337601 0.00698282 -0.00421618 0.00489684
internal_weight=172.772 38.2664 134.506 116.206 46.8564 69.3496 33.8851
internal_count=2843 376 2467 2126 790 1336 610
is_linear=0
shrinkage=0.03


Tree=56
num_leaves=8
num_cat=0
split_feature=4 21 4 32 32 1 0
split_gain=10.4344 4.61999 4.9723 3.73017 3.65184 3.17748 3.69753
threshold=0.14668392030419972 0.6291000000000001 -0.090536385868056221 9.6938251893049401 10.768579810257661 0.85913981076322277 0.017117935888965378
decision_type=10 2 8 10 10 8 8
left_child=1 4 -3 -2 5 6 -1
right_child=3 2 -4 -5 -6 -7 -8
leaf_value=0 -0.00023963103444195601 0.0016577101191766032 -0.012468004945486126 0.015898598267287872 -0.0065625123491820292 -0.0053033902428870966 0.021820438456092318
leaf_weight=9.6934637017548066 15.807348087429999 28.837614975869656 57.768558781594038 33.19393740221858 11.969708159565924 4.3825363405048874 10.755487386137249
leaf_count=195 146 600 1099 302 233 85 161
internal_value=0.000348027 -0.00423442 -0.00786351 0.0111264 0.00385041 0.00970271 0.014033
internal_weight=172.409 123.407 86.6062 49.0013 36.8012 24.8315 20.449
internal_count=2821 2373 1699 448 674 441 356
is_linear=0
shrinkage=0.03


Tree=57
num_leaves=8
num_cat=1
split_feature=2 30 4 22 3 0 5
split_gain=5.89327 9.97815 4.75186 4.5787 3.99879 3.40293 4.70936
threshold=-1.0636431477588428 0 0.074296922397296197 54.500000000000007 -0.35922926953658929 -0.14171106602665692 1.0000000180025095e-35
decision_type=10 1 10 2 10 10 10
left_child=1 2 4 -2 -1 -5 -7
right_child=3 -3 -4 5 -6 6 -8
leaf_value=0.0092886826935171737 -0.0091141024554590722 -0.013617787898646481 0.01915900631822608 -0.003994027962061701 -0.010593834455977311 0.01871575566512108 0.0026471303435938744
leaf_weight=8.6701148264110106 12.271862562745808 42.121224194765091 8.6699101254343969 15.560833074152468 11.734321102499964 22.43172425404191 48.741319037973881
leaf_count=146 185 909 101 293 223 370 587
internal_value=-0.000548065 -0.00680035 0.0056328 0.00398008 -0.00138073 0.00660431 0.00928036
internal_weight=170.201 71.1956 29.0743 99.0057 20.4044 86.7339 71.173
internal_count=2814 1379 470 1435 369 1250 957
cat_boundaries=0 1
cat_threshold=168
is_linear=0
shrinkage=0.03


Tree=58
num_leaves=8
num_cat=1
split_feature=2 27 2 27 30 1 22
split_gain=8.90357 11.5991 8.03265 8.3309 6.12413 4.71211 4.09957
threshold=-1.0636431477588428 0.71520000000000017 -0.39926954780594753 0.48235 0 0.10382377478270928 257.50000000000006
decision_type=8 2 10 2 1 8 2
left_child=4 2 3 -2 5 -1 -5
right_child=1 -3 -4 6 -6 -7 -8
leaf_value=0.013066659230387172 0.018543433874372794 -0.0074143642391215391 0.024859581118871633 -0.010353035919267735 -0.011096272382677635 -0.0067856530202715266 0.0069122486647459486
leaf_weight=17.792841706424952 15.625434421002863 27.539101801812649 25.639095973223448 22.511719666421413 40.798928312957287 10.832774069160225 12.757974371314047
leaf_count=289 186 428 208 426 905 183 225
internal_value=0.00209496 0.00748123 0.0132129 0.00451127 -0.00572448 0.00416581 -0.00363776
internal_weight=173.498 104.073 76.5342 50.8951 69.4245 28.6256 35.2697
internal_count=2850 1473 1045 837 1377 472 651
cat_boundaries=0 1
cat_threshold=168
is_linear=0
shrinkage=0.03


Tree=59
num_leaves=8
num_cat=0
split_feature=2 27 22 18 25 25 16
split_gain=10.0175 9.46298 3.58646 3.48667 6.08094 3.25211 3.24219
threshold=-0.24010858262232684 0.76330000000000009 238.50000000000003 0.749687639074338 26.500000000000004 5.5000000000000009 -0.70236073147940914
decision_type=8 2 2 10 2 2 2
left_child=2 -2 -1 6 5 -5 -4
right_child=1 -3 3 4 -6 -7 -8
leaf_value=-0.0067468206030826053 0.023301427462830749 -0.0039644564493372973 -0.011017478196206605 -0.0012562112071903789 -0.0083092494511750863 0.020254048151338171 0.0053406434525691661
leaf_weight=77.728060722351074 21.991031728684902 13.930173080414532 16.610133666545156 5.6014330051839414 7.2206293493509284 16.999610036611557 11.657501168549059
leaf_count=1443 149 196 357 97 133 272 161
internal_value=0.00102998 0.0135901 -0.00275881 0.00252124 0.00879879 0.0154981 -0.00416785
internal_weight=171.739 35.9212 135.817 58.0893 29.8217 22.601 28.2676
internal_count=2808 345 2463 1020 502 369 518
is_linear=0
shrinkage=0.03


Tree=60
num_leaves=8
num_cat=0
split_feature=2 27 2 27 4 3 27
split_gain=9.08372 11.2889 4.38471 6.82414 5.1043 3.44532 4.00854
threshold=-1.0169667466394263 0.71520000000000017 -0.24010858262232684 0.48235 -0.050000244207981652 -0.39401227958194901 0.32880000000000004
decision_type=8 2 10 2 8 10 2
left_child=5 2 3 -2 -5 6 -1
right_child=1 -3 -4 4 -6 -7 -8
leaf_value=0.012880852266445494 0.020110397352637942 -0.0079525149853478371 0.024266618620674994 0.013150944541143482 -0.0056281013071606987 -0.010275115887271586 -0.0071769763194299251
leaf_weight=9.3969131037592906 14.831367012113331 27.143365330994129 15.590893767774103 10.642350561916826 35.242519158869982 51.051144693046808 10.268774125725029
leaf_count=174 166 424 93 206 561 1015 217
internal_value=0.00123594 0.00676473 0.0124356 0.00670786 0 -0.006527 0.00281838
internal_weight=174.167 103.45 76.3071 60.7162 45.8849 70.7168 19.6657
internal_count=2856 1450 1026 933 767 1406 391
is_linear=0
shrinkage=0.03


Tree=61
num_leaves=8
num_cat=2
split_feature=0 30 2 30 27 25 27
split_gain=9.2548 4.78462 4.12238 4.30377 3.57671 3.56544 3.97991
threshold=-0.018124759238594908 0 -0.43202764606913518 1 0.72745000000000004 20.500000000000004 0.50155000000000005
decision_type=10 1 10 1 2 2 2
left_child=2 5 3 -1 -4 -2 -7
right_child=1 -3 4 -5 -6 6 -8
leaf_value=0.0015761920629544682 0.018884974095181042 -0.00057880669581738197 0.015197512021658977 -0.014874301144091969 -0.0060204153480340897 0.010961343991960667 -0.0086160084205251439
leaf_weight=21.128040254116058 29.488451465964317 56.296812351793051 5.7879021540284139 31.547329388558865 7.1115267239511013 11.88849236816168 9.3707540407776815
leaf_count=410 368 815 71 765 139 164 125
internal_value=0.00089447 0.0062437 -0.00736318 -0.0108826 0.00495536 0.0112921 0.00182295
internal_weight=172.619 107.045 65.5748 52.6754 12.8994 50.7477 21.2592
internal_count=2857 1472 1385 1175 210 657 289
cat_boundaries=0 1 2
cat_threshold=184 137
is_linear=0
shrinkage=0.03


Tree=62
num_leaves=8
num_cat=0
split_feature=4 16 5 0 16 26 7
split_gain=5.51452 4.15316 2.94907 2.94526 3.80292 3.51854 2.74463
threshold=0.18572957414461641 -0.20827026059006448 -0.30991265230219295 0.38254834369321289 -1.0877503056039111 2.5000000000000004 0.16896802668429706
decision_type=10 2 10 8 2 2 8
left_child=2 -2 3 4 5 -1 -4
right_child=1 -3 6 -5 -6 -7 -8
leaf_value=-0.008980007802308048 -0.00073954614351282651 0.016459611310860104 -0.01406380276153453 -0.0090429382367364919 0.018027886915373367 0.010607453472602921 -0.0019276463971573388
leaf_weight=11.677493695169696 18.196104157716036 21.48844426125288 15.673498202115296 3.5758906528353718 10.401363916695113 6.0926284268498412 84.985183987766504
leaf_count=239 188 141 326 51 161 111 1614
internal_value=0.000603328 0.00945789 -0.00233139 0.00465038 0.0084188 -0.000474082 -0.00485172
internal_weight=172.091 39.6845 132.406 31.7474 28.1715 17.7701 100.659
internal_count=2831 329 2502 562 511 350 1940
is_linear=0
shrinkage=0.03


Tree=63
num_leaves=8
num_cat=0
split_feature=18 22 21 3 28 29 28
split_gain=7.29642 6.99103 6.31345 3.66719 3.62878 3.5945 4.35601
threshold=0.53904297135676515 262.50000000000006 0.81550000000000011 0.23636605156723639 -1.0000000180025095e-35 30.500000000000004 1.0000000180025095e-35
decision_type=8 2 2 8 2 2 2
left_child=2 5 4 -3 -1 6 -2
right_child=1 3 -4 -5 -6 -7 -8
leaf_value=0 -0.0077622197573870783 0 -0.0071578834361793768 0.014312194898186699 0.028155587146717845 -0.013079666838204993 0.0062882473136424959
leaf_weight=6.0445117838680789 34.166087180376053 33.315184507519007 4.040535617619752 21.887934185564518 10.975962832570076 31.851055670529604 29.107261523604393
leaf_count=101 588 598 72 269 160 586 441
internal_value=0.00138667 -0.00112359 0.0151973 0.00668174 0.0216955 -0.00596562 -0.00110789
internal_weight=171.389 150.328 21.061 55.2031 17.0205 95.1244 63.2733
internal_count=2815 2482 333 867 261 1615 1029
is_linear=0
shrinkage=0.03


Tree=64
num_leaves=8
num_cat=1
split_feature=2 27 30 18 1 25 27
split_gain=9.42627 10.5421 8.67656 6.26946 5.45151 6.02703 4.26648
threshold=-0.27171493735885749 0.72745000000000004 0 0.51646170971961325 0.90894899748892743 6.5000000000000009 0.57160000000000022
decision_type=10 2 1 10 8 2 2
left_child=2 -2 4 -4 5 -1 -7
right_child=1 -3 3 -5 -6 6 -8
leaf_value=-0.0074494344857185838 0.024178296761917538 -0.0037095441194556012 0.009744210073562758 -0.011933496764681325 -0.0097437972837842671 0.019194475563174232 -0.0014577010121364406
leaf_weight=7.8274388052523127 20.33831012994051 16.749403961002827 7.1140648834407321 74.905100535601377 8.0902431495487672 30.611517187207937 8.6568508855998498
leaf_count=133 125 237 146 1499 140 450 146
internal_value=0.000814357 0.0128275 -0.00285741 -0.00826915 0.00542674 0.0103264 0.0148481
internal_weight=174.293 37.0877 137.205 82.0192 55.1861 47.0958 39.2684
internal_count=2876 362 2514 1645 869 729 596
cat_boundaries=0 1
cat_threshold=168
is_linear=0
shrinkage=0.03


Tree=65
num_leaves=8
num_cat=1
split_feature=2 30 16 27 4 22 21
split_gain=8.20941 4.33488 6.60017 6.20525 4.35726 3.7045 3.61185
threshold=-0.12139816440845426 0 -0.39037986359504989 0.63845000000000007 -0.12263693616826953 212.50000000000003 0.80720000000000014
decision_type=8 1 2 2 8 2 2
left_child=1 3 4 5 -3 -1 -2
right_child=6 2 -4 -5 -6 -7 -8
leaf_value=0 0.020343830829119326 0.0022048272539922802 0.0060662672040096748 -0.01031482907389626 -0.015459435844164359 0.014556124139991817 -0.001037655743028899
leaf_weight=30.459399346262217 17.881469026207927 12.407805964350699 20.481565747410059 13.616876114159821 43.125297958031297 28.896805115044117 7.0143049843609324
leaf_count=482 133 301 239 218 930 461 86
internal_value=0.00145657 -0.00137604 -0.00577139 0.0034249 -0.0114959 0.00815884 0.0150764
internal_weight=173.884 148.988 76.0147 72.9731 55.5331 59.3562 24.8958
internal_count=2850 2631 1470 1161 1231 943 219
cat_boundaries=0 1
cat_threshold=169
is_linear=0
shrinkage=0.03


Tree=66
num_leaves=8
num_cat=1
split_feature=2 6 30 27 21 5 0
split_gain=7.26295 5.29906 5.42674 6.00417 3.91033 3.68137 3.14222
threshold=-0.30307454926889665 0.085798286060302931 0 0.57160000000000022 0.84100000000000008 0.078383042637919162 0.24026764920318064
decision_type=8 8 1 2 2 10 10
left_child=1 2 3 -1 5 -2 -7
right_child=4 -3 -4 -5 -6 6 -8
leaf_value=0.0096419341637514339 0.020737077435302623 -0.0138820368864118 -0.0078381201392753088 -0.0084818035315795577 -0.0055061214075919638 -0.0075440804201382886 0.010057671308108567
leaf_weight=51.721296345815063 16.56980537623167 28.497931633144617 35.944276336580515 14.928955908864735 7.4572846442461005 9.0834900699555892 11.188409119844435
leaf_count=895 178 571 724 266 108 90 66
internal_value=-0.000406942 -0.00404866 -0.00037499 0.00432781 0.00905386 0.0127921 0.00173711
internal_weight=175.391 131.092 102.595 66.6503 44.299 36.8417 20.2719
internal_count=2898 2456 1885 1161 442 334 156
cat_boundaries=0 1
cat_threshold=172
is_linear=0
shrinkage=0.03


Tree=67
num_leaves=8
num_cat=0
split_feature=5 18 4 16 0 18 6
split_gain=5.38321 6.31439 6.47204 5.98882 3.74794 3.14241 3.25351
threshold=-0.30991265230219295 0.53904297135676515 0.094181235280523426 0.24435497365858791 -0.58984806769140952 0.70613479111281741 0.041767449754145938
decision_type=10 8 10 2 10 10 8
left_child=4 2 -2 -3 -1 -6 -7
right_child=1 3 -4 -5 5 6 -8
leaf_value=-0.0048437303320629883 -0.0021450726754142129 -0.0061953756067741417 0.02483058226291027 0.011860294858490075 -0.0011851441059920382 -0.00049726468201226315 0.023915570386083402
leaf_weight=5.2516669481992748 12.138340931385757 110.57820804230869 7.7186462283134452 11.209742125123737 5.6431142538785961 4.2762216888368156 16.434978149831295
leaf_count=96 245 1907 68 92 111 67 271
internal_value=0.00161774 -0.000966945 0.0119218 -0.00378928 0.0114355 0.0154887 0.0196185
internal_weight=173.251 141.645 19.857 121.788 31.606 26.3543 20.7112
internal_count=2857 2312 313 1999 545 449 338
is_linear=0
shrinkage=0.03


Tree=68
num_leaves=8
num_cat=1
split_feature=2 27 30 18 1 27 4
split_gain=9.22367 11.018 5.45737 6.36637 5.65343 5.24392 3.49827
threshold=-0.43202764606913518 0.72745000000000004 0 0.51646170971961325 0.53118474423898643 0.49435000000000007 0.1231859328481812
decision_type=8 2 1 10 8 2 10
left_child=2 -2 4 -4 5 -1 -3
right_child=1 6 3 -5 -6 -7 -8
leaf_value=0.017014174767203384 0.021444292114972827 -0.010198827280899473 0.011816756497088592 -0.010967815942765236 -0.0086702541096644048 -0.0037236798318082565 0.0082489836611943767
leaf_weight=25.798472195863724 32.338324651122093 15.454043801873924 5.723617333918809 61.891926946118474 11.212603963911532 11.076343454420565 7.1477851197123519
leaf_count=387 267 284 121 1322 200 189 67
internal_value=0.00262436 0.0119284 -0.00215801 -0.00688418 0.00465203 0.0108974 -0.00324327
internal_weight=170.643 54.9402 115.703 67.6155 48.0874 36.8748 22.6018
internal_count=2837 618 2219 1443 776 576 351
cat_boundaries=0 1
cat_threshold=168
is_linear=0
shrinkage=0.03


Tree=69
num_leaves=8
num_cat=0
split_feature=0 5 32 2 3 32 0
split_gain=5.86997 4.21827 4.36148 4.53103 3.13606 3.86876 3.20619
threshold=-0.018124759238594908 -0.28170156685490211 11.951378335098926 -0.45991050910124276 0.0860600061250619 10.768579810257661 0.15562261050103524
decision_type=10 10 10 8 10 10 10
left_child=-1 -2 4 -4 5 -3 -6
right_child=1 2 3 -5 6 -7 -8
leaf_value=-0.0058447470985803799 0.01798914784123419 0.012066918846829439 -0.0023968998041261169 0.021031032136191667 -0.014548714901760898 -0.00626912353887001 0
leaf_weight=63.52722448296845 11.433582998812197 19.372658509761099 8.1774281039834005 10.733725629746916 13.918275263160465 9.1799150928854925 36.729172889143229
leaf_count=1361 149 304 155 107 250 158 359
internal_value=0.000876125 0.00503383 0.00214027 0.0126421 -0.00112508 0.00567951 -0.0054684
internal_weight=173.072 109.545 98.1112 18.9112 79.2 28.5526 50.6474
internal_count=2843 1482 1333 262 1071 462 609
is_linear=0
shrinkage=0.03


Tree=70
num_leaves=8
num_cat=0
split_feature=4 2 18 27 3 2 27
split_gain=6.92324 4.92561 5.53052 4.15743 3.39477 4.41384 6.81743
threshold=0.18572957414461641 -0.95840954017402014 0.86447853632967886 0.26515000000000005 -0.81575266317193784 -1.2140138270881671 0.61830000000000018
decision_type=10 10 10 2 10 10 2
left_child=4 3 -3 -2 -1 -6 -7
right_child=1 2 -4 -5 5 6 -8
leaf_value=0.0047363423917019505 0.008177753504313991 0.02232980080674896 -0.0020392072691828647 -0.014567755987539541 -0.012619776380216587 0.0082521736797561886 -0.0093066953045163846
leaf_weight=25.79307053796947 6.4364915117621404 18.786261115223173 8.8562241755425912 6.4231853932142258 43.482825126498938 31.337318142876029 32.092534374445677
leaf_count=433 63 124 82 62 952 601 548
internal_value=-0.000283948 0.00941614 0.0153962 -0.00369399 -0.00371809 -0.00607603 -0.00046914
internal_weight=173.208 40.5022 27.6425 12.8597 132.706 106.913 63.4299
internal_count=2865 331 206 125 2534 2101 1149
is_linear=0
shrinkage=0.03


Tree=71
num_leaves=8
num_cat=0
split_feature=4 18 6 17 32 4 5
split_gain=7.91276 8.71351 5.23959 4.72129 3.62389 4.52187 2.46968
threshold=0.11082581929922704 0.5592558440817349 0.085798286060302931 0.2271843322843338 10.768579810257661 -0.12263693616826953 0.1767271155417818
decision_type=10 8 8 8 10 10 10
left_child=4 -2 3 -3 5 -1 -7
right_child=1 2 -4 -5 -6 6 -8
leaf_value=0.0061593917736894079 0.027161017138871778 -0.00322260369954523 -0.01162749101742446 0.014723281270872846 -0.01014726408562484 -0.012109752875255966 0.0038739609953394923
leaf_weight=40.229010444134474 8.858505152165888 17.942777656018738 11.090262223035095 20.837782748043534 46.887010958045721 20.976185670122508 6.2230513114482156
leaf_count=740 72 223 121 149 968 457 116
internal_value=3.43521e-05 0.00842067 0.00153811 0.00696835 -0.00442043 1.67904e-05 -0.0079773
internal_weight=173.045 58.7293 49.8708 38.7806 114.315 67.4282 27.1992
internal_count=2846 565 493 372 2281 1313 573
is_linear=0
shrinkage=0.03


Tree=72
num_leaves=8
num_cat=0
split_feature=7 2 27 0 2 27 18
split_gain=7.1216 8.60499 10.3596 6.08949 8.15629 4.72738 4.70624
threshold=1.0000000180025095e-35 -0.91403539186437344 0.71520000000000017 0.3354629038381613 -0.30307454926889665 0.56475000000000009 0.55063728013574442
decision_type=10 8 2 10 8 2 8
left_child=1 6 3 4 -3 -2 -1
right_child=5 2 -4 -5 -6 -7 -8
leaf_value=0.0075076928899940609 0.024597777764420889 0.0042781889214850996 -0.010009939038308352 -0.0066204148958615046 0.02904085499673887 -0.00053309032038038732 -0.011587700427312641
leaf_weight=7.2192209474742404 9.257658729329707 35.495882108807564 22.401797410100698 8.7925986908376199 15.286466993391512 8.6625816263258439 61.97395252995193
leaf_count=152 144 632 362 66 98 117 1244
internal_value=0.000852051 -0.0014747 0.00479956 0.0111161 0.0149253 0.0154558 -0.00882948
internal_weight=169.09 151.17 81.9767 59.5749 50.7823 17.9202 69.1932
internal_count=2815 2554 1158 796 730 261 1396
is_linear=0
shrinkage=0.03


Tree=73
num_leaves=8
num_cat=0
split_feature=18 28 2 27 3 5 32
split_gain=8.44928 7.32429 6.68304 9.98666 7.27518 6.32722 5.61605
threshold=0.53904297135676515 -1.0000000180025095e-35 -1.0169667466394263 0.55510000000000004 -0.39401227958194901 1.0000000180025095e-35 10.768579810257661
decision_type=8 2 10 2 10 10 8
left_child=1 -1 4 6 -2 -5 -4
right_child=2 -3 3 5 -6 -7 -8
leaf_value=-0.0034073978956155686 0.0063780960044060161 0.026515459135135231 0.024795717771883077 0.0074724923666778815 -0.012858937258024153 -0.010337156743329697 -8.5476213659416066e-05
leaf_weight=7.4207277521491077 19.258635435253382 13.852827675640581 18.457062777131799 25.025799941271544 45.947853876277804 30.926054865121841 10.015384063124655
leaf_count=127 371 201 218 429 926 407 146
internal_value=0.00274405 0.0174865 -3.78834e-05 0.00523544 -0.0068963 -0.00219852 0.0175333
internal_weight=170.904 21.2736 149.631 84.4243 65.2065 55.9519 28.4724
internal_count=2825 328 2497 1200 1297 836 364
is_linear=0
shrinkage=0.03


Tree=74
num_leaves=8
num_cat=0
split_feature=2 27 6 21 29 27 2
split_gain=9.06879 9.05964 4.39282 5.30266 4.34139 4.16041 6.29777
threshold=-1.0169667466394263 0.55510000000000004 0.051485790889295745 0.79895000000000016 44.500000000000007 0.32880000000000004 -3.9996213253608861
decision_type=8 2 10 2 2 2 10
left_child=5 4 -3 -4 -2 6 -1
right_child=1 2 3 -5 -6 -7 -8
leaf_value=-0.012750906513473517 0.021063241291471663 -0.0091001015885371784 0.011234729966038736 -0.007726247254571935 -0.00238730617532269 -0.013533375742836614 0.0085415287450868634
leaf_weight=12.427625726908444 29.172940783202648 23.947547066956758 30.489027339965105 12.539381094276903 5.5618842504918566 33.033201960846782 24.165928328409791
leaf_count=271 353 352 419 205 75 728 436
internal_value=0.000822803 0.00641324 -0.000226798 0.00507015 0.0172133 -0.00696979 0
internal_weight=171.338 101.711 66.976 43.0284 34.7348 69.6268 36.5936
internal_count=2839 1404 976 624 428 1435 707
is_linear=0
shrinkage=0.03


Tree=75
num_leaves=8
num_cat=0
split_feature=7 1 16 29 4 21 21
split_gain=4.12781 3.78783 3.29945 4.87757 4.50918 3.30066 4.57295
threshold=0.016188784901416637 0.90894899748892743 -0.39037986359504989 16.500000000000004 -0.090536385868056221 0.63575000000000015 0.47645000000000004
decision_type=8 8 2 2 8 2 2
left_child=-1 2 4 -4 -2 6 -6
right_child=1 -3 3 -5 5 -7 -8
leaf_value=-0.011994188396733786 0.010389408062412127 -0.0077040312702281177 0.022651871697498348 0.0017284059850651509 -0.0081656398292057741 -0.0071977617660740137 0.012524117891926671
leaf_weight=13.165569541975854 23.273932604119182 21.526907270774245 10.634795159101484 28.848443619906902 8.1952861901372689 49.194316266104579 16.026270363479853
leaf_count=283 502 347 91 263 161 901 285
internal_value=0.000399024 0.00205332 0.00404175 0.0105469 0.000639122 -0.00298478 0.00476895
internal_weight=170.866 157.7 136.173 39.4832 96.6898 73.4159 24.2216
internal_count=2833 2550 2203 354 1849 1347 446
is_linear=0
shrinkage=0.03


Tree=76
num_leaves=8
num_cat=0
split_feature=4 5 18 18 4 18 4
split_gain=4.2881 4.90403 4.70478 4.15492 5.29439 3.25989 2.85857
threshold=0.30710162705722266 -0.30991265230219295 1.0470660301939707 0.55063728013574442 0.094181235280523426 0.74018345143444264 -0.0065613759531327745
decision_type=10 10 8 8 10 10 8
left_child=1 2 5 4 -3 -1 -5
right_child=-2 3 -4 6 -6 -7 -8
leaf_value=-0.00051361756532119975 0.011375143122779994 -0.0045611667464796101 -0.0064872187422595875 0 0.019139312419228061 0.019551721290304608 -0.010525350856420073
leaf_weight=8.2245294377207809 15.7281800173223 13.933130869641902 9.4333920329809171 31.008364733308554 6.092995334416627 13.866937689483164 71.151483915746212
leaf_count=159 108 287 160 695 56 229 1131
internal_value=-0.000453402 -0.00225936 0.0069857 -0.00504257 0.00551948 0.0134325 -0.00749966
internal_weight=169.439 153.711 31.5249 122.186 20.0261 22.0915 102.16
internal_count=2825 2717 548 2169 343 388 1826
is_linear=0
shrinkage=0.03


Tree=77
num_leaves=8
num_cat=0
split_feature=4 5 18 25 6 22 0
split_gain=7.89686 5.02089 4.95614 6.43673 6.00929 4.45062 3.22107
threshold=0.11082581929922704 -0.30991265230219295 0.5592558440817349 9.5000000000000018 0.083940559053202177 351.50000000000006 0.38254834369321289
decision_type=10 10 10 2 8 2 8
left_child=1 6 -2 -4 -5 -3 -1
right_child=2 5 3 4 -6 -7 -8
leaf_value=0.0095640886858426068 0.023704405175009647 -0.0097398867017147537 -0.010592213024237384 0.015085448587384632 -0.0078581695027405436 0.0069176508766701367 -0.0089385442645918464
leaf_weight=27.832061314955354 9.258086431771515 73.090241312980652 12.347846180200575 30.428403053432703 7.4256905503571025 10.478000886738299 3.4469206817448166
leaf_count=503 71 1559 128 279 84 210 47
internal_value=0.00118181 -0.00330983 0.00944346 0.00365904 0.00967181 -0.00706561 0.00573798
internal_weight=174.307 114.847 59.46 50.2019 37.8541 83.5682 31.279
internal_count=2881 2319 562 491 363 1769 550
is_linear=0
shrinkage=0.03


Tree=78
num_leaves=8
num_cat=0
split_feature=16 32 25 32 28 18 0
split_gain=4.7569 5.21907 4.49173 4.1215 4.282 4.8106 3.33072
threshold=-0.70236073147940914 12.254596493540776 35.500000000000007 10.14500820531264 1.0000000180025095e-35 0.749687639074338 0.24026764920318064
decision_type=2 10 2 10 2 10 10
left_child=3 2 6 4 -1 -6 -2
right_child=1 -3 -4 -5 5 -7 -8
leaf_value=-0.0052013655601213906 -0.0082917674717050797 0.019010039193305465 0.016340312913433769 -0.0092936575814215241 -0.0054172988262430766 0.01911873808126912 0.0040641485061422566
leaf_weight=22.222372125834227 30.466684211045504 11.478016074746845 6.3021295741200438 53.111787768080831 5.5886324793100384 11.874683203175662 31.353228438645601
leaf_count=455 459 131 66 1137 117 214 288
internal_value=6.19478e-05 0.00525068 0.00098108 -0.00430352 0.00249902 0.0114425 -0.00206273
internal_weight=172.398 79.6001 68.122 92.7975 39.6857 17.4633 61.8199
internal_count=2867 944 813 1923 786 331 747
is_linear=0
shrinkage=0.03


Tree=79
num_leaves=8
num_cat=1
split_feature=30 4 21 5 2 2 27
split_gain=4.47449 7.20681 4.59991 4.42778 3.29767 3.19746 4.68669
threshold=0 0.30710162705722266 0.80720000000000014 -0.30991265230219295 -0.95840954017402014 -1.6153538790784483 0.39990000000000003
decision_type=1 10 2 8 8 8 2
left_child=2 3 5 4 -2 -1 -7
right_child=1 -3 -4 -5 -6 6 -8
leaf_value=-0.00066295539037147767 -0.0058235831679410563 0.013145367327427555 -0.0083956162515259388 -0.010573048380606843 0.015051064576622104 0.02738963468098372 0.0052131703086056519
leaf_weight=21.520024729892612 5.849168399348855 9.8703168481588346 10.772694377228616 70.037223579362035 5.9271907620131952 6.7137769646942607 40.760445965453982
leaf_count=427 124 71 193 1233 99 83 610
internal_value=2.12342e-05 -0.00406816 0.00475644 -0.00775077 0.0057628 0.00828154 0.0121174
internal_weight=171.451 91.6839 79.7669 81.8136 11.7764 68.9942 47.4742
internal_count=2840 1527 1313 1456 223 1120 693
cat_boundaries=0 1
cat_threshold=44
is_linear=0
shrinkage=0.03


Tree=80
num_leaves=8
num_cat=0
split_feature=22 2 27 6 6 2 0
split_gain=5.49949 4.31632 6.71075 3.86594 2.96189 3.07779 2.98304
threshold=238.50000000000003 -1.0169667466394263 0.32880000000000004 0.060035806120608846 0.046650734569235998 -0.62195376488429077 0.19464148588575189
decision_type=2 10 2 8 10 8 10
left_child=3 2 -2 4 6 -6 -1
right_child=1 -3 -4 -5 5 -7 -8
leaf_value=-0.0079491978472957369 0.0098976667882375458 0.013122567314208121 -0.013290329467407155 -0.0072651807945307671 0.018311281624475657 -0.0017780647475232763 0.0083992685665623835
leaf_weight=19.563639177009467 16.1506322901696 45.176239706575871 12.883509421721099 54.446923736482859 9.8095648121088725 7.0696710571646717 7.5484736226499072
leaf_count=418 308 597 275 898 183 95 78
internal_value=0.00222208 0.00801961 -0.000634922 -0.00228189 0.00376617 0.011428 -0.00209367
internal_weight=172.649 74.2104 29.0341 98.4383 43.9913 16.8792 27.1121
internal_count=2852 1180 583 1672 774 278 496
is_linear=0
shrinkage=0.03


Tree=81
num_leaves=8
num_cat=0
split_feature=2 27 4 4 6 27 2
split_gain=7.9362 7.87237 3.94048 4.65668 4.26636 3.89115 4.24148
threshold=-0.30307454926889665 0.71520000000000017 0.21343005710966814 -0.090536385868056221 0.060035806120608846 0.21170000000000003 -3.9996213253608861
decision_type=8 2 10 8 10 2 10
left_child=2 -2 3 4 -1 6 -5
right_child=1 -3 -4 5 -6 -7 -8
leaf_value=0.012513785266930651 0.019173332993935109 -0.0029477398203506177 0.0066066431171878798 -0.0064309248449078062 -0.0059345617488900148 -0.012305255487219212 0.017653889199091076
leaf_weight=13.692631432786586 24.791506975889206 20.790986306965351 19.151583850383759 8.5417825914919359 15.29672805033624 66.907888729125261 2.8784301951527587
leaf_count=298 147 295 178 190 343 1364 50
internal_value=2.96746e-05 0.00986991 -0.00378162 -0.00609528 0.00319554 -0.00968506 0.00363887
internal_weight=172.052 45.5825 126.469 107.317 28.9894 78.3281 11.4202
internal_count=2865 442 2423 2245 641 1604 240
is_linear=0
shrinkage=0.03


Tree=82
num_leaves=8
num_cat=0
split_feature=2 27 27 2 4 1 27
split_gain=6.25692 9.19304 6.6963 5.92528 5.00816 4.38386 3.68137
threshold=-0.874799753766066 0.71520000000000017 0.32880000000000004 -3.9996213253608861 -0.050000244207981652 -1.3617152947239801 0.21170000000000003
decision_type=8 2 2 10 10 10 2
left_child=2 4 3 -1 -2 -6 -5
right_child=1 -3 -4 6 5 -7 -8
leaf_value=-0.0089879299905529474 0.02115408971685994 -0.0070440382260811589 -0.01247781655433737 0.023791791371047779 -0.0087517580702025054 0.0089119815091776092 0.0014185323642498025
leaf_weight=12.873097086325286 23.332180611789227 26.942842999473214 39.825710253790021 5.2930287569761303 9.9537069015204889 34.859906580299139 18.643253356218338
leaf_count=275 336 437 867 74 137 380 351
internal_value=0.00109167 0.00607735 -0.00490703 0.0037147 0.0116572 0.00397322 0.0115561
internal_weight=171.724 95.0886 76.6351 36.8094 68.1458 44.8136 23.9363
internal_count=2857 1290 1567 700 853 517 425
is_linear=0
shrinkage=0.03


Tree=83
num_leaves=8
num_cat=0
split_feature=2 7 4 4 25 22 22
split_gain=4.35177 5.08312 3.90792 2.56704 6.32915 3.75091 3.67497
threshold=-0.874799753766066 0.166547824097529 0.15888776987605077 -0.050000244207981652 12.500000000000002 268.50000000000006 316.50000000000006
decision_type=10 8 10 8 2 2 2
left_child=2 -2 -1 -3 5 -5 -6
right_child=1 3 -4 4 6 -7 -8
leaf_value=-0.0095193234317652812 -0.011179105180118583 0.015495907843498755 0.0041849447997885612 -0.015920756877954675 0.01287841812221819 0.0033480736962086424 -0.0045732381392134232
leaf_weight=62.035008238628507 10.721687134355305 12.796914285048841 18.592684522271156 12.778294932097198 34.363147512078285 10.215313814580439 8.5467287898063642
leaf_count=1406 205 241 188 185 403 110 103
internal_value=-0.00127685 0.0030594 -0.00609738 0.00602472 0.00250432 -0.00822169 0.00893536
internal_weight=170.05 89.4221 80.6277 78.7004 65.9035 22.9936 42.9099
internal_count=2841 1247 1594 1042 801 295 506
is_linear=0
shrinkage=0.03


Tree=84
num_leaves=8
num_cat=1
split_feature=30 2 25 25 29 6 25
split_gain=6.25254 5.8693 5.06723 7.51376 4.91681 4.08741 3.72202
threshold=0 -0.62195376488429077 29.500000000000004 20.500000000000004 30.500000000000004 0.091850884408647304 6.5000000000000009
decision_type=1 10 2 2 2 10 2
left_child=2 -2 3 4 6 -4 -1
right_child=1 -3 5 -5 -6 -7 -8
leaf_value=-0.0015240136218904966 -0.01458146011859001 0.0026785018531020229 0.018036120105400254 -0.012144251763063791 -0.0036326896844119422 -0.004864170255326288 0.017070670987631705
leaf_weight=10.013502448797224 34.784153494983912 24.49253111332655 23.465736674144868 22.32290450297296 23.597478607669473 4.124843716621398 24.967571392655373
leaf_count=152 758 330 364 380 416 74 346
internal_value=0 -0.00675267 0.00407801 8.20338e-05 0.00586588 0.0138672 0.0121059
internal_weight=167.769 59.2767 108.492 80.9015 58.5786 27.5906 34.9811
internal_count=2820 1088 1732 1294 914 438 498
cat_boundaries=0 1
cat_threshold=172
is_linear=0
shrinkage=0.03


Tree=85
num_leaves=8
num_cat=0
split_feature=21 18 2 3 18 6 4
split_gain=5.04758 6.05571 5.24883 6.24429 4.85188 6.83331 3.49232
threshold=0.84100000000000008 0.55063728013574442 -1.0169667466394263 -0.53614634806867123 0.63337719253447233 0.061083277684425945 -0.057143064547808479
decision_type=2 8 10 10 10 10 8
left_child=1 -1 3 -3 -4 6 -6
right_child=-2 2 4 -5 5 -7 -8
leaf_value=0.014745035601391041 -0.012520530239444284 0.0073185915621160162 -0.0078909515768332984 -0.01135248823769938 0.011740787499569885 0.017332707226631008 -0.0065365647242962765
leaf_weight=22.057880310341716 14.604096569120882 15.524316301569341 12.888761695474384 46.332585576921701 5.0592735409736633 29.423655886203051 24.71378077566624
leaf_count=341 266 301 193 961 93 401 318
internal_value=0.000693463 0.00257238 -4.46216e-05 -0.00615036 0.00509845 0.00875257 -0.00120482
internal_weight=170.604 156 133.942 61.8569 72.0855 59.1967 29.7731
internal_count=2874 2608 2267 1262 1005 812 411
is_linear=0
shrinkage=0.03


Tree=86
num_leaves=8
num_cat=0
split_feature=0 27 1 1 26 3 17
split_gain=4.08202 3.97315 4.38544 4.33406 3.06877 4.84864 3.33666
threshold=-0.070814431954184007 0.71520000000000017 -1.3617152947239801 0.90894899748892743 2.5000000000000004 0.27382945986278423 0.19968174303262662
decision_type=10 2 10 10 2 10 10
left_child=-1 2 -2 4 5 -4 -6
right_child=1 -3 3 -5 6 -7 -8
leaf_value=-0.0056527855384930874 -0.0040045734215766755 -0.0066879407969561416 0.022312012173700348 -0.0039480212195171678 -0.007184593811821292 0.00071101666252050024 0.010689869746908774
leaf_weight=50.438631866127253 21.96397627517581 18.225149378180504 29.03172916546464 12.466510470956562 11.106086868792774 15.210565414279698 10.176703188568352
leaf_count=1118 374 264 451 191 205 150 89
internal_value=0.000839456 0.00391189 0.00633592 0.00952407 0.0124419 0.0164188 0.00143556
internal_weight=168.619 118.181 99.9556 77.9916 65.5251 44.2423 21.2828
internal_count=2842 1724 1460 1086 895 601 294
is_linear=0
shrinkage=0.03


Tree=87
num_leaves=8
num_cat=0
split_feature=0 22 1 27 32 3 32
split_gain=8.02517 5.34369 6.71572 3.87279 4.65869 5.54709 3.74413
threshold=-0.053436397809689666 262.50000000000006 -1.1100673658308329 0.55510000000000004 9.3161691214325675 0.33433443384468842 10.768579810257661
decision_type=10 2 10 2 8 10 8
left_child=6 2 -2 4 -4 -6 -1
right_child=1 -3 3 -5 5 -7 -8
leaf_value=0 -0.013322919765759594 0.012614267457202172 -0.0050405201435797147 -0.0039785189070632434 0.021857937369540389 -0.0030034370230421757 -0.015005371729871942
leaf_weight=28.419106550514698 16.508979026228189 44.370511040091515 8.0498341768980008 19.963782867416739 19.992579774931077 7.5320802703499785 24.072050580754876
leaf_count=638 284 585 118 272 310 82 543
internal_value=0.00092957 0.00532192 0 0.00516313 0.0104261 0.0154881 -0.00797954
internal_weight=168.909 116.418 72.0473 55.5383 35.5745 27.5247 52.4912
internal_count=2832 1651 1066 782 510 392 1181
is_linear=0
shrinkage=0.03


Tree=88
num_leaves=8
num_cat=0
split_feature=2 27 27 2 6 27 2
split_gain=6.56901 6.25241 4.50524 7.46599 4.05855 3.5563 7.49491
threshold=-1.0636431477588428 0.71520000000000017 0.22660000000000005 -3.9996213253608861 0.094141660414923473 0.50155000000000005 -0.39926954780594753
decision_type=10 2 2 8 8 2 10
left_child=2 4 3 -1 5 -2 -7
right_child=1 -3 -4 -5 -6 6 -8
leaf_value=-0.0098742926183571361 0.021797029531638382 -0.0073235252283633196 -0.01239595877800965 0.016883582188469928 -0.004161939515560373 -0.0046262722609039806 0.016154151092996619
leaf_weight=12.371592592447994 14.145528605207799 24.908030489459634 45.661549594253302 9.2804386578500289 13.650673246011136 26.995282283052799 20.560710567981008
leaf_count=271 164 411 1012 118 198 515 148
internal_value=-0.000788923 0.00388944 -0.00762924 0.00254959 0.00812305 0.0112219 0.00512053
internal_weight=167.574 100.26 67.3136 21.652 75.3522 61.7015 47.556
internal_count=2837 1436 1401 389 1025 827 663
is_linear=0
shrinkage=0.03


Tree=89
num_leaves=8
num_cat=1
split_feature=2 27 27 30 2 4 6
split_gain=7.96011 11.8231 3.99131 3.98405 4.20563 3.59461 2.57803
threshold=-0.43202764606913518 0.71520000000000017 0.32880000000000004 0 -3.9996213253608861 -0.13135790052793536 0.041767449754145938
decision_type=8 2 2 1 10 8 10
left_child=2 -2 3 -1 -5 -4 -6
right_child=1 -3 5 4 6 -7 -8
leaf_value=-0.0056189143908965955 0.018046092139834585 -0.0069291757765619381 0.002733939463799467 -0.0042344598298147164 0 -0.011739398270058404 0.023758417972341513
leaf_weight=16.835580719634891 33.447078291326761 22.209325900301337 14.643099240958689 6.0678246803581741 4.6585581079125395 59.052425948902965 9.0458670575171691
leaf_count=384 256 355 328 116 65 1150 137
internal_value=-0.000251992 0.00822591 -0.00492352 0.0025283 0.00856502 -0.00869387 0.0183414
internal_weight=165.96 55.6564 110.303 36.6078 19.7722 73.6955 13.7044
internal_count=2791 611 2180 702 318 1478 202
cat_boundaries=0 1
cat_threshold=86
is_linear=0
shrinkage=0.03


Tree=90
num_leaves=8
num_cat=1
split_feature=16 30 2 4 3 2 2
split_gain=5.04756 4.5091 5.74532 3.80818 3.38405 2.7045 2.71271
threshold=-0.39037986359504989 0 -0.874799753766066 0.18572957414461641 -0.040235723319479728 -0.65471003629972413 -3.9996213253608861
decision_type=2 1 10 10 10 8 10
left_child=1 5 -3 -2 -4 6 -1
right_child=3 2 4 -5 -6 -7 -8
leaf_value=-0.0046737101211094126 0 -0.015165207645777378 0.010333166839439198 0.015156159829678753 -0.0061358755916046375 -0.0027739668520507825 0.011913634299923322
leaf_weight=5.225237386301159 24.697239091619849 28.760636428371072 13.755545988678934 30.279382683336735 14.769079094752668 21.666152890771627 32.897556386888027
leaf_count=102 339 784 251 194 262 328 609
internal_value=0.00234409 -0.00115334 -0.00627463 0.00923052 0.00191913 0.00402544 0.00889859
internal_weight=172.051 117.074 57.2853 54.9766 28.5246 59.7889 38.1228
internal_count=2869 2336 1297 533 513 1039 711
cat_boundaries=0 1
cat_threshold=169
is_linear=0
shrinkage=0.03


Tree=91
num_leaves=8
num_cat=0
split_feature=4 5 18 28 2 27 18
split_gain=4.518 3.80752 4.34694 3.84602 3.34678 4.66815 4.11694
threshold=0.35013106303184444 -0.30991265230219295 0.55063728013574442 -1.0000000180025095e-35 -1.5351199684194723 0.61830000000000018 0.60818388467627227
decision_type=10 10 8 2 10 2 10
left_child=1 -1 3 -3 -4 -6 -7
right_child=-2 2 4 -5 5 6 -8
leaf_value=0.0074428627555219893 0.014736103959150586 -0.0055154079380394898 -0.013072694214567698 0.014496796927530893 0.0039891035318943653 0.0066203973776952927 -0.014483851177208637
leaf_weight=31.747122982516885 11.109240699559448 7.5432729963213232 29.820372387766838 13.547130363062022 45.790804063901305 4.9037295244634178 23.924417285248637
leaf_count=556 70 134 650 210 759 77 369
internal_value=0.000919955 -0.000631235 -0.00310913 0.00727514 -0.00570795 -0.00160234 -0.00982837
internal_weight=168.386 157.277 125.53 21.0904 104.439 74.619 28.8281
internal_count=2825 2755 2199 344 1855 1205 446
is_linear=0
shrinkage=0.03


Tree=92
num_leaves=8
num_cat=1
split_feature=6 3 1 32 32 30 21
split_gain=3.85399 4.05407 2.33214 2.27555 4.11091 2.79618 3.90923
threshold=0.096694690662783869 0.58983932791917493 0.10382377478270928 9.4052107756448216 11.207375904300799 0 0.74035000000000006
decision_type=8 8 8 10 10 1 2
left_child=1 3 -2 -1 5 6 -5
right_child=2 -3 -4 4 -6 -7 -8
leaf_value=0.0069303436173034664 0.00046423247289334034 0.012747751792904249 -0.014007252427972136 0.012057730161956054 0.0050267822652749908 -0.0094115002267395921 -0.0088112880727013679
leaf_weight=27.160955507308245 13.716576017439364 21.880319241434336 14.58703411370516 11.373917002230884 37.369281755760312 40.389319038018584 5.8248213976621619
leaf_count=450 247 310 213 162 689 739 83
internal_value=0.000685544 0.00282835 -0.00802402 0.000261292 -0.00189087 -0.00667408 0.00274984
internal_weight=172.302 143.999 28.3036 122.118 94.9573 57.5881 17.1987
internal_count=2893 2433 460 2123 1673 984 245
cat_boundaries=0 1
cat_threshold=136
is_linear=0
shrinkage=0.03


Tree=93
num_leaves=8
num_cat=1
split_feature=27 2 2 31 25 22 7
split_gain=4.17322 6.15822 4.091 3.39331 3.12684 2.92242 2.64173
threshold=0.71520000000000017 -0.39926954780594753 -0.12139816440845426 0 12.500000000000002 212.50000000000003 0.016188784901416637
decision_type=2 10 10 1 2 2 8
left_child=1 3 -2 6 -3 -5 -1
right_child=2 4 -4 5 -6 -7 -8
leaf_value=-0.0088192881777106567 -0.016681215230648385 0 0.0028869553709425515 -0.012984543895001916 0.019290247651151411 1.3021730631106454e-05 0.0059030811021312125
leaf_weight=5.0693525448441505 15.331704502925279 10.85163774713874 11.011698447167872 23.47254191339016 16.307706281542778 26.30444542132318 59.51404077000916
leaf_count=122 287 83 142 500 114 510 1080
internal_value=5.01167e-05 0.00229487 -0.00929772 -0.000898423 0.0133125 -0.00580153 0.00324858
internal_weight=167.863 141.52 26.3434 114.36 27.1593 49.777 64.5834
internal_count=2838 2409 429 2212 197 1010 1202
cat_boundaries=0 1
cat_threshold=12
is_linear=0
shrinkage=0.03


Tree=94
num_leaves=8
num_cat=1
split_feature=18 2 28 5 3 31 2
split_gain=4.71119 5.26779 4.92804 4.51843 4.51406 4.38842 4.01356
threshold=0.55063728013574442 -0.95840954017402014 -1.0000000180025095e-35 0.50748599015435258 -0.53614634806867123 0 -0.12139816440845426
decision_type=8 10 2 8 10 1 10
left_child=2 3 -1 4 -2 -3 -7
right_child=1 5 -4 -5 -6 6 -8
leaf_value=-0.0047337897369281057 0.0036115453026477561 0.0080876523284492911 0.017697007590175718 0.0057183518175999495 -0.015330411726752848 -0.0091230585482200369 0.0078872409727863517
leaf_weight=8.1733298189938086 9.5907009821385127 39.887462675571442 16.120465828105807 10.711592800915239 43.811139423400164 33.054941724985838 10.018066294491289
leaf_count=145 200 526 235 166 965 528 98
internal_value=0 -0.00221196 0.0103828 -0.00823365 -0.0116569 0.00259167 -0.00356023
internal_weight=171.368 147.074 24.2938 64.1134 53.4018 82.9605 43.073
internal_count=2863 2483 380 1331 1165 1152 626
cat_boundaries=0 1
cat_threshold=12
is_linear=0
shrinkage=0.03


Tree=95
num_leaves=8
num_cat=1
split_feature=30 2 6 32 32 0 27
split_gain=5.10334 6.88684 4.3346 4.90044 4.22239 4.84601 4.16752
threshold=0 -0.30307454926889665 0.069691968037604607 10.1906799100543 9.6029086844637366 -0.10683492232872115 0.71520000000000017
decision_type=1 10 10 10 8 10 2
left_child=2 -2 4 -4 -1 -6 -3
right_child=1 6 3 -5 5 -7 -8
leaf_value=-0.0019853193088381076 -0.011624901244812882 0.015823784273642165 0.0071450678661756795 -0.01118870109931455 -0.0015106395225743716 0.017525806480046344 -0.006024210103434487
leaf_weight=18.469982704147696 44.402349010109901 10.624223202466966 16.653529830276966 19.730129007250071 12.679663363844154 39.32176867313683 6.6823385246098033
leaf_count=265 948 61 269 358 260 561 103
internal_value=0.000926193 -0.00505484 0.00465699 -0.00268371 0.00911875 0.0130516 0.00755757
internal_weight=168.564 61.7089 106.855 36.3837 70.4714 52.0014 17.3066
internal_count=2825 1112 1713 627 1086 821 164
cat_boundaries=0 1
cat_threshold=172
is_linear=0
shrinkage=0.03


Tree=96
num_leaves=8
num_cat=1
split_feature=31 2 2 27 2 27 25
split_gain=5.17883 4.1636 3.50128 6.26366 6.04416 4.83529 3.35251
threshold=0 -0.12139816440845426 -0.91403539186437344 0.22660000000000005 -4.3551199158998122 0.68525000000000003 26.500000000000004
decision_type=1 10 8 2 10 2 2
left_child=2 -2 3 4 -1 6 -4
right_child=1 -3 5 -5 -6 -7 -8
leaf_value=-0.0049510111960025076 -0.0074383856164908224 0.0078694252340458966 0.021212125282162715 -0.0079319703062645068 0.023886932911233158 -0.0018740419562145024 0.00028874766211651397
leaf_weight=6.4270818307995796 66.172529788687825 12.498222149908541 23.741612661629915 28.059147836640477 6.8180013261735422 15.030056450515984 10.981260165572165
leaf_count=139 1231 117 280 592 101 220 129
internal_value=0.00127567 -0.00388344 0.00565883 -7.08282e-05 0.0125925 0.011006 0.0162393
internal_weight=169.728 78.6708 91.0572 41.3042 13.2451 49.7529 34.7229
internal_count=2809 1348 1461 832 240 629 409
cat_boundaries=0 1
cat_threshold=12
is_linear=0
shrinkage=0.03


Tree=97
num_leaves=8
num_cat=1
split_feature=30 2 4 6 22 27 2
split_gain=6.00391 7.45372 6.40657 7.1436 5.0865 4.25357 2.6128
threshold=0 -0.62195376488429077 0.065854585077607011 0.085798286060302931 351.50000000000006 0.71520000000000017 -2.8991409354800797
decision_type=1 10 10 10 2 2 8
left_child=2 6 4 -4 -1 -3 -2
right_child=1 5 3 -5 -6 -7 -8
leaf_value=-0.0041298245380606211 0.00052838874318293812 0.012092005915629929 0.019067684163164907 -0.0058691260462592678 0.014768763921380292 -0.0073998670860773537 -0.017203051691630177
leaf_weight=55.961131798103452 6.8430378288030624 17.720766313374046 35.068993948400021 8.3971953429281694 7.9972978085279456 8.8095014803111535 27.764723125845194
leaf_count=1109 171 192 361 102 147 151 602
internal_value=0.00147998 -0.00512765 0.00543833 0.0137952 -0.000179103 0.00497035 -0.013904
internal_weight=168.563 61.138 107.425 43.4662 63.9584 26.5303 34.6078
internal_count=2835 1116 1719 463 1256 343 773
cat_boundaries=0 1
cat_threshold=172
is_linear=0
shrinkage=0.03


Tree=98
num_leaves=8
num_cat=2
split_feature=18 6 30 24 18 18 29
split_gain=5.00197 5.16608 4.2163 5.33603 4.15651 3.7212 3.4372
threshold=0.53904297135676515 0.069691968037604607 0 1 0.50011865699514235 0.76132896180134091 57.500000000000007
decision_type=8 8 1 1 10 10 2
left_child=4 2 3 -2 -1 -3 -4
right_child=1 5 6 -5 -6 -7 -8
leaf_value=-0.00098510977425328244 0.016171293247518453 -0.015260972643294636 -0.0081685245886035131 -0.0018253534954642292 0.020233084887614373 -0.00040835575470999139 0.0096379537183412505
leaf_weight=11.581450149416925 25.385091386735439 27.069823252037168 37.11173883266747 21.648500818759203 10.397187951952217 31.389811621978879 4.581699486821889
leaf_count=196 380 490 688 340 132 538 80
internal_value=0 -0.00211202 0.0023109 0.00723874 0.0112728 -0.00852073 -0.00389045
internal_weight=169.165 147.187 88.727 47.0336 21.9786 58.4596 41.6934
internal_count=2844 2516 1488 720 328 1028 768
cat_boundaries=0 1 2
cat_threshold=184 2
is_linear=0
shrinkage=0.03


Tree=99
num_leaves=8
num_cat=0
split_feature=27 6 6 3 22 28 27
split_gain=3.76174 5.39909 3.81247 7.11994 4.44547 3.84877 3.59256
threshold=0.21170000000000003 0.046650734569235998 0.056104277765816765 0.10578348132296272 262.50000000000006 4.5000000000000009 0.14570000000000002
decision_type=2 10 10 8 2 2 2
left_child=6 -2 -3 5 -5 -4 -1
right_child=1 2 3 4 -6 -7 -8
leaf_value=-0.0019402249626816442 -0.0090020650464598204 0.011834383476905049 -0.012486459490259892 -0.00065193760325823449 0.016157933747801684 0.0076896282858465483 0.01842689512040302
leaf_weight=8.8980593066662568 45.40835845284164 21.551536465063691 34.745770893990993 27.717348909005523 16.942609736695886 3.9310796484351149 10.904238613322375
leaf_count=145 758 333 754 387 206 72 209
internal_value=0.000602119 -0.00112651 0.00254643 -0.00051745 0.00692624 -0.00914796 0.0108106
internal_weight=170.099 150.297 104.888 83.3368 44.66 38.6769 19.8023
internal_count=2864 2510 1752 1419 593 826 354
is_linear=0
shrinkage=0.03


Tree=100
num_leaves=8
num_cat=0
split_feature=0 32 1 27 7 25 22
split_gain=3.92127 3.78331 2.97524 3.7108 3.35376 3.47339 4.41415
threshold=-0.14171106602665692 10.001499986472195 0.90894899748892743 0.77455000000000018 0.042654103206279291 21.500000000000004 54.500000000000007
decision_type=10 8 8 2 8 2 2
left_child=1 -1 3 4 -2 6 -6
right_child=2 -3 -4 -5 5 -7 -8
leaf_value=0.0034286744080991166 -0.0074559691152264003 -0.013450044959765846 -0.0064761163042231923 -0.0080591852035406513 -0.0041767427924869708 0.0009105125143848182 0.01562715041767837
leaf_weight=13.258329175412653 6.7525336984544992 22.825525034219027 17.716657377779484 10.332319814711807 7.4364987891167393 42.426249673590064 48.756776018068194
leaf_count=296 149 515 279 155 110 653 680
internal_value=0.0003233 -0.00741126 0.0028221 0.00469384 0.0065571 0.00814472 0.0125788
internal_weight=169.505 36.0839 133.421 115.704 105.372 98.6195 56.1933
internal_count=2837 811 2026 1747 1592 1443 790
is_linear=0
shrinkage=0.03


Tree=101
num_leaves=8
num_cat=0
split_feature=25 2 27 18 7 6 29
split_gain=6.12943 6.4329 8.8383 9.9374 5.7645 4.54178 3.42213
threshold=29.500000000000004 -0.95840954017402014 0.68525000000000003 0.86447853632967886 0.027497093839756299 0.089790361204009336 30.500000000000004
decision_type=2 8 2 8 10 10 2
left_child=1 4 3 6 -1 -2 -3
right_child=5 2 -4 -5 -6 -7 -8
leaf_value=-0.013307036970951204 0.014320036391603024 0.022718503950237712 -0.0093803684277594182 -0.0058128305953513409 0.010705531794420874 -0.0065131807217502615 0
leaf_weight=46.124840630218387 33.170942381024361 24.608410498127341 25.956096125766635 18.627800615504384 3.8870193734765044 6.0161642748862496 8.9232007637619954
leaf_count=997 549 300 418 232 68 123 129
internal_value=0.000899435 -0.00228165 0.00293082 0.00973928 -0.00996321 0.0102418 0.0181956
internal_weight=167.314 128.127 78.1155 52.1594 50.0119 39.1871 33.5316
internal_count=2816 2144 1079 661 1065 672 429
is_linear=0
shrinkage=0.03


Tree=102
num_leaves=8
num_cat=1
split_feature=0 1 21 2 27 30 1
split_gain=4.08702 4.66518 3.03735 2.50586 4.80042 2.88619 5.54161
threshold=-0.0097751738381945934 0.90894899748892743 0.81550000000000011 -0.62195376488429077 0.71520000000000017 0 -0.88149761050799758
decision_type=10 8 2 10 2 1 8
left_child=3 2 -2 5 -5 6 -1
right_child=1 -3 -4 4 -6 -7 -8
leaf_value=0.018390012207078418 0.0083049185827500805 -0.0088893316930627221 -0.0050467881060633716 0.012780687857217012 -0.0095347845850201601 -0.011831549013706009 -0.0078074190251698067
leaf_weight=4.5107060521841049 83.952069334685802 14.07425422593951 11.359384827315806 10.427256701514127 8.209826245903967 28.656524937599897 9.2647553291171771
leaf_count=78 1077 202 174 162 181 805 171
internal_value=0.000274255 0.003746 0.00630087 -0.0054407 0.00247609 -0.00905656 0.00252644
internal_weight=170.455 109.386 95.3115 61.0691 18.6371 42.432 13.7755
internal_count=2850 1453 1251 1397 343 1054 249
cat_boundaries=0 1
cat_threshold=136
is_linear=0
shrinkage=0.03


Tree=103
num_leaves=8
num_cat=1
split_feature=22 17 5 18 6 30 25
split_gain=6.43639 4.83856 3.93139 4.06987 3.41193 3.03173 3.6412
threshold=351.50000000000006 -0.19213862089957609 -0.30991265230219295 0.53904297135676515 0.044196585280297795 0 31.500000000000004
decision_type=2 10 10 8 10 1 2
left_child=2 -2 4 -4 -1 -5 -7
right_child=1 -3 3 5 -6 6 -8
leaf_value=-0.0060738546426923031 -0.0067408759428482538 0.018123872184686127 0.0055318521659536496 -0.00027558047731399761 0.011638692414182566 -0.016467863988429358 0.001012152940719134
leaf_weight=7.7308907471597221 3.9540481623262194 17.430477488785982 18.845287876203656 49.202969055622816 19.850996274501085 43.016136987134814 10.46986114233732
leaf_count=128 87 263 276 737 349 827 191
internal_value=-0.000378307 0.0124323 -0.00285041 -0.00522216 0.00600311 -0.0075884 -0.011281
internal_weight=170.501 21.3845 149.116 121.534 27.5819 102.689 53.486
internal_count=2858 350 2508 2031 477 1755 1018
cat_boundaries=0 1
cat_threshold=170
is_linear=0
shrinkage=0.03


Tree=104
num_leaves=8
num_cat=1
split_feature=18 4 2 30 4 7 7
split_gain=4.62636 5.08066 5.01173 3.77868 3.88182 3.25508 2.87429
threshold=0.55063728013574442 0.094181235280523426 -1.0169667466394263 0 0.21343005710966814 0.166547824097529 0.027497093839756299
decision_type=8 10 10 1 10 8 10
left_child=1 -1 3 4 -2 -4 -5
right_child=2 -3 5 6 -6 -7 -8
leaf_value=0 -0.0029874965378784684 0.023586513805640284 -0.0073095164083194237 -0.014342469876310127 0.017706985194952691 0.0067844022781264265 0.0045791266147840876
leaf_weight=15.058909546583893 16.554323937743906 9.3509885407984239 10.059876218438147 36.251037325710058 4.2922197170555583 75.905261673033237 3.4108916930854312
leaf_count=307 297 68 191 887 34 994 66
internal_value=0.00226343 0.0125199 0 -0.0061761 0.00332854 0.00449356 -0.00984041
internal_weight=170.884 24.4099 146.474 60.5085 20.8465 85.9651 39.6619
internal_count=2844 375 2469 1284 331 1185 953
cat_boundaries=0 1
cat_threshold=160
is_linear=0
shrinkage=0.03


Tree=105
num_leaves=8
num_cat=0
split_feature=17 22 6 2 3 18 6
split_gain=5.84484 5.52271 6.00751 3.46505 3.30206 3.83273 3.25484
threshold=0.062265139174702673 250.50000000000003 0.061083277684425945 -0.95840954017402014 -0.47053662675759106 0.53904297135676515 0.085798286060302931
decision_type=10 2 10 10 8 8 10
left_child=3 -2 -3 4 -1 -6 -4
right_child=1 2 6 -5 5 -7 -8
leaf_value=0.0043740766887257546 0.00022812140919461457 0.0014894616838423223 0.030818180385435393 0.0023843102290165672 0.0057000298189729803 -0.016801964044938687 0.0015481560799870536
leaf_weight=6.9280798621475697 53.696883253753185 21.400036595761776 11.316057493910195 37.044966956600547 3.2013855222612646 26.401000577956438 6.6083002649247637
leaf_count=157 712 237 126 707 77 701 85
internal_value=0.0023443 0.0071348 0.014616 -0.00363416 -0.00940614 -0.0132746 0.0244134
internal_weight=166.597 93.0213 39.3244 73.5754 36.5305 29.6024 17.9244
internal_count=2802 1160 448 1642 935 778 211
is_linear=0
shrinkage=0.03


Tree=106
num_leaves=8
num_cat=0
split_feature=27 6 18 1 32 1 6
split_gain=3.10064 3.65634 4.62587 2.91024 2.78241 5.49902 3.78312
threshold=0.71520000000000017 0.056104277765816765 0.89151280176007541 -1.6417636932737176 10.1906799100543 0.10382377478270928 0.067461069570908208
decision_type=2 8 8 10 10 8 10
left_child=1 2 3 -1 5 6 -3
right_child=-2 4 -4 -5 -6 -7 -8
leaf_value=-0.0010245260526465382 -0.0078090278027040366 -0.0036549328735159875 -0.0040345598822828128 0.015452665223460256 -0.0064027817067577077 -0.0073399623106637822 0.017382437741978084
leaf_weight=9.1163565721362811 25.421043189242482 6.215601475909355 16.749227715656161 34.627775084227324 44.48288020119071 16.28827971406281 16.691029973328114
leaf_count=181 421 96 269 536 797 271 270
internal_value=0.000384365 0.00226223 0.00746531 0.0121014 -0.00165883 0.00358001 0.0117202
internal_weight=169.592 144.171 60.4934 43.7441 83.6778 39.1949 22.9066
internal_count=2841 2420 986 717 1434 637 366
is_linear=0
shrinkage=0.03


Tree=107
num_leaves=8
num_cat=0
split_feature=6 3 2 27 21 1 0
split_gain=4.98188 6.03601 5.52788 4.34139 3.99658 4.27911 4.29684
threshold=0.056104277765816765 0.0860600061250619 -0.27171493735885749 0.72745000000000004 0.49910000000000004 0.8868002640992606 -0.10683492232872115
decision_type=8 10 10 2 2 8 10
left_child=1 3 -2 4 -1 6 -6
right_child=2 -3 -4 -5 5 -7 -8
leaf_value=-0.0039575040357696847 -0.0074466705106456584 -0.0030686590372608572 0.0075310398699601861 -0.0050294832067605188 0.0027743116175039831 -0.0012692341468958264 0.030309592648739288
leaf_weight=3.7527131848037234 72.838327070698142 29.737063355743885 22.481517162173986 5.3540836665779343 10.229650134220718 5.3979818765074006 17.017950333654884
leaf_count=79 1426 404 209 103 229 92 271
internal_value=0.000829228 0.00650873 -0.00345934 0.0130281 0.0164498 0.0194819 0.0233735
internal_weight=166.809 71.4894 95.3198 41.7524 36.3983 32.6456 27.2476
internal_count=2813 1178 1635 774 671 592 500
is_linear=0
shrinkage=0.03


Tree=108
num_leaves=8
num_cat=0
split_feature=5 5 18 2 27 27 2
split_gain=4.00872 4.97118 4.02699 4.0512 8.98755 2.9218 3.02756
threshold=-0.30991265230219295 -0.095582142205157233 0.5592558440817349 -1.1602033170970538 0.55510000000000004 0.47055000000000008 -0.24010858262232684
decision_type=10 10 8 10 2 2 10
left_child=-1 -2 5 -4 -5 -3 -7
right_child=1 2 3 4 -6 6 -8
leaf_value=0.0096106895304674169 -0.01230939621004532 0.020288865841439144 -0.0091743108934070026 0.013669593578728011 -0.0063380289316809935 -0.0092728799059289997 0.0099368537033041431
leaf_weight=31.716793913394213 20.97451707534492 7.4205506928265121 30.456760950386524 28.802096927538514 36.542003763839602 6.4684730172157296 6.9959267638623688
leaf_count=554 498 107 628 351 502 119 57
internal_value=0.00115972 -0.0011053 0.00144892 -0.00127218 0.00280542 0.0113455 0
internal_weight=169.377 137.66 116.686 95.8009 65.3441 20.885 13.4644
internal_count=2816 2262 1764 1481 853 283 176
is_linear=0
shrinkage=0.03


Tree=109
num_leaves=8
num_cat=0
split_feature=7 5 16 29 29 1 1
split_gain=4.58076 3.82188 3.53452 4.38355 5.25631 3.3033 3.27931
threshold=-1.0000000180025095e-35 -0.30991265230219295 -0.39037986359504989 14.500000000000002 25.500000000000004 -1.6417636932737176 -6.9671685148573284
decision_type=8 8 2 2 2 10 8
left_child=-1 5 6 -4 -5 -2 -3
right_child=1 2 3 4 -6 -7 -8
leaf_value=-0.012240021332775497 -0.0019743190242666581 0.011663240938737017 0.018124084399575406 -0.0089081846572981807 0.0097610711210096724 0.020465842465295564 -0.0040174016523849511
leaf_weight=10.459654681384562 5.023342581465843 5.6175665743649006 13.2715767621994 18.141621707007289 20.028450397774577 11.259338079020379 85.70092947781086
leaf_count=257 97 111 114 175 195 201 1700
internal_value=0.00189367 0.00345467 0.00138387 0.00717075 0.000556926 0.0145555 -0.00204
internal_weight=169.502 159.043 142.76 51.4416 38.1701 16.2827 91.3185
internal_count=2850 2593 2295 484 370 298 1811
is_linear=0
shrinkage=0.03


Tree=110
num_leaves=8
num_cat=0
split_feature=18 18 32 2 21 3 26
split_gain=4.31246 6.55746 5.0249 4.78633 4.03825 3.72858 2.88446
threshold=0.53904297135676515 0.50011865699514235 10.001499986472195 -3.9996213253608861 0.64095000000000013 0.70192176585783395 1.5000000000000002
decision_type=8 10 10 8 2 8 2
left_child=1 -1 3 -2 -5 -4 -6
right_child=2 -3 5 4 6 -7 -8
leaf_value=-0.0034723509736881496 -0.01112057604884127 0.022589761798272424 -0.007891816725298104 0.016633833984481029 -0.0073204882522412201 0.0081223496065879908 0.0066333417836634519
leaf_weight=11.042860370129349 6.4446246717125177 11.077819250524042 73.703082639724016 20.613123644143343 13.548636466264723 7.9823590274900189 26.12473601847887
leaf_count=182 145 139 1362 300 201 112 404
internal_value=0.00122549 0.0116146 -0.000741888 0.00493674 0.00797464 -0.00557472 0.00112462
internal_weight=170.537 22.1207 148.417 66.7311 60.2865 81.6854 39.6734
internal_count=2845 321 2524 1050 905 1474 605
is_linear=0
shrinkage=0.03


Tree=111
num_leaves=8
num_cat=0
split_feature=5 16 18 5 6 1 0
split_gain=5.61394 6.66269 4.91319 2.74065 2.62915 3.02163 1.97113
threshold=-0.30991265230219295 0.24435497365858791 0.53904297135676515 -0.10960166346112914 0.028363477976601621 -6.9671685148573284 0.38254834369321289
decision_type=10 2 8 10 8 8 8
left_child=6 2 3 -2 -4 -6 -1
right_child=1 -3 4 -5 5 -7 -8
leaf_value=0.010818452770399356 -0.0070744234239096034 0.010674289207093844 0.003322685031033766 0.011048958511458824 0.0055840125581354478 -0.012131728265232025 -0.0043195814233795765
leaf_weight=29.242388302460313 3.8884132765233543 15.005838584154843 7.9028849843889466 13.56045022793114 3.7641488369554281 88.523862017318606 3.5534329675137988
leaf_count=516 84 109 150 199 73 1652 46
internal_value=-0.00146899 -0.00432137 -0.00691145 0.00546653 -0.00945061 -0.0108718 0.00828514
internal_weight=165.441 132.646 117.64 17.4489 100.191 92.288 32.7958
internal_count=2829 2267 2158 283 1875 1725 562
is_linear=0
shrinkage=0.03


Tree=112
num_leaves=8
num_cat=0
split_feature=5 22 5 3 6 1 7
split_gain=3.70758 4.28586 4.01513 4.30995 4.60172 4.1166 3.16498
threshold=0.14791991857320722 72.500000000000014 -1.0000000180025095e-35 -0.098477915316762477 0.091850884408647304 0.10382377478270928 0.016188784901416637
decision_type=10 2 8 8 8 8 10
left_child=2 -2 3 -1 5 -5 -4
right_child=1 -3 6 4 -6 -7 -8
leaf_value=-0.0054588879252472815 -0.0084898402328850656 0.0083934848167773832 -0.01250768982675902 0.022760245055021111 -0.0075054610608035885 0 0.0050283083288538092
leaf_weight=32.639171842485666 9.6846311148256046 51.965866804122925 41.757335284724832 10.991064192727206 5.5061970818787804 11.022192975506192 5.4530513044446698
leaf_count=718 129 588 757 224 128 220 80
internal_value=-0.000540622 0.00485543 -0.00389085 0.0011124 0.00880262 0.0142948 -0.00977539
internal_weight=169.02 61.6505 107.369 60.1586 27.5195 22.0133 47.2104
internal_count=2844 717 2127 1290 572 444 837
is_linear=0
shrinkage=0.03


Tree=113
num_leaves=8
num_cat=0
split_feature=27 2 2 27 2 27 3
split_gain=5.58438 8.76117 6.17738 4.3831 4.05976 4.44578 3.9036
threshold=0.21170000000000003 -4.3551199158998122 -1.6153538790784483 0.39990000000000003 -0.43202764606913518 0.72745000000000004 -0.39401227958194901
decision_type=2 10 10 2 10 2 10
left_child=1 -1 6 -4 -5 -6 -2
right_child=2 -3 3 4 5 -7 -8
leaf_value=-0.0025724824849784268 0.0021091339626587804 0.029113019232986571 0.015000732208328831 -0.0057500086117656573 0.010540809350429539 -0.0046666480121191744 -0.017952025443158055
leaf_weight=12.461374497041108 8.7710493523627537 6.9836604055017224 11.323680615052579 56.464751502498984 36.174697030335665 20.854742389172316 19.3249720800668
leaf_count=245 184 100 170 1114 278 355 429
internal_value=0.000907055 0.0134299 -0.00118068 0.00177069 -0.000326688 0.00485906 -0.0121943
internal_weight=172.359 19.445 152.914 124.818 113.494 57.0294 28.096
internal_count=2875 345 2530 1917 1747 633 613
is_linear=0
shrinkage=0.03


Tree=114
num_leaves=8
num_cat=0
split_feature=2 32 26 29 21 32 18
split_gain=5.75757 4.56959 3.6724 4.23679 2.84877 2.74268 2.70909
threshold=-0.12139816440845426 10.1906799100543 1.5000000000000002 23.500000000000004 0.64095000000000013 11.649843905410041 1.0808109496470675
decision_type=10 10 2 2 2 8 10
left_child=1 2 4 6 -1 -2 -4
right_child=5 -3 3 -5 -6 -7 -8
leaf_value=0.0047539086967904667 0.00067690084042952852 -0.0068149652614298605 0.017386000968339543 -0.0020591656368595863 -0.011518108316551694 0.020667122287207178 -0.0024304956376664747
leaf_weight=9.5069565419107693 13.450132772326471 76.922238564118743 23.028981339186434 19.290252797305584 14.320521056652067 8.4261434152722341 3.969390293583273
leaf_count=152 109 1495 357 330 241 82 68
internal_value=0.000229366 -0.00202158 0.00320445 0.00781348 -0.0049914 0.012351 0.0141543
internal_weight=168.915 147.038 70.1161 46.2886 23.8275 21.8763 26.9984
internal_count=2834 2643 1148 755 393 191 425
is_linear=0
shrinkage=0.03


Tree=115
num_leaves=8
num_cat=0
split_feature=27 32 25 1 0 3 27
split_gain=3.3272 2.90312 3.40633 3.29958 3.22959 4.98655 3.43048
threshold=0.71520000000000017 11.951378335098926 32.500000000000007 0.90894899748892743 0.15562261050103524 -0.47053662675759106 0.44050000000000006
decision_type=2 8 2 8 10 8 2
left_child=1 4 3 -3 5 6 -1
right_child=-2 2 -4 -5 -6 -7 -8
leaf_value=0.018655251224802497 -0.0078740446798549902 0.017580676508868104 -0.0045000190237758321 -0.003865843001501165 0.0059847358308253449 -0.0076748238032382015 -0.0036773892014229427
leaf_weight=5.5861479211598617 24.366513729095459 21.991364130750299 6.5997695699334136 3.6975480373948839 42.796075843274593 55.640301370993257 5.7442558966577053
leaf_count=115 412 359 107 71 419 1241 110
internal_value=0.000773847 0.00269788 0.0095895 0.0138635 2.95756e-05 -0.0038084 0.00972096
internal_weight=166.422 142.055 32.2887 25.6889 109.767 66.9707 11.3304
internal_count=2834 2422 537 430 1885 1466 225
is_linear=0
shrinkage=0.03


Tree=116
num_leaves=8
num_cat=0
split_feature=18 18 22 18 17 18 25
split_gain=4.4032 5.45486 5.19523 4.75559 5.17701 4.17125 3.3399
threshold=0.55063728013574442 0.50011865699514235 238.50000000000003 0.79242172967074931 -0.11978815004135766 0.749687639074338 18.500000000000004
decision_type=8 10 2 8 8 10 2
left_child=1 -1 3 -2 -5 -4 -7
right_child=2 -3 5 4 -6 6 -8
leaf_value=-0.0021713494768727461 0.0019770477301153939 0.021226501268506798 -0.0023039957922439706 0.0040827841637381124 -0.017045688387705003 0.017313129403274105 0
leaf_weight=11.24778242968023 39.37456831894815 13.585805794224141 27.453022807836533 9.5115856193006021 28.4478860180825 22.424828503280878 15.212194306775926
leaf_count=191 722 184 471 216 448 318 252
internal_value=0.00232121 0.0122252 0 -0.00499357 -0.011636 0.00590414 0.0115743
internal_weight=167.258 24.8336 142.424 77.334 37.9595 65.09 37.637
internal_count=2802 375 2427 1386 664 1041 570
is_linear=0
shrinkage=0.03


Tree=117
num_leaves=8
num_cat=0
split_feature=1 25 32 28 16 29 29
split_gain=3.21468 5.66834 4.22224 4.27702 4.15652 4.06471 2.82676
threshold=0.049970971763623979 9.5000000000000018 10.1906799100543 1.0000000180025095e-35 -0.70236073147940914 15.500000000000002 25.500000000000004
decision_type=8 2 8 2 2 2 2
left_child=1 -1 3 -3 -2 -6 -7
right_child=4 2 -4 -5 5 6 -8
leaf_value=-0.0077779014604947988 -0.011867424512917264 0.0010150809268576614 0.00018346685009011551 0.023101176774603688 0.011722069613478507 -0.011447291455139565 0.0025385690900370382
leaf_weight=20.776241421699524 29.405515018850565 15.460183162242176 37.107625510543585 15.040152901783584 13.623373420909045 15.647292071953414 21.0226637031883
leaf_count=402 697 248 685 211 162 196 278
internal_value=-1.09734e-05 0.00368863 0.00786087 0.0148328 -0.00424701 0.000968366 -0.00407481
internal_weight=168.083 88.3842 67.608 30.5003 79.6988 50.2933 36.67
internal_count=2879 1546 1144 459 1333 636 474
is_linear=0
shrinkage=0.03


Tree=118
num_leaves=8
num_cat=0
split_feature=6 22 17 7 21 25 1
split_gain=4.45667 3.10613 3.94432 3.54023 9.72705 4.23915 2.21598
threshold=0.1063127971192401 238.50000000000003 -0.19213862089957609 0.35777235299619309 0.76805000000000012 14.500000000000002 -1.9786373756666737
decision_type=8 2 10 8 2 2 10
left_child=1 3 -3 -1 5 -5 -7
right_child=-2 2 -4 4 -6 6 -8
leaf_value=-0.012477571234512494 -0.011192588671590746 -0.00618875217259501 0.0097633328221344295 -0.015139689110279221 0.016796758963319912 -0.0090031773831057583 0.0049404157727334311
leaf_weight=13.107108412310479 18.30448455363512 10.704342577606438 56.082381481304765 15.854782147333024 17.567899793386459 6.1678166259080127 27.813576340675358
leaf_count=262 312 235 808 296 297 128 464
internal_value=0.000142871 0.00215211 0.0066175 -0.00164593 0.00136176 -0.00539066 0.000818901
internal_weight=165.602 147.298 66.7867 80.5112 67.4041 49.8362 33.9814
internal_count=2802 2490 1043 1447 1185 888 592
is_linear=0
shrinkage=0.03


Tree=119
num_leaves=8
num_cat=1
split_feature=2 31 27 2 27 2 6
split_gain=4.8275 5.26078 3.94777 6.81276 7.89742 4.1921 2.77398
threshold=-0.12139816440845426 0 0.70085000000000008 -0.91403539186437344 0.21170000000000003 -4.3551199158998122 0.053638216502319036
decision_type=10 1 2 10 2 8 8
left_child=1 2 3 4 5 -1 -3
right_child=-2 6 -4 -5 -6 -7 -8
leaf_value=-0.0025420521729070306 0.013419479211115337 0.00099522514269308215 -0.0085493875907860731 0.016890308100234421 -0.0090459643887009344 0.021888347099844403 -0.010461460799368277
leaf_weight=6.2865912243723869 21.640594575554132 25.712370947003365 8.3309792429208738 30.609224963933229 28.21762403100729 8.3335253130644542 40.067052606493235
leaf_count=144 187 491 141 407 602 88 778
internal_value=0.00236761 4.35526e-05 0.00477135 0.00774363 -0.000126416 0.0135365 -0.00542257
internal_weight=169.198 147.557 81.7779 73.447 42.8377 14.6201 65.7794
internal_count=2838 2651 1382 1241 834 232 1269
cat_boundaries=0 1
cat_threshold=12
is_linear=0
shrinkage=0.03


Tree=120
num_leaves=8
num_cat=0
split_feature=27 27 22 4 6 29 4
split_gain=3.30288 3.34025 2.90946 3.32946 4.04461 3.41293 3.20444
threshold=0.32880000000000004 0.14570000000000002 54.500000000000007 -0.090536385868056221 0.057305815443651854 56.500000000000007 0.35013106303184444
decision_type=2 2 2 8 10 2 10
left_child=1 -1 -2 4 -4 6 -5
right_child=2 -3 3 5 -6 -7 -8
leaf_value=-0.0057349760739330491 -0.012341516798116712 0.010775461093883772 0.018290901646628752 -0.0067584332118505895 -0.0027515331590520814 0.010896717196287636 0.0080155895333122416
leaf_weight=8.2475494761019927 14.859475664794443 31.270080516114831 8.7591807749122399 83.668543988838792 10.630916249006985 6.1067382059991351 7.6647898890078059
leaf_count=150 261 598 188 1294 253 101 46
internal_value=-0.000123465 0.00662857 -0.00252059 -0.000440431 0.0087724 -0.00294249 -0.00482188
internal_weight=171.207 39.5176 131.69 116.83 19.3901 97.4401 91.3333
internal_count=2891 748 2143 1882 441 1441 1340
is_linear=0
shrinkage=0.03


Tree=121
num_leaves=8
num_cat=0
split_feature=2 32 5 1 5 22 25
split_gain=4.60693 4.17037 3.54517 3.08974 2.8395 3.20077 3.98904
threshold=-0.12139816440845426 11.207375904300799 -0.30991265230219295 -1.7940925238607317 0.14791991857320722 262.50000000000006 25.500000000000004
decision_type=10 8 8 10 8 2 2
left_child=2 -2 3 -1 -4 -6 -7
right_child=1 -3 4 -5 5 6 -8
leaf_value=-0.0044066750606112249 -0.00065012156964470969 0.020888475925098949 -0.0065909137173000478 0.015249055357933056 -0.0030608584832032383 0.016185705019580551 -0.0043995315186750464
leaf_weight=5.0931578613817718 11.191491045057775 10.666890475898979 68.174837393686175 12.747250135987995 39.732914995402098 14.649113055318596 7.6080411411821833
leaf_count=104 94 103 1494 240 550 182 99
internal_value=0.00135431 0.0121388 -0.000683073 0.00943014 -0.00264352 0.00174053 0.00935064
internal_weight=169.864 21.8584 148.005 17.8404 130.165 61.9901 22.2572
internal_count=2866 197 2669 344 2325 831 281
is_linear=0
shrinkage=0.03


Tree=122
num_leaves=8
num_cat=1
split_feature=31 25 1 21 21 21 1
split_gain=3.64187 3.80696 3.92175 3.67155 3.78181 3.34779 3.29037
threshold=0 36.500000000000007 -6.9671685148573284 0.76805000000000012 0.63575000000000015 0.85325000000000017 0.57161690877492755
decision_type=1 2 8 2 2 2 10
left_child=3 2 -2 4 -1 -5 -6
right_child=1 -3 -4 5 6 -7 -8
leaf_value=0.0077073821108131178 0.0093667193098887474 0.0097559859732896589 -0.0095490866716437788 0.018172031741342888 -0.0098766244863140694 -0.0029456686943954546 0.0052686922092922157
leaf_weight=26.662124959751964 4.0978285595774651 5.8504064921289674 66.637624455615878 15.111775973811747 30.480588786303997 5.2024539429694405 11.892642783001063
leaf_count=425 70 99 1217 233 497 96 189
internal_value=-0.000266063 -0.00459138 -0.00742238 0.00347465 0 0.0129298 -0.00516644
internal_weight=165.935 76.5859 70.7355 89.3496 69.0354 20.3142 42.3732
internal_count=2826 1386 1287 1440 1111 329 686
cat_boundaries=0 1
cat_threshold=12
is_linear=0
shrinkage=0.03


Tree=123
num_leaves=8
num_cat=0
split_feature=18 18 2 3 27 1 3
split_gain=4.54935 4.12377 4.10741 6.81104 4.59491 3.48038 3.69828
threshold=0.53904297135676515 0.50011865699514235 -1.6153538790784483 -0.47053662675759106 0.45865000000000006 0.48965201648588325 0.17052406051197103
decision_type=8 10 10 10 2 8 10
left_child=1 -1 3 -2 5 6 -4
right_child=2 -3 4 -5 -6 -7 -8
leaf_value=-0.00079626098694500632 0.0067751400291847456 0.020460801646736738 0.024689578144895735 -0.015175718088196458 -0.0012205199814505374 -0.0035438239942892518 0
leaf_weight=11.245505424216391 12.683345241472123 10.900635769590734 9.7984448410570639 28.656982194632292 81.804899653419852 5.3970887549221542 7.6106768939644089
leaf_count=186 240 138 186 646 1273 93 84
internal_value=0.00116584 0.0118223 -0.000884017 -0.00813054 0.00222063 0.0121624 0.0172046
internal_weight=168.098 22.1461 145.951 41.3403 104.611 22.8062 17.4091
internal_count=2846 324 2522 886 1636 363 270
is_linear=0
shrinkage=0.03


Tree=124
num_leaves=8
num_cat=1
split_feature=30 25 25 16 3 6 32
split_gain=3.57302 5.09695 6.18628 3.94995 5.12981 3.77669 2.9805
threshold=0 29.500000000000004 20.500000000000004 -1.1155180317065569 0.25741759599474173 0.091850884408647304 11.279188329632326
decision_type=1 2 2 2 10 10 10
left_child=1 2 3 -1 -5 -3 -2
right_child=6 5 -4 4 -6 -7 -8
leaf_value=-0.0049030472361345605 -0.0089777646113329227 0.0174850531342058 -0.011237317436646355 0.01575690948660613 -0.0035607462228084506 -0.0046244841395172119 0.0037543680400328942
leaf_weight=17.436569599434733 40.923492969945073 24.175387484952811 22.13396392390132 28.462742721661925 13.273589212447403 3.9984108917415133 17.556314235553145
leaf_count=369 777 361 387 432 120 77 328
internal_value=0.000876758 0.00390295 0 0.00512221 0.0097271 0.0136038 -0.00429232
internal_weight=167.96 109.481 81.3069 59.1729 41.7363 28.1738 58.4798
internal_count=2851 1746 1308 921 552 438 1105
cat_boundaries=0 1
cat_threshold=172
is_linear=0
shrinkage=0.03


Tree=125
num_leaves=8
num_cat=0
split_feature=7 6 3 22 1 32 26
split_gain=2.62714 2.40883 2.03567 2.01208 1.43717 2.34488 6.02063
threshold=-1.0000000180025095e-35 0.1063127971192401 -0.1641608870993522 62.500000000000007 0.8868002640992606 10.1906799100543 2.5000000000000004
decision_type=8 8 8 2 8 8 2
left_child=-1 3 -3 -2 5 6 -5
right_child=1 2 -4 4 -6 -7 -8
leaf_value=-0.01058166547709795 -0.0047063675094760477 0.0045673821069998344 -0.011238550788931136 0.00048861771144796402 -0.0023013614565929046 0.0013460999956881349 0.022268426870092707
leaf_weight=10.394310755655168 18.346495445817709 4.0329640191048384 14.506437959149482 27.384771093726158 17.376256784424186 62.986108459532261 14.164293253794311
leaf_count=256 326 70 229 411 301 1058 197
internal_value=9.24914e-05 0.00135512 -0.00689468 0.00285996 0.00433378 0.00565519 0.0106128
internal_weight=169.192 158.797 18.5394 140.258 121.911 104.535 41.5491
internal_count=2848 2592 299 2293 1967 1666 608
is_linear=0
shrinkage=0.03


Tree=126
num_leaves=8
num_cat=0
split_feature=7 27 1 27 3 27 32
split_gain=3.33432 3.14551 2.33789 3.31659 4.15612 3.00289 2.59671
threshold=0.027497093839756299 0.51285000000000014 0.27637719668734467 0.62550000000000006 0.23636605156723639 0.21170000000000003 10.768579810257661
decision_type=10 2 8 2 8 2 8
left_child=2 -2 6 5 -5 -4 -1
right_child=1 -3 3 4 -6 -7 -8
leaf_value=0.0065637002114895997 0.019360063769130742 -0.00063963172419682739 0.0038615410260720829 -0.0061349617530114297 0.014859278781318427 -0.01220475458728185 -0.0029472741939028041
leaf_weight=50.179520063102245 7.9182439781725433 9.3967682328075153 7.8964344710111609 10.098815800622104 8.0422036740928906 35.99341226555407 37.555473297834396
leaf_count=859 117 125 146 181 74 630 719
internal_value=0.00103641 0.0111416 -0.000542548 -0.00475796 0.00429746 -0.00887542 0.00242971
internal_weight=167.081 17.315 149.766 62.0309 18.141 43.8898 87.735
internal_count=2851 242 2609 1031 255 776 1578
is_linear=0
shrinkage=0.03


Tree=127
num_leaves=8
num_cat=0
split_feature=5 16 1 16 1 3 25
split_gain=3.14088 3.90192 2.39012 2.93734 3.69014 4.48019 2.95065
threshold=-0.30991265230219295 -2.0664050690511808 0.85913981076322277 -0.88060857525158753 -1.1100673658308329 0.0860600061250619 31.500000000000004
decision_type=8 2 8 2 10 10 2
left_child=1 -1 3 -2 -5 6 -6
right_child=2 -3 -4 4 5 -7 -8
leaf_value=-0.0062146874671228014 -0.0036563187784016005 0.016483216677644696 -0.0075674083782546883 -0.0056668955298922446 0.021946412369681336 0.0010076520694677412 -0.00031887982769106125
leaf_weight=3.7101386878639486 50.486665906384587 14.625892324373124 25.224652461707592 14.780023356899617 15.576532654464247 37.844505682587624 4.9585502184927455
leaf_count=79 1192 268 437 177 225 412 70
internal_value=0.00125733 0.0108282 -0.000317962 0.00141702 0.0051182 0.00842855 0.0174623
internal_weight=167.207 18.336 148.871 123.646 73.1596 58.3796 20.5351
internal_count=2860 347 2513 2076 884 707 295
is_linear=0
shrinkage=0.03


Tree=128
num_leaves=8
num_cat=1
split_feature=30 2 1 2 1 4 2
split_gain=4.14716 3.43452 3.60343 4.01165 4.07015 2.88935 4.03648
threshold=0 -0.12139816440845426 0.049970971763623979 -0.58889181183342532 -2.235303652665904 -0.27983439623801259 -0.39926954780594753
decision_type=1 8 8 10 10 8 10
left_child=1 2 3 4 -1 -2 -7
right_child=5 -3 -4 -5 -6 6 -8
leaf_value=-0.00048700488394763772 0.010051409862425443 0.016781866826679117 -0.0041520907609642384 -0.004238123704385934 0.019060872068959862 -0.01007792840906978 0.003292337043926456
leaf_weight=11.958923181518911 4.1905889734625816 12.878726754337547 34.249093735590577 12.401854801923038 19.234885284677148 49.553489511832595 24.39590354450047
leaf_count=263 102 103 594 175 311 1033 262
internal_value=0.00131213 0.00522331 0.00235906 0.00761566 0.0126143 -0.0033371 -0.00559323
internal_weight=168.863 90.7235 77.8448 43.5957 31.1938 78.14 73.9494
internal_count=2843 1446 1343 749 574 1397 1295
cat_boundaries=0 1
cat_threshold=140
is_linear=0
shrinkage=0.03


Tree=129
num_leaves=8
num_cat=0
split_feature=2 27 18 0 27 2 18
split_gain=4.45909 8.35408 5.55678 3.55623 2.99875 4.16024 2.99071
threshold=-0.91403539186437344 0.55510000000000004 0.55063728013574442 -0.0097751738381945934 0.18815000000000001 -3.9996213253608861 0.94238845887751188
decision_type=8 2 8 10 2 10 10
left_child=2 3 -1 -2 5 -4 -5
right_child=1 -3 4 6 -6 -7 -8
leaf_value=0.010889896138006018 -0.0020405315108749044 -0.001926818299473066 -0.0073273526782403316 0.023311584315898408 -0.012016777540448552 0.015845998384749083 0
leaf_weight=7.994960142299532 5.8213934227824238 68.093649497255683 9.0567496959120017 19.267721422016624 47.215012591332197 3.6464859042316666 6.3223994113504878
leaf_count=159 100 1001 218 188 1081 37 58
internal_value=2.07969e-05 0.00403145 -0.00546352 0.0150976 -0.00889212 0.00215277 0.0190003
internal_weight=167.418 99.5052 67.9132 31.4115 59.9182 12.7032 25.5901
internal_count=2842 1347 1495 346 1336 255 246
is_linear=0
shrinkage=0.03


Tree=130
num_leaves=8
num_cat=0
split_feature=18 21 6 5 1 4 17
split_gain=6.18508 3.8694 3.59087 3.13403 2.23621 2.79555 3.41416
threshold=0.55063728013574442 0.82135000000000014 0.094141660414923473 -0.12153552059407646 0.85913981076322277 -0.090536385868056221 0.19968174303262662
decision_type=8 2 8 10 8 8 10
left_child=1 3 4 -1 5 -2 -7
right_child=2 -3 -4 -5 -6 6 -8
leaf_value=-0.0012688625859596438 0.011413134843242103 -0.0050951241207439447 -0.010461313642176388 0.021176101150095456 -0.0069474526669769483 -0.0044221320663913374 0.0070916693199654232
leaf_weight=4.5153930727392497 17.66522729024291 4.1384978517889968 23.636435640975833 17.552249331027269 18.230582371354103 51.667647866532207 29.897407567128539
leaf_count=90 403 74 427 221 332 1022 259
internal_value=0.00115796 0.0126693 -0.00144453 0.016969 0.000801705 0.00277737 0
internal_weight=167.303 26.2061 141.097 22.0676 117.461 99.2303 81.5651
internal_count=2828 385 2443 311 2016 1684 1281
is_linear=0
shrinkage=0.03


Tree=131
num_leaves=8
num_cat=0
split_feature=5 16 2 4 27 22 5
split_gain=3.31391 3.38141 3.25929 2.57578 2.19476 1.47684 2.40152
threshold=-0.30991265230219295 0.24435497365858791 -0.95840954017402014 0.35013106303184444 0.39990000000000003 212.50000000000003 0.14791991857320722
decision_type=10 2 8 8 2 2 10
left_child=2 5 4 -4 -1 -2 -7
right_child=1 -3 3 -5 -6 6 -8
leaf_value=0.0049081105668803632 -0.0072971725665376677 0.0080165536295128143 0.021185019593890984 0 -0.011038027038715951 -0.00504708837273942 0.005640923815764495
leaf_weight=10.635080723091958 57.657638831064105 16.294930573552847 8.6565559320151824 7.6421936750412014 5.0055419635027638 37.322105640545487 24.122146498411894
leaf_count=204 1134 116 134 91 113 755 296
internal_value=0 -0.00220995 0.00755919 0.0145687 -0.00156901 -0.00414361 -0.000468665
internal_weight=167.336 135.397 31.9394 16.2987 15.6406 119.102 61.4443
internal_count=2843 2301 542 225 317 2185 1051
is_linear=0
shrinkage=0.03


Tree=132
num_leaves=8
num_cat=2
split_feature=31 32 18 3 30 2 4
split_gain=3.37844 5.01307 4.39934 4.59302 3.77034 3.65884 3.14649
threshold=0 9.6938251893049401 0.53904297135676515 0.50966488437186064 1 -2.1823538595135736 -0.082124389746455292
decision_type=1 8 10 8 1 8 8
left_child=1 4 -2 6 -1 -6 -4
right_child=2 -3 3 -5 5 -7 -8
leaf_value=0.0069124356345988897 0.0087225591298449867 0.0096911311423576139 0.00095837075118608952 0.0043566644727358753 0.0049031892037152292 -0.013601539516390279 -0.015336068233599473
leaf_weight=8.8554823808372003 9.6196890752762538 47.297382067888975 10.401676630601285 14.602949721738694 7.2787271831184626 25.890522241592407 39.977820066735148
leaf_count=133 148 756 270 197 145 398 749
internal_value=-0.000322881 0.0032657 -0.00454626 -0.00807978 -0.00340655 -0.0072514 -0.0120446
internal_weight=163.924 89.3221 74.6021 64.9824 42.0247 33.1692 50.3795
internal_count=2796 1432 1364 1216 676 543 1019
cat_boundaries=0 1 2
cat_threshold=12 10
is_linear=0
shrinkage=0.03


Tree=133
num_leaves=8
num_cat=2
split_feature=7 30 16 32 7 30 29
split_gain=2.60841 1.78094 1.67557 1.7616 1.6705 1.47134 3.35976
threshold=0.016188784901416637 0 -0.3086786344750071 10.870074095990228 0.18126705451706523 1 21.500000000000004
decision_type=8 1 2 8 10 1 2
left_child=-1 2 3 -2 5 -3 -7
right_child=1 4 -4 -5 -6 6 -8
leaf_value=-0.011638139976419689 0.016962607685876745 0.00076754063837085047 -0.0020752358061204507 -0.00072199157920840862 0.0079391655351388254 -0.011138171229668176 0.0012337125168813481
leaf_weight=11.392079908400772 8.7993389144539833 63.498965673148632 5.4447387456893912 4.1605173274874696 6.9460110925137988 35.61458657681942 29.922475878149271
leaf_count=286 128 1145 41 62 65 632 478
internal_value=-0.00126711 0 0.00599594 0.012461 -0.00138191 -0.00252815 -0.00507561
internal_weight=165.779 154.387 18.4046 12.9599 135.982 129.036 65.5371
internal_count=2837 2551 231 190 2320 2255 1110
cat_boundaries=0 1 2
cat_threshold=8 37
is_linear=0
shrinkage=0.03


Tree=134
num_leaves=8
num_cat=0
split_feature=4 6 6 2 7 32 6
split_gain=4.05227 6.01358 6.02078 4.46882 3.73732 3.21145 2.33297
threshold=-0.090536385868056221 0.060035806120608846 0.046650734569235998 -0.12139816440845426 0.10883183659255806 10.58062780268255 0.028363477976601621
decision_type=8 8 10 8 10 8 8
left_child=1 2 -1 4 6 -5 -2
right_child=3 -3 -4 5 -6 -7 -8
leaf_value=0 0.0051123675195143322 -0.002584551090814896 0.032071482424686708 -0.0030699026956209374 0.010172308569248922 0.015664999544674096 -0.0069486386179642276
leaf_weight=9.2068525794893521 9.4131088946014625 15.470698710530995 6.0595284774899474 7.8422950059175518 7.7058124840259543 13.70162909850478 94.912789516150951
leaf_count=207 163 364 123 67 93 115 1717
internal_value=0.00129431 0.00988772 0.0197144 -0.00102416 -0.00363502 0.00935291 -0.00544026
internal_weight=164.313 30.7371 15.2664 133.576 112.032 21.5439 104.326
internal_count=2849 694 330 2155 1973 182 1880
is_linear=0
shrinkage=0.03


Tree=135
num_leaves=8
num_cat=1
split_feature=27 30 27 1 27 6 1
split_gain=3.18377 4.47283 3.79026 2.78535 3.20456 2.96272 5.19389
threshold=0.71520000000000017 0 0.65790000000000015 0.53118474423898643 0.14570000000000002 0.047747460872056259 -1.3617152947239801
decision_type=2 1 2 8 2 10 10
left_child=1 2 -1 4 -3 -6 -7
right_child=-2 3 -4 -5 5 6 -8
leaf_value=-0.010618012347347491 -0.0059785419886876556 -0.0060393353291733507 0.0090222823186101447 0 0.0020682398975384818 0.00076079900903182633 0.021518769684241511
leaf_weight=24.515096172690395 25.109739637002349 4.463190557435154 4.5249239187687627 36.030191212892532 27.766112370416522 17.896368822082877 31.639455907046795
leaf_count=507 420 84 45 596 437 349 469
internal_value=0.00245197 0.00422492 -0.00461824 0.00652754 0.00987463 0.0114495 0.0154285
internal_weight=171.945 146.835 29.04 117.795 81.7651 77.3019 49.5358
internal_count=2907 2487 552 1935 1339 1255 818
cat_boundaries=0 1
cat_threshold=80
is_linear=0
shrinkage=0.03


Tree=136
num_leaves=8
num_cat=0
split_feature=7 7 2 4 21 29 4
split_gain=3.77367 3.28061 3.64125 3.81792 3.77372 2.59195 2.54466
threshold=-1.0000000180025095e-35 0.22420837354962356 -4.3551199158998122 -0.12263693616826953 0.65350000000000008 31.500000000000004 0.14668392030419972
decision_type=8 8 8 8 2 2 10
left_child=-1 -2 -3 -4 5 -5 -6
right_child=1 2 3 4 6 -7 -8
leaf_value=-0.012118804800214352 0.012951808994120037 -0.013081857504131293 0.012280353682486129 0.010064220937782859 -0.0087281769856841166 -0.0040146872763714364 0.0013662210961489642
leaf_weight=10.350172892212866 14.160171264782546 8.0091056600213033 18.454911904409528 31.169988568872213 40.439261998981237 9.917978158220647 34.351169152185321
leaf_count=266 237 196 402 432 837 195 278
internal_value=0.000700212 0.0021873 0.000384468 0.00198289 -0.000223163 0.00625979 -0.00422664
internal_weight=166.853 156.503 142.342 134.333 115.878 41.088 74.7904
internal_count=2843 2577 2340 2144 1742 627 1115
is_linear=0
shrinkage=0.03


Tree=137
num_leaves=8
num_cat=1
split_feature=27 18 18 30 25 25 27
split_gain=3.91686 2.58597 3.41873 3.41682 3.30583 3.44835 2.72435
threshold=0.71520000000000017 0.5592558440817349 0.48408655777444304 0 10.500000000000002 20.500000000000004 0.67005000000000015
decision_type=2 8 10 1 2 2 2
left_child=1 2 -1 4 -3 -6 -5
right_child=-2 3 -4 6 5 -7 -8
leaf_value=-0.0035051402538757732 -0.008955420592631649 -0.0057523400784031042 0.016633426745021513 -0.0059230611708701846 0.017884508277477479 0.00056626147416343853 0.0087639674387097258
leaf_weight=6.3755923565477159 25.498689632862806 8.6161324828863126 13.91250449977815 66.580742452293634 16.732079885900021 21.969735460355878 5.4150456003844729
leaf_count=112 431 139 208 1313 224 332 65
internal_value=0.000223163 0.0023958 0.0105731 0.000310515 0.0055683 0.0101557 -0.00343546
internal_weight=165.101 139.602 20.2881 119.314 47.3179 38.7018 71.9958
internal_count=2824 2393 320 2073 695 556 1378
cat_boundaries=0 1
cat_threshold=138
is_linear=0
shrinkage=0.03


Tree=138
num_leaves=8
num_cat=1
split_feature=2 30 1 1 32 29 25
split_gain=4.64877 5.60709 8.1788 5.76105 4.89299 4.15841 3.00108
threshold=-0.16535915822265893 0 0.76424320750045405 -1.7940925238607317 11.207375904300799 10.500000000000002 3.5000000000000004
decision_type=8 1 8 10 8 2 2
left_child=1 6 3 -3 -2 -5 -1
right_child=4 2 -4 5 -6 -7 -8
leaf_value=0.0053916214129530737 -0.0016656854186157576 -0.0059402804754712388 -0.012294875904354704 -0.0058828343743516955 0.019241758234184784 0.015171591834940929 -0.011144645200101186
leaf_weight=5.5824521463364354 13.978003580123188 13.552387051284311 14.460889143869279 4.4799959082156411 14.48088691011071 48.146164244040847 50.38460205309093
leaf_count=126 119 245 271 81 137 725 1100
internal_value=0.000853706 -0.00150904 0.00333769 0.00836336 0.0104491 0.0125921 -0.00760398
internal_weight=165.065 136.606 80.6394 66.1785 28.4589 52.6262 55.9671
internal_count=2804 2548 1322 1051 256 806 1226
cat_boundaries=0 1
cat_threshold=84
is_linear=0
shrinkage=0.03


Tree=139
num_leaves=8
num_cat=1
split_feature=30 27 1 1 22 27 3
split_gain=6.19315 6.05253 4.5127 5.37275 4.19633 3.02733 2.5815
threshold=0 0.32880000000000004 0.85913981076322277 -2.7548364408805819 72.500000000000014 0.49435000000000007 1.0000000180025095e-35
decision_type=1 2 8 10 2 2 10
left_child=5 2 3 -2 -3 -1 -6
right_child=1 4 -4 -5 6 -7 -8
leaf_value=-0.015060243606828339 -0.0034106087469560806 -0.010892802395732636 -0.0042014494869562959 0.024438452070902311 -0.001107563590340575 0 0.0087216875541612331
leaf_weight=16.246416898444295 4.4820203017443481 12.497080618515609 4.6718052756041315 22.403168285265561 39.069999756291509 26.267886597663164 41.550020523369312
leaf_count=392 91 230 103 335 715 415 562
internal_value=0.00210953 0.00531947 0.0156027 0.0196483 0.00125356 -0.00618673 0.00411901
internal_weight=167.188 124.674 31.557 26.8852 93.1171 42.5143 80.62
internal_count=2843 2036 529 426 1507 807 1277
cat_boundaries=0 1
cat_threshold=82
is_linear=0
shrinkage=0.03


Tree=140
num_leaves=8
num_cat=1
split_feature=27 2 22 30 21 7 22
split_gain=2.9688 4.80793 3.48006 2.85805 3.80505 3.88535 1.96594
threshold=0.72745000000000004 -0.27171493735885749 268.50000000000006 0 0.76805000000000012 0.10883183659255806 54.500000000000007
decision_type=2 10 2 1 2 8 2
left_child=1 2 3 -1 -5 -6 -7
right_child=-2 -3 -4 4 5 6 -8
leaf_value=0.0049004280261757587 -0.0091474638669035175 0.011728870092430446 0.0048074749139431425 -0.011353690650733628 -0.0095009428790905591 -0.00115815947614436 0.0171480843340177
leaf_weight=10.818728290498257 22.3985152579844 22.94664841145277 42.868107268586755 52.572345061227679 5.5010611861944199 4.6056771799922007 6.5003171972930431
leaf_count=161 385 126 758 1081 149 90 116
internal_value=-0.000546321 0.00108444 -0.00138438 -0.00500823 -0.00684725 0.00307962 0.0114652
internal_weight=168.211 145.813 122.866 79.9981 69.1794 16.6071 11.106
internal_count=2866 2481 2355 1597 1436 355 206
cat_boundaries=0 1
cat_threshold=8
is_linear=0
shrinkage=0.03


Tree=141
num_leaves=8
num_cat=0
split_feature=18 16 1 5 32 1 1
split_gain=3.95771 4.13895 3.92116 2.77433 2.56103 1.99176 2.30095
threshold=0.86447853632967886 -0.70236073147940914 -0.70071747366740322 1.0000000180025095e-35 8.9747889095080371 0.27637719668734467 -1.9786373756666737
decision_type=8 2 8 10 10 8 10
left_child=1 4 -2 -3 -1 6 -6
right_child=2 3 -4 -5 5 -7 -8
leaf_value=0.010576356221521584 0.0046731027895561628 0.019964189158699224 -0.010415548033905486 0.0042623946228218228 -0.0077489171344079155 -0.01168550941275766 0.0049618315373696582
leaf_weight=4.6558372955769292 16.851588236168027 9.8054253812879306 34.912537723779678 48.888827264308929 13.220636807382101 12.743585426360367 24.358179083094004
leaf_count=98 290 140 588 525 323 326 522
internal_value=0.000978468 0.00411371 -0.0052845 0.0091905 -0.00154701 -0.00422274 0
internal_weight=165.437 113.672 51.7641 58.6943 54.9782 50.3224 37.5788
internal_count=2812 1934 878 665 1269 1171 845
is_linear=0
shrinkage=0.03


Tree=142
num_leaves=8
num_cat=0
split_feature=5 18 1 1 27 6 3
split_gain=3.04057 4.01036 3.85577 3.31046 3.89183 3.64065 4.88298
threshold=-0.49138392644306683 0.86447853632967886 -0.61055460616457291 -1.1100673658308329 0.71520000000000017 0.056104277765816765 0.065902584153307922
decision_type=8 8 8 10 2 10 10
left_child=-1 3 -3 -2 5 6 -5
right_child=1 2 -4 4 -6 -7 -8
leaf_value=0.010954834863408269 -0.0065713737988636793 0.0012092605093476491 -0.014499724071749888 0.021081010528093202 -0.0075277300693380395 0 0
leaf_weight=9.3728175275027734 28.597147515043616 18.267443798482418 28.758674118667841 17.848032999783754 12.988790744915603 35.649681728333235 14.597887588664888
leaf_count=176 573 297 512 294 208 605 168
internal_value=-0.000893517 -0.00219091 -0.00883628 0.000937839 0.00410689 0.00708133 0.0132422
internal_weight=166.08 156.708 47.0261 109.682 81.0844 68.0956 32.4459
internal_count=2833 2657 809 1848 1275 1067 462
is_linear=0
shrinkage=0.03


Tree=143
num_leaves=8
num_cat=1
split_feature=30 27 2 2 21 0 3
split_gain=3.98848 3.22187 5.58909 3.57746 2.78146 3.74386 2.66044
threshold=0 0.21170000000000003 -3.9996213253608861 -0.43202764606913518 0.84100000000000008 0.3354629038381613 0.33433443384468842
decision_type=1 2 8 10 2 8 10
left_child=-1 2 -2 6 5 -5 -3
right_child=1 3 -4 4 -6 -7 -8
leaf_value=-0.0077531904198182618 -0.0027762139972648471 -0.00042470876547760414 0.023350348110049844 0.013846951447345353 -0.0054085850346460296 -0.0051419170112270421 -0.013608561854011476
leaf_weight=29.284131556749344 9.3705722559243423 67.174672646448016 7.756801754236224 29.705018822103739 7.2665394097566596 6.4506602436304084 10.461630275472997
leaf_count=565 213 1381 73 330 121 42 140
internal_value=-5.60722e-05 0.00218819 0.0121263 0.000170942 0.00651907 0.00980158 -0.00348174
internal_weight=167.47 138.186 17.1274 121.059 43.4222 36.1557 77.6363
internal_count=2865 2300 286 2014 493 372 1521
cat_boundaries=0 1
cat_threshold=66
is_linear=0
shrinkage=0.03


Tree=144
num_leaves=8
num_cat=2
split_feature=18 28 5 22 0 31 30
split_gain=3.69128 4.94594 4.60668 4.71539 3.73415 3.32348 2.6986
threshold=0.53904297135676515 -1.0000000180025095e-35 1.0000000180025095e-35 351.50000000000006 -0.10683492232872115 0 1
decision_type=8 2 10 2 10 1 1
left_child=1 -1 4 -4 5 -2 -6
right_child=2 -3 3 -5 6 -7 -8
leaf_value=-0.0052501850825506444 0.0057484069474574026 0.017788285229021521 -0.008732476188137217 0.0084131112817469027 0.012962683525163584 -0.0079171403522003414 -0.0027744762752434258
leaf_weight=7.3305166698992279 11.979304751381278 14.898657670244573 68.919182537123561 10.204542625695465 22.230665314942598 17.833409251645207 10.132501961663364
leaf_count=126 270 196 1060 135 374 445 202
internal_value=0.000730963 0.0103159 -0.00114842 -0.00577957 0.00451835 -0.00254848 0.0106147
internal_weight=163.529 22.2292 141.3 79.1237 62.1759 29.8127 32.3632
internal_count=2808 322 2486 1195 1291 715 576
cat_boundaries=0 1 2
cat_threshold=4 180
is_linear=0
shrinkage=0.03


Tree=145
num_leaves=8
num_cat=1
split_feature=2 7 27 27 30 27 27
split_gain=6.44622 3.30329 3.15881 2.51383 2.51167 3.98204 3.61951
threshold=-0.39926954780594753 0.016188784901416637 0.71520000000000017 0.47055000000000008 0 0.58345000000000014 0.62550000000000006
decision_type=8 10 2 2 1 2 2
left_child=1 4 -2 -3 -1 -6 -7
right_child=2 3 -4 -5 5 6 -8
leaf_value=0.00044835946213881415 0.014766346702944364 0.015902494780512193 0 -0.0039064794547770381 -0.013351234690840673 0.016518514081119449 -0.007229545714970009
leaf_weight=57.014487277716398 30.767969597131014 6.6842943131923658 21.862299375236034 3.6707418486475945 38.047693554311991 3.1407563835382453 4.2378500327467918
leaf_count=1079 209 101 349 63 864 63 102
internal_value=0.00164649 -0.00234015 0.00961935 0.00942114 -0.00426116 -0.00818649 0.0052381
internal_weight=165.426 112.796 52.6303 10.355 102.441 45.4263 7.37861
internal_count=2830 2272 558 164 2108 1029 165
cat_boundaries=0 1
cat_threshold=140
is_linear=0
shrinkage=0.03


Tree=146
num_leaves=8
num_cat=0
split_feature=6 25 7 27 27 18 29
split_gain=3.62232 3.29071 3.05153 2.93489 3.16541 3.01837 2.22192
threshold=0.091850884408647304 29.500000000000004 0.027497093839756299 0.49435000000000007 0.70085000000000008 0.8255282788967554 18.500000000000004
decision_type=8 2 8 2 2 10 2
left_child=1 2 -1 5 -5 -3 -2
right_child=6 3 -4 4 -6 -7 -8
leaf_value=-0.012441789580963388 0.0012800176342648995 0.021245611545069765 0.0018498170193382499 -0.0085865935084356252 0.010485167228210229 -0.00072489971943000124 -0.012574921218256083
leaf_weight=7.5516050197184086 12.164701497182252 13.022593664005401 91.075676628388464 9.7187570706009847 6.030304765328764 5.2494835555553427 18.024628566578031
leaf_count=193 200 243 1508 151 73 92 329
internal_value=0.000616581 0.00289219 0 0.00992357 0 0.0160639 -0.00750069
internal_weight=162.838 132.648 98.6273 34.0211 15.7491 18.2721 30.1893
internal_count=2789 2260 1701 559 224 335 529
is_linear=0
shrinkage=0.03


Tree=147
num_leaves=8
num_cat=0
split_feature=0 4 32 3 4 3 16
split_gain=3.64702 2.82322 2.69841 2.51436 2.26607 4.93882 3.90565
threshold=-0.10683492232872115 -0.090536385868056221 10.14500820531264 0.13074601924416843 0.080538474481775216 0.0860600061250619 -0.39037986359504989
decision_type=10 8 10 10 10 10 2
left_child=3 2 -2 -1 -3 -6 -7
right_child=1 4 -4 -5 5 6 -8
leaf_value=-0.0098125567197779352 -0.0028410728856737228 -0.0038565899334801479 0.019112977660267778 0.0068977217095675322 0.014355666370644705 -0.011921190590263895 0.0040262025542441423
leaf_weight=36.848810931667686 3.2426912486553174 50.8433609418571 7.2611640598624945 2.8505712263286105 18.731125893071294 13.105201330035923 31.16448961570859
leaf_count=879 70 1000 143 73 217 187 235
internal_value=-0.000160414 0.00232447 0.0132267 -0.0073426 0.000393071 0.00408204 -0.00150977
internal_weight=164.047 124.348 10.5039 39.6994 113.844 63.0008 44.2697
internal_count=2804 1852 213 952 1639 639 422
is_linear=0
shrinkage=0.03


Tree=148
num_leaves=8
num_cat=0
split_feature=2 4 27 27 2 22 2
split_gain=4.08347 4.53448 4.45878 4.34408 4.25903 3.43303 2.88991
threshold=-0.24010858262232684 -0.090536385868056221 0.21170000000000003 0.76330000000000009 -3.9996213253608861 78.500000000000014 -4.3551199158998122
decision_type=10 8 2 2 8 2 10
left_child=1 5 4 -2 -3 -1 -7
right_child=3 2 -4 -5 -6 6 -8
leaf_value=-0.007096185701192032 0.016088868298577325 -0.0043161330557679803 -0.0066427946106129739 -0.0024097001516904379 0.018674996260109888 -0.0046245995333490551 0.015653514112329174
leaf_weight=4.1444090995937612 21.857443377375603 8.2239750698208791 89.368632856756449 13.506619080901144 6.4321264419704667 2.8524260688573149 21.669780198484659
leaf_count=104 128 191 1654 199 66 65 484
internal_value=0.0015013 -0.000954114 -0.00399291 0.00953665 0.00814328 0.00812917 0.0122762
internal_weight=168.055 132.691 104.025 35.3641 14.6561 28.6666 24.5222
internal_count=2891 2564 1911 327 257 653 549
is_linear=0
shrinkage=0.03


Tree=149
num_leaves=8
num_cat=1
split_feature=30 1 1 17 4 4 7
split_gain=4.51856 3.73794 2.89509 2.66209 2.19513 2.47754 2.43681
threshold=0 0.53118474423898643 -1.219129986944413 0.21086179849322054 0.30710162705722266 -0.0065613759531327745 0.11909677700076886
decision_type=1 8 10 8 10 8 8
left_child=1 2 -1 -4 5 6 -2
right_child=4 -3 3 -5 -6 -7 -8
leaf_value=-0.00051791217540914222 -0.0089769521489867082 -0.0027825945791905885 0.024319132632296969 0 0.0059024822961949858 -0.0070369939238071983 0.0052016365249857067
leaf_weight=6.1554170642048112 6.5202333237975836 10.640196133404968 12.624099735170605 4.7845648508518961 15.20849748700857 76.960279033519328 33.767081303521991
leaf_count=117 177 163 197 39 94 1295 769
internal_value=0.000205418 0.00785081 0.0151031 0.0196408 -0.00238586 -0.00407956 0.00148921
internal_weight=166.66 34.2043 23.5641 17.4087 132.456 117.248 40.2873
internal_count=2851 516 353 236 2335 2241 946
cat_boundaries=0 1
cat_threshold=9
is_linear=0
shrinkage=0.03


Tree=150
num_leaves=8
num_cat=1
split_feature=31 2 22 32 3 4 3
split_gain=2.71222 4.13142 3.41295 3.42859 2.62093 2.92004 6.58717
threshold=0 -0.12139816440845426 335.50000000000006 12.501075568037427 -0.47053662675759106 0.05138984211368109 0.15961638205981565
decision_type=1 10 2 10 8 10 10
left_child=2 -2 3 4 -1 -6 -7
right_child=1 -3 -4 -5 5 6 -8
leaf_value=0.0090960477684166822 -0.0078426352875298443 0.0077780223285664248 0.01303541346944744 0.01350485761120129 -0.010189819087415147 0.014625609395052046 -0.0081547012551902495
leaf_weight=6.5013436786830425 62.982298089191318 11.607942461967466 15.486651148647068 6.2053731866180888 32.490959756076336 11.734352223575117 18.839909501373768
leaf_count=126 1276 112 229 72 681 167 184
internal_value=-0.000414801 -0.00420322 0.00276468 0 -0.00252603 -0.0048243 0.00141948
internal_weight=165.849 74.5902 91.2586 75.7719 69.5666 63.0652 30.5743
internal_count=2847 1388 1459 1230 1158 1032 351
cat_boundaries=0 1
cat_threshold=12
is_linear=0
shrinkage=0.03


Tree=151
num_leaves=8
num_cat=0
split_feature=32 32 22 1 21 32 22
split_gain=4.07807 4.85938 4.10623 3.67604 3.26774 3.83532 4.31219
threshold=11.279188329632326 10.768579810257661 268.50000000000006 0.22248920455378104 0.71270000000000011 8.9747889095080371 362.50000000000006
decision_type=8 10 2 8 2 10 2
left_child=1 3 -2 4 5 -1 -7
right_child=2 -3 -4 -5 -6 6 -8
leaf_value=-0.004292527309669756 0 -0.013669709206318392 0.015366453867134065 -0.0059750733439619518 -0.0020668072935864862 0.020307342054437877 -0.0041006197742178433
leaf_weight=6.5737896393984583 37.069648374803364 18.719919663853943 20.986714370548725 34.727743900381029 24.675297018140554 19.871370201930407 4.2186862975358954
leaf_count=103 659 354 321 600 402 332 65
internal_value=0.000922669 -0.00239546 0.00690441 0.000718856 0.00538052 0.010949 0.0156089
internal_weight=166.843 108.787 58.0564 90.0669 55.3391 30.6638 24.0901
internal_count=2836 1856 980 1502 902 500 397
is_linear=0
shrinkage=0.03


Tree=152
num_leaves=8
num_cat=0
split_feature=27 2 1 4 1 17 18
split_gain=3.89 3.22691 3.96547 3.04098 2.85547 3.67007 3.15829
threshold=0.71520000000000017 -0.27171493735885749 0.90894899748892743 0.1231859328481812 -0.14009640959949773 -0.054432484853343281 0.749687639074338
decision_type=2 10 8 10 10 10 10
left_child=1 2 4 -2 6 -6 -1
right_child=3 -3 -4 -5 5 -7 -8
leaf_value=-0.0067625701431886205 -0.013228550031142041 0.012890363632249926 -0.010095173103937222 0.0039768860641186043 -0.0042693989010128205 0.012671523191718504 0.0055122389026156593
leaf_weight=29.321482734754682 16.142032587900761 22.461379878222942 13.739885608665643 8.4795592539012414 9.477371456101535 36.920884294435382 29.790548574179411
leaf_count=606 342 119 288 77 259 584 557
internal_value=0.00203566 0.00406588 0.00157997 -0.00732113 0.00383683 0.00881643 -0.000433285
internal_weight=166.333 141.712 119.25 24.6216 105.51 46.3983 59.112
internal_count=2832 2413 2294 419 2006 843 1163
is_linear=0
shrinkage=0.03


Tree=153
num_leaves=8
num_cat=0
split_feature=18 5 2 27 2 4 3
split_gain=3.03209 2.83424 2.71614 6.201 4.08017 4.76421 3.93444
threshold=0.53904297135676515 -0.12153552059407646 -3.6371557987660106 0.21170000000000003 -1.6153538790784483 -0.050000244207981652 -0.47053662675759106
decision_type=8 10 10 2 10 8 10
left_child=1 -1 -2 -4 6 -6 -5
right_child=2 -3 3 4 5 -7 -8
leaf_value=-0.0041842656595050907 -0.0094303099260366965 0.014258434428991967 0.022217042249744322 0.0040069864111914417 0.013101504424265314 -0.0011600955767622752 -0.017022304723403697
leaf_weight=4.7165746986866024 16.32144976593554 19.149203825742006 3.8391713146120301 7.0031150095164802 19.284123042598367 82.172457831911743 14.351211980916558
leaf_count=97 330 232 39 145 430 1208 379
internal_value=0.00163049 0.0100075 -0.000124692 0.00145216 -0.000401323 0.00217305 -0.0104023
internal_weight=166.837 23.8658 142.972 126.65 122.811 101.457 21.3543
internal_count=2860 329 2531 2201 2162 1638 524
is_linear=0
shrinkage=0.03


Tree=154
num_leaves=8
num_cat=0
split_feature=32 1 3 32 6 3 1
split_gain=3.57071 3.35077 3.8307 3.40292 2.34556 2.86785 2.0991
threshold=11.951378335098926 -1.0000000180025095e-35 0.58983932791917493 10.768579810257661 0.064870592930269019 0.10578348132296272 -1.219129986944413
decision_type=10 8 8 10 10 8 10
left_child=1 3 -3 6 -2 -6 -1
right_child=4 2 -4 -5 5 -7 -8
leaf_value=0 0.014715193518625292 -0.0091713372608139554 0.0058935132952298601 -0.0060865150766520283 -0.0096972407677863165 0.0088714474858801531 0.011266254370710917
leaf_weight=24.091565515846014 17.492248468101028 50.979966592043638 13.031502986326812 17.295727642253041 6.7565704891458136 7.1634958824142814 30.530551930889487
leaf_count=444 265 900 183 352 153 93 438
internal_value=0.00130687 -0.000850413 -0.00558211 0.0033106 0.00930033 0 0.0069231
internal_weight=167.342 135.929 64.0115 71.9178 31.4123 13.9201 54.6221
internal_count=2828 2317 1083 1234 511 246 882
is_linear=0
shrinkage=0.03


Tree=155
num_leaves=8
num_cat=1
split_feature=18 18 4 3 17 0 24
split_gain=2.34484 3.47214 2.24146 2.90464 3.14339 3.11937 2.10422
threshold=0.53904297135676515 0.50011865699514235 -0.0065613759531327745 0.58983932791917493 0.2271843322843338 0.3354629038381613 0
decision_type=8 10 8 8 10 10 1
left_child=1 -1 -2 4 -4 6 -6
right_child=2 -3 3 -5 5 -7 -8
leaf_value=-0.0026569781651554071 0.0041322788687325213 0.015653423697767 -0.010651154340412689 0.0040744982761693081 0.014282743347894936 -0.0083930296084724857 -0.001147343002754687
leaf_weight=11.493340313434603 41.700966622680426 12.206210598349569 46.685463397763669 25.397755036130548 8.7039381489157677 10.444256849586962 10.060378145426515
leaf_count=189 966 143 922 331 80 87 118
internal_value=0.00040958 0.00787087 -0.00107921 -0.00350741 -0.00637006 0.000888328 0.00757937
internal_weight=166.692 23.6996 142.993 101.292 75.894 29.2086 18.7643
internal_count=2836 332 2504 1538 1207 285 198
cat_boundaries=0 1
cat_threshold=4
is_linear=0
shrinkage=0.03


Tree=156
num_leaves=8
num_cat=0
split_feature=2 7 7 27 2 29 28
split_gain=3.29345 4.99014 4.38518 2.40438 5.46107 3.01043 2.40829
threshold=-0.91403539186437344 1.0000000180025095e-35 0.166547824097529 0.32880000000000004 -4.3551199158998122 55.500000000000007 1.0000000180025095e-35
decision_type=8 10 8 2 10 2 2
left_child=1 3 -2 4 -1 -5 -6
right_child=2 -3 -4 5 6 -7 -8
leaf_value=-0.014043145816818751 -0.008771532649149363 0.013194872654020584 0.0071193664184661248 -0.014441964164936425 -0.0011241385703707832 0.0057926138410785291 0.014274705143219936
leaf_weight=8.8834716193377954 10.881276993080972 5.7693463563919059 86.956053134053946 28.111063174903396 12.941218827851118 2.4005958233028641 10.287409540265797
leaf_count=227 214 100 1118 684 251 77 167
internal_value=0.00124109 -0.00345808 0.00468086 -0.00652555 0 -0.0115879 0.00712508
internal_weight=166.23 68.3931 97.8373 62.6238 32.1121 30.5117 23.2286
internal_count=2838 1506 1332 1406 645 761 418
is_linear=0
shrinkage=0.03


Tree=157
num_leaves=8
num_cat=0
split_feature=4 3 27 2 3 3 28
split_gain=2.56232 3.17032 3.29155 6.11072 2.60386 3.14825 3.79071
threshold=0.30710162705722266 0.35927250973924307 0.71520000000000017 -0.39926954780594753 -0.39401227958194901 0.011584509848837559 -1.4999999999999998
decision_type=10 10 2 8 8 10 2
left_child=1 2 3 4 -1 6 -6
right_child=-2 -3 -4 -5 5 -7 -8
leaf_value=0.0078221372591201765 0.0091402433358253408 -0.01101873117950786 -0.0084506453274895959 0.014598268309534904 0.0064829625459725095 0.0028735858215990055 -0.01219102470640949
leaf_weight=15.281665727496145 17.217034554108977 16.830193879082799 20.645559100434184 21.960458420217037 6.0548338796943417 31.818860307335854 34.535099770873785
leaf_count=313 107 221 385 165 140 656 808
internal_value=0.000210601 -0.00115515 0.000574152 0.00285996 -0.000897625 -0.0035196 -0.00848796
internal_weight=164.344 147.127 130.296 109.651 87.6905 72.4088 40.5899
internal_count=2795 2688 2467 2082 1917 1604 948
is_linear=0
shrinkage=0.03


Tree=158
num_leaves=8
num_cat=1
split_feature=16 18 3 3 4 30 32
split_gain=2.63454 2.68872 2.59627 3.59984 3.54687 3.47741 3.79703
threshold=0.24435497365858791 1.2972117843526438 -0.18015937636820931 -0.040235723319479728 -0.12263693616826953 0 11.279188329632326
decision_type=2 8 8 10 10 1 10
left_child=1 2 4 -4 -1 -5 -7
right_child=-2 -3 3 5 -6 6 -8
leaf_value=0.0035257114082964734 0.010348878451200125 -0.0099075905954353425 0.010747477803727012 0.0059435655370098251 -0.013089293342607654 -0.011360561420570566 0.0043419452735281626
leaf_weight=15.629633205011489 16.709855068475008 14.250798214226959 32.759051889181137 28.206387065351009 15.360145782120524 28.97320135962218 15.03600152209401
leaf_count=351 121 264 596 372 326 526 282
internal_value=0.00126044 -0.000127901 0.00128654 0.00360853 -0.00532079 -0.00019179 -0.00491887
internal_weight=166.925 150.215 135.964 104.975 30.9898 72.2156 44.0092
internal_count=2838 2717 2453 1776 677 1180 808
cat_boundaries=0 1
cat_threshold=168
is_linear=0
shrinkage=0.03


Tree=159
num_leaves=8
num_cat=1
split_feature=1 16 31 25 7 2 32
split_gain=3.90486 5.14411 5.23989 3.39108 3.6488 5.0908 2.94
threshold=0.16930329773742922 -1.0658699593008156 0 6.5000000000000009 0.16896802668429706 -4.3551199158998122 10.991929493982356
decision_type=8 2 1 2 8 10 10
left_child=3 -2 -3 -1 -5 -6 -7
right_child=1 2 -4 4 5 6 -8
leaf_value=-0.0053598215537315674 -0.016914987359060885 0.010073843715641522 -0.0044693813197757039 -0.0057513801715034212 -0.0096808526839314915 0.016254306156967994 0.0012086291016323251
leaf_weight=15.179754076525567 11.963953317143021 15.277009177953005 49.288345273584127 9.0759238936007005 3.9810662399977437 44.291297817602754 19.718772049993277
leaf_count=306 313 185 768 201 84 662 357
internal_value=0.00111341 -0.00358692 0.000268587 0.00513756 0.00769115 0.0100995 0.0124769
internal_weight=168.776 76.5293 64.5654 92.2468 77.0671 67.9911 64.0101
internal_count=2876 1266 953 1610 1304 1103 1019
cat_boundaries=0 1
cat_threshold=8
is_linear=0
shrinkage=0.03


Tree=160
num_leaves=8
num_cat=0
split_feature=21 21 22 6 0 32 21
split_gain=2.717 3.50184 2.46116 2.60725 3.69337 2.36302 2.06535
threshold=0.85325000000000017 0.76805000000000012 238.50000000000003 0.061083277684425945 0.017117935888965378 9.6029086844637366 0.79895000000000016
decision_type=2 2 2 10 10 10 2
left_child=1 2 -1 -4 -5 -3 -7
right_child=-2 5 3 4 -6 6 -8
leaf_value=-0.0038810855290141691 -0.0092330126362134383 -0.0017002413990294867 -0.0012920898089085102 -0.0022909251787340983 0.015910973547604009 0.020366246764302993 0.0016455372973230486
leaf_weight=60.943766166456044 11.179019311442969 7.2126598637551096 34.250659750774503 11.258365523070099 18.370870253071189 11.715174820274116 11.974811743944882
leaf_count=1110 223 117 502 270 226 181 215
internal_value=0.00137072 0.00263749 6.24772e-05 0.00404668 0.00957943 0.0105013 0.0141809
internal_weight=166.905 155.726 124.824 63.8799 29.6292 30.9026 23.69
internal_count=2844 2621 2108 998 496 513 396
is_linear=0
shrinkage=0.03


Tree=161
num_leaves=8
num_cat=0
split_feature=18 22 18 18 21 6 22
split_gain=3.11736 3.165 3.88345 3.10511 2.86531 2.55084 2.13728
threshold=0.55063728013574442 238.50000000000003 0.749687639074338 0.50011865699514235 0.76805000000000012 0.060035806120608846 281.50000000000006
decision_type=8 2 10 10 2 8 2
left_child=3 4 -3 -1 -2 -6 -4
right_child=1 2 6 -5 5 -7 -8
leaf_value=-0.00081417563922628778 -0.0079906604518527654 -0.0032544651077659192 0.01849317395342542 0.016733503363316044 0.010796660118911852 -0.0041733359452433786 0.0027970219477477811
leaf_weight=11.87070948071778 51.780029933899641 27.979634052142501 9.7982284724712354 13.431842142716048 11.11202664114535 13.691054860129951 25.540538303554058
leaf_count=190 977 477 149 178 211 253 401
internal_value=0.00156726 -0.000277178 0.00428872 0.00983263 -0.00427816 0.00307355 0.0101055
internal_weight=165.204 139.902 63.3184 25.3026 76.5831 24.8031 35.3388
internal_count=2836 2468 1027 368 1441 464 550
is_linear=0
shrinkage=0.03


Tree=162
num_leaves=8
num_cat=0
split_feature=7 21 21 6 29 0 22
split_gain=2.83084 4.14843 4.93805 3.92395 3.05501 4.80451 3.79773
threshold=0.016188784901416637 0.76805000000000012 0.84100000000000008 0.051485790889295745 19.500000000000004 -0.053436397809689666 274.50000000000006
decision_type=8 2 2 10 2 10 2
left_child=-1 4 3 -3 5 -2 -7
right_child=1 2 -4 -5 -6 6 -8
leaf_value=-0.01084314107333195 -0.0079303873074472852 0 -0.0052371751443090319 0.021873383278295726 -0.0048638930045093497 0.00022226564655893771 0.018526567676918647
leaf_weight=10.651326671242712 13.235536898486314 9.7434919178485888 9.2271937411278468 15.881787603721021 74.52327046263963 23.079218385741115 13.478474741801618
leaf_count=281 318 154 147 227 1291 305 165
internal_value=0.000156361 0.00146584 0.00956778 0.0153225 -0.00113334 0.00409086 0.00942217
internal_weight=169.82 159.169 34.8525 25.6253 124.317 49.7932 36.5577
internal_count=2888 2607 528 381 2079 788 470
is_linear=0
shrinkage=0.03


Tree=163
num_leaves=8
num_cat=0
split_feature=21 4 4 5 28 25 25
split_gain=2.91112 3.81646 4.29197 1.84079 1.66639 1.74282 1.24247
threshold=0.63575000000000015 0.30710162705722266 -0.27983439623801259 0.30212397473794944 1.5000000000000002 29.500000000000004 4.5000000000000009
decision_type=2 10 8 8 2 2 2
left_child=3 2 -2 4 5 -1 -4
right_child=1 -3 6 -5 -6 -7 -8
leaf_value=-0.0080228769708175773 0.0095044012991102184 0.0080577632909220355 0.00068907376995829234 0.011976369946487304 0.0084872308528117467 0.0048563317185511962 -0.0081974189885002345
leaf_weight=16.445919260382659 8.6737245209515077 16.856743954122066 11.77593927271664 15.82572230324149 7.8235045336186877 7.2066145818680516 83.403524074703455
leaf_count=349 190 101 235 199 128 138 1522
internal_value=-2.56643e-05 -0.00257853 -0.00489188 0.00564838 0.000304476 -0.00338925 -0.00698439
internal_weight=168.012 120.71 103.853 47.3018 31.476 23.6525 95.1795
internal_count=2862 2048 1947 814 615 487 1757
is_linear=0
shrinkage=0.03


Tree=164
num_leaves=8
num_cat=0
split_feature=16 27 1 6 7 16 3
split_gain=3.42892 2.99623 3.47634 2.91047 3.16599 2.83948 2.8272
threshold=0.24435497365858791 0.32880000000000004 -6.9671685148573284 0.080031832214799745 0.16896802668429706 -1.2471460758024555 -0.47053662675759106
decision_type=2 2 8 10 10 2 10
left_child=1 6 -3 4 -4 -5 -1
right_child=-2 2 3 5 -6 -7 -8
leaf_value=0.015088260836361762 0.0113117458068684 0.010608295631117048 -0.0095966140128862041 -0.008854044440340993 0.0073357336916184011 0.007163263819735562 -7.3022930060251856e-05
leaf_weight=9.5377268604934198 15.439770305529235 6.3717199396342039 73.697742501273751 6.3554710866883424 4.3921122159808865 23.425432439893484 24.666021180339158
leaf_count=160 109 108 1331 162 40 378 529
internal_value=0.000580157 -0.000961505 -0.00337569 -0.00500654 -0.00787685 0.002197 0.00585797
internal_weight=163.886 148.446 114.242 107.871 78.0899 29.7809 34.2037
internal_count=2817 2708 2019 1911 1371 540 689
is_linear=0
shrinkage=0.03


Tree=165
num_leaves=8
num_cat=1
split_feature=30 27 2 2 27 2 2
split_gain=3.76244 4.14286 3.88934 3.26198 3.0898 3.01901 3.35696
threshold=0 0.49435000000000007 -0.12139816440845426 -0.30307454926889665 0.62550000000000006 -2.8991409354800797 -3.9996213253608861
decision_type=1 2 10 10 2 8 10
left_child=1 -1 4 5 -3 6 -2
right_child=3 2 -4 -5 -6 -7 -8
leaf_value=0.0093243779505302066 -0.0080039737410771937 0.00099244845618110759 0.0085502358173311418 0.0038583749765915493 -0.013424841823736345 -0.013001478050360719 0.015361781474457464
leaf_weight=54.291212407872081 3.3877620100975037 21.547283409163356 14.697508994489906 16.406016310676932 18.38371704891324 33.664385217241943 2.7583317533135414
leaf_count=951 110 340 119 162 324 764 64
internal_value=0.00052913 0.00366391 -0.00160955 -0.00482927 -0.00646498 -0.00977984 0.00417923
internal_weight=165.136 108.92 54.6285 56.2165 39.931 39.8105 6.14609
internal_count=2834 1734 783 1100 664 938 174
cat_boundaries=0 1
cat_threshold=172
is_linear=0
shrinkage=0.03


Tree=166
num_leaves=8
num_cat=0
split_feature=7 18 18 32 18 32 1
split_gain=2.50647 1.98849 3.88739 2.91676 3.80617 3.88004 2.56212
threshold=-1.0000000180025095e-35 0.53904297135676515 0.50011865699514235 13.091365300095182 0.749687639074338 10.82656194483952 0.85913981076322277
decision_type=8 8 10 8 10 10 8
left_child=-1 2 -2 4 -3 6 -6
right_child=1 3 -4 -5 5 -7 -8
leaf_value=-0.010410779509482585 -0.0031457165782672282 -0.0070987016412957125 0.017171467967589733 0.0095077527058053096 0.010207801645907013 -0.0071407396818290048 -0.0045655295384038255
leaf_weight=8.9049774687737209 9.7210920993238705 54.582160908728838 10.913919271901248 16.8881482379511 39.188817521557212 15.83365594781935 7.0176212023943654
leaf_count=250 156 966 123 261 634 288 138
internal_value=0.000487337 0.00169202 0.00887146 3.75876e-05 -0.00173574 0.00304027 0.00734471
internal_weight=163.05 154.145 20.635 133.51 116.622 62.0401 46.2064
internal_count=2816 2566 279 2287 2026 1060 772
is_linear=0
shrinkage=0.03


Tree=167
num_leaves=8
num_cat=1
split_feature=21 21 1 30 6 4 5
split_gain=3.21868 4.30849 3.19375 3.00088 3.00699 3.04709 2.75811
threshold=0.84100000000000008 0.76805000000000012 0.85913981076322277 0 0.03547805697241279 -0.012423423904370899 -0.082272256666159976
decision_type=2 2 8 1 8 8 10
left_child=1 3 -3 -1 6 -6 -5
right_child=-2 2 -4 4 5 -7 -8
leaf_value=0.0042797712078244338 -0.0094118265924879509 0.015657667409988738 -0.0040529033620709826 -0.0055749370282092469 0.0024841968026883669 -0.011469309780529791 0.014261115041194428
leaf_weight=60.279123432934284 13.82287625223398 23.858053443953395 4.5755915809422758 4.1929260296747088 14.561344332061706 37.595833861269057 6.0712709045037609
leaf_count=987 282 380 83 75 332 598 88
internal_value=0.00131981 0.0028194 0.0118806 6.18233e-06 -0.0039692 -0.00751209 0.00644415
internal_weight=164.957 151.134 28.4336 122.7 62.4214 52.1572 10.2642
internal_count=2825 2543 463 2080 1093 930 163
cat_boundaries=0 1
cat_threshold=44
is_linear=0
shrinkage=0.03


Tree=168
num_leaves=8
num_cat=0
split_feature=0 4 4 6 27 6 1
split_gain=4.41344 6.14684 4.20591 4.1945 3.38821 3.18702 3.12825
threshold=-0.093111541399980888 -0.090536385868056221 0.14668392030419972 0.091850884408647304 0.61830000000000018 0.046650734569235998 -0.70071747366740322
decision_type=10 8 10 8 2 8 8
left_child=6 5 4 -4 -3 -2 -1
right_child=1 2 3 -5 -6 -7 -8
leaf_value=0.00079609469089814914 -0.0018907568333775637 0 0.0097107155097289205 -0.0083386631792152829 -0.013365239899743768 0.023948489895508764 -0.014039304001522316
leaf_weight=17.626050455495715 3.0096744690090391 44.419363267719746 41.687313131988049 7.5618047136813393 19.109296476468444 7.9903823770582685 22.313556646928191
leaf_count=417 66 907 322 74 311 153 579
internal_value=-0.000282159 0.00247939 -4.47106e-05 0.00589939 -0.00500687 0.0182699 -0.008139
internal_weight=163.717 123.778 112.778 49.2491 63.5287 11.0001 39.9396
internal_count=2829 1833 1614 396 1218 219 996
is_linear=0
shrinkage=0.03


Tree=169
num_leaves=8
num_cat=0
split_feature=27 4 22 22 27 18 4
split_gain=3.01583 3.46847 3.85881 3.40476 2.64548 2.60348 2.51494
threshold=0.21170000000000003 -0.050000244207981652 238.50000000000003 316.50000000000006 0.14570000000000002 0.69010890503952904 0.074296922397296197
decision_type=2 8 2 2 2 10 10
left_child=4 -2 5 -4 -1 6 -3
right_child=1 2 3 -5 -6 -7 -8
leaf_value=-0.00054666681051002001 0.007838939790048632 -0.0081280306852399842 0.010441131641217093 -0.0031620679899215013 0.017551152447150439 -0.011444738450357787 0.0067520018273284337
leaf_weight=8.4108540862798709 34.762966749258339 9.7564781559631246 23.737310970202088 26.43783721793443 11.462878927588461 34.770196915604174 15.920048482716082
leaf_count=147 775 252 319 371 202 608 173
internal_value=0.00232605 0.000458874 -0.00210612 0.00356645 0.0113951 -0.00690041 6.48229e-05
internal_weight=165.259 145.385 110.622 50.1751 19.8737 60.4467 25.6765
internal_count=2847 2498 1723 690 349 1033 425
is_linear=0
shrinkage=0.03


Tree=170
num_leaves=8
num_cat=1
split_feature=30 0 32 21 21 21 17
split_gain=2.45928 3.97793 3.90013 3.52466 3.10588 4.07882 4.74439
threshold=0 0.15562261050103524 10.82656194483952 0.64095000000000013 0.85325000000000017 0.76805000000000012 0.29719014469083438
decision_type=1 10 8 2 2 2 8
left_child=1 3 -3 -1 5 -2 -7
right_child=4 2 -4 -5 -6 6 -8
leaf_value=0.0027312204792370445 0.0013241183561540724 0.011870176658727482 -0.0070804252778107601 -0.014884306924859949 -0.0096712103126790887 0.02050108349043403 -0.005190225388444848
leaf_weight=9.8710129801183921 80.180306962691247 14.636213280260565 9.23936311714351 24.523858060128987 6.38727550394833 16.593876274302602 3.9607614651322391
leaf_count=209 1388 135 99 523 134 301 33
internal_value=0.000669517 -0.00358791 0.00412961 -0.00991359 0.00323476 0.00513987 0.0149581
internal_weight=165.393 58.2704 23.8756 34.3949 107.122 100.735 20.5546
internal_count=2822 966 234 732 1856 1722 334
cat_boundaries=0 1
cat_threshold=194
is_linear=0
shrinkage=0.03


Tree=171
num_leaves=8
num_cat=1
split_feature=1 30 2 27 4 27 18
split_gain=3.37452 2.67239 5.28955 5.25301 3.74344 4.53123 4.4904
threshold=0.90894899748892743 0 -1.1602033170970538 0.63845000000000007 0.029097825799776936 0.48235 0.59323272575114816
decision_type=8 1 10 2 8 2 10
left_child=1 3 -3 -1 6 -6 -4
right_child=-2 2 4 -5 5 -7 -8
leaf_value=0.012661327640478462 -0.007983355056264815 -0.0096906243840385129 -0.0041740409128669369 -0.0062622706141257506 0.012350450675005432 -0.006064277474568943 0.020672233524556362
leaf_weight=44.715052675455809 21.12441330216825 28.903096337802708 5.0425576437264708 10.992192858830093 8.8423734568059427 33.473686428740621 11.851595072075723
leaf_count=635 381 724 119 173 107 400 252
internal_value=0.00130575 0.00311772 -0.000425719 0.00723821 0.00442551 -0.000566361 0.0136955
internal_weight=164.945 143.821 88.1133 55.7072 59.2102 42.3161 16.8942
internal_count=2791 2410 1602 808 878 507 371
cat_boundaries=0 1
cat_threshold=137
is_linear=0
shrinkage=0.03


Tree=172
num_leaves=8
num_cat=0
split_feature=1 22 2 27 2 3 27
split_gain=2.39283 3.96893 2.5438 4.86917 3.93938 5.30954 3.40638
threshold=0.85913981076322277 335.50000000000006 -4.3551199158998122 0.21170000000000003 -1.6153538790784483 -0.39401227958194901 0.44050000000000006
decision_type=8 2 8 2 10 10 2
left_child=2 -2 -1 -4 5 -5 -6
right_child=1 -3 3 4 6 -7 -8
leaf_value=-0.0072857526080306392 -0.010012909104493893 0.010334389604892016 0.020726095009749396 0.0080263439097734597 0.015249066117531969 -0.014881765006626472 0.0022341319424614
leaf_weight=7.7560714464634657 21.277076016180221 4.3114548921585074 9.2156938631087524 7.7060697246342924 18.187740683555603 14.879637085832654 84.368163712322712
leaf_count=190 392 66 94 156 276 371 1305
internal_value=0.00274542 -0.00449312 0.00431869 0.00546574 0.00305144 -0.00652027 0.00561437
internal_weight=167.702 25.5885 142.113 134.357 125.142 22.5857 102.556
internal_count=2850 458 2392 2202 2108 527 1581
is_linear=0
shrinkage=0.03


Tree=173
num_leaves=8
num_cat=0
split_feature=7 5 5 18 22 0 18
split_gain=3.65626 4.65623 2.59502 2.91551 3.52205 2.49083 2.39052
threshold=-1.0000000180025095e-35 -0.30991265230219295 -0.12153552059407646 0.84865483533176989 321.50000000000006 0.3354629038381613 0.74018345143444264
decision_type=8 10 10 8 2 8 10
left_child=-1 5 -3 -4 -5 6 -2
right_child=1 2 3 4 -6 -7 -8
leaf_value=-0.010745414524903464 0 -0.0083914181427575518 0.0055884935205092866 -0.0092674725183492339 0.0082961483227006853 -0.002740025080450651 0.019929074834770494
leaf_weight=9.1534461136907321 7.2289311401546028 14.705301745794712 80.625530637800694 24.831221882253889 6.9982305970042935 3.8273732550442245 19.010258777067065
leaf_count=254 137 376 1201 411 97 49 298
internal_value=0.00240897 0.00374877 0.000813246 0.00261881 -0.00413852 0.0129898 0.0158265
internal_weight=166.38 157.227 127.16 112.455 31.8295 30.0666 26.2392
internal_count=2823 2569 2085 1709 508 484 435
is_linear=0
shrinkage=0.03


Tree=174
num_leaves=8
num_cat=0
split_feature=6 4 16 25 1 5 32
split_gain=2.30292 2.47666 2.88485 2.33315 3.06002 3.12817 3.08157
threshold=0.096694690662783869 0.18572957414461641 -0.39037986359504989 29.500000000000004 -5.3221949224944272 0.16201966518367525 10.707234077690996
decision_type=8 10 2 2 8 10 8
left_child=1 3 -3 4 -1 -6 -7
right_child=-2 2 -4 -5 5 6 -8
leaf_value=0.010229009043677748 -0.0064896724580324082 -0.0027367956167199036 0.01249423103212635 0.0061487213644829545 -0.0084258696838191705 0.011988587108569336 -0.0067594880891400574
leaf_weight=5.5147353745996952 25.323240462690592 10.818524736911057 26.613615527749062 27.343449834734201 54.786574751138687 10.053319886326792 6.1058774199336758
leaf_count=121 453 117 161 523 1204 166 106
internal_value=0.000557543 0.00220175 0.00805527 -0.000200233 -0.00301566 -0.00516742 0.00439109
internal_weight=166.559 141.236 37.4321 103.804 76.4605 70.9458 16.1592
internal_count=2851 2398 278 2120 1597 1476 272
is_linear=0
shrinkage=0.03


Tree=175
num_leaves=8
num_cat=1
split_feature=30 2 6 3 3 6 3
split_gain=4.08821 3.98112 3.43242 3.36544 4.55435 5.07479 3.03948
threshold=0 -1.0636431477588428 0.087853757904858429 0.22214969482535352 0.011584509848837559 0.056104277765816765 -0.47053662675759106
decision_type=1 10 10 10 10 8 10
left_child=1 -1 3 4 5 -2 -7
right_child=2 -3 -4 -5 -6 6 -8
leaf_value=-0.017660599416163183 0.0098215434236588808 0 -0.0058954527751868555 -0.0023608144630675896 0.017798759201638707 0.0033012007476680397 -0.014092813639678103
leaf_weight=12.87546820193529 28.18640673905611 27.691901300102472 21.745225854218006 28.441198941320181 23.607819709926844 10.112719109281899 11.805573649704455
leaf_count=381 490 437 409 305 389 166 259
internal_value=0.000174941 -0.00643874 0.00297586 0.00556162 0.00873384 0.00234205 -0.00682935
internal_weight=164.466 40.5674 123.899 102.154 73.7125 50.1047 21.9183
internal_count=2836 818 2018 1609 1304 915 425
cat_boundaries=0 1
cat_threshold=82
is_linear=0
shrinkage=0.03


Tree=176
num_leaves=8
num_cat=0
split_feature=21 2 5 5 27 2 32
split_gain=3.48599 3.23366 3.79058 3.21485 3.07451 7.04685 2.42804
threshold=0.85325000000000017 -1.6153538790784483 -1.0000000180025095e-35 0.20093875383498563 0.21170000000000003 -3.6371557987660106 9.1053797757080925
decision_type=2 10 8 10 2 10 10
left_child=1 4 -3 -4 5 -1 -6
right_child=-2 2 3 -5 6 -7 -8
leaf_value=-0.0068979373018719179 -0.012593455569112552 0.011385025880990555 -0.0054521577932465258 0.0057196169760969345 0.0025018320420269282 0.021530758575079387 -0.014263864521786171
leaf_weight=14.574760101735594 10.068551637232302 33.403068854473531 38.642142411321402 38.062115877866745 5.8926273416727808 3.9826519172638646 20.534367409534752
leaf_count=300 217 686 616 357 125 41 474
internal_value=-1.14933e-05 0.00129102 0.00406861 0 -0.0048123 0.00328633 -0.0103771
internal_weight=165.16 155.092 110.107 76.7043 44.9844 18.5574 26.427
internal_count=2816 2599 1659 973 940 341 599
is_linear=0
shrinkage=0.03


Tree=177
num_leaves=8
num_cat=0
split_feature=21 5 17 18 5 5 28
split_gain=1.89857 2.77329 3.77121 3.48386 4.13644 2.67668 2.53562
threshold=0.63575000000000015 -1.0000000180025095e-35 0.10959723962624247 0.83655308509019533 -0.12153552059407646 0.14791991857320722 1.5000000000000002
decision_type=2 8 10 10 10 10 2
left_child=6 2 3 4 -2 -3 -1
right_child=1 5 -4 -5 -6 -7 -8
leaf_value=0.00022276124204100516 -0.014052253089251241 -0.010631917440347624 0.016162089676993101 0.0098858155432544649 0.0057681854419431317 0 0.014313171114876389
leaf_weight=35.289316065609455 15.576336113736032 28.745453329756856 8.4431524053215963 9.1357351988553983 8.7683730684220809 46.146503930911422 11.099665083922444
leaf_count=624 395 550 135 193 224 524 157
internal_value=0.000778703 -0.00119939 0.00431818 -0.000848034 -0.00678867 -0.00458767 0.00547942
internal_weight=163.205 116.816 41.9236 33.4804 24.3447 74.892 46.389
internal_count=2802 2021 947 812 619 1074 781
is_linear=0
shrinkage=0.03


Tree=178
num_leaves=8
num_cat=1
split_feature=2 30 2 18 2 27 6
split_gain=2.79412 4.20954 4.11719 3.81115 3.89921 2.99131 2.89313
threshold=-0.39926954780594753 0 -0.58889181183342532 0.51646170971961325 -1.2140138270881671 0.71520000000000017 0.070842741664735018
decision_type=10 1 10 8 10 2 10
left_child=1 2 6 -3 -5 -2 -1
right_child=5 3 -4 4 -6 -7 -8
leaf_value=0.012333057511702288 0.01196156471943836 0.0077166176402812025 -0.0097353411682660762 -0.016497801582449109 -0.00065006901029284088 -0.0010279128546026553 -0.002062923100018437
leaf_weight=33.784043442457914 29.415511555969715 6.9488274641335002 6.4066493585705748 25.376688783988357 28.795606598258018 22.38299767114222 12.735287591814993
leaf_count=463 200 140 93 755 609 365 229
internal_value=0.00140588 -0.00116276 0.00426213 -0.00580385 -0.00948271 0.00671115 0.00839243
internal_weight=165.846 114.047 52.926 61.1211 54.1723 51.7985 46.5193
internal_count=2854 2289 785 1504 1364 565 692
cat_boundaries=0 1
cat_threshold=168
is_linear=0
shrinkage=0.03


Tree=179
num_leaves=8
num_cat=1
split_feature=30 21 2 7 4 1 2
split_gain=2.34238 4.63493 3.87477 4.6413 2.37576 2.67919 3.09145
threshold=0 0.80720000000000014 -0.39926954780594753 0.016188784901416637 -0.15762898204123774 -1.0000000180025095e-35 -0.70889973032277687
decision_type=1 2 10 10 10 8 10
left_child=1 4 3 -2 -1 6 -6
right_child=2 -3 -4 -5 5 -7 -8
leaf_value=-0.0007366602427962269 -0.011728086300817236 -0.0097167434343923206 0.0044952174281621118 0.0090609355417045259 0.020602351489443383 0.00095102893707034084 0.00038441997486456206
leaf_weight=26.382961794734001 44.474913300946355 12.422117989510296 24.70057032071054 4.8198916856199494 16.969166172668338 25.887823827564716 11.922804832458498
leaf_count=488 1044 224 273 79 267 362 128
internal_value=0 0.00296228 -0.00350315 -0.00845225 0.006101 0.0093073 0.0145582
internal_weight=167.58 93.5849 73.9954 49.2948 81.1628 54.7798 28.892
internal_count=2865 1469 1396 1123 1245 757 395
cat_boundaries=0 1
cat_threshold=140
is_linear=0
shrinkage=0.03


Tree=180
num_leaves=8
num_cat=0
split_feature=21 2 29 6 6 17 21
split_gain=2.61564 3.18975 3.02638 2.74862 3.60436 3.11492 3.87976
threshold=0.85325000000000017 -0.43202764606913518 15.500000000000002 0.046650734569235998 0.056104277765816765 0.10959723962624247 0.7440500000000001
decision_type=2 8 2 10 10 10 2
left_child=1 3 -3 -1 -5 -6 -7
right_child=-2 2 -4 4 5 6 -8
leaf_value=-0.0056090574026058668 -0.0081999896634169372 0.017527244296032137 0.0023932703207382093 0.013911786031491501 -0.0060468064533000018 -0.0010365292394012785 0.018619456804175077
leaf_weight=35.489986812695861 10.555645662359892 16.409183949232101 34.827260950580239 14.53873175755143 30.595351540483534 19.789236215874556 6.0017965100705615
leaf_count=665 229 151 347 260 809 303 90
internal_value=0.00244772 0.00361278 0.00920587 0.000333339 0.00376403 -2.29417e-05 0.00641891
internal_weight=168.207 157.652 51.2364 106.415 70.9251 56.3864 25.791
internal_count=2854 2625 498 2127 1462 1202 393
is_linear=0
shrinkage=0.03


Tree=181
num_leaves=8
num_cat=0
split_feature=5 27 2 2 27 7 29
split_gain=3.73748 3.75396 3.14443 2.89511 4.19247 2.77877 2.6131
threshold=-1.0000000180025095e-35 0.21170000000000003 -3.6371557987660106 -0.24010858262232684 0.76330000000000009 0.13519901732864323 14.500000000000002
decision_type=8 2 8 10 2 10 2
left_child=6 2 -2 5 -5 -3 -1
right_child=1 3 -4 4 -6 -7 -8
leaf_value=-0.0036460072638655567 -0.0027021441878981572 -0.010357917784113831 0.018459858253162976 0.0093441894012669426 -0.0093840879949109255 0.0059978898778402009 0.0091454414167394596
leaf_weight=12.877643271349369 7.1808879226446152 60.924876106902957 4.6183189004659635 18.885818503797058 9.7114126421511155 4.3035878445953122 44.30055535864085
leaf_count=292 142 1065 38 104 134 52 984
internal_value=0.000140519 -0.00306439 0.00893528 -0.00530418 0.00191328 -0.00853661 0.00594051
internal_weight=162.803 105.625 11.7992 93.8257 28.5972 65.2285 57.1782
internal_count=2811 1535 180 1355 238 1117 1276
is_linear=0
shrinkage=0.03


Tree=182
num_leaves=8
num_cat=1
split_feature=30 7 2 17 2 17 7
split_gain=2.43867 4.28038 4.28009 2.18861 2.27845 2.13334 2.05561
threshold=0 0.16896802668429706 -2.5105494737608707 -0.46770078644983587 -0.20128577890358271 -0.0097581169450786636 0.027497093839756299
decision_type=1 10 8 8 10 10 8
left_child=6 2 5 -4 -5 -2 -1
right_child=1 -3 3 4 -6 -7 -8
leaf_value=-0.005743642631768138 -0.0028432814725285927 0.0139648471324716 0.0050307034740056907 -0.012533671479069237 0.00064280175996125997 0.014525578675523669 0.0069082220782329508
leaf_weight=5.7970842262730002 5.3760503558441997 5.0483483821153632 4.1211728882044554 42.305537067353725 11.709710381925104 6.5446835216134769 84.269705159589648
leaf_count=164 125 45 84 782 112 122 1395
internal_value=0.00214679 -0.00167992 -0.00453037 -0.00796635 -0.00972089 0.00794339 0.00502628
internal_weight=165.172 75.1055 70.0572 58.1364 54.0152 11.9207 90.0668
internal_count=2829 1270 1225 978 894 247 1559
cat_boundaries=0 1
cat_threshold=60
is_linear=0
shrinkage=0.03


Tree=183
num_leaves=8
num_cat=0
split_feature=1 2 0 22 6 28 26
split_gain=2.22507 3.53877 3.05914 3.54629 3.99515 3.09371 3.05885
threshold=0.90894899748892743 -0.27171493735885749 -0.018124759238594908 262.50000000000006 0.061083277684425945 1.0000000180025095e-35 2.5000000000000004
decision_type=8 10 10 2 10 2 2
left_child=2 -2 6 5 -5 -4 -1
right_child=1 -3 3 4 -6 -7 -8
leaf_value=-0.0085618846104612116 -0.013442055232147507 0.0062856603253162915 -0.0061929547420874701 0.0003134843165072843 0.018931755850445098 0.0060974718851138391 0.0046423586242880285
leaf_weight=31.717853104695678 14.58906016033143 5.7665089443325988 28.314878597855568 20.377916065976024 18.295310843735933 29.428679315373302 18.069316625595093
leaf_count=789 336 50 442 239 211 361 410
internal_value=0.000509213 -0.00712776 0.00198438 0.00502828 0.011178 0 -0.00353083
internal_weight=166.56 20.3556 146.204 96.4168 38.6732 57.7436 49.7872
internal_count=2838 386 2452 1253 450 803 1199
is_linear=0
shrinkage=0.03


Tree=184
num_leaves=8
num_cat=1
split_feature=4 32 30 27 32 0 32
split_gain=3.46459 3.32874 4.58424 3.22668 3.2154 3.20766 2.48843
threshold=-0.12263693616826953 11.207375904300799 0 0.18815000000000001 9.8448600845764549 -0.11614706061906298 8.9747889095080371
decision_type=8 8 1 2 10 10 10
left_child=5 2 4 -4 -2 6 -1
right_child=1 -3 3 -5 -6 -7 -8
leaf_value=0.011159778242540925 0.015180232146439274 0.0033218877365808414 0.0040258513092348578 -0.011937869786673921 -0.0039557289826402707 0.018052971110951197 -0.0063681322881869555
leaf_weight=3.0778461024165216 9.3442288450896758 54.718501876108348 8.1006950130686146 58.602539766579866 7.9769104020670047 8.6445347629487497 13.205446463078259
leaf_count=61 122 896 148 979 114 162 321
internal_value=0 -0.00198879 -0.00559835 -0.00844446 0.00524018 0.00877891 0
internal_weight=163.671 138.743 84.0244 66.7032 17.3211 24.9278 16.2833
internal_count=2803 2259 1363 1127 236 544 382
cat_boundaries=0 1
cat_threshold=10
is_linear=0
shrinkage=0.03


Tree=185
num_leaves=8
num_cat=0
split_feature=5 0 17 18 22 1 0
split_gain=2.81788 2.89744 4.6707 2.72196 3.1773 4.09224 2.69976
threshold=1.0000000180025095e-35 0.44151056853118315 0.10959723962624247 0.66647880364308676 329.50000000000006 0.27637719668734467 0.043381288141403913
decision_type=10 8 10 10 2 8 8
left_child=1 2 3 -1 5 6 -5
right_child=-2 -3 -4 4 -6 -7 -8
leaf_value=-0.0057943141853731284 -0.0023543603849335909 -0.0092861573041914548 0.018187676031018209 0.019442016971141386 -0.0062264803701359717 -0.0048385034789239613 -0.0023474301931613178
leaf_weight=19.361700602807105 95.744222526438534 3.6073360349982968 15.478438578546045 17.56187737360597 6.872619377449154 6.4163221390917888 2.9763287100940969
leaf_count=476 1392 60 227 375 130 168 48
internal_value=0.000853817 0.00510173 0.00694334 0.0014759 0.00630812 0.0106268 0.0159859
internal_weight=168.019 72.2746 68.6673 53.1888 33.8271 26.9545 20.5382
internal_count=2876 1484 1424 1197 721 591 423
is_linear=0
shrinkage=0.03


Tree=186
num_leaves=8
num_cat=1
split_feature=6 32 21 2 32 18 30
split_gain=2.97312 3.93602 2.48091 2.89727 2.07405 2.78703 2.4096
threshold=0.046650734569235998 12.659157518864836 0.85325000000000017 -4.3551199158998122 12.501075568037427 0.55063728013574442 0
decision_type=10 10 2 10 10 10 1
left_child=1 -1 3 -2 5 -5 -7
right_child=2 -3 -4 4 -6 6 -8
leaf_value=-0.0082338041910243898 -0.0081261946055810452 0.0099414409781018037 -0.0084940327589648288 0.018355838762994094 -0.0037141530959132248 0.0080108323541817177 -0.0013578149322660616
leaf_weight=49.220111188478768 7.0579893849790087 5.4178705085068932 7.1340522654354563 11.147775961086152 10.504260530695317 36.540744917467237 38.480398444458842
leaf_count=805 178 80 154 160 175 519 766
internal_value=5.36771e-05 -0.00515256 0.00291977 0.00439097 0.00599937 0.0075577 0.0041583
internal_weight=165.503 54.638 110.865 103.731 96.6732 86.1689 75.0211
internal_count=2837 885 1952 1798 1620 1445 1285
cat_boundaries=0 1
cat_threshold=170
is_linear=0
shrinkage=0.03


Tree=187
num_leaves=8
num_cat=0
split_feature=21 21 32 1 1 2 18
split_gain=2.01401 4.39293 2.23422 2.10477 4.10233 3.42503 2.04165
threshold=0.79895000000000016 0.76805000000000012 9.4052107756448216 0.049970971763623979 -0.14009640959949773 -0.12139816440845426 0.92300842575591491
decision_type=2 2 8 8 8 8 10
left_child=1 3 -2 4 6 -5 -1
right_child=2 -3 -4 5 -6 -7 -8
leaf_value=-0.00394347301760321 0.0056189856973684199 0.014400414215417741 -0.0098414654847614937 -0.0074340489799388102 0.016871088544589848 0.0077715775158858497 0.0066618397086157539
leaf_weight=39.807703653350472 4.4632064066827324 13.939781512133775 21.569038821384311 48.124267432838678 7.8370649628341189 9.5279121138155443 16.680287150666118
leaf_count=736 72 212 427 920 106 59 256
internal_value=0.000423862 0.00203595 -0.00605226 -6.10474e-05 0.00336089 -0.00405182 -0.000141302
internal_weight=161.949 135.917 26.0322 121.977 64.3251 57.6522 56.488
internal_count=2788 2289 499 2077 1098 979 992
is_linear=0
shrinkage=0.03


Tree=188
num_leaves=8
num_cat=0
split_feature=6 6 3 32 22 5 17
split_gain=2.44868 3.37467 3.2848 2.88537 2.80303 2.57641 2.57021
threshold=0.056104277765816765 0.047747460872056259 0.10578348132296272 12.659157518864836 250.50000000000003 -0.33709876098531549 -0.084367654004209522
decision_type=8 10 10 10 2 10 10
left_child=1 3 5 -1 -4 6 -2
right_child=2 -3 4 -5 -6 -7 -8
leaf_value=-0.0033551420535939762 -0.0063394506653355453 0.012442261079561921 -0.0028566303148162961 0.012482313873271622 0.010614774856570752 -0.010970514993386053 0.010310686654852876
leaf_weight=45.396201346069574 9.3984966184943932 21.311521432362497 23.43425905611366 4.8110348321497431 16.659443949349225 37.141391943208873 7.6772337127476922
leaf_count=784 192 325 329 79 197 849 106
internal_value=0.000336774 0.0043444 -0.00265778 -7.28515e-05 0.0032636 -0.00713434 0.00144945
internal_weight=165.83 71.5188 94.3108 50.2072 40.0937 54.2171 17.0757
internal_count=2861 1188 1673 863 526 1147 298
is_linear=0
shrinkage=0.03


Tree=189
num_leaves=8
num_cat=0
split_feature=27 2 3 27 2 32 4
split_gain=2.34628 3.44394 4.18119 3.88849 3.95313 3.46484 2.73736
threshold=0.71520000000000017 -1.6153538790784483 0.33433443384468842 0.21170000000000003 -4.3551199158998122 9.1053797757080925 0.17286388292331559
decision_type=2 10 8 2 8 10 10
left_child=1 3 -3 4 -1 -5 -2
right_child=6 2 -4 5 -6 -7 -8
leaf_value=-0.0065305589163224594 -0.011783867618157834 0.009604308027177438 -0.0027435620699424374 0.0043071338945441379 0.013703606805922555 -0.015151561366169915 0.0053429483247699038
leaf_weight=8.5167877273634058 17.105825020000342 63.039760453626513 30.898218739777803 6.0175652252510217 10.64255526661873 20.344882199540734 5.6042324453592292
leaf_count=227 354 1111 336 128 119 494 47
internal_value=0.000681224 0.00229948 0.00549911 -0.003858 0.00488253 -0.0103047 -0.00677814
internal_weight=162.17 139.46 93.938 45.5218 19.1593 26.3624 22.7101
internal_count=2816 2415 1447 968 346 622 401
is_linear=0
shrinkage=0.03


Tree=190
num_leaves=8
num_cat=0
split_feature=18 18 1 32 5 5 2
split_gain=2.62641 4.52016 4.64246 4.44365 2.86679 2.86195 2.46812
threshold=0.89151280176007541 0.749687639074338 -0.78642411837171111 11.207375904300799 -0.13522359635874662 -0.019168490549296074 -0.24010858262232684
decision_type=8 10 10 8 8 10 8
left_child=1 2 6 5 -5 -4 -1
right_child=-2 -3 3 4 -6 -7 -8
leaf_value=-0.013788883917187392 -0.0052915478888589888 0.010758443213184863 0.0065559247079194881 -0.0034272873273063606 0.015798678068377512 -0.0082756344985647507 0.0028549427245052185
leaf_weight=21.346927037462592 45.932109075598419 33.599973987787962 10.303137164562939 4.510104900225997 19.477693905122582 23.851518033072352 5.919736064970496
leaf_count=491 790 558 234 101 275 316 61
internal_value=0.000172794 0.00260035 -0.001095 0.00351723 0.0117618 -0.00305061 -0.00992216
internal_weight=164.941 119.009 85.4091 58.1425 23.9878 34.1547 27.2667
internal_count=2826 2036 1478 926 376 550 552
is_linear=0
shrinkage=0.03


Tree=191
num_leaves=8
num_cat=0
split_feature=3 17 6 32 6 32 26
split_gain=2.7392 2.85921 2.54652 2.54465 2.91227 2.54258 3.09024
threshold=0.58983932791917493 -0.53170048353498878 0.10278082437300369 11.951378335098926 0.042928030333116964 10.1906799100543 1.5000000000000002
decision_type=8 8 8 10 10 10 2
left_child=1 -1 -2 5 -5 -3 -7
right_child=2 3 -4 4 -6 6 -8
leaf_value=0.010419177950377827 0.01016713753547171 -0.0011109884903270279 -0.0058718830395116453 0.013069454083598825 -0.0029233498663139633 0 -0.015521822547780248
leaf_weight=5.3938529919832945 24.023513816297058 54.591653390787542 5.1044249571859828 7.8011793559417155 20.527457843534648 17.123765654861927 30.244275281205773
leaf_count=106 319 925 77 130 363 318 622
internal_value=-0.000897128 -0.00280948 0.00629283 -0.00403668 0.00297608 -0.00619629 -0.0107789
internal_weight=164.81 135.682 29.1279 130.288 28.3286 101.96 47.368
internal_count=2860 2464 396 2358 493 1865 940
is_linear=0
shrinkage=0.03


Tree=192
num_leaves=8
num_cat=0
split_feature=7 2 5 5 3 4 29
split_gain=2.41179 2.18512 2.63339 2.03805 2.90547 3.9158 2.94857
threshold=0.10883183659255806 -0.91403539186437344 -0.30991265230219295 0.50748599015435258 0.0860600061250619 -0.031670119541428059 34.500000000000007
decision_type=8 10 8 10 10 10 2
left_child=-1 3 -3 4 5 -2 -7
right_child=1 2 -4 -5 -6 6 -8
leaf_value=-0.0088330084739105877 -0.0056081347456276255 0.016512640874287943 0.0019470797072185357 0.0093212322872863358 -0.011695447270802295 0.016321834705485823 -0.004817573454470276
leaf_weight=15.142158113420008 26.008872481994327 6.5455377493053675 79.180119434371591 3.3723886851221314 20.195524244569242 10.253199253231289 3.0956972911953917
leaf_count=378 644 97 1022 42 386 201 82
internal_value=0.000119373 0.00153157 0.00453378 -0.00239701 -0.00430792 0.000501397 0.0107486
internal_weight=163.793 148.651 85.7257 62.9257 59.5533 39.3578 13.3489
internal_count=2852 2474 1119 1355 1313 927 283
is_linear=0
shrinkage=0.03


Tree=193
num_leaves=8
num_cat=0
split_feature=2 27 2 3 27 2 32
split_gain=2.20975 7.5699 3.4779 4.52935 2.53384 2.18262 2.86662
threshold=-4.3551199158998122 0.21170000000000003 -1.6153538790784483 -0.39401227958194901 0.36325000000000007 -0.12139816440845426 10.768579810257661
decision_type=10 2 10 10 2 8 8
left_child=-1 -2 3 -3 -4 6 -6
right_child=1 2 4 -5 5 -7 -8
leaf_value=-0.010207832600373633 0.019596960447417652 0.0040818372010751865 0.012629811849746058 -0.017265255121219715 0.0018778703485838903 0.0062949850486187942 -0.0078345692994514111
leaf_weight=11.712495144456623 8.7332845907658321 8.5752050988376158 6.1509356005117288 16.482655010186136 47.993098296225071 21.801788028329611 44.650118480436504
leaf_count=245 107 176 67 430 820 191 831
internal_value=-0.000714304 0.000380952 -0.00163393 -0.0102863 0.000575308 -0.000732912 -0.00290475
internal_weight=166.1 154.387 145.654 25.0579 120.596 114.445 92.6432
internal_count=2867 2622 2515 606 1909 1842 1651
is_linear=0
shrinkage=0.03


Tree=194
num_leaves=8
num_cat=1
split_feature=5 30 27 4 28 25 7
split_gain=2.70678 2.90508 3.76574 3.00802 3.32181 2.9117 3.64792
threshold=-0.30991265230219295 0 0.61830000000000018 0.22653730399659158 -1.0000000180025095e-35 4.5000000000000009 0.16896802668429706
decision_type=10 1 2 8 2 2 10
left_child=-1 2 3 4 -2 -3 -7
right_child=1 5 -4 -5 -6 6 -8
leaf_value=0.00711717594264678 -0.00011868047188734101 0.0065961260616588992 -0.0071732556362894655 -0.0024718839365173934 0.022155728861667133 -0.0082337333257849199 0.0086085309412581041
leaf_weight=32.695001588203013 6.7258854582905796 10.769884850829838 7.7321047224104396 7.1347707007080343 11.337622901424764 83.327510262839496 5.8147248569875947
leaf_count=558 111 211 114 74 157 1543 49
internal_value=0.000241042 -0.00165294 0.00454404 0.0108222 0.0157957 -0.00406433 -0.00636224
internal_weight=165.538 132.843 32.9304 25.1983 18.0635 99.9121 89.1422
internal_count=2817 2259 456 342 268 1803 1592
cat_boundaries=0 1
cat_threshold=40
is_linear=0
shrinkage=0.03


Tree=195
num_leaves=8
num_cat=1
split_feature=0 4 7 31 18 6 6
split_gain=2.50573 5.61768 2.17817 1.85119 2.7979 2.49462 2.76801
threshold=-0.11614706061906298 -0.12263693616826953 1.0000000180025095e-35 0 0.50011865699514235 0.091850884408647304 0.076418567070213925
decision_type=10 8 10 1 10 8 10
left_child=2 -2 -1 4 -3 6 -5
right_child=1 3 -4 5 -6 -7 -8
leaf_value=-0.0082669407928203324 0.018218669404870703 -0.0061627911824511201 0.007212163092190629 -0.0022705693331339194 0.011605726847030986 -0.010745369360385903 0.01036724326032934
leaf_weight=33.716641482897103 9.7561514899134618 4.2327296473085907 2.6427181847393504 66.134558615274727 19.433908683247864 15.3840867690742 11.668272549286483
leaf_count=852 183 64 51 941 285 258 178
internal_value=0.000395929 0.00249465 -0.00570594 0 0.00547207 -0.00193991 0.00023983
internal_weight=162.969 126.61 36.3594 116.854 23.6666 93.1869 77.8028
internal_count=2812 1909 903 1726 349 1377 1119
cat_boundaries=0 1
cat_threshold=8
is_linear=0
shrinkage=0.03


Tree=196
num_leaves=8
num_cat=0
split_feature=18 18 32 22 32 26 0
split_gain=2.40532 3.35926 1.5725 2.00717 3.63991 2.40766 1.58983
threshold=0.55063728013574442 0.50011865699514235 12.501075568037427 212.50000000000003 10.001499986472195 1.5000000000000002 -0.053436397809689666
decision_type=8 10 10 2 10 2 10
left_child=1 -1 3 4 5 -2 -5
right_child=2 -3 -4 6 -6 -7 -8
leaf_value=-0.0033500779432236961 -0.0082191105971759805 0.014038077546173821 0.0057560806830590948 -0.0054816890903532263 -0.013442848943443917 0.0057324416632187295 0.0033693342777024009
leaf_weight=11.62998744286597 9.9032570756971854 14.27443155273795 11.968872603029011 19.131709827110171 27.524906572885811 21.156099195592105 46.733909787610173
leaf_count=192 180 186 208 452 607 358 633
internal_value=-0.000264258 0.00684065 -0.00202147 -0.0031852 -0.00687203 0.000127672 0.000280093
internal_weight=162.323 25.9044 136.419 124.45 58.5843 31.0594 65.8656
internal_count=2816 378 2438 2230 1145 538 1085
is_linear=0
shrinkage=0.03


Tree=197
num_leaves=8
num_cat=0
split_feature=2 7 18 32 25 18 29
split_gain=4.54971 3.59441 3.01564 2.54601 2.82754 2.39863 2.36027
threshold=-0.39926954780594753 0.35777235299619309 0.55063728013574442 10.079384137535186 2.5000000000000004 0.89151280176007541 21.500000000000004
decision_type=10 8 8 10 2 8 2
left_child=2 -2 -1 5 -5 6 -4
right_child=1 -3 3 4 -6 -7 -8
leaf_value=0.0057142498096294948 -0.0067063846205311821 0.009610338990309204 0.011306140006279998 0.0044881387703888023 -0.013104667233466013 -0.0075972934854234295 -0.0024844204511508985
leaf_weight=15.499338712543247 8.6568079311400634 42.158049557358027 12.122031489387156 4.3655679067596784 41.68741150945425 19.548261760734022 17.165623601526022
leaf_count=284 128 433 224 107 979 378 286
internal_value=-0.000711218 0.00604148 -0.00414458 -0.00621982 -0.010742 -0.000779643 0.00402226
internal_weight=161.203 50.8149 110.388 94.8889 46.053 48.8359 29.2877
internal_count=2819 561 2258 1974 1086 888 510
is_linear=0
shrinkage=0.03


Tree=198
num_leaves=8
num_cat=0
split_feature=2 27 2 21 17 3 0
split_gain=4.15021 6.47024 4.38506 2.77986 2.32347 2.52748 2.36779
threshold=-0.91403539186437344 0.32880000000000004 -4.3551199158998122 0.85325000000000017 0.14086949904440868 -0.35922926953658929 0.15562261050103524
decision_type=10 2 8 2 10 8 10
left_child=1 2 -1 4 5 -2 -6
right_child=3 -3 -4 -5 6 -7 -8
leaf_value=-0.00912888678824407 -0.0017413295566857195 -0.012775038657694433 0.009256808419872229 -0.0069262875133547595 -0.0086922484656961722 0.013914712738481565 0.0046871726832920825
leaf_weight=9.0762060685083252 7.6604708023369312 32.569711220450699 28.746736970730126 8.2028769105672819 8.0825225505977851 35.59904214553535 36.003033500164747
leaf_count=239 137 816 477 167 118 617 271
internal_value=0.000888924 -0.00426072 0.00369402 0.00486373 0.00661654 0.0110106 0.000987923
internal_weight=165.941 70.3927 37.8229 95.5479 87.3451 43.2595 44.0856
internal_count=2842 1532 716 1310 1143 754 389
is_linear=0
shrinkage=0.03


Tree=199
num_leaves=8
num_cat=0
split_feature=32 28 22 32 29 22 32
split_gain=2.52722 2.27595 2.44548 2.68801 3.56975 3.78153 2.83457
threshold=12.254596493540776 -1.0000000180025095e-35 54.500000000000007 10.768579810257661 46.000000000000007 329.50000000000006 11.207375904300799
decision_type=8 2 2 10 2 2 10
left_child=1 -1 -3 4 5 -4 -5
right_child=-2 2 3 6 -6 -7 -8
leaf_value=-0.0066812641339667337 0.0066359776460758885 -0.009060182022356927 0.014654069231623464 -0.012956320729649907 -0.0056138457259550054 -0.0031945358569156973 0.0032174610912345833
leaf_weight=43.029219718649983 36.102797007188201 9.1497351136058551 32.803772608749568 8.4748136494308728 9.4713179776445013 9.4162894794717413 15.787859062664209
leaf_count=846 561 168 496 166 191 133 275
internal_value=0.000340535 -0.00160881 0.00114847 0.00330308 0.00693941 0.0104999 -0.00377887
internal_weight=164.236 128.133 85.1038 75.9541 51.6914 42.2201 24.2627
internal_count=2836 2275 1429 1261 820 629 441
is_linear=0
shrinkage=0.03


Tree=200
num_leaves=8
num_cat=0
split_feature=22 25 5 4 7 27 5
split_gain=2.57727 2.16404 3.18797 2.66493 2.88263 2.14196 2.09237
threshold=96.500000000000014 29.500000000000004 0.16201966518367525 -0.19254142075780853 0.071855924164225968 0.51285000000000014 0.23208082564138593
decision_type=2 2 10 8 10 2 10
left_child=-1 2 3 5 -5 -2 -4
right_child=1 -3 6 4 -6 -7 -8
leaf_value=-0.007583582468996296 -0.0048617594972013038 0.0067754453323360013 0.013830185160290364 -0.010498588841538727 0.0056102748091677503 0.012694685844799219 0
leaf_weight=32.153802621178329 4.19755671918392 34.000873588956892 7.6812867522239676 46.000622715801001 5.6542413262650362 5.4301964100450277 27.474743132479489
leaf_count=642 108 547 101 964 74 111 274
internal_value=-0.000876841 0.00101074 -0.00124138 -0.0052558 -0.00796794 0.00545677 0.00508591
internal_weight=162.593 130.44 96.4386 61.2826 51.6549 9.62775 35.156
internal_count=2821 2179 1632 1257 1038 219 375
is_linear=0
shrinkage=0.03


Tree=201
num_leaves=8
num_cat=0
split_feature=27 26 2 0 2 4 2
split_gain=2.19419 2.99088 4.5 4.9746 3.17078 3.04494 2.23633
threshold=0.71520000000000017 2.5000000000000004 -0.43202764606913518 -0.018124759238594908 -0.65471003629972413 -0.20611811202792948 -1.6153538790784483
decision_type=2 2 8 8 10 8 8
left_child=1 2 3 -1 6 -3 -5
right_child=-2 5 -4 4 -6 -7 -8
leaf_value=-0.0092803671718027277 -0.0078118638784757527 0.0081740448293165669 0.013450994761549146 0 -0.0065805884356507716 -0.0081325310394895056 0.013951670366446485
leaf_weight=25.533700386062264 23.753162821754813 5.4286037627607584 22.887046758085489 15.996488870121537 8.1139881424605829 38.909568270668387 21.580685248598456
leaf_count=714 423 116 156 293 125 675 331
internal_value=-0.000636951 0.000851077 0.0038817 -5.16717e-05 0.00544059 -0.00490517 0.00906486
internal_weight=162.203 138.45 94.1119 71.2249 45.6912 44.3382 37.5772
internal_count=2833 2410 1619 1463 749 791 624
is_linear=0
shrinkage=0.03


Tree=202
num_leaves=8
num_cat=2
split_feature=31 25 30 27 27 5 28
split_gain=2.37009 3.87338 3.11127 2.55605 3.5331 3.16583 2.91742
threshold=0 27.500000000000004 1 0.21170000000000003 0.14570000000000002 -0.029606314489982903 1.5000000000000002
decision_type=1 2 1 2 2 8 2
left_child=3 -2 -3 4 -1 -5 -7
right_child=1 2 -4 5 -6 6 -8
leaf_value=-0.0023975096361652545 -0.0078056347996040103 -0.0055180246428391776 0.0096447867398387951 0.008349268155065882 0.019754102997439689 -0.0075370352140270601 0.0057532886430666699
leaf_weight=6.2785599613562217 53.771013948135078 6.1925920192152262 13.773899591527881 23.363579730503261 8.8586074784398061 37.5418995693326 13.922248976305125
leaf_count=96 1006 136 226 488 138 572 167
internal_value=0.000112555 -0.00337054 0.00564809 0.00318187 0.0122657 0.000540122 -0.00339912
internal_weight=163.702 73.7375 19.9665 89.9649 15.1372 74.8277 51.4641
internal_count=2829 1368 362 1461 234 1227 739
cat_boundaries=0 1 2
cat_threshold=12 99
is_linear=0
shrinkage=0.03


Tree=203
num_leaves=8
num_cat=0
split_feature=5 0 32 4 0 22 18
split_gain=2.41091 3.74259 3.44638 3.40356 2.92142 3.07898 2.75981
threshold=0.078383042637919162 -0.053436397809689666 8.9747889095080371 -0.026315658369063685 0.30292359495716453 243.50000000000003 1.0470660301939707
decision_type=10 10 10 8 10 2 8
left_child=1 2 6 -3 5 -2 -1
right_child=4 3 -4 -5 -6 -7 -8
leaf_value=0.014799079897140648 -0.014256130613526222 0.017186074638106213 -0.0086873618962306134 0.00089996321436964003 0.0025454489188299588 0 -0.0056226054322763494
leaf_weight=5.9486184883862707 28.403957025147974 11.755198368802665 32.214100699871778 35.440254648216069 23.725072668865323 22.713149325922132 3.418077366426588
leaf_count=116 512 230 869 564 182 320 79
internal_value=-0.00140312 0.00177194 -0.00417757 0.00713118 -0.00515779 -0.00884747 0.00732594
internal_weight=163.618 88.7762 41.5808 47.1955 74.8422 51.1171 9.3667
internal_count=2872 1858 1064 794 1014 832 195
is_linear=0
shrinkage=0.03


Tree=204
num_leaves=8
num_cat=1
split_feature=30 5 5 18 7 25 29
split_gain=4.21701 5.14015 3.33622 4.46723 2.7196 3.62214 2.38341
threshold=0 -1.0000000180025095e-35 0.14791991857320722 0.84865483533176989 0.16896802668429706 4.5000000000000009 14.500000000000002
decision_type=1 8 8 8 10 2 2
left_child=1 6 -3 -4 5 -2 -1
right_child=4 2 3 -5 -6 -7 -8
leaf_value=-0.0017554051192027191 0.0052047185171952975 -0.0090834823664478273 0.010204938275676265 -0.0057563158823455184 0.0079021386729322563 -0.011429373659184663 0.014812694561865717
leaf_weight=5.805359559133648 8.8749384265393001 19.930948697030544 28.713221110403538 19.582881796173751 4.0696287713944903 42.133106236346066 33.204364057630301
leaf_count=112 161 398 289 269 37 905 653
internal_value=0.000842553 0.00413843 -0.000496279 0.00356828 -0.00492332 -0.00796774 0.0121488
internal_weight=162.314 107.237 68.2271 48.2961 55.0777 51.008 39.0097
internal_count=2824 1721 956 558 1103 1066 765
cat_boundaries=0 1
cat_threshold=172
is_linear=0
shrinkage=0.03


Tree=205
num_leaves=8
num_cat=1
split_feature=32 31 2 0 4 21 3
split_gain=1.63335 2.43164 3.42154 2.97086 3.24028 2.63998 2.4896
threshold=8.7022880238878546 0 -0.12139816440845426 0.14635404537030486 0.35013106303184444 0.80720000000000014 0.20085735304052157
decision_type=8 1 10 8 10 2 10
left_child=-1 3 -3 5 -5 6 -2
right_child=1 2 -4 4 -6 -7 -8
leaf_value=-0.0056252429893503637 0.015990628062873168 -0.0039707717619718334 0.009930438005017304 -0.0048283024647300344 0.012067383993132388 -0.0034895941734908809 -0.0014365637327523034
leaf_weight=11.020308945327995 38.310879807919264 60.467022168450058 12.619374843314288 26.952303154394031 6.4307197108864775 4.697578625753521 5.4795838147401801
leaf_count=177 747 1268 117 281 34 121 103
internal_value=0.0026621 0.00359075 -0.000572067 0.00653089 0 0.0114514 0.0136352
internal_weight=165.978 154.957 73.0864 81.8711 33.383 48.488 43.7905
internal_count=2848 2671 1385 1286 315 971 850
cat_boundaries=0 1
cat_threshold=12
is_linear=0
shrinkage=0.03


Tree=206
num_leaves=8
num_cat=1
split_feature=5 0 5 17 30 2 25
split_gain=3.14663 4.05791 3.86854 5.3651 2.5902 2.4459 2.43592
threshold=1.0000000180025095e-35 -0.14171106602665692 -0.12153552059407646 0.2271843322843338 0 -0.874799753766066 33.500000000000007
decision_type=10 10 8 8 1 10 2
left_child=1 4 5 6 -1 -3 -4
right_child=-2 2 3 -5 -6 -7 -8
leaf_value=0.005708805496756719 -0.0034438017431907436 -0.010119356036204922 0.02398129801772865 -0.0040896410208079428 -0.0070909434482627747 0.0064596266834193511 0
leaf_weight=6.3132202252745628 91.976183674298227 7.1204737257212392 18.227425958029929 6.2358166202902821 21.346480984240774 8.6037266328930837 3.6920415274798861
leaf_count=124 1369 179 329 74 557 150 63
internal_value=1.49652e-05 0.00454952 0.0096776 0.015152 -0.00351108 -0.00129638 0.0207572
internal_weight=163.515 71.5392 43.8795 28.1553 27.6597 15.7242 21.9195
internal_count=2845 1476 795 466 681 329 392
cat_boundaries=0 1
cat_threshold=9
is_linear=0
shrinkage=0.03


Tree=207
num_leaves=8
num_cat=1
split_feature=30 3 5 32 6 18 5
split_gain=2.91378 2.82327 2.53862 2.42776 2.31865 2.26801 1.95088
threshold=0 0.054767016939372755 -0.30991265230219295 10.768579810257661 0.052487756333730519 0.69010890503952904 -0.10960166346112914
decision_type=1 10 8 10 10 10 10
left_child=1 3 -2 -1 -5 -3 -4
right_child=2 5 6 4 -6 -7 -8
leaf_value=0.015322438791324059 0.0060760468207143618 0.0048997147572883712 -0.011584652062497525 0.008584707683307562 -0.0088528459033774889 -0.00861708900987679 -0.0018159868199975381
leaf_weight=19.603439645841721 14.148730636574326 15.848399315960707 22.601009112782776 5.1373408865183574 6.272821731865406 12.530838382430373 68.969729121774435
leaf_count=368 261 197 473 100 152 188 1121
internal_value=0 0.00451349 -0.00290739 0.0104932 0 -0.00123878 -0.00511474
internal_weight=165.112 59.3928 105.719 31.0136 11.4102 28.3792 91.5707
internal_count=2860 1005 1855 620 252 385 1594
cat_boundaries=0 1
cat_threshold=12
is_linear=0
shrinkage=0.03


Tree=208
num_leaves=8
num_cat=0
split_feature=1 16 5 7 21 18 21
split_gain=2.747 2.63975 3.61993 2.48995 3.06091 1.96662 1.8395
threshold=0.90894899748892743 -0.64854664324855105 -0.30991265230219295 0.29048044478812451 0.68175000000000008 0.84865483533176989 0.73605000000000009
decision_type=8 2 10 8 2 10 2
left_child=1 2 -1 -3 5 -5 -6
right_child=-2 3 -4 4 6 -7 -8
leaf_value=0.006332232160835843 -0.0086582334534914852 0.016940024952976893 -0.0058055705414916574 0.013598678826596707 -0.0094412732969811272 -0.0010794789705157776 0.0024051180379339584
leaf_weight=24.876263834536076 19.77542906627059 7.3413218893110752 57.807464045472443 15.721962219104173 13.940040189772846 8.2065813615918142 17.083591192960739
leaf_count=444 385 95 1390 152 130 94 154
internal_value=0 0.00159692 -0.00175191 0.0059488 0.00227601 0.00908568 -0.00337777
internal_weight=164.753 144.977 82.6837 62.2935 54.9522 23.9285 31.0236
internal_count=2844 2459 1834 625 530 246 284
is_linear=0
shrinkage=0.03


Tree=209
num_leaves=8
num_cat=0
split_feature=22 17 1 25 25 4 25
split_gain=2.30527 2.55319 2.92784 2.44079 4.44647 2.78269 2.36105
threshold=212.50000000000003 -0.30591953122274224 0.27637719668734467 4.5000000000000009 16.500000000000004 0.30710162705722266 4.5000000000000009
decision_type=2 10 8 2 2 10 2
left_child=3 -2 6 -1 -5 -6 -3
right_child=1 2 -4 4 5 -7 -8
leaf_value=0.0084638107154805728 -0.005796759820281416 -0.0025181565703204056 0 -0.012433974787228371 -0.0017374176511727045 0.013637573676226008 0.014079684278510347
leaf_weight=9.2707604020833951 9.1162837240844947 4.9433059990406027 33.966334564611316 24.626567032188177 38.649996854364872 5.5105782635509959 36.590341391973197
leaf_count=188 199 82 518 471 771 32 543
internal_value=0.00186884 0.00513153 0.00705967 -0.00164192 -0.00393916 0.00169095 0.0117137
internal_weight=162.674 84.6163 75.5 78.0579 68.7871 44.1606 41.5336
internal_count=2804 1342 1143 1462 1274 803 625
is_linear=0
shrinkage=0.03


Tree=210
num_leaves=8
num_cat=0
split_feature=6 6 22 32 26 17 26
split_gain=3.12848 1.70412 2.08858 2.57621 4.50577 2.76095 2.76606
threshold=0.085798286060302931 0.080031832214799745 299.50000000000006 9.6029086844637366 2.5000000000000004 -0.0097581169450786636 2.5000000000000004
decision_type=8 10 2 10 2 10 2
left_child=1 2 3 4 -1 -5 -7
right_child=-2 -3 -4 5 -6 6 -8
leaf_value=-0.010702048189368466 -0.0066440545628521641 0.011726662352147288 -0.004237760746067052 -0.0013014355991351522 0.0094853411049575769 0.015586770769718714 -1.4192513788856089e-05
leaf_weight=17.739544482901696 36.951836510561407 8.2469689631834608 36.206118372268975 19.418075785040855 8.1106207314878684 25.437623913399875 11.988255021162329
leaf_count=291 688 135 543 498 140 361 194
internal_value=0.000128369 0.00248436 0.00102625 0.00366691 -0.00318022 0.00702021 0.0111368
internal_weight=164.099 127.147 118.9 82.6941 25.8502 56.844 37.4259
internal_count=2850 2162 2027 1484 431 1053 555
is_linear=0
shrinkage=0.03


Tree=211
num_leaves=8
num_cat=0
split_feature=21 7 22 2 28 32 3
split_gain=2.15111 3.56849 3.03098 2.60527 2.82447 2.7413 2.49547
threshold=0.76805000000000012 0.166547824097529 85.500000000000014 -0.12139816440845426 -1.0000000180025095e-35 10.768579810257661 0.47025764598559078
decision_type=2 8 2 8 2 10 8
left_child=3 -2 -3 4 6 -6 -1
right_child=1 2 -4 -5 5 -7 -8
leaf_value=0.0072639957647168572 -0.0050145948506510234 -0.00013051701463558265 0.016974461513312406 0.0076204740281043204 -0.0012282882162421081 -0.013125844636247688 -0.006677062746905999
leaf_weight=27.123460575006902 11.96246554981917 12.038281521759929 16.751774773001671 15.320714663714169 46.486647984012961 25.851525956764817 8.9790620040148479
leaf_count=583 301 195 221 101 777 522 146
internal_value=0.000467528 0.00589568 0.0109413 -0.00145546 -0.00330201 -0.0065505 0.00287436
internal_weight=164.514 40.7525 28.7901 123.761 108.441 72.3382 36.1025
internal_count=2846 717 416 2129 2028 1299 729
is_linear=0
shrinkage=0.03


Tree=212
num_leaves=8
num_cat=0
split_feature=4 27 2 2 27 2 5
split_gain=2.83418 3.19808 3.09969 2.73324 4.82108 3.12493 3.03667
threshold=-0.12263693616826953 0.21170000000000003 -3.9996213253608861 -1.0636431477588428 0.55510000000000004 -0.12139816440845426 -0.082272256666159976
decision_type=8 2 8 10 2 10 10
left_child=-1 2 -2 -3 6 -6 -5
right_child=1 3 -4 4 5 -7 -8
leaf_value=0.008525721212932328 -0.0025657098586906652 -0.0096564941235548311 0.017047055267952686 -0.0058348372182612978 -0.009413312614350763 0.0035310743244132462 0.011496247227098631
leaf_weight=25.064340584911406 8.0866142287850362 31.263611572794616 7.693085014820098 5.3767605358734718 40.227404126897454 18.454172117635608 28.51414873637259
leaf_count=559 196 749 66 101 666 173 330
internal_value=0.000551032 -0.00116346 0.00888351 -0.00301884 -3.82164e-05 -0.00518236 0.00779941
internal_weight=164.68 139.616 15.7797 123.836 92.5725 58.6816 33.8909
internal_count=2840 2281 262 2019 1270 839 431
is_linear=0
shrinkage=0.03


Tree=213
num_leaves=8
num_cat=0
split_feature=7 3 4 17 25 1 1
split_gain=2.6764 2.40319 3.79902 3.29864 4.34371 4.34043 4.12131
threshold=0.027497093839756299 0.074850753686358518 0.35013106303184444 -0.042663946313760907 32.500000000000007 -0.70071747366740322 0.8868002640992606
decision_type=8 10 8 10 2 8 8
left_child=-1 3 -3 5 6 -2 -5
right_child=1 2 -4 4 -6 -7 -8
leaf_value=-0.0089546677211011488 0.0073058299132124395 -0.0054105533601901548 0.0079902721971505178 0.01915577359751653 -0.0047748354486603344 -0.009827673622341028 -0.0010778746918289233
leaf_weight=10.414410316385327 21.488412118516862 49.213095346465707 20.272916581481695 29.634800868108869 7.6760858185589305 16.160679799504578 9.0711750201880914
leaf_count=305 475 725 207 435 118 394 181
internal_value=0.0018154 0.00304624 -0.000885917 0.00625513 0.0109902 -0.000153474 0.0147202
internal_weight=163.932 153.517 69.486 84.0312 46.3821 37.6491 38.706
internal_count=2840 2535 932 1603 734 869 616
is_linear=0
shrinkage=0.03


Tree=214
num_leaves=8
num_cat=1
split_feature=2 27 30 2 27 7 22
split_gain=2.23355 3.36598 2.68049 2.60492 3.37496 2.40322 2.13602
threshold=-3.9996213253608861 0.32880000000000004 0 -0.874799753766066 0.71520000000000017 0.2596578288385466 351.50000000000006
decision_type=10 2 1 10 2 8 2
left_child=-1 2 -2 -3 5 -5 -6
right_child=1 3 -4 4 6 -7 -8
leaf_value=-0.0097531579923281243 -0.0038662797630077588 -0.0078581684718503925 0.011775790268556756 -0.0063343469441666704 -0.010678824859159471 0.0067238928707473973 0.0051693737467248041
leaf_weight=13.426270358264444 7.0499271219596267 32.90362836420536 16.71774699725211 7.7663637269288301 19.999724498018626 60.604074846953154 3.652291538193821
leaf_count=302 179 835 230 135 368 721 45
internal_value=-0.000651157 0.000530966 0.00934846 -0.00149542 0.00107624 0.00453601 -0.00706966
internal_weight=162.12 148.694 23.7677 124.926 92.0225 68.3704 23.652
internal_count=2815 2513 409 2104 1269 856 413
cat_boundaries=0 1
cat_threshold=70
is_linear=0
shrinkage=0.03


Tree=215
num_leaves=8
num_cat=1
split_feature=30 2 1 1 7 2 28
split_gain=2.14247 3.20156 3.15519 3.10839 2.58559 2.17269 1.84693
threshold=0 -0.39926954780594753 0.16930329773742922 0.45738864630883097 0.066108428503566921 -3.0971893262083552 2.5000000000000004
decision_type=1 10 8 10 10 8 2
left_child=1 4 6 -4 5 -1 -2
right_child=2 -3 3 -5 -6 -7 -8
leaf_value=0.0014459296530302242 0.002926803927441139 0.0035414620977328891 -0.012657799439141356 0.0013956676658427114 0.0050276515766081737 -0.017398746372169257 0.014917906069815537
leaf_weight=3.7226014044135809 58.076780822128057 15.355154894292353 11.629369334317742 41.388586076907814 2.3213042011484495 18.672731696628041 11.086685424670575
leaf_count=109 995 160 185 685 37 495 152
internal_value=0.000182516 -0.00460669 0.00223705 -0.00269649 -0.0111634 -0.0142167 0.00639068
internal_weight=162.253 40.0718 122.181 53.018 24.7166 22.3953 69.1635
internal_count=2818 801 2017 870 641 604 1147
cat_boundaries=0 1
cat_threshold=67
is_linear=0
shrinkage=0.03


Tree=216
num_leaves=8
num_cat=1
split_feature=7 4 30 32 32 6 16
split_gain=1.9627 2.53543 4.2045 3.62101 2.76743 2.6257 3.57481
threshold=-1.0000000180025095e-35 -0.0065613759531327745 0 12.254596493540776 10.293916315996503 0.046650734569235998 -1.3743689603527536
decision_type=8 8 1 8 8 10 2
left_child=-1 5 4 -4 -3 6 -2
right_child=1 2 3 -5 -6 -7 -8
leaf_value=-0.010111532953634941 0.0090518611660901464 0.010721645911903905 -0.010601054100463367 0.0039570303946227453 -0.0015411799194498738 0.01081085117579701 -0.011930107647163544
leaf_weight=8.6804903307929617 5.1502517638728014 24.435832683928311 47.977098507806659 14.617754906415938 26.665873536840081 28.305937801487744 8.1819052184000594
leaf_count=269 119 288 775 205 362 656 184
internal_value=-0.000260226 0.000666745 -0.00159888 -0.00606636 0.00404244 0.00641605 -0.0027666
internal_weight=164.015 155.335 113.697 62.5949 51.1017 41.6381 13.3322
internal_count=2858 2589 1630 980 650 959 303
cat_boundaries=0 1
cat_threshold=154
is_linear=0
shrinkage=0.03


Tree=217
num_leaves=8
num_cat=0
split_feature=32 2 27 4 3 32 29
split_gain=3.79866 2.61588 2.50941 1.75731 2.62551 1.71834 1.84457
threshold=11.951378335098926 -0.24010858262232684 0.37950000000000006 -0.22291260397017207 0.58983932791917493 9.4052107756448216 56.500000000000007
decision_type=8 8 2 8 8 10 2
left_child=3 2 -2 -1 5 -5 -7
right_child=1 -3 -4 4 -6 6 -8
leaf_value=0.0057298279278271561 0.0097583915275392934 0.015851830723245086 -0.0047403503399154083 0.00041014118387984759 0.0058310097796148387 -0.0096388472739348668 0.0026089821187946552
leaf_weight=12.511679791845379 9.6651046983897704 12.223787594586609 18.777785820886493 25.693891253322363 13.820867765694855 59.901607629843056 7.5488395420834413
leaf_count=274 188 120 363 430 183 1095 156
internal_value=0.000331204 0.00752118 0.000835469 -0.00231682 -0.00372173 -0.00563657 -0.00793801
internal_weight=160.144 40.6667 28.4429 119.477 106.965 93.1443 67.4504
internal_count=2809 671 551 2138 1864 1681 1251
is_linear=0
shrinkage=0.03


Tree=218
num_leaves=8
num_cat=0
split_feature=21 2 32 1 4 17 2
split_gain=2.47083 3.265 3.31291 1.91343 1.74132 2.61003 3.32975
threshold=0.64095000000000013 -3.9996213253608861 10.382865851323567 0.72336505465846079 -0.090536385868056221 0.15177522206890451 -0.68172784003528275
decision_type=2 10 10 10 8 10 8
left_child=1 -1 3 -3 -2 -6 -7
right_child=4 2 -4 -5 5 6 -8
leaf_value=-0.0065966209021946394 0.0038497465229200183 0.016965364093652534 -0.0012711183567141683 -0.00060291584002758198 -0.0087877058046250938 0.0092749244768691418 -0.0048973445691745665
leaf_weight=8.8906787112355214 23.761769657023251 21.507752964273099 15.313664447516201 4.2467770753428331 44.064599802717566 16.863072992302477 28.756768714636564
leaf_count=171 550 301 301 79 969 231 258
internal_value=0.000131321 0.0052998 0.00883651 0.0141678 -0.00222042 -0.00416582 0.000663795
internal_weight=163.405 49.9589 41.0682 25.7545 113.446 89.6844 45.6198
internal_count=2860 852 681 380 2008 1458 489
is_linear=0
shrinkage=0.03


Tree=219
num_leaves=8
num_cat=0
split_feature=5 18 29 29 29 4 32
split_gain=2.91385 3.14804 3.01985 3.42366 2.83623 2.83447 2.53572
threshold=-1.0000000180025095e-35 0.55063728013574442 56.500000000000007 8.5000000000000018 14.500000000000002 0.35013106303184444 10.82656194483952
decision_type=8 8 2 2 2 10 8
left_child=4 -2 3 -3 -1 6 -5
right_child=1 2 -4 5 -6 -7 -8
leaf_value=-0.0040180353795054432 0.0072939637162127598 0.0072269697049624953 0.0086245268966787525 -0.0044067471352745293 0.0090543846033003545 0.003489097540510393 -0.017699381689452263
leaf_weight=13.760258172638713 16.403950331732631 7.2015443677082649 5.8418425694108 42.341782096773386 44.169385795481503 9.4721154943108541 23.134437042288482
leaf_count=300 191 109 103 675 977 61 425
internal_value=0.000559097 -0.00231059 -0.00471605 -0.00651227 0.00561095 -0.00858296 -0.0107232
internal_weight=162.325 104.396 87.9917 82.1499 57.9296 74.9483 65.4762
internal_count=2841 1564 1373 1270 1277 1161 1100
is_linear=0
shrinkage=0.03


Tree=220
num_leaves=8
num_cat=0
split_feature=32 27 4 4 3 5 4
split_gain=2.52849 2.71848 3.35845 2.66654 3.12818 3.38258 2.64034
threshold=8.7022880238878546 0.32880000000000004 -0.15762898204123774 -0.27983439623801259 -0.20112904510972804 0.041875185948576539 -0.15762898204123774
decision_type=10 2 10 8 8 8 10
left_child=-1 2 -2 -3 -5 6 -6
right_child=1 3 -4 4 5 -7 -8
leaf_value=-0.0072092224481841004 -0.0036585958573782172 0.011754276312778745 0.013611592063656149 -0.011243520284459936 -0.0045046310093386785 -0.0030419913756093036 0.012537592397671615
leaf_weight=20.971967349760234 8.8319207932800037 7.0983777455985546 25.091086740605533 16.305895693600178 5.1465177237987545 59.109032498672605 21.196242230013013
leaf_count=330 205 155 447 388 140 757 426
internal_value=0.000825892 0.00242549 0.00891733 0 -0.00169098 0.000777784 0.00849758
internal_weight=163.751 142.779 33.923 108.856 101.758 85.4518 26.3428
internal_count=2848 2518 652 1866 1711 1323 566
is_linear=0
shrinkage=0.03


Tree=221
num_leaves=8
num_cat=0
split_feature=1 32 2 2 27 1 6
split_gain=4.3965 3.57844 2.59469 2.49626 2.79649 2.83232 4.64628
threshold=0.22248920455378104 11.207375904300799 -2.5105494737608707 -4.3551199158998122 0.61830000000000018 -1.1100673658308329 0.047747460872056259
decision_type=8 8 8 10 2 10 10
left_child=3 2 -2 -1 5 -5 -7
right_child=1 -3 -4 4 -6 6 -8
leaf_value=-0.0074737660882375941 0.002628833103148783 0.0026818249350214966 -0.013067530122206466 0.001209834366910192 -0.0010099079595212196 -0.0012835262282272686 0.02006331536797468
leaf_weight=5.3798453835770479 7.476176300086081 29.685534278862178 31.231016358360648 27.71102349832654 26.680714706890285 9.7150884205475432 24.821728597395122
leaf_count=126 177 460 553 545 420 165 383
internal_value=0.000925916 -0.0044625 -0.00978368 0.00502361 0.00648885 0.00966548 0.0145938
internal_weight=162.701 68.3927 38.7072 94.3084 88.9286 62.2478 34.5368
internal_count=2829 1190 730 1639 1513 1093 548
is_linear=0
shrinkage=0.03


Tree=222
num_leaves=8
num_cat=1
split_feature=7 21 2 1 30 22 4
split_gain=3.12388 2.36464 2.38634 2.22766 2.6666 3.12105 2.56792
threshold=-1.0000000180025095e-35 0.76805000000000012 -0.73924982846479692 -6.9671685148573284 0 250.50000000000003 0.30710162705722266
decision_type=8 2 8 8 1 2 10
left_child=-1 3 -3 -2 -5 6 -6
right_child=1 2 -4 4 5 -7 -8
leaf_value=-0.011436422188813871 0.011515210651298294 0.017171463988751492 0.00147107212609374 0.0063919914276577804 -0.010673483167877815 0.001519515888394198 0.0049433172750042382
leaf_weight=8.265939502976833 5.882555665448308 9.180614320561288 26.216609610244632 15.803113251924515 44.266555489040911 50.508003680035472 5.2212408669292918
leaf_count=255 111 157 379 193 964 777 33
internal_value=0.00101908 0.00228785 0.00830356 1.79223e-05 -0.00115135 -0.00316626 -0.00830627
internal_weight=165.345 157.079 35.3972 121.681 115.799 99.9958 49.4878
internal_count=2869 2614 536 2078 1967 1774 997
cat_boundaries=0 1
cat_threshold=8
is_linear=0
shrinkage=0.03


Tree=223
num_leaves=8
num_cat=1
split_feature=30 2 27 27 27 2 2
split_gain=2.4864 4.01626 3.73895 3.69808 2.39502 6.44812 2.33278
threshold=0 -0.874799753766066 0.26515000000000005 0.68525000000000003 0.55510000000000004 -0.12139816440845426 -3.9996213253608861
decision_type=1 10 2 2 2 10 10
left_child=4 2 6 -3 -1 -6 -2
right_child=1 3 -4 -5 5 -7 -8
leaf_value=0.0087722798510697121 -0.0076333061457919456 0.0081412296401306913 -0.016367395538594561 -0.0075665193409045605 -0.0088035514774104321 0.013054287315305089 0.009782507861438387
leaf_weight=57.093517964705825 4.350735004991293 32.974925648421049 17.148479713127017 11.960840400308369 24.483907262794673 11.327451057732103 7.2786635272204894
leaf_count=937 125 443 489 215 404 96 125
internal_value=0.00199563 -0.00189586 -0.00969138 0.0031652 0.00484515 -0.000426092 0.00204727
internal_weight=166.619 73.7136 28.7779 44.9358 92.9049 35.8114 11.6294
internal_count=2834 1397 739 658 1437 500 250
cat_boundaries=0 1
cat_threshold=140
is_linear=0
shrinkage=0.03


Tree=224
num_leaves=8
num_cat=0
split_feature=22 18 1 17 18 25 27
split_gain=2.401 4.78407 4.16239 3.32966 2.84259 1.97313 1.7407
threshold=238.50000000000003 0.69010890503952904 -1.1100673658308329 -0.41774042988745524 0.77340185741246559 29.500000000000004 0.52355000000000007
decision_type=2 8 10 8 10 2 2
left_child=1 2 -1 -3 5 6 -2
right_child=4 3 -4 -5 -6 -7 -8
leaf_value=-0.0085776117308448141 -0.011562894716779137 0.0066011916611507376 0.0093228454959629389 -0.01156448855219761 0.0090847898340277334 0.0058504367299605639 0.000539414447297949
leaf_weight=9.1336600426584464 12.459889161400499 4.4224717495962977 28.840696535073221 45.386670033447444 34.625037682242692 12.63609917834401 16.463923945091665
leaf_count=219 234 103 492 868 523 185 235
internal_value=-5.40903e-05 -0.0033815 0.00394773 -0.0090018 0.00355872 -0.00146589 -0.00564349
internal_weight=163.968 87.7835 37.9744 49.8091 76.1849 41.5599 28.9238
internal_count=2859 1682 711 971 1177 654 469
is_linear=0
shrinkage=0.03


Tree=225
num_leaves=8
num_cat=0
split_feature=21 21 7 2 7 3 17
split_gain=1.81832 3.38678 4.4708 3.00353 2.66607 2.62544 2.63155
threshold=0.69515000000000016 0.76805000000000012 0.166547824097529 -0.49462663450432337 0.22420837354962356 -0.53614634806867123 0.090327376986495969
decision_type=2 2 8 10 10 8 10
left_child=3 -2 -3 5 -4 -1 -7
right_child=1 2 4 -5 -6 6 -8
leaf_value=0.012179263815464103 -0.0068620074264607762 -0.0077603943806111063 0.013574148538566819 0.012885615297751471 -0.004042616237484864 -0.0079517272275252803 0.0036774435161750466
leaf_weight=5.9751565316691995 45.492780827917159 11.692868119105695 23.605482310988013 17.8792226575315 4.6560801677405825 26.767260810360312 26.475422028452158
leaf_count=106 777 312 367 164 37 664 397
internal_value=0.00115489 -0.0016805 0.00406697 0.00433621 0.0100066 0.000305406 -0.00219909
internal_weight=162.544 85.4472 39.9544 77.0971 28.2616 59.2178 53.2427
internal_count=2824 1493 716 1331 404 1167 1061
is_linear=0
shrinkage=0.03


Tree=226
num_leaves=8
num_cat=0
split_feature=2 3 1 17 2 3 3
split_gain=1.57725 2.80188 2.50739 2.25441 1.95673 4.55862 3.55932
threshold=-1.6153538790784483 -1.0320828604422865 0.48965201648588325 0.25959762179737117 -0.68172784003528275 -0.056486903377808505 0.27382945986278423
decision_type=10 10 10 8 10 10 8
left_child=1 -1 -3 -4 5 -2 -7
right_child=4 2 3 -5 -6 6 -8
leaf_value=0.0061703149927240736 -0.0034659082476735585 -0.012834895512992175 0.0096490071140716144 -0.0073266702006240993 -0.0012064515467328193 0.019556054709999954 -0.00050225222257941856
leaf_weight=9.0054606460034829 19.769906125031412 23.339041685685515 6.6847196565940958 5.1795239355415106 74.265361157245934 15.409405177459119 9.3403340084478277
leaf_count=158 440 550 173 84 996 310 135
internal_value=-7.94419e-05 -0.00454279 -0.00826563 0.00151684 0.00164522 0.006147 0.0132547
internal_weight=162.994 44.2087 35.2033 11.8642 118.785 44.5196 24.7497
internal_count=2846 965 807 257 1881 885 445
is_linear=0
shrinkage=0.03


Tree=227
num_leaves=8
num_cat=0
split_feature=27 6 2 27 29 3 2
split_gain=3.10299 3.52681 2.6608 5.22696 2.99121 2.46388 2.35509
threshold=0.21170000000000003 0.082131649865770415 -1.6153538790784483 0.44050000000000006 19.500000000000004 -0.39401227958194901 -0.76842954008585596
decision_type=2 10 10 2 2 10 10
left_child=1 -1 5 4 -4 -2 -5
right_child=2 -3 3 6 -6 -7 -8
leaf_value=0.014757381191543651 0.0019793741557095935 -0.0064291148354391594 -0.0022939824425957872 -0.0099036015910213757 0.017595742135023656 -0.013864789245880424 0.00012242244743259893
leaf_weight=16.107729502953593 8.6919468892738241 3.6068471288308492 5.687704652547839 19.240180809050798 14.041490198113022 16.695763347670436 80.293731180019677
leaf_count=258 181 92 97 468 217 434 1105
internal_value=0.000314759 0.00960308 -0.00128982 0.00064803 0.0123133 -0.00881648 -0.00226874
internal_weight=164.365 19.7146 144.651 119.263 19.7292 25.3877 99.5339
internal_count=2852 350 2502 1887 314 615 1573
is_linear=0
shrinkage=0.03


Tree=228
num_leaves=8
num_cat=1
split_feature=1 30 32 32 1 22 1
split_gain=3.16363 3.49477 7.35064 4.2728 4.01569 3.33272 2.15632
threshold=0.27637719668734467 0 10.768579810257661 10.58062780268255 -1.6417636932737176 316.50000000000006 -1.7940925238607317
decision_type=8 1 8 8 10 2 10
left_child=1 2 4 6 -1 -6 -3
right_child=-2 3 -4 -5 5 -7 -8
leaf_value=-0.0010078762032927472 -0.0048809130186680122 0.00030363471118169611 -0.00478013667079389 0.0047479202823201708 0.024379919029982138 0 -0.01581509738005683
leaf_weight=7.96184451971203 65.633558300323784 8.1475592963397521 19.097953257150948 24.006925140507519 20.64474732615054 6.2546326834708443 14.241450338624416
leaf_count=115 1148 182 316 508 245 70 293
internal_value=-1.42109e-06 0.00317615 0.00728237 -0.00256043 0.0155984 0.0200477 -0.01092
internal_weight=165.989 100.355 53.9592 46.3959 34.8612 26.8994 22.389
internal_count=2877 1729 746 983 430 315 475
cat_boundaries=0 1
cat_threshold=170
is_linear=0
shrinkage=0.03


Tree=229
num_leaves=8
num_cat=0
split_feature=6 7 29 1 5 5 6
split_gain=2.24835 2.58105 1.83807 1.44663 2.91833 3.07246 2.71805
threshold=0.096694690662783869 -1.0000000180025095e-35 17.500000000000004 0.53118474423898643 -0.0097672724554301819 0.21319501873169419 0.032175999070441309
decision_type=8 8 2 8 10 10 10
left_child=1 -1 -2 4 6 -6 -3
right_child=2 3 -4 -5 5 -7 -8
leaf_value=-0.0080849527482760152 0.0035166821191105965 -0.0025540780381092063 -0.0097032552932900546 0 -0.0044248130603754352 0.0078849012520277855 0.015402522359288259
leaf_weight=7.2318798331543803 8.2253203913569468 5.1671827016398302 15.842665462754665 39.116596504114568 28.392251101322472 27.872595747932792 32.053535844199359
leaf_count=228 133 101 309 681 514 293 615
internal_value=0.0021992 0.00373621 -0.00496733 0.00491094 0.00680016 0.00166223 0.0125671
internal_weight=163.902 139.834 24.068 132.602 93.4856 56.2648 37.2207
internal_count=2874 2432 442 2204 1523 807 716
is_linear=0
shrinkage=0.03


Tree=230
num_leaves=8
num_cat=0
split_feature=5 1 32 27 2 2 32
split_gain=3.61942 2.06015 1.71635 2.85441 2.8493 2.81328 4.18001
threshold=-0.30991265230219295 -1.7940925238607317 11.951378335098926 0.71520000000000017 -0.24010858262232684 -1.0169667466394263 10.001499986472195
decision_type=8 10 8 2 8 10 10
left_child=1 -1 3 5 -4 -2 -7
right_child=2 -3 4 -5 -6 6 -8
leaf_value=-0.0019814154182013527 -0.0064727402245154386 0.014830091962553962 -0.0022423044165572389 -0.013695560905556353 0.011669354651635825 0.010771705057818 -0.0039543868617231285
leaf_weight=4.9358914997428682 39.531812584027648 13.652272589504717 26.467944154515862 12.372589499689637 13.325403586030005 24.977957330644131 28.28552658110857
leaf_count=96 954 239 523 243 123 268 404
internal_value=0.000274595 0.0105488 -0.0014276 -0.00344562 0.0032759 -0.000951624 0.0032114
internal_weight=163.549 18.5882 144.961 105.168 39.7933 92.7953 53.2635
internal_count=2850 335 2515 1869 646 1626 672
is_linear=0
shrinkage=0.03


Tree=231
num_leaves=8
num_cat=0
split_feature=25 29 0 32 0 4 32
split_gain=1.78612 2.99976 2.74162 2.21385 2.05347 1.90848 1.82691
threshold=29.500000000000004 33.500000000000007 -0.49046425900321594 9.4685062183740403 0.30292359495716453 0.41849553283479651 12.501075568037427
decision_type=2 2 8 8 10 8 10
left_child=2 3 -1 -2 -4 -6 -5
right_child=1 -3 4 6 5 -7 -8
leaf_value=0.0096555615598006607 0.0065688918663068087 0.011796839031709869 -0.0062857089749193476 -0.011530125060573345 0.0084409358938830944 -0.0050349087327678484 0.0040369023131563448
leaf_weight=5.6155263595283031 7.5706649282947209 14.318207017146049 97.600580755621195 14.351538113318385 13.188693070784209 8.6577885914593953 3.3219925602897993
leaf_count=116 108 239 1915 285 98 71 60
internal_value=-0.00138318 0.00354389 -0.0031739 -0.00239826 -0.00446297 0.00267978 -0.00767367
internal_weight=164.625 39.5624 125.063 25.2442 119.447 21.8465 17.6735
internal_count=2892 692 2200 453 2084 169 345
is_linear=0
shrinkage=0.03


Tree=232
num_leaves=8
num_cat=0
split_feature=27 27 27 7 29 32 22
split_gain=2.50452 3.06282 2.10164 3.57408 2.58419 2.41654 2.40278
threshold=0.21170000000000003 0.14570000000000002 0.54730000000000012 0.027497093839756299 34.500000000000007 9.2501195741928566 96.500000000000014
decision_type=2 2 2 10 2 8 2
left_child=1 -1 3 4 5 -2 -4
right_child=2 -3 6 -5 -6 -7 -8
leaf_value=-0.0038598906571057812 0.00016802798061188375 0.01466402384497577 -0.0071728225521761231 0.008465142272832198 0.0012254716408470231 -0.014301912260671609 0.0043007145549313411
leaf_weight=7.3146081771701601 10.74850181955844 11.691897028125821 13.505308737047015 6.722053922712802 16.224635098129511 35.61863808427006 58.060051661916077
leaf_count=137 195 199 246 96 370 716 840
internal_value=-0.000368509 0.00794808 -0.00195808 -0.00545011 -0.007947 -0.0111405 0.00144349
internal_weight=159.886 19.0065 140.879 69.3138 62.5918 46.3671 71.5654
internal_count=2799 336 2463 1377 1281 911 1086
is_linear=0
shrinkage=0.03


Tree=233
num_leaves=8
num_cat=1
split_feature=21 6 4 21 30 21 4
split_gain=2.26627 2.44417 3.66528 2.47048 1.82269 3.49686 2.98752
threshold=0.79895000000000016 0.044196585280297795 0.05138984211368109 0.76805000000000012 0 0.64095000000000013 -0.026315658369063685
decision_type=2 10 10 2 1 2 8
left_child=1 2 -1 4 -3 -6 -7
right_child=-2 3 -4 -5 5 6 -8
leaf_value=-0.0095851873696733494 -0.0057453654438730283 0.0059997108537609197 0.0056724085646529306 0.015456171599442388 0.0071461811152445176 0.0037289480684231358 -0.012940561713478727
leaf_weight=22.446545722894371 24.275873621925712 44.542362974956632 18.147601770237088 11.430723789148031 15.559763778001068 8.716546241194008 19.259187947958711
leaf_count=453 492 742 194 164 308 203 298
internal_value=0.00138971 0.00297086 -0.00264468 0.00542756 0.00279132 -0.00149591 -0.00765555
internal_weight=164.379 140.103 40.5941 99.5086 88.0779 43.5355 27.9757
internal_count=2854 2362 647 1715 1551 809 501
cat_boundaries=0 1
cat_threshold=44
is_linear=0
shrinkage=0.03


Tree=234
num_leaves=8
num_cat=0
split_feature=1 17 26 3 25 4 4
split_gain=2.57574 2.2381 4.85182 4.51722 4.34653 4.11918 2.88554
threshold=0.90894899748892743 -0.042663946313760907 2.5000000000000004 0.0860600061250619 32.500000000000007 0.24714943459493596 -0.050000244207981652
decision_type=8 10 2 8 2 8 8
left_child=1 2 -1 4 5 -3 -4
right_child=-2 3 6 -5 -6 -7 -8
leaf_value=-0.0092353461160571224 -0.0074647998111670444 0.022791139881557596 0.015274449573307211 0.00017461600750486232 -0.0042848222676583492 -0.002475574674299898 -0.0032614450549640198
leaf_weight=28.950620734132826 19.203592068515718 18.955622283741832 9.0240742340683919 67.330688890069723 5.4933559708297244 4.2649480076506796 7.5201387275010374
leaf_count=746 378 341 193 817 87 65 173
internal_value=0.000944738 0.00252433 -0.00246447 0.00503941 0.0135145 0.0182247 0.00792102
internal_weight=160.743 141.539 45.4948 96.0446 28.7139 23.2206 16.5442
internal_count=2800 2422 1112 1310 493 406 366
is_linear=0
shrinkage=0.03


Tree=235
num_leaves=8
num_cat=1
split_feature=27 2 32 3 4 2 30
split_gain=2.18751 3.60493 4.4567 3.78437 3.97356 3.34724 3.30993
threshold=0.32880000000000004 -0.39926954780594753 10.768579810257661 0.011584509848837559 -0.13135790052793536 -1.6153538790784483 0
decision_type=2 10 8 10 8 8 1
left_child=5 2 3 4 -2 -1 -5
right_child=1 -3 -4 6 -6 -7 -8
leaf_value=0 0.0057370813441706041 0.0036849183400901099 -0.01338157483632431 -0.005128561932466618 -0.014355134605626497 0.01808683289483164 0.011470749503274875
leaf_weight=32.555923748761415 7.8931030929088593 52.039021095260978 30.511085029691458 6.0064420262351632 13.809528138488533 5.817471705377101 14.813799181021752
leaf_count=685 178 570 726 118 321 43 239
internal_value=9.88605e-06 -0.00186152 -0.00597228 0.000324242 -0.00696567 0.00570183 0.00826781
internal_weight=163.446 125.073 73.034 42.5229 21.7026 38.3734 20.8202
internal_count=2880 2152 1582 856 499 728 357
cat_boundaries=0 1
cat_threshold=49
is_linear=0
shrinkage=0.03


Tree=236
num_leaves=8
num_cat=0
split_feature=2 5 3 18 25 3 5
split_gain=4.54417 2.93443 3.72931 2.86222 3.65036 2.89399 2.44209
threshold=-0.95840954017402014 -0.30991265230219295 -0.32885611491408334 0.66647880364308676 28.500000000000004 -0.53614634806867123 0.50748599015435258
decision_type=10 8 10 8 2 8 10
left_child=3 -2 -3 4 -1 -5 -7
right_child=1 2 -4 5 -6 6 -8
leaf_value=-0.0059116302079755241 0.015995125223546573 -0.0078854993536976777 0.0050810714413638521 0.0046177134301364393 0.012874172677080787 -0.014552504504382459 0.0034092335241698263
leaf_weight=12.936870733276011 9.0105457045137864 18.391975849866867 71.200722826644778 5.5560250673443079 8.5292221968993527 33.760021569207311 3.4574136640876523
leaf_count=293 131 272 957 107 178 842 46
internal_value=0.000376787 0.00437507 0.00183734 -0.00535752 0.00251235 -0.00937604 -0.0122442
internal_weight=162.843 98.6032 89.5927 64.2396 21.4661 42.7735 37.2174
internal_count=2826 1360 1229 1466 471 995 888
is_linear=0
shrinkage=0.03


Tree=237
num_leaves=8
num_cat=0
split_feature=27 2 2 6 27 6 6
split_gain=1.87776 2.66849 1.65715 1.58805 2.01247 3.27591 3.56148
threshold=0.71520000000000017 -0.30307454926889665 -0.12139816440845426 0.1063127971192401 0.61830000000000018 0.045566115129367681 0.053638216502319036
decision_type=2 10 10 10 2 10 10
left_child=1 3 -2 4 5 -1 -7
right_child=2 -3 -4 -5 -6 6 -8
leaf_value=-0.0039778655668272749 -0.011397719536196399 0.0095229668323731035 0.0013849808261735153 -0.0088025892441223243 -0.007667518404793074 0.0171259533339869 0.001559404293024737
leaf_weight=33.019070971757174 12.386514158919455 24.285291101783514 10.462795365601776 8.851555993780492 11.516071824356912 12.992397258989511 48.141659126617014
leaf_count=607 285 130 123 226 221 231 1013
internal_value=0.000421911 0.00189617 -0.00621697 -0.000114945 0.00104913 0.0027791 0.00668357
internal_weight=161.655 138.806 22.8493 114.521 105.669 94.1531 61.1341
internal_count=2836 2428 408 2298 2072 1851 1244
is_linear=0
shrinkage=0.03


Tree=238
num_leaves=8
num_cat=0
split_feature=22 22 25 6 3 2 27
split_gain=2.73803 2.75663 4.03975 2.82548 5.36499 3.57111 3.20714
threshold=72.500000000000014 316.50000000000006 13.500000000000002 0.056104277765816765 0.011584509848837559 -1.4533737091354648 0.71520000000000017
decision_type=2 2 2 8 8 8 2
left_child=-1 3 -3 6 -5 -6 -2
right_child=1 2 -4 4 5 -7 -8
leaf_value=-0.0079884690703956006 0.012695235816545599 0.0057085729299818705 -0.010909208583500522 -0.01057985208652586 -0.006324227916432063 0.010799086582905567 -0.0047793217488688857
leaf_weight=22.155594125390053 37.454184375703335 14.947381219826637 23.055703065358102 19.308547994121909 8.252019736915825 29.17828215751797 6.026777950115501
leaf_count=442 613 222 381 473 198 362 111
internal_value=0.000155063 0.00192861 -0.00419094 0.004526 0 0.00624495 0.00961546
internal_weight=160.378 138.223 38.0031 100.22 56.7388 37.4303 43.481
internal_count=2802 2360 603 1757 1033 560 724
is_linear=0
shrinkage=0.03


Tree=239
num_leaves=8
num_cat=0
split_feature=27 2 27 4 18 25 32
split_gain=2.20829 3.19032 3.66733 3.63459 3.31503 2.87081 3.6381
threshold=0.71520000000000017 -1.0636431477588428 0.36325000000000007 0.13625789180823913 0.62377295522818754 12.500000000000002 10.1906799100543
decision_type=2 10 2 8 10 2 8
left_child=1 2 -1 4 -3 -5 -7
right_child=-2 3 -4 5 -6 6 -8
leaf_value=0.0023427521173309232 -0.0063719525062932453 -0.00014468384878648416 -0.011425018165377792 -0.0083840216453186702 0.018135221182262053 0.013086075400685107 -0.0037707305617202844
leaf_weight=41.640177003107965 23.968611364252865 10.450187447480859 18.507000234909356 14.066579272970555 20.76378127746284 15.198545364663007 15.509861750528215
leaf_count=833 426 210 527 145 378 113 162
internal_value=0.000676002 0.00230575 -0.00251732 0.00617807 0.0128517 0 0.00516499
internal_weight=160.105 136.136 60.1472 75.989 31.214 44.775 30.7084
internal_count=2794 2368 1360 1008 588 420 275
is_linear=0
shrinkage=0.03


Tree=240
num_leaves=8
num_cat=0
split_feature=29 18 3 3 32 0 16
split_gain=1.895 1.63113 2.27653 2.2459 2.21117 2.55295 2.43336
threshold=57.500000000000007 0.89151280176007541 -0.47053662675759106 0.58983932791917493 9.4052107756448216 -0.10683492232872115 -0.9298979371006636
decision_type=2 8 8 10 10 10 2
left_child=1 4 -3 -4 -1 -6 -7
right_child=-2 2 3 -5 5 6 -8
leaf_value=0.008320078482706569 0.010749265624443085 0.0066430412589865324 -0.010702659067550154 0.0044030464015908793 -0.009100325478246251 0.0096898942915127854 -0.0012914226671219807
leaf_weight=24.192127022892237 7.27803611755371 4.9364764858037233 30.755184380337596 5.0780064146965733 17.078425906598568 17.046824611723423 55.077217943035066
leaf_count=361 150 86 588 53 467 385 737
internal_value=0.000642258 -0.000249142 -0.00494699 -0.00780688 0.00153105 -0.000689078 0.00182519
internal_weight=161.442 154.164 40.7697 35.8332 113.395 89.2025 72.124
internal_count=2827 2677 727 641 1950 1589 1122
is_linear=0
shrinkage=0.03


Tree=241
num_leaves=8
num_cat=0
split_feature=5 17 5 3 22 22 17
split_gain=2.79348 4.16476 2.80636 2.39316 1.95829 3.32342 3.7834
threshold=1.0000000180025095e-35 0.2271843322843338 0.20093875383498563 0.022899688322283871 123.50000000000001 219.50000000000003 -0.30591953122274224
decision_type=10 10 10 8 2 2 10
left_child=4 2 -2 -4 -1 -6 -7
right_child=1 -3 3 -5 5 6 -8
leaf_value=0.011056063139965001 -0.012560780492078575 0.0037788697536661436 0.01126557603239888 -0.0050824713247709184 -0.00849841788807814 -0.0074490593183461525 0.010136376657976986
leaf_weight=20.477997354231775 32.420030096545815 39.924181515350938 4.6022998718544841 13.837761458009483 14.538490177132187 7.8691749349236479 30.200456857681274
leaf_count=442 688 377 68 218 341 177 539
internal_value=0.000475308 -0.00284079 -0.00809929 0.000604476 0.00465328 0.000783101 0.00551348
internal_weight=163.87 90.7843 50.8601 18.4401 73.0861 52.6081 38.0696
internal_count=2850 1351 974 286 1499 1057 716
is_linear=0
shrinkage=0.03


Tree=242
num_leaves=8
num_cat=1
split_feature=27 2 29 2 24 27 22
split_gain=2.30756 3.11413 2.14378 2.80836 3.45682 2.51648 2.70654
threshold=0.32880000000000004 -4.3551199158998122 56.500000000000007 -0.91403539186437344 0 0.45865000000000006 117.50000000000001
decision_type=2 8 2 10 1 2 2
left_child=1 -1 3 4 -2 -5 -7
right_child=2 -3 -4 5 -6 6 -8
leaf_value=-0.0064476588607147462 0.0015190021286367373 0.0092548692162814084 0.0079278508076778796 0.01028254113740939 -0.017048043353659264 -0.01070956751248222 0.00038204693063684724
leaf_weight=8.5138852111995202 9.8776174737140536 30.041212202981114 6.9365854719653717 7.1914657428860655 17.923689841292799 19.512695304118097 60.53314579743892
leaf_count=226 274 489 141 65 448 330 809
internal_value=-0.000700443 0.00495307 -0.00279774 -0.0040398 -0.011167 -0.00086373 -0.0028788
internal_weight=160.53 38.5551 121.975 115.039 27.8013 87.2373 80.0458
internal_count=2782 715 2067 1926 722 1204 1139
cat_boundaries=0 1
cat_threshold=4
is_linear=0
shrinkage=0.03


Tree=243
num_leaves=8
num_cat=0
split_feature=27 26 3 17 25 1 4
split_gain=2.40178 3.61856 2.85575 4.42934 2.79438 3.11518 2.93632
threshold=0.71520000000000017 2.5000000000000004 0.074850753686358518 -0.042663946313760907 32.500000000000007 0.8868002640992606 -0.68887828097197568
decision_type=2 2 10 10 2 8 10
left_child=2 -2 3 -1 5 6 -5
right_child=1 -3 -4 4 -6 -7 -8
leaf_value=-0.0025197262493318246 -0.014601702996563144 0.0047292453303243434 -0.0032527850433399369 0 -0.0026414987769997904 -0.0012076249330473978 0.021490828223437772
leaf_weight=35.190021947026253 14.803170385770501 7.6441965708509079 61.685700375586748 7.4637645753100541 7.4207185152918091 7.4582601701840749 21.438373232260346
leaf_count=857 282 131 859 109 117 166 321
internal_value=-0.000281145 -0.00801317 0.00121673 0.00485848 0.0105516 0.0135731 0.0172287
internal_weight=163.104 22.4474 140.657 78.9711 43.7811 36.3604 28.9021
internal_count=2842 413 2429 1570 713 596 430
is_linear=0
shrinkage=0.03


Tree=244
num_leaves=8
num_cat=0
split_feature=7 4 2 32 2 2 20
split_gain=2.7956 1.81894 2.39283 2.07594 2.4468 2.3945 2.86638
threshold=-1.0000000180025095e-35 -0.12263693616826953 -1.5351199684194723 12.254596493540776 -0.45991050910124276 -0.68172784003528275 6.5000000000000009
decision_type=8 8 8 8 8 8 2
left_child=-1 2 -2 5 -5 -3 -7
right_child=1 3 -4 4 -6 6 -8
leaf_value=-0.01102961534035349 -0.0014571101574410053 0.0024474957691651444 0.014277250805956532 -0.0016924542219162637 0.012747262257120064 0.0052833367485334484 -0.0094704470255507749
leaf_weight=7.9709126250818372 9.6676847748458368 52.265819195657969 13.725347842089834 13.59228821005672 14.964635921642186 8.6865682546049339 38.850996691733599
leaf_count=258 226 1058 261 290 147 105 478
internal_value=0.000843259 0.00208188 0.00858262 0.000353134 0.00659772 -0.00165151 -0.00613169
internal_weight=159.724 151.753 23.393 128.36 28.5569 99.8034 47.5376
internal_count=2823 2565 487 2078 437 1641 583
is_linear=0
shrinkage=0.03


Tree=245
num_leaves=8
num_cat=1
split_feature=2 27 27 1 30 1 18
split_gain=1.89672 4.60606 2.92816 2.58994 2.52181 3.1208 2.2286
threshold=-1.0169667466394263 0.36325000000000007 0.82995000000000008 -2.235303652665904 0 0.85913981076322277 0.63337719253447233
decision_type=10 2 2 10 1 10 10
left_child=1 3 6 -1 5 -5 -2
right_child=2 -3 -4 4 -6 -7 -8
leaf_value=-0.0087960379806514659 -0.0014850410918988931 -0.012659243634296628 -0.0082405497268381971 0.015955860901207389 -0.0034036925124824682 -0.004267863123713766 0.0079177266364054682
leaf_weight=6.074942576698958 26.418044087477028 20.236323354765773 9.2987380670383555 20.007559511810545 12.541694966144858 3.9506069188937536 63.586736991070211
leaf_count=146 394 581 157 327 289 100 849
internal_value=0.000639647 -0.00309736 0.00319785 0.00243447 0.00588601 0.00907764 0.00510885
internal_weight=162.115 62.8111 99.3035 42.5748 36.4999 23.9582 90.0048
internal_count=2843 1443 1400 862 716 427 1243
cat_boundaries=0 1
cat_threshold=165
is_linear=0
shrinkage=0.03


Tree=246
num_leaves=8
num_cat=0
split_feature=16 4 6 5 3 6 17
split_gain=2.25762 3.13142 5.28995 2.69388 3.19842 2.63607 2.14558
threshold=-0.70236073147940914 -0.090536385868056221 0.060035806120608846 0.058905012780844167 -0.098477915316762477 0.046650734569235998 0.21086179849322054
decision_type=2 8 8 8 10 10 10
left_child=1 2 5 4 -2 -1 -6
right_child=3 -3 -4 -5 6 -7 -8
leaf_value=0 -0.0037724786068573835 -0.0070315446528833522 -0.0068235984627056994 5.6245992397635011e-05 0.023547447964313642 0.021569256607025411 0
leaf_weight=6.8263375051319617 4.3223280077800181 54.986110568512231 13.360054112039505 63.564557181671262 6.7807691507041437 6.4867114359512925 5.8823437578976154
leaf_count=167 80 1273 328 715 94 120 71
internal_value=0.000110299 -0.00316257 0.00416277 0.00358359 0.011939 0.0143146 0.0174121
internal_weight=162.209 81.6592 26.6731 80.55 16.9854 13.313 12.6631
internal_count=2848 1888 615 960 245 287 165
is_linear=0
shrinkage=0.03


Tree=247
num_leaves=8
num_cat=1
split_feature=7 30 0 5 18 5 18
split_gain=2.72619 2.21935 3.48128 2.48753 3.68032 2.50797 2.30094
threshold=0.016188784901416637 0 0.3354629038381613 -0.019168490549296074 0.63337719253447233 0.14791991857320722 0.69821871385773282
decision_type=8 1 8 10 10 10 10
left_child=-1 2 3 4 -2 -5 -7
right_child=1 -3 -4 5 -6 6 -8
leaf_value=-0.010330921048001504 -0.00056432058394109165 -0.0016411273653585752 -0.0063495116777082953 -0.0045541631119958405 0.019063773266512225 0.014180138179821054 -0.000951076886044735
leaf_weight=8.8433611840009672 9.5271060606464761 65.792217647191137 11.124004630371926 19.019414380192757 21.077626897953451 11.817627001553776 11.807361728511749
leaf_count=279 205 1121 102 380 410 123 170
internal_value=0.00105154 0.00230533 0.0050515 0.00804397 0.0137143 0.00215478 0.00781592
internal_weight=159.009 150.165 84.3731 73.2491 30.6047 42.6444 23.625
internal_count=2790 2511 1390 1288 615 673 293
cat_boundaries=0 1
cat_threshold=60
is_linear=0
shrinkage=0.03


Tree=248
num_leaves=8
num_cat=0
split_feature=18 29 1 2 27 2 21
split_gain=1.79499 2.23127 2.38764 1.98269 2.5094 2.59357 4.07979
threshold=0.53904297135676515 8.5000000000000018 0.53118474423898643 -1.0169667466394263 0.32880000000000004 -3.6371557987660106 0.66435000000000011
decision_type=8 2 8 10 2 10 2
left_child=1 -1 -3 4 5 -2 -7
right_child=3 2 -4 -5 -6 6 -8
leaf_value=-0.0038878855131478126 -0.0066192268123357661 0.016426421007814523 -0.0022742843223604236 0.002155208197902258 -0.010780543112568011 0.01518123311636149 -0.0061865789789052874
leaf_weight=5.7041392857208875 14.579671376384793 12.580922760069365 4.4608472790569129 85.607881710864604 23.311396810226142 11.385453300550582 6.7080073663964859
leaf_count=83 319 169 68 1240 673 183 147
internal_value=0.00075134 0.00736525 0.0117696 -0.000547932 -0.00466849 0.000586207 0.00721648
internal_weight=164.338 22.7459 17.0418 141.592 55.9845 32.6731 18.0935
internal_count=2882 320 237 2562 1322 649 330
is_linear=0
shrinkage=0.03


Tree=249
num_leaves=8
num_cat=0
split_feature=32 2 6 4 16 26 29
split_gain=2.64675 3.34631 2.83142 2.59974 3.93849 2.34416 3.03546
threshold=10.001499986472195 -0.12139816440845426 0.064870592930269019 -0.090536385868056221 -0.64854664324855105 1.5000000000000002 28.500000000000004
decision_type=10 8 8 8 2 2 2
left_child=5 2 3 -2 -5 -1 -7
right_child=1 -3 -4 4 -6 6 -8
leaf_value=-0.0031932916834276569 0.0085048267201935646 0.0061636787594573153 -0.01217132717535605 -0.012887128096509142 0.0039601229715769152 0.012038261930166442 -0.0018708888252433606
leaf_weight=22.482175953686237 10.455199209973214 16.585826382040977 32.580274123698473 17.16460789646953 17.278447925113145 29.650797159411013 16.906100736930966
leaf_count=362 227 149 737 430 226 444 276
internal_value=-0.000498511 -0.00371934 -0.00638934 -0.000703908 -0.00492881 0.00362563 0.00717881
internal_weight=163.103 94.0644 77.4785 44.8983 34.4431 69.0391 46.5569
internal_count=2851 1769 1620 883 656 1082 720
is_linear=0
shrinkage=0.03


Tree=250
num_leaves=8
num_cat=0
split_feature=18 28 28 18 25 18 32
split_gain=2.23079 2.56636 2.46185 2.35115 1.6884 2.78076 3.0276
threshold=0.86447853632967886 1.0000000180025095e-35 -1.4999999999999998 1.191750469502014 29.500000000000004 0.749687639074338 11.44995051986016
decision_type=8 2 2 10 2 10 8
left_child=4 2 -2 -3 5 6 -1
right_child=1 3 -4 -5 -6 -7 -8
leaf_value=-0.0082968118689236668 0.002024421566506221 -0.0045711014307568548 -0.01475348119195048 0.0098669537105121208 0.007494362567294641 0.0073461154689985174 0.0039579055494824312
leaf_weight=36.476776191964746 6.7307156845927265 15.346744663082065 18.120415459852666 9.550604551099239 31.640640491619706 23.291105751879513 22.464905829168856
leaf_count=707 131 254 361 133 513 364 377
internal_value=2.57308e-05 -0.00474636 -0.0103663 0.00156398 0.00240833 0 -0.00348719
internal_weight=163.622 49.7485 24.8511 24.8973 113.873 82.2328 58.9417
internal_count=2840 879 492 387 1961 1448 1084
is_linear=0
shrinkage=0.03


Tree=251
num_leaves=8
num_cat=0
split_feature=1 25 1 25 5 22 25
split_gain=3.01204 4.31745 3.457 2.43185 2.13159 2.08125 1.97793
threshold=0.10382377478270928 10.500000000000002 0.65691755962764864 10.500000000000002 0.16201966518367525 62.500000000000007 18.500000000000004
decision_type=8 2 10 2 10 2 2
left_child=3 2 -2 -1 5 -3 -6
right_child=1 4 -4 -5 6 -7 -8
leaf_value=-0.0031741067314062996 -0.0045149563660912412 0.0024850485444510278 0.013971649283046322 0.0067338832458647092 0.0083812776615998803 -0.014919404884995728 -0.005984338191990209
leaf_weight=23.544661842286587 10.186630207113923 3.3274401575326946 11.039916161447762 68.682771382853389 6.420756563544276 26.940919368062168 13.42107295617461
leaf_count=474 178 84 179 1119 71 607 150
internal_value=0.000493569 -0.00380111 0.00577924 0.00400336 -0.00835439 -0.0124946 0
internal_weight=163.564 71.3367 21.2265 92.2274 50.1102 30.2684 19.8418
internal_count=2862 1269 357 1593 912 691 221
is_linear=0
shrinkage=0.03


Tree=252
num_leaves=8
num_cat=0
split_feature=6 21 3 0 25 5 22
split_gain=2.11713 2.177 3.36067 2.61303 3.13268 2.87652 2.73503
threshold=0.096694690662783869 0.52615000000000001 0.10578348132296272 -0.20819345913655027 18.500000000000004 0.10678923295667747 335.50000000000006
decision_type=8 2 8 10 2 8 2
left_child=1 2 -1 6 -5 -6 -3
right_child=-2 3 -4 4 5 -7 -8
leaf_value=-0.0037430876206961351 -0.006083178125855535 0.013391630047461493 0.018373294919167189 0.0034405951632675677 0.001251827945881169 -0.011509932711429272 -0.0055321415942050957
leaf_weight=4.7293219584971649 23.966600233688951 16.272804807871584 8.5211808038875443 52.796413648873568 22.332526730373502 28.392043977044523 3.2291238820180288
leaf_count=128 446 387 129 810 456 373 68
internal_value=0.000818184 0.00240592 0.0113363 0.000696125 -0.00127082 -0.00623076 0.00901505
internal_weight=160.24 136.273 13.2505 123.023 103.521 50.7246 19.5019
internal_count=2797 2351 257 2094 1639 829 455
is_linear=0
shrinkage=0.03


Tree=253
num_leaves=8
num_cat=0
split_feature=6 29 22 22 17 22 18
split_gain=2.83514 2.31264 2.07042 2.00373 2.80226 3.57757 3.47103
threshold=0.094141660414923473 16.500000000000004 304.50000000000006 299.50000000000006 -0.33603063937664951 250.50000000000003 0.69010890503952904
decision_type=8 2 2 2 8 2 8
left_child=3 -2 -3 4 -1 6 -6
right_child=1 2 -4 -5 5 -7 -8
leaf_value=0.016153892987688163 0.0029997312167836534 -0.016137047642779248 0.0012988569886956285 -0.0027590501646840965 0.0051308542572193298 0.01162889959102888 -0.0070242553286218147
leaf_weight=8.6207686336711031 8.2902127755805868 13.444569054059686 4.9399852408096185 39.44476555660367 31.735684640705585 17.894860843196511 36.422295001801103
leaf_count=188 136 291 84 608 564 257 706
internal_value=0.000386166 -0.00722077 -0.0119102 0.00232595 0.00464056 0.00205175 -0.00122319
internal_weight=160.793 26.6748 18.3846 134.118 94.6736 86.0528 68.158
internal_count=2834 511 375 2323 1715 1527 1270
is_linear=0
shrinkage=0.03


Tree=254
num_leaves=8
num_cat=0
split_feature=22 21 1 17 25 1 21
split_gain=2.20946 2.3547 2.59182 3.10208 3.38609 2.75639 2.37592
threshold=62.500000000000007 0.76805000000000012 0.049970971763623979 0.10959723962624247 15.500000000000002 -0.14009640959949773 0.84100000000000008
decision_type=2 2 8 10 2 10 2
left_child=-1 2 5 -4 -5 -2 -3
right_child=1 6 3 4 -6 -7 -8
leaf_value=-0.0083277412037392005 -9.8604425244049873e-05 0.0119025610977823 -0.013652344653849867 0.0084608024105064742 -0.0073199062653863563 0.014241654059973777 -0.0030231999669253161
leaf_weight=19.702359891496599 53.964779869653285 20.733175243251029 17.48730855435133 15.340271774679421 17.693140384741127 6.8111944720149031 8.3124561645090562
leaf_count=384 928 328 458 200 236 94 191
internal_value=-0.000516203 0.000869293 -0.00112098 -0.00578522 0 0.00276006 0.00749569
internal_weight=160.045 140.342 111.297 50.5207 33.0334 60.776 29.0456
internal_count=2819 2435 1916 894 436 1022 519
is_linear=0
shrinkage=0.03


Tree=255
num_leaves=8
num_cat=0
split_feature=1 16 4 2 0 25 27
split_gain=2.90828 2.1047 2.25251 2.31388 2.81397 3.27355 2.72052
threshold=0.96640183223857956 -2.0664050690511808 0.029097825799776936 -1.2140138270881671 -0.2476615071265936 32.500000000000007 0.71520000000000017
decision_type=8 2 8 10 10 2 2
left_child=1 -1 3 -3 -5 6 -6
right_child=-2 2 -4 4 5 -7 -8
leaf_value=-0.0080339942803001607 -0.010394831013580441 0 0.00067298596240560797 -0.0029527472682150356 0.023859106432916194 -0.0030131098686100137 0
leaf_weight=7.0720047717913976 8.8812877871096116 18.532729937694967 97.686941981315613 4.4318745052441981 16.256363662891097 3.3561839051544657 4.855195924639701
leaf_count=179 161 494 1370 100 308 73 125
internal_value=0.0013664 0.00263122 0.00364152 0.00850517 0.0128494 0.0161959 0.0197537
internal_weight=161.073 152.191 145.119 47.4323 28.8996 24.4677 21.1116
internal_count=2810 2649 2470 1100 606 506 433
is_linear=0
shrinkage=0.03


end of trees

feature_importances:
raw_s3=228
f_s3_bom_coverage=182
raw_s5=135
interval_width_rel=117
raw_s2=115
raw_s7=98
log_production=98
raw_s6=89
raw_s4=85
f_data_freshness_days=79
sector=78
raw_s1=75
f_data_quality_score=73
f_firm_age_years=66
raw_s8=62
interval_position_z=57
interval_rel_gap=51
f_s2_peer_n_prev=40
f_s7_matrix_age_years=22
f_s6_quarter=17
size_band=17
f_data_confidence_level=4
f_active_signal_count=2
avail_s5=1
f_missing_field_count=1

parameters:
[boosting: gbdt]
[objective: binary]
[metric: average_precision]
[tree_learner: serial]
[device_type: cpu]
[data_sample_strategy: bagging]
[data: ]
[valid: ]
[num_iterations: 1200]
[learning_rate: 0.03]
[num_leaves: 8]
[num_threads: 4]
[seed: 20261003]
[deterministic: 1]
[force_col_wise: 0]
[force_row_wise: 1]
[histogram_pool_size: -1]
[max_depth: -1]
[min_data_in_leaf: 60]
[min_sum_hessian_in_leaf: 0.001]
[bagging_fraction: 0.8]
[pos_bagging_fraction: 1]
[neg_bagging_fraction: 1]
[bagging_freq: 1]
[bagging_seed: 20261113]
[bagging_by_query: 0]
[feature_fraction: 0.7]
[feature_fraction_bynode: 1]
[feature_fraction_seed: 20261209]
[extra_trees: 0]
[extra_seed: 5963]
[early_stopping_round: 0]
[early_stopping_min_delta: 0]
[first_metric_only: 0]
[max_delta_step: 0]
[lambda_l1: 0.5]
[lambda_l2: 8]
[linear_lambda: 0]
[min_gain_to_split: 0]
[drop_rate: 0.1]
[max_drop: 50]
[skip_drop: 0.5]
[xgboost_dart_mode: 0]
[uniform_drop: 0]
[drop_seed: 30954]
[top_rate: 0.2]
[other_rate: 0.1]
[min_data_per_group: 100]
[max_cat_threshold: 32]
[cat_l2: 10]
[cat_smooth: 10]
[max_cat_to_onehot: 4]
[top_k: 20]
[monotone_constraints: ]
[monotone_constraints_method: basic]
[monotone_penalty: 0]
[feature_contri: ]
[forcedsplits_filename: ]
[refit_decay_rate: 0.9]
[cegb_tradeoff: 1]
[cegb_penalty_split: 0]
[cegb_penalty_feature_lazy: ]
[cegb_penalty_feature_coupled: ]
[path_smooth: 0]
[interaction_constraints: ]
[verbosity: -1]
[saved_feature_importance_type: 0]
[use_quantized_grad: 0]
[num_grad_quant_bins: 4]
[quant_train_renew_leaf: 0]
[stochastic_rounding: 1]
[linear_tree: 0]
[max_bin: 63]
[max_bin_by_feature: ]
[min_data_in_bin: 3]
[bin_construct_sample_cnt: 200000]
[data_random_seed: 5357]
[is_enable_sparse: 1]
[enable_bundle: 1]
[use_missing: 1]
[zero_as_missing: 0]
[feature_pre_filter: 1]
[pre_partition: 0]
[two_round: 0]
[header: 0]
[label_column: ]
[weight_column: ]
[group_column: ]
[ignore_column: ]
[categorical_feature: 24,30,31]
[forcedbins_filename: ]
[precise_float_parser: 0]
[parser_config_file: ]
[objective_seed: 10432]
[num_class: 1]
[is_unbalance: 0]
[scale_pos_weight: 1]
[sigmoid: 1]
[boost_from_average: 1]
[reg_sqrt: 0]
[alpha: 0.9]
[fair_c: 1]
[poisson_max_delta_step: 0.7]
[tweedie_variance_power: 1.5]
[lambdarank_truncation_level: 30]
[lambdarank_norm: 1]
[label_gain: ]
[lambdarank_position_bias_regularization: 0]
[eval_at: ]
[multi_error_top_k: 1]
[auc_mu_weights: ]
[num_machines: 1]
[local_listen_port: 12400]
[time_out: 120]
[machine_list_filename: ]
[machines: ]
[gpu_platform_id: -1]
[gpu_device_id: -1]
[gpu_device_id_list: ]
[gpu_use_dp: 0]
[num_gpu: 1]

end of parameters

pandas_categorical:[["dusuk", "orta", "yuksek"], ["elektronik", "ev_temizlik", "gida_icecek", "ilac", "kimya_boya", "kozmetik", "otomotiv_yan_sanayi", "tekstil"], ["buyuk", "kucuk", "mikro", "orta"]]
