tree
version=v4
num_class=1
num_tree_per_iteration=1
label_index=0
max_feature_idx=32
objective=binary sigmoid:1
feature_names=raw_s1 raw_s2 raw_s3 raw_s4 raw_s5 raw_s6 raw_s7 raw_s8 avail_s1 avail_s2 avail_s3 avail_s4 avail_s5 avail_s6 avail_s7 avail_s8 interval_position_z interval_rel_gap interval_width_rel interval_below_lower f_active_signal_count f_data_quality_score f_data_freshness_days f_missing_field_count f_data_confidence_level f_firm_age_years f_s6_quarter f_s3_bom_coverage f_s7_matrix_age_years f_s2_peer_n_prev sector size_band log_production
feature_infos=[-208.60777113911226:1] [-100.24405333971055:1] [-18.445401647396661:0.42787502769776209] [-18.195565291938621:1.214954902093536] [-174.21415603222258:13.130288369385079] [-2.1314628631121586:1] [0.00050778214690254961:2] [-1.07584610203738:0.58862491509519155] [0:1] none none [0:1] [0:1] [0:1] none [0:1] [-5.770384118136783:6.2358857314493434] [-39.874239411428682:1] [0.29002253658671917:37.259401096119426] [0:1] [3:8] [0.1346:1] [5:399] [0:4] -1:1:2:0 [0:40] [1:4] [0.0068999999999999999:1] [-2:6] [2:61] -1:2:7:6:5:4:0:3:1 -1:1:2:3:0 [7.145401161296455:14.564719245148021]
tree_sizes=967 999 984 1000 1011 1004 1002 1000 1000 1000 999 1015 1001 1020 1021 939 977 1020 1021 1003 1022 1004 1008 994 996 1007 1002 990 1024 994 1008 990 1019 999 1000 1000 1011 1017 997 998 1004 1023 987 998 1005 972 999 1010 1009 994 988 1001 998 1022 998 999 1004 1019 994 987 1021 1021 1024 987 1005 998 1020 1004 1023 1007 1018 1017 1025 1000 1021 1003 1007 1011 990 1011 1007 1020 1022 1024 1003 1003 1005 1019 1013 1012 1002 1007 1003 1002 1000 999 1001 1004 1008 1026 980 981 977 1012 1006 1027 1012 982 990 1009 998 1013 992 1009 1000 1005 1021 1022 998 1021 1001 1013 992 1023 1002 993 1008 1001 1032 978 1008 989 1001 989 1020 1001 1017 1007 983 1022 987 1002 992 1005 1024 1012 1005 1008 1000 1002 995 1025 987 1003 1026 997 1003 1007 990 1028 1009 1011 1009 1006 1021 987 1002 1029 1009 1014 1011 963 970 1006 1008 995 1010 1003 1028 1008 1006 1023 1020 1014 985 1018 1004 1019 1004 1007 998 1003 986 993 986 1011 999 1022 1008 1003 982 1002 1002 1005 1017 1019 1020 979 1012 989 981 1004 979 1003 1000 1027 1001 1006 1022 1005 1009 1013 985 981 1020 1023 978 1002 986 1014

Tree=0
num_leaves=8
num_cat=0
split_feature=4 16 2 21 17 28 22
split_gain=67.8153 25.7178 13.5904 9.00261 5.53566 4.67337 4.58324
threshold=0.14668392030419972 -0.34498647890689066 -0.30307454926889665 0.84100000000000008 0.10959723962624247 -1.0000000180025095e-35 151.50000000000003
decision_type=10 2 8 2 10 2 2
left_child=2 6 4 5 -1 -4 -2
right_child=1 -3 3 -5 -6 -7 -8
leaf_value=-2.6118478027648679 -2.6071481540251642 -2.5398000201901705 -2.597215468333995 -2.6080403099817571 -2.5974675296367491 -2.5678408453860966 -2.5837840818794375
leaf_weight=99.436906851828098 5.742949195206168 14.518691785633562 5.2267290428280839 4.9040914475917807 34.651277728378773 9.1629077047109604 8.5821600332856161
leaf_count=1541 89 225 81 76 537 142 133
internal_value=-2.59668 -2.5599 -2.605 -2.58512 -2.60848 -2.57546 -2.59412
internal_weight=182.226 28.8438 153.382 19.2937 134.088 14.3896 14.3251
internal_count=2824 447 2377 299 2078 223 222
is_linear=0
shrinkage=1


Tree=1
num_leaves=8
num_cat=1
split_feature=4 16 2 27 30 32 1
split_gain=78.6309 32.8855 16.8907 21.2513 6.29362 7.52883 5.26513
threshold=0.18572957414461641 -0.38724823854018181 -0.30307454926889665 0.71520000000000017 0 10.768579810257661 0.16930329773742922
decision_type=10 2 8 2 1 10 8
left_child=2 -2 4 -4 5 6 -1
right_child=1 -3 3 -5 -6 -7 -8
leaf_value=0.016067832791409553 0 0.066292122121213756 0.042220158064221504 -0.0060119239328415806 -0.015016740045001987 -0.01271436377376027 -0.0052067939444101321
leaf_weight=18.154061317443848 9.5809011459350604 12.717821955680845 5.3314958363771465 16.122081615030766 91.607546508312225 18.294636994600296 10.980674967169763
leaf_count=284 148 188 81 248 1432 286 171
internal_value=0.000489994 0.0450351 -0.00745454 0.013677 -0.0113839 -0.000197296 0.00825132
internal_weight=182.789 22.2987 160.49 21.4536 139.037 47.4294 29.1347
internal_count=2838 336 2502 329 2173 741 455
cat_boundaries=0 1
cat_threshold=168
is_linear=0
shrinkage=0.03


Tree=2
num_leaves=8
num_cat=0
split_feature=0 16 22 0 3 16 16
split_gain=53.9134 8.80791 6.36521 5.28957 5.21597 5.30708 3.00731
threshold=0.16962795691237395 -0.38724823854018181 62.500000000000007 -0.061576090697828649 -0.098477915316762477 -0.6726245354914312 -0.57894537608506846
decision_type=10 2 2 10 10 2 2
left_child=3 -2 -3 -1 6 -6 -5
right_child=1 2 -4 4 5 -7 -8
leaf_value=-0.013726448983849412 0.0026668188035835804 0 0.040919469578910614 0.01187041145481137 -0.013751343833822907 0.0046034543989734895 -0.0066825493442297908
leaf_weight=71.737240627408028 11.853468619287012 4.3511873111128834 22.753041073679924 20.647628530859951 31.169680632650852 15.692664399743078 3.8547650203108779
leaf_count=1130 184 64 336 324 490 243 60
internal_value=0.000300925 0.028439 0.0361064 -0.00836017 -0.00193699 -0.00755651 0.00756372
internal_weight=182.06 38.9577 27.1042 143.102 71.3647 46.8623 24.5024
internal_count=2831 584 400 2247 1117 733 384
is_linear=0
shrinkage=0.03


Tree=3
num_leaves=8
num_cat=0
split_feature=4 16 6 3 21 32 7
split_gain=65.9388 13.0505 7.28192 7.27629 8.88192 4.47393 4.21169
threshold=0.14668392030419972 -0.64357280033046804 0.089790361204009336 0.11797323400183422 0.55100000000000005 8.9747889095080371 0.027497093839756299
decision_type=10 2 10 8 2 10 10
left_child=3 -2 -3 5 -5 -1 -7
right_child=1 2 -4 4 -6 6 -8
leaf_value=0.0031202022938148942 0.0015790150680088592 0.052991295898924158 0.0020973666104891417 0.01804396314030823 -0.0056291347863639722 -0.016001602052874011 0.0047333289905823637
leaf_weight=10.763432294130324 8.9438459798693675 16.271521806716922 4.2865240201354018 11.746469199657438 42.890697248280048 83.020850628614426 5.0682865716516963
leaf_count=170 139 230 61 182 672 1316 80
internal_value=0.000615001 0.0364969 0.046465 -0.00765524 0.000875422 -0.0122232 -0.0143577
internal_weight=182.992 29.5019 20.558 153.49 54.6372 98.8526 88.0891
internal_count=2850 430 291 2420 854 1566 1396
is_linear=0
shrinkage=0.03


Tree=4
num_leaves=8
num_cat=1
split_feature=4 16 30 32 27 27 27
split_gain=48.222 20.6611 6.92749 6.50162 5.97025 9.28335 5.01229
threshold=0.18572957414461641 -0.34498647890689066 0 10.447697515627381 0.58900000000000008 0.71520000000000017 0.65790000000000015
decision_type=10 2 1 10 2 2 2
left_child=2 -2 3 -1 -4 6 -6
right_child=1 -3 4 -5 5 -7 -8
leaf_value=0.016063071081281827 -0.00018217516772499285 0.050729740791144812 -0.013879960555375355 -0.0062728286701985471 -0.0010205207686074891 -0.01183356205172956 0.023944115188064115
leaf_weight=16.285019859671596 9.8570468127727526 13.289965540170668 88.912672497332096 15.249056465923784 10.374058179557325 20.119273718446493 7.5398311018943778
leaf_count=253 150 174 1416 241 165 317 118
internal_value=-9.76806e-05 0.0340893 -0.0065792 0.00462822 -0.00924179 0 0.0130562
internal_weight=181.627 23.147 158.48 31.5341 126.946 38.0332 17.9139
internal_count=2834 324 2510 494 2016 600 283
cat_boundaries=0 1
cat_threshold=40
is_linear=0
shrinkage=0.03


Tree=5
num_leaves=8
num_cat=0
split_feature=4 16 2 27 3 22 17
split_gain=66.2117 19.0958 16.2988 22.6359 3.77075 2.56024 2.28427
threshold=0.17286388292331559 -0.38724823854018181 -0.27171493735885749 0.72745000000000004 -0.47053662675759106 351.50000000000006 0.062265139174702673
decision_type=10 2 8 2 8 2 10
left_child=2 -2 4 -4 -1 -6 -7
right_child=1 -3 3 -5 5 6 -8
leaf_value=0.0010202450642489208 0.0025561551785651762 0.054023952869297495 0.043385919935817571 -0.0075319385277675998 -0.01451729085791008 -0.0076781831437619128 0.0088639839138541041
leaf_weight=16.497300427407026 11.041912395507099 15.228232622146605 5.1191778853535679 13.988777618855236 104.37614199519157 9.2618762813508493 5.2135103195905677
leaf_count=267 169 193 75 219 1670 150 82
internal_value=0.000531483 0.0384753 -0.00740658 0.0143341 -0.0112092 -0.0129822 -1.84871e-05
internal_weight=180.727 26.2701 154.457 19.108 135.349 118.852 14.4754
internal_count=2825 362 2463 294 2169 1902 232
is_linear=0
shrinkage=0.03


Tree=6
num_leaves=8
num_cat=0
split_feature=4 6 2 18 21 4 2
split_gain=45.1017 11.6456 8.01305 7.93915 7.05371 3.84807 4.70526
threshold=0.14668392030419972 0.089790361204009336 -0.27171493735885749 0.84760704246024177 0.84100000000000008 -0.090536385868056221 -1.1602033170970538
decision_type=10 10 8 8 2 8 10
left_child=2 3 5 -2 -4 6 -1
right_child=1 -3 4 -5 -6 -7 -8
leaf_value=-0.0083813147175880939 0.044412084881052763 -0.0028836783323156869 0.018214230423719318 0.0035741425154450788 -0.010674882058760505 -0.012229090710567186 0.0091865566661660826
leaf_weight=23.697712253779173 18.146339826285843 6.3394448310136786 13.447054173797371 7.9251689948141566 4.6749751456081858 91.587296035140753 16.018264152109623
leaf_count=388 242 89 204 111 75 1480 261
internal_value=0.000812459 0.0291204 -0.00640016 0.0361925 0.00920058 -0.00906573 -0.00062921
internal_weight=181.836 32.411 149.425 26.0715 18.122 131.303 39.716
internal_count=2850 442 2408 353 279 2129 649
is_linear=0
shrinkage=0.03


Tree=7
num_leaves=8
num_cat=1
split_feature=2 16 16 30 0 1 1
split_gain=37.3969 13.3846 10.5332 7.80906 4.38934 3.88609 3.21856
threshold=-0.27171493735885749 -0.80546675794637357 -0.38724823854018181 0 0.072219307083571674 0.90894899748892743 -0.70071747366740322
decision_type=8 2 2 1 10 8 8
left_child=2 -2 3 4 6 -4 -1
right_child=1 -3 5 -5 -6 -7 -8
leaf_value=0.0045342275151259203 0 0.039603748703307157 0.013636766964753301 -0.015261640143603396 0.01239897998886124 -0.0055501686041477209 -0.010958863535573014
leaf_weight=13.32772872596979 11.215688411146404 15.758197341114281 19.360882498323917 81.391107577830553 11.561478577554224 7.814276963472369 20.440414663404226
leaf_count=215 173 217 267 1338 181 118 331
internal_value=-0.00124335 0.0268522 -0.00734396 -0.0109434 0.000435381 0.0076856 -0.00478762
internal_weight=180.87 26.9739 153.896 126.721 45.3296 27.1752 33.7681
internal_count=2840 390 2450 2065 727 385 546
cat_boundaries=0 1
cat_threshold=168
is_linear=0
shrinkage=0.03


Tree=8
num_leaves=8
num_cat=0
split_feature=4 2 27 16 2 0 6
split_gain=49.088 9.71075 19.5837 9.61853 4.48094 3.39228 3.06895
threshold=0.14668392030419972 -0.43202764606913518 0.71520000000000017 -0.51276458337606023 -0.79814559872029023 0.15562261050103524 0.050283274886461761
decision_type=10 8 2 2 8 10 8
left_child=1 5 -3 6 -5 -1 -2
right_child=3 2 -4 4 -6 -7 -8
leaf_value=-0.013675416195612557 0.013224556002330546 0.029554087482535144 -0.01065132083164699 0.0080778813670002048 0.046356462102035152 0.00038231272719390475 -0.0066626996285590757
leaf_weight=101.36999955773354 4.5931922271847698 9.9900292232632655 19.968294266611338 9.026884160935877 13.272270932793619 15.100860811769961 7.3492881543934354
leaf_count=1682 69 149 315 112 159 238 112
internal_value=-0.000106794 -0.00801707 0.00576368 0.0284771 0.0375802 -0.0118248 0.00247069
internal_weight=180.671 146.429 29.9583 34.2416 22.2992 116.471 11.9425
internal_count=2836 2384 464 452 271 1920 181
is_linear=0
shrinkage=0.03


Tree=9
num_leaves=8
num_cat=0
split_feature=4 22 16 5 22 5 18
split_gain=57.0219 13.6875 12.6116 6.53688 2.98321 3.00698 2.22175
threshold=0.14668392030419972 47.500000000000007 -0.51276458337606023 0.44865618018720121 351.50000000000006 -0.49138392644306683 1.5804613801059535
decision_type=10 2 2 8 2 10 8
left_child=3 -2 -3 4 5 -1 -5
right_child=1 2 -4 6 -6 -7 -8
leaf_value=0.0020968073972003213 -0.0060884027275283931 0.0040653190609891534 0.048560765477703681 0.01226179036039743 0.00077924317055106274 -0.013245760508649077 -0.0046471298210660535
leaf_weight=8.7287021130323392 4.6500844098627558 10.237026166170837 19.301097564399242 11.622445266693827 15.774061184376476 105.11186638474464 4.0808102786540994
leaf_count=145 63 154 229 183 258 1731 66
internal_value=0.000414375 0.0313567 0.0376924 -0.00802375 -0.0102798 -0.0118858 0.00714945
internal_weight=179.506 34.1882 29.5381 145.318 129.615 113.841 15.7033
internal_count=2829 446 383 2383 2134 1876 249
is_linear=0
shrinkage=0.03


Tree=10
num_leaves=8
num_cat=0
split_feature=0 0 28 22 32 18 32
split_gain=25.8489 5.7952 6.21139 4.75034 3.12074 2.80337 3.7316
threshold=0.24026764920318064 -0.018124759238594908 1.5000000000000002 198.50000000000003 10.768579810257661 0.84760704246024177 10.24592934741448
decision_type=10 10 2 2 10 10 10
left_child=1 -1 3 -3 -4 -2 -7
right_child=5 2 4 -5 -6 6 -8
leaf_value=-0.01077947300799928 0.029843222416663359 -0.012259545882490572 0.020589436028175697 0.0035819311612559444 -0.00091166474825546309 -0.0067682057148410069 0.015474108506275189
leaf_weight=82.321625791490078 14.577741466462614 25.229225527495146 9.0767994076013547 27.24556303024292 6.4668414071202269 6.1512838974595052 5.2091669365763664
leaf_count=1378 182 402 139 427 103 85 70
internal_value=-0.000645334 -0.00578713 0.000556243 -0.00440064 0.0137367 0.0230541 0.0048357
internal_weight=176.278 150.34 68.0184 52.4748 15.5436 25.9382 11.3605
internal_count=2786 2449 1071 829 242 337 155
is_linear=0
shrinkage=0.03


Tree=11
num_leaves=8
num_cat=1
split_feature=4 2 27 6 30 4 32
split_gain=33.3382 11.791 22.6776 7.97942 6.09697 3.96983 3.72066
threshold=0.14668392030419972 -0.39926954780594753 0.71520000000000017 0.085798286060302931 0 -0.39648743316028817 10.870074095990228
decision_type=10 8 2 10 1 8 10
left_child=1 4 -3 -2 6 -6 -1
right_child=3 2 -4 -5 5 -7 -8
leaf_value=0.0061875799810293692 0.028917493124622464 0.033642353976594166 -0.010469095534238734 -0.0016180466440556668 0.0041891878317487459 -0.018394580270133264 -0.0094042973903624792
leaf_weight=27.297693084925413 27.515276283025742 9.7703073807060736 18.400414112955332 7.6434261836111537 3.6330728232860565 71.406330794095993 14.582099877297876
leaf_count=445 344 141 297 102 62 1216 244
internal_value=-0.000359774 -0.00698562 0.00847223 0.0228622 -0.0111342 -0.0150142 0
internal_weight=180.249 145.09 28.1707 35.1587 116.919 75.0394 41.8798
internal_count=2851 2405 438 446 1967 1278 689
cat_boundaries=0 1
cat_threshold=168
is_linear=0
shrinkage=0.03


Tree=12
num_leaves=8
num_cat=0
split_feature=4 16 5 17 27 18 6
split_gain=39.8558 8.2184 8.1459 3.26984 3.25648 4.6463 3.63328
threshold=0.11082581929922704 -0.51276458337606023 -0.30991265230219295 0.19968174303262662 0.58900000000000008 0.74618034126529287 0.053638216502319036
decision_type=10 2 10 10 2 10 10
left_child=2 -2 4 -4 6 -6 -1
right_child=1 -3 3 -5 5 -7 -8
leaf_value=0.0086165889177063047 0.0035392398760361907 0.032511985093847839 -0.012731331705682648 0.00055527788611727869 -0.0042938974889342894 0.023831918596834704 -0.009652176403292188
leaf_weight=9.7340875081717986 16.36926843971014 26.82209675014019 88.532125644385815 16.792945820838213 3.9342288672924024 5.9649218916893005 13.510476004332302
leaf_count=162 249 308 1509 263 65 94 229
internal_value=0.00129136 0.0240936 -0.00664623 -0.0105909 0.00514662 0.0148927 -0.00127432
internal_weight=181.66 43.1914 138.469 105.325 33.1437 9.89915 23.2446
internal_count=2879 557 2322 1772 550 159 391
is_linear=0
shrinkage=0.03


Tree=13
num_leaves=8
num_cat=1
split_feature=2 27 30 1 32 16 3
split_gain=38.8221 33.7587 10.8989 12.3616 8.61954 7.18935 4.79437
threshold=-0.24010858262232684 0.72745000000000004 0 0.22248920455378104 10.768579810257661 -0.38724823854018181 -0.056486903377808505
decision_type=8 2 1 8 10 2 8
left_child=2 -2 3 4 6 -4 -1
right_child=1 -3 5 -5 -6 -7 -8
leaf_value=0.0011437043836342096 0.057389467067971441 -0.00094795319193310751 -0.0165805457653437 -0.0099010572577573966 -0.0036421320495665121 0.002616591349264901 0.029586624705658982
leaf_weight=9.2008307091891748 10.326969414949419 15.951575215905903 69.95787550881505 25.674826845526695 13.15276240929961 18.464524660259485 15.799046289175751
leaf_count=151 121 237 1208 405 219 249 242
internal_value=0.000557992 0.0295832 -0.00558496 0.00364607 0.0140136 -0.0113542 0.0223881
internal_weight=178.528 26.2785 152.25 63.8275 38.1526 88.4224 24.9999
internal_count=2832 358 2474 1017 612 1457 393
cat_boundaries=0 1
cat_threshold=170
is_linear=0
shrinkage=0.03


Tree=14
num_leaves=8
num_cat=1
split_feature=16 30 2 27 2 27 2
split_gain=29.2064 9.53531 9.18844 7.59897 6.68598 6.27917 6.05498
threshold=-0.38724823854018181 0 -1.1602033170970538 0.29775000000000007 -0.43202764606913518 0.72745000000000004 -3.9996213253608861
decision_type=2 1 8 2 10 2 8
left_child=1 3 -2 6 -3 -6 -1
right_child=2 4 -4 -5 5 -7 -8
leaf_value=-0.002300324730032876 -0.00027896958152615227 -0.016390092217481785 0.028810114686726115 -0.0022986265881357565 0.017402031103268566 -0.0097375728918496201 0.028064710820284677
leaf_weight=6.1572133339941502 11.651300359517334 61.477211229503155 29.458307135850191 47.396505355834961 6.5333584249019614 8.1811447218060476 8.4833216592669469
leaf_count=102 163 1081 364 776 95 135 140
internal_value=0.00153733 -0.0051679 0.0215578 0.00340714 -0.0110773 0.00353716 0.0183314
internal_weight=179.338 138.229 41.1096 62.037 76.1917 14.7145 14.6405
internal_count=2856 2329 527 1018 1311 230 242
cat_boundaries=0 1
cat_threshold=169
is_linear=0
shrinkage=0.03


Tree=15
num_leaves=8
num_cat=0
split_feature=4 16 22 0 17 29 4
split_gain=37.4945 8.33062 5.70166 9.35025 4.63417 2.69582 2.09827
threshold=0.18572957414461641 -0.51276458337606023 268.50000000000006 0.0094889155959529421 -0.33603063937664951 31.500000000000004 0.014807623601174937
decision_type=10 2 2 10 8 2 8
left_child=2 -2 4 -4 -1 6 -5
right_child=1 -3 3 5 -6 -7 -8
leaf_value=0.0053739644640442806 0 0.036847920196144107 -0.0073555188069808226 0 -0.01107954881835049 0 0.024710133183120212
leaf_weight=12.098671510815619 7.8805402889847782 20.259987093508244 28.56818974390626 5.1459369771182546 86.367568738758564 6.8466588333249083 10.474410705268383
leaf_count=209 117 208 492 83 1448 110 161
internal_value=0.00167233 0.0292275 -0.00464023 0.00299308 -0.0086651 0.0151205 0.0199403
internal_weight=177.642 28.1405 149.501 51.0352 98.4662 22.467 15.6203
internal_count=2828 325 2503 846 1657 354 244
is_linear=0
shrinkage=0.03


Tree=16
num_leaves=8
num_cat=0
split_feature=4 16 5 6 22 5 27
split_gain=29.3002 9.55094 8.5047 6.67995 5.32323 4.93162 3.1793
threshold=0.1231859328481812 -0.51276458337606023 -0.30991265230219295 0.083940559053202177 238.50000000000003 0.44865618018720121 0.58900000000000008
decision_type=10 2 10 8 2 10 2
left_child=2 -2 4 -3 6 -4 -1
right_child=1 3 5 -5 -6 -7 -8
leaf_value=-0.011332542789197967 -7.1644960135944607e-05 0.033764704858482562 -0.012547422088585539 0 0.015938734878115035 0.0093704358055619972 0.0073920871980573373
leaf_weight=12.366208612918859 14.439946085214613 21.553544990718368 101.55624318867922 6.3261454105377188 13.272086445242165 3.6023841276764861 5.7030323818325988
leaf_count=212 219 225 1750 71 220 56 91
internal_value=-0.000168138 0.019475 -0.00710302 0.0277757 0.00532629 -0.0110547 -0.00439241
internal_weight=178.82 42.3196 136.5 27.8797 31.3413 105.159 18.0692
internal_count=2844 515 2329 296 523 1806 303
is_linear=0
shrinkage=0.03


Tree=17
num_leaves=8
num_cat=1
split_feature=2 27 4 4 30 22 2
split_gain=42.1439 35.5416 7.79225 6.94773 5.70036 4.15395 4.08348
threshold=-0.30307454926889665 0.71520000000000017 0.30710162705722266 0.1231859328481812 0 212.50000000000003 -0.49462663450432337
decision_type=8 2 10 10 1 2 10
left_child=2 -2 4 -3 5 -1 -6
right_child=1 3 -4 -5 6 -7 -8
leaf_value=-0.0058858632878874403 0.054049833808600622 -0.011257455035426082 0.015851447600139078 0.015651366836493728 -0.014601918195097659 0.00908770001971357 0.0022333563439500661
leaf_weight=26.325171388685703 14.417807556688784 13.664688188582661 6.2337402030825606 6.3211815096437922 78.144531391561031 23.999512609094381 11.221998926252125
leaf_count=426 160 223 68 74 1357 379 180
internal_value=0.00162686 0.0281093 -0.00565569 -0.000169485 -0.00752365 0.00107968 -0.0111762
internal_weight=180.329 34.4037 145.925 19.9859 139.691 50.3247 89.3665
internal_count=2867 457 2410 297 2342 805 1537
cat_boundaries=0 1
cat_threshold=168
is_linear=0
shrinkage=0.03


Tree=18
num_leaves=8
num_cat=1
split_feature=4 2 27 6 30 16 4
split_gain=32.025 10.041 22.488 9.7325 7.17385 4.92665 3.48079
threshold=0.14668392030419972 -0.30307454926889665 0.71520000000000017 0.083940559053202177 0 -0.64357280033046804 -0.31016277697836619
decision_type=10 10 2 10 1 2 8
left_child=1 4 -3 5 -1 -2 -6
right_child=3 2 -4 -5 6 -7 -8
leaf_value=0.0011322322763434771 0.0023112364803053297 0.039738138410888538 -0.0097754018635620634 -0.0030464397286162504 0.0020771962934420895 0.034308247749487694 -0.017175492457713142
leaf_weight=43.190262671560049 7.6856473647058037 5.3179068267345455 14.920732546597717 8.3033467195928079 6.1339882723987103 22.575194776058197 71.558889735490084
leaf_count=715 114 64 245 103 110 227 1296
internal_value=0.000468412 -0.0062543 0.0102756 0.0222396 -0.00960422 0.0287562 -0.0138161
internal_weight=179.686 141.122 20.2386 38.5642 120.883 30.2608 77.6929
internal_count=2874 2430 309 444 2121 341 1406
cat_boundaries=0 1
cat_threshold=168
is_linear=0
shrinkage=0.03


Tree=19
num_leaves=8
num_cat=0
split_feature=4 16 5 22 7 18 27
split_gain=35.6448 9.67428 4.47251 3.72687 3.44259 3.07913 5.1399
threshold=0.14668392030419972 -0.38724823854018181 -0.30991265230219295 225.50000000000003 0.166547824097529 0.52949662424845734 0.42965000000000003
decision_type=10 2 10 2 8 8 2
left_child=2 3 -1 -2 -4 -6 -7
right_child=1 -3 4 -5 5 6 -8
leaf_value=0.0039869288284797907 -0.0071103633479465906 0.034551404599887675 -0.017867281963539466 0.013625360529687779 0.0064479309414696238 -0.014253085572354074 0.00023448863751613446
leaf_weight=31.964393891394138 8.7443546541035158 24.145732797682285 17.629158802330494 6.4095369763672343 12.318982593715189 32.741397332400084 43.170300703495741
leaf_count=535 126 231 313 90 216 581 740
internal_value=0.00252097 0.0251156 -0.00484326 0.00268969 -0.00773407 -0.00423645 -0.00659851
internal_weight=177.124 39.2996 137.824 15.1539 105.86 88.2307 75.9117
internal_count=2832 447 2385 216 1850 1537 1321
is_linear=0
shrinkage=0.03


Tree=20
num_leaves=8
num_cat=1
split_feature=2 27 1 17 1 31 18
split_gain=34.9167 33.5376 6.94938 10.9477 4.3022 4.24188 4.17065
threshold=-0.27171493735885749 0.72745000000000004 0.85913981076322277 0.10959723962624247 -10.577012419508245 0 0.54028163988853939
decision_type=8 2 8 10 10 1 10
left_child=2 -2 3 4 -1 -6 -7
right_child=1 -3 -4 -5 5 6 -8
leaf_value=0.0098944943369176606 0.04937429628495852 -0.0040750625399390665 -0.018040302163092083 0.010224471367636174 0.0011382985165693171 0.0011883578498734465 -0.018326414390159831
leaf_weight=4.2082092687487593 15.241662573069336 16.448185533285141 24.041920218616724 36.766587898135185 27.938601478934288 9.237134572118519 45.000723838806152
leaf_count=76 156 247 403 509 492 168 804
internal_value=0.000882039 0.0260246 -0.00549686 -0.00198266 -0.00776337 -0.00963153 -0.0129548
internal_weight=178.883 31.6898 147.193 123.151 86.3847 82.1765 54.2379
internal_count=2855 403 2452 2049 1540 1464 972
cat_boundaries=0 1
cat_threshold=4
is_linear=0
shrinkage=0.03


Tree=21
num_leaves=8
num_cat=0
split_feature=2 27 4 3 16 4 2
split_gain=36.3003 35.3614 12.4712 3.61089 2.73751 2.46483 2.15758
threshold=-0.30307454926889665 0.72745000000000004 0.21343005710966814 -0.81575266317193784 -0.38724823854018181 0.1231859328481812 -0.874799753766066
decision_type=8 2 10 8 2 10 10
left_child=2 -2 3 -1 -4 -3 -5
right_child=1 5 4 6 -6 -7 -8
leaf_value=0.0054418584712915448 0.049875210483975953 -0.0092317584911244966 -0.0010612378958436085 -0.014029521101288861 0.019389450827429027 0.0067662236118333401 -0.0040744126183865055
leaf_weight=7.253819826990366 15.445344086736439 13.097518753260376 5.5171457640826729 75.704725977033377 10.818623021245001 6.4796798080205908 43.530088875442743
leaf_count=126 157 220 79 1345 101 74 747
internal_value=0.000574677 0.0249299 -0.00630366 -0.00967578 0.0137878 -0.00296602 -0.0109977
internal_weight=177.847 35.0225 142.824 126.489 16.3358 19.5772 119.235
internal_count=2849 451 2398 2218 180 294 2092
is_linear=0
shrinkage=0.03


Tree=22
num_leaves=8
num_cat=0
split_feature=4 16 21 16 22 4 22
split_gain=26.9667 11.7109 4.74022 3.56905 3.17418 3.06276 2.71553
threshold=0.18572957414461641 -0.38724823854018181 0.55100000000000005 -0.98341287942014688 219.50000000000003 -0.34545437731407996 286.50000000000006
decision_type=10 2 2 2 2 8 2
left_child=2 -2 3 -1 5 -4 -6
right_child=1 -3 4 -5 6 -7 -8
leaf_value=-0.0044514409293224585 -0.0010594084180931794 0.034366642544070208 0.0054616032181347349 0.014314593578985648 0.0062205984343280136 -0.012426641586288709 -0.0056620926893994686
leaf_weight=9.4740964695811289 10.236454602330925 19.703231170773506 4.0448636971414089 12.649679251015185 21.047850426286459 60.981652203947306 34.063777152448893
leaf_count=169 141 172 71 198 364 1068 578
internal_value=0.00159074 0.0241896 -0.00410013 0.00673245 -0.00650782 -0.0106321 -0.000672998
internal_weight=172.202 29.9397 142.262 22.1238 120.138 65.0265 55.1116
internal_count=2761 313 2448 367 2081 1139 942
is_linear=0
shrinkage=0.03


Tree=23
num_leaves=8
num_cat=0
split_feature=2 27 7 2 27 5 18
split_gain=31.9053 30.5845 6.05636 4.77483 10.9703 4.50879 5.29321
threshold=-0.30307454926889665 0.72745000000000004 0.027497093839756299 -0.95840954017402014 0.50155000000000005 0.44865618018720121 0.54028163988853939
decision_type=8 2 10 10 2 10 8
left_child=2 -2 3 5 -5 6 -1
right_child=1 -3 -4 4 -6 -7 -8
leaf_value=0.0051388329603265191 0.045070413270543501 -0.0032403842951470416 0.011231138012333783 0.019342560994537614 -0.0074001290874119944 0.0078531008224875312 -0.016038498538858435
leaf_weight=7.3885968029499045 17.9502874314785 18.810021542012691 10.668315939605234 11.090811084955929 41.865180540829897 3.9612886048853388 65.185183867812157
leaf_count=135 176 285 170 153 715 52 1142
internal_value=0.00165948 0.0238541 -0.00503407 -0.00705872 0 -0.0114836 -0.0134002
internal_weight=176.92 36.7603 140.159 129.491 52.956 76.5351 72.5738
internal_count=2828 461 2367 2197 868 1329 1277
is_linear=0
shrinkage=0.03


Tree=24
num_leaves=8
num_cat=0
split_feature=0 2 27 2 3 25 27
split_gain=25.4122 7.13947 7.59809 6.2514 5.55401 4.5097 4.01881
threshold=0.15562261050103524 -0.43202764606913518 0.71520000000000017 -0.79814559872029023 -0.47053662675759106 2.5000000000000004 0.76330000000000009
decision_type=10 8 2 8 8 2 2
left_child=1 4 -3 -2 -1 -6 -5
right_child=3 2 -4 6 5 -7 -8
leaf_value=0.0042634878173135674 0.0028017865168105879 0.018768662021509317 -0.0064478231868110502 0.029962646630234218 0.0046029478763125855 -0.015268965873703921 0.00058029824797618975
leaf_weight=14.40028905123472 22.426099050790071 11.317231334745886 16.634606093168259 20.802309494465593 6.806906320154666 76.97862608358264 6.5188651904463759
leaf_count=258 300 149 281 217 125 1421 82
internal_value=0.000388875 -0.0067107 0.00524922 0.0170859 -0.0103957 -0.0132306 0.025096
internal_weight=175.885 126.138 27.9518 49.7473 98.1858 83.7855 27.3212
internal_count=2833 2234 430 599 1804 1546 299
is_linear=0
shrinkage=0.03


Tree=25
num_leaves=8
num_cat=0
split_feature=2 27 4 6 22 6 6
split_gain=26.5442 24.4653 10.0274 4.34322 3.74741 3.01235 6.54425
threshold=-0.27171493735885749 0.72745000000000004 0.14668392030419972 0.083940559053202177 178.50000000000003 0.066269824278548564 0.046650734569235998
decision_type=8 2 10 10 2 8 10
left_child=2 -2 5 4 -4 6 -1
right_child=1 -3 3 -5 -6 -7 -8
leaf_value=-0.012132013231565552 0.042419144762889216 -0.0028577234185385701 -0.00042093006182963248 -0.0067894718124358044 0.021032704449716451 -0.014572583892036046 0.0050375158063133323
leaf_weight=33.013157576322556 14.831494346261023 17.427809845656157 8.7284549139440113 6.0617094896733752 13.073912993073462 51.005984228104353 31.00370679795742
leaf_count=601 132 261 103 77 142 941 565
internal_value=0.000167053 0.0218788 -0.00553548 0.00866405 0.0141331 -0.00943695 -0.00397255
internal_weight=175.146 32.2593 142.887 27.8641 21.8024 115.023 64.0169
internal_count=2822 393 2429 322 245 2107 1166
is_linear=0
shrinkage=0.03


Tree=26
num_leaves=8
num_cat=0
split_feature=0 27 21 27 3 3 0
split_gain=18.0192 4.77653 7.12079 3.6132 3.32724 3.28242 2.82522
threshold=0.15562261050103524 0.57555000000000012 0.84100000000000008 0.76330000000000009 -0.53614634806867123 -0.32885611491408334 -0.018124759238594908
decision_type=10 2 2 2 8 8 8
left_child=1 4 5 -2 -1 -3 -6
right_child=3 2 -4 -5 6 -7 -8
leaf_value=0.0046292503853870588 0.018368964832439036 -0.0041477447450550264 -0.013736225310087571 -0.0020891099918488453 -0.015530352303599684 0.01354468151152528 -0.0025582655913914867
leaf_weight=9.2528008073568326 44.133101373910904 7.0948817618191242 8.4838337637484056 5.8461220376193515 38.124391682446003 27.432496555149555 32.79785530269146
leaf_count=167 521 121 150 74 735 449 584
internal_value=0.00184229 -0.00430644 0.00315394 0.0157592 -0.00840184 0.00946007 -0.0105889
internal_weight=173.165 123.186 43.0112 49.9792 80.175 34.5274 70.9222
internal_count=2801 2206 720 595 1486 570 1319
is_linear=0
shrinkage=0.03


Tree=27
num_leaves=8
num_cat=0
split_feature=0 4 18 25 22 27 5
split_gain=19.0232 8.79953 9.36511 8.59819 4.88278 4.2631 4.06089
threshold=-0.018124759238594908 0.18572957414461641 0.84760704246024177 9.5000000000000018 262.50000000000006 0.54730000000000012 -0.30991265230219295
decision_type=10 8 10 2 2 2 10
left_child=5 3 -3 -2 -4 -1 -7
right_child=1 2 4 -5 -6 6 -8
leaf_value=-0.015328891880654304 0.015713460087345643 0.026099737248870887 -0.010362376719627666 -0.0066227343739360556 0.012722039609785154 0.01059985647427767 -0.0078433907600422709
leaf_weight=44.844663523137569 14.579394333064554 28.643458161503077 10.909555576741697 41.378708761185408 6.6061746664345256 9.6002566516399401 19.337425924837589
leaf_count=863 242 312 146 689 84 162 341
internal_value=0.00065866 0.00884544 0.0174718 0.000199792 0 -0.0102456 -0.000348098
internal_weight=175.9 102.117 46.1592 55.9581 17.5157 73.7823 28.9377
internal_count=2839 1473 542 931 230 1366 503
is_linear=0
shrinkage=0.03


Tree=28
num_leaves=8
num_cat=1
split_feature=2 27 4 30 18 6 6
split_gain=24.4745 25.5087 9.71499 4.28183 4.56149 4.46639 7.69189
threshold=-0.30307454926889665 0.71520000000000017 0.21343005710966814 0 0.5167243675962141 0.060035806120608846 0.045566115129367681
decision_type=8 2 10 1 10 8 10
left_child=2 -2 3 5 -5 6 -1
right_child=1 -3 -4 4 -6 -7 -8
leaf_value=-0.0032620251746614979 0.04226612228075316 -0.0018002374684937623 0.014978875511885341 0.005493516160413197 -0.012700136876585557 -0.0063320519934590078 0.024315781320422496
leaf_weight=14.962045773863794 17.938821010291576 19.436388798058033 16.228769510984421 8.8614180050790292 68.69207326695323 21.205366093665361 8.5140489824116212
leaf_count=255 155 291 170 166 1290 361 142
internal_value=0.00356404 0.0227424 -0.00246977 -0.00567937 -0.00906687 0.00178233 0.00990114
internal_weight=175.839 37.3752 138.464 122.235 77.5535 44.6815 23.4761
internal_count=2830 446 2384 2214 1456 758 397
cat_boundaries=0 1
cat_threshold=168
is_linear=0
shrinkage=0.03


Tree=29
num_leaves=8
num_cat=1
split_feature=4 18 2 27 30 2 25
split_gain=24.1439 8.0979 7.14475 13.2278 6.28602 4.06211 3.80662
threshold=0.1231859328481812 0.84760704246024177 -0.39926954780594753 0.71520000000000017 0 -1.3778671979494534 10.500000000000002
decision_type=10 10 8 2 1 8 2
left_child=2 5 4 -4 6 -2 -1
right_child=1 -3 3 -5 -6 -7 -8
leaf_value=-0.0098866735610827865 0 -0.0014542941535712665 0.024101223314982351 -0.0098714707013081542 -0.013895926313117724 0.027793323813519174 0.0094540796923599079
leaf_weight=5.6368662938475635 6.7771079353988171 13.8804669752717 9.9515228755772132 16.44294236972928 75.308664377778769 25.067527450621132 19.53484982252121
leaf_count=101 86 163 118 283 1458 249 340
internal_value=-0.000430255 0.0165108 -0.00726415 0.00512774 -0.0107957 0.0234377 0.00255939
internal_weight=172.6 45.7251 126.875 26.3945 100.48 31.8446 25.1717
internal_count=2798 498 2300 401 1899 335 441
cat_boundaries=0 1
cat_threshold=136
is_linear=0
shrinkage=0.03


Tree=30
num_leaves=8
num_cat=0
split_feature=2 27 7 5 0 4 25
split_gain=20.9923 15.0653 5.96708 4.194 5.95374 2.60721 2.86093
threshold=-0.27171493735885749 0.76330000000000009 0.13519901732864323 -0.30991265230219295 -0.070814431954184007 0.074296922397296197 3.5000000000000004
decision_type=8 2 10 10 10 10 2
left_child=2 -2 3 4 -1 6 -5
right_child=1 -3 -4 5 -6 -7 -8
leaf_value=-0.0062745661589157248 0.031151680608259343 -0.0035740853898260198 0.013661398993055556 0.0018038072661617907 0.016775298393219038 -0.0019841517858727054 -0.014728966679062462
leaf_weight=18.967488020658497 20.448704656213522 14.970493391156195 5.7143803797662249 7.1623093225061885 7.984543662518262 35.634624715894461 64.076070312410593
leaf_count=350 181 229 83 137 131 477 1230
internal_value=-8.42463e-05 0.0181746 -0.00555472 -0.00720534 0.00240147 -0.00975716 -0.0128632
internal_weight=174.959 35.4192 139.539 133.825 26.952 106.873 71.2384
internal_count=2818 410 2408 2325 481 1844 1367
is_linear=0
shrinkage=0.03


Tree=31
num_leaves=8
num_cat=0
split_feature=0 4 3 22 22 27 27
split_gain=20.7322 5.71194 3.31704 5.2491 5.4466 3.10609 5.16496
threshold=0.15562261050103524 0.087003832308053822 -0.47053662675759106 238.50000000000003 316.50000000000006 0.58900000000000008 0.71520000000000017
decision_type=10 8 10 2 2 2 2
left_child=2 -2 3 -1 -5 -4 -7
right_child=1 -3 5 4 -6 6 -8
leaf_value=-0.0082454196493058282 -0.0040617669230223327 0.01856195049703337 -0.012976947492055043 0.023700311939853599 -0.0034676923593437887 0.0090616539781935863 -0.010987440228089979
leaf_weight=16.052651967853311 8.0839575007557851 43.416285466402769 60.411998819559813 5.9997893869876844 7.7886307761073112 15.251661758869888 14.826844621449707
leaf_count=291 131 459 1162 100 135 247 256
internal_value=0 0.01469 -0.00673384 0.00128762 0.012027 -0.0094211 -0.000659429
internal_weight=171.832 51.5002 120.332 29.8411 13.7884 90.4905 30.0785
internal_count=2781 590 2191 526 235 1665 503
is_linear=0
shrinkage=0.03


Tree=32
num_leaves=8
num_cat=1
split_feature=2 27 2 27 30 27 2
split_gain=15.8111 12.0451 10.9938 8.5834 7.93794 5.50497 4.22036
threshold=-0.91403539186437344 0.71520000000000017 -0.27171493735885749 0.45865000000000006 0 0.29775000000000007 -3.9996213253608861
decision_type=8 2 8 2 1 2 10
left_child=4 2 3 -2 5 6 -1
right_child=1 -3 -4 -5 -6 -7 -8
leaf_value=-0.0023760486142546879 0.025770850543759247 -0.0064028037815771158 0.032858909752903231 -0.00069580183996855274 -0.013709364230823093 -0.0052913669774845287 0.023657304270134554
leaf_weight=5.2035783678293228 6.3860388435423365 26.679494425654411 15.229032717645167 41.355910040438175 52.134166032075882 17.746430370956659 7.5703889057040232
leaf_count=92 80 422 122 681 991 300 116
internal_value=0.000398689 0.00883389 0.0154948 0.00576583 -0.00855718 0.00351908 0.0154993
internal_weight=172.305 89.6505 62.971 47.7419 82.6546 30.5204 12.774
internal_count=2804 1305 883 761 1499 508 208
cat_boundaries=0 1
cat_threshold=168
is_linear=0
shrinkage=0.03


Tree=33
num_leaves=8
num_cat=0
split_feature=4 4 18 17 2 32 29
split_gain=18.8096 5.74785 5.41269 6.96338 4.78121 4.21924 3.74249
threshold=0.11082581929922704 -0.090536385868056221 0.54028163988853939 0.2271843322843338 -0.95840954017402014 10.635461495788791 8.5000000000000018
decision_type=10 10 8 10 8 8 2
left_child=1 4 -2 -4 -1 -6 -7
right_child=2 -3 3 -5 5 6 -8
leaf_value=-0.0055294369620320456 0.033103558581742007 -0.011421675070415308 -0.00335493585341636 0.017415653357460752 0.018960061945412023 0.012726011350801297 -0.0079722052553355578
leaf_weight=37.735556438565254 6.0565585456788531 56.476179394870996 21.574215672910213 22.749101184308529 10.784835256636145 4.0578700937330749 14.325086187571285
leaf_count=739 61 1058 287 200 179 65 235
internal_value=0.00125952 -0.00500601 0.015444 0.00805178 0.000850939 0.00892251 -0.000361278
internal_weight=173.759 123.38 50.3799 44.3233 66.9033 29.1678 18.383
internal_count=2824 2276 548 487 1218 479 300
is_linear=0
shrinkage=0.03


Tree=34
num_leaves=8
num_cat=1
split_feature=2 27 30 1 27 32 16
split_gain=18.0457 17.7551 12.8669 7.74832 7.04019 6.66185 6.21068
threshold=-0.27171493735885749 0.71520000000000017 0 0.53118474423898643 0.61830000000000018 10.768579810257661 -0.38724823854018181
decision_type=8 2 1 8 2 10 2
left_child=2 -2 3 4 5 -1 -4
right_child=1 -3 6 -5 -6 -7 -8
leaf_value=0.026997980329436205 0.035330158062933582 -0.0024231857417833314 -0.01402677350224431 -0.0067603465089972259 -0.0066029844094947186 0 0.0029440293754902009
leaf_weight=22.838050983846188 17.694757014513016 16.962591022253036 66.564234744757414 14.425648950040339 6.1628705486655226 9.7387096323072893 21.138214763253927
leaf_count=353 135 251 1334 234 101 164 263
internal_value=0.00234228 0.0195115 -0.0026026 0.00762547 0.015175 0.0201542 -0.00894125
internal_weight=175.525 34.6573 140.868 53.1653 38.7396 32.5768 87.7024
internal_count=2835 386 2449 852 618 517 1597
cat_boundaries=0 1
cat_threshold=168
is_linear=0
shrinkage=0.03


Tree=35
num_leaves=8
num_cat=0
split_feature=2 21 32 7 2 4 0
split_gain=14.2573 15.3201 6.41817 3.54853 4.56278 2.46526 2.03003
threshold=-0.30307454926889665 0.78505000000000014 10.768579810257661 -1.0000000180025095e-35 -4.3551199158998122 0.19660283353900024 0.11030438606532579
decision_type=8 2 10 8 10 8 8
left_child=2 -2 3 -1 -5 -3 -6
right_child=1 5 -4 4 6 -7 -8
leaf_value=-0.011623167241975377 0.02751865086432417 -0.01289684917281215 -0.010753881768187258 -0.010286165741702664 0.0018935610652936338 0.0049715544853455636 0.012681349423483054
leaf_weight=6.8078932128846645 24.629591897130013 9.0478444546461088 51.261403124779463 8.5760564729571325 42.714784290641546 4.646122019737958 26.303034607321024
leaf_count=130 253 142 945 156 814 44 360
internal_value=0.00152243 0.0159947 -0.00312445 0.00187682 0.00421217 -0.00654526 0.00708979
internal_weight=173.987 38.3236 135.663 84.4018 77.5939 13.694 69.0178
internal_count=2844 439 2405 1460 1330 186 1174
is_linear=0
shrinkage=0.03


Tree=36
num_leaves=8
num_cat=1
split_feature=2 27 30 1 16 3 3
split_gain=19.9905 17.6395 8.99137 7.53317 5.7011 4.77044 4.66569
threshold=-0.27171493735885749 0.72745000000000004 0 0.22248920455378104 -0.38724823854018181 0.011584509848837559 -0.53614634806867123
decision_type=8 2 1 8 2 8 10
left_child=2 -2 3 5 -4 6 -1
right_child=1 -3 4 -5 -6 -7 -8
leaf_value=0.013974545926213288 0.03448981777330077 -0.0026914662846950223 -0.014363816548006997 -0.0068389258080787984 0.0023454471762038996 0.021555593644339163 -0.0094074243553019937
leaf_weight=5.0538731627166262 18.348779089748859 17.230930093675852 64.700810842216015 20.276003744453192 19.960027642548084 17.013437390327454 10.642523810267447
leaf_count=83 137 258 1324 323 250 251 189
internal_value=0.0011037 0.0189505 -0.00419396 0.00475934 -0.00938705 0.0134175 0
internal_weight=173.226 35.5797 137.647 52.9858 84.6608 32.7098 15.6964
internal_count=2815 395 2420 846 1574 523 272
cat_boundaries=0 1
cat_threshold=168
is_linear=0
shrinkage=0.03


Tree=37
num_leaves=8
num_cat=1
split_feature=2 27 30 1 25 16 32
split_gain=15.6854 17.6451 9.74849 7.34275 8.96801 7.22283 6.35513
threshold=-0.30307454926889665 0.71520000000000017 0 0.22248920455378104 6.5000000000000009 -0.64357280033046804 10.768579810257661
decision_type=8 2 1 8 2 2 10
left_child=2 -2 3 4 -1 -4 -6
right_child=1 -3 5 -5 6 -7 -8
leaf_value=-0.0098252836802799701 0.031809760704013278 -0.0036873655569996545 -0.015818521694095176 -0.0060724441215152906 0.027696333330195007 0.0015182102975455419 -0.00041222496913129132
leaf_weight=5.512469667941331 19.834203824400902 19.089685905724764 54.594932205975056 19.430473458021879 18.974525142461065 28.796055871993303 8.1675220765173417
leaf_count=91 149 285 1153 309 286 419 144
internal_value=0.00135588 0.0164204 -0.00354204 0.00565167 0.0142092 -0.00906683 0.0206428
internal_weight=174.4 38.9239 135.476 52.085 32.6545 83.391 27.142
internal_count=2836 434 2402 830 521 1572 430
cat_boundaries=0 1
cat_threshold=168
is_linear=0
shrinkage=0.03


Tree=38
num_leaves=8
num_cat=0
split_feature=0 1 22 1 3 27 16
split_gain=14.9943 4.80579 4.77708 4.74715 5.11358 5.32845 5.17514
threshold=-0.018124759238594908 -1.1100673658308329 250.50000000000003 0.90894899748892743 0.0860600061250619 0.70085000000000008 -0.34498647890689066
decision_type=10 10 2 10 10 2 2
left_child=-1 2 -2 4 5 -3 -6
right_child=1 3 -4 -5 6 -7 -8
leaf_value=-0.0080384154716628894 -0.0104898629095897 0.029746655515139442 0.0097115883804571885 -0.0019347856713640406 -0.0048567243243729675 -0.0016389908910698036 0.013645345635766849
leaf_weight=68.795788299292326 15.212235029786827 20.436136148869995 11.080377940088509 13.330150149762629 16.112715229392052 3.8448469638824454 25.114382982254028
leaf_count=1342 243 323 155 182 267 62 239
internal_value=0.00219559 0.00912 -0.00125952 0.0125514 0.015593 0.0251376 0.00649537
internal_weight=173.927 105.131 26.2926 78.8382 65.5081 24.281 41.2271
internal_count=2813 1471 398 1073 891 385 506
is_linear=0
shrinkage=0.03


Tree=39
num_leaves=8
num_cat=0
split_feature=4 7 5 16 2 18 18
split_gain=16.2313 5.10088 4.10827 3.97875 2.74242 4.50739 2.62334
threshold=0.14668392030419972 0.027497093839756299 -0.30991265230219295 -0.38724823854018181 -1.0636431477588428 0.54028163988853939 0.65405305749089659
decision_type=10 8 10 2 8 8 10
left_child=1 -1 -3 -2 5 -4 -6
right_child=3 2 4 -5 6 -7 -8
leaf_value=-0.01819387057486745 0.00044148229361905625 0.0068217122575085559 0.0071454896527529338 0.019659512227344161 -0.0067703398941363962 -0.014088717164035276 0.0052859673735396523
leaf_weight=14.079716369509695 15.593110181391237 26.67499041557312 5.0959649607539168 30.875574007630348 21.617539089173079 34.543240267783403 27.91110360622406
leaf_count=283 208 465 104 240 382 707 464
internal_value=0.000585817 -0.00483366 -0.00201833 0.0144981 -0.00516116 -0.0103025 0
internal_weight=176.391 129.923 115.843 46.4687 89.1678 39.6392 49.5286
internal_count=2853 2405 2122 448 1657 811 846
is_linear=0
shrinkage=0.03


Tree=40
num_leaves=8
num_cat=0
split_feature=4 18 5 4 0 0 4
split_gain=22.3272 10.0059 8.08147 6.4266 3.86678 3.58773 2.4515
threshold=0.11082581929922704 0.67751302844022954 -0.30991265230219295 0.24714943459493596 -0.070814431954184007 0.30292359495716453 -0.090536385868056221
decision_type=10 8 10 10 10 10 8
left_child=2 -2 4 -3 -1 -5 -4
right_child=1 3 6 5 -6 -7 -8
leaf_value=-0.0018584116583905067 0.028002048117808178 -0.0083180336285820639 -0.00071334664759370241 -0.00087659982281067543 0.01602235514178936 0.022471205289549094 -0.013116154837641163
leaf_weight=20.894720461219553 22.309219263494015 16.416761547327045 21.968554563820362 6.9511886686086637 10.004280641674994 6.8837394416332245 70.016854349523783
leaf_count=385 217 211 447 74 152 50 1328
internal_value=0.000610992 0.0157192 -0.0063024 0.00230709 0.00564983 0.0140302 -0.0105981
internal_weight=175.445 52.5609 122.884 30.2517 30.899 13.8349 91.9854
internal_count=2864 552 2312 335 537 124 1775
is_linear=0
shrinkage=0.03


Tree=41
num_leaves=8
num_cat=1
split_feature=4 6 25 30 27 17 27
split_gain=13.3861 7.92792 7.28349 3.65113 5.25299 4.6785 4.77818
threshold=0.14668392030419972 0.091850884408647304 7.5000000000000009 0 0.61830000000000018 0.16199566028301846 0.57555000000000012
decision_type=10 10 2 1 2 10 2
left_child=3 2 -2 4 -1 6 -5
right_child=1 -3 -4 5 -6 -7 -8
leaf_value=0.0078483300526719819 -0.0034128624489621977 -0.0072606565645109387 0.024849080612974816 -0.017446079034405083 -0.0087307088112961798 0.0044298847699064609 0.00012244255800879876
leaf_weight=43.168599247932434 7.0474386252462855 7.1871460489928713 30.886154435575008 34.496669996529818 17.691577676683664 14.930228140205143 18.077209889888763
leaf_count=766 70 79 289 777 301 248 324
internal_value=0.00182007 0.014583 0.019592 -0.00314853 0.00205785 -0.00709474 -0.0119393
internal_weight=173.485 45.1207 37.9336 128.364 60.8602 67.5041 52.5739
internal_count=2854 438 359 2416 1067 1349 1101
cat_boundaries=0 1
cat_threshold=169
is_linear=0
shrinkage=0.03


Tree=42
num_leaves=8
num_cat=0
split_feature=2 27 27 2 25 1 7
split_gain=11.7942 17.0085 6.86173 7.02161 8.31355 11.0681 6.02124
threshold=-0.39926954780594753 0.71520000000000017 0.32880000000000004 -4.3551199158998122 9.5000000000000018 0.72336505465846079 0.12651329184221202
decision_type=8 2 2 10 2 8 10
left_child=2 -2 3 -1 -5 -6 -4
right_child=1 -3 6 4 5 -7 -8
leaf_value=-0.0099794266962376678 0.02499548397246695 -0.0062495186056398212 -0.01147012967422908 -0.0092901454055027144 0.028512914337856087 -0.0088535718546773248 0.012480490442577799
leaf_weight=12.474233962595461 26.463909696787596 22.930950909852982 83.400493305176497 6.4697655662894276 17.143577054142952 4.9065090268850353 3.3884889259934416
leaf_count=239 227 361 1520 115 287 84 49
internal_value=0 0.0113797 -0.00484111 0.0044679 0.0119995 0.0195556 -0.00940238
internal_weight=177.178 49.3949 127.783 40.9941 28.5199 22.0501 86.789
internal_count=2882 588 2294 725 486 371 1569
is_linear=0
shrinkage=0.03


Tree=43
num_leaves=8
num_cat=1
split_feature=4 18 5 26 1 1 30
split_gain=17.3971 5.31377 3.19167 2.30785 4.2654 3.04774 2.23056
threshold=0.14668392030419972 0.84760704246024177 -0.30991265230219295 2.5000000000000004 -0.07137202281186715 0.049970971763623979 0
decision_type=10 8 10 2 10 10 1
left_child=2 -2 3 4 -1 -5 -4
right_child=1 -3 6 5 -6 -7 -8
leaf_value=-0.011666323143945875 0.021496148799571714 0 0.0018296591603425803 0.019002263422268774 0.0084482723098834034 -0.0036309570464911935 -0.0081600494039391659
leaf_weight=11.194802418351177 33.962642911821604 14.611587598919867 21.54231570661068 6.1007318794727308 10.493302095681429 3.639546100050211 73.771377231925726
leaf_count=202 302 155 371 104 181 65 1459
internal_value=0.00213052 0.0160688 -0.00373694 0.00362649 -0.001775 0.011876 -0.00640293
internal_weight=175.316 48.5742 126.742 31.4284 21.6881 9.74028 95.3137
internal_count=2839 457 2382 552 383 169 1830
cat_boundaries=0 1
cat_threshold=40
is_linear=0
shrinkage=0.03


Tree=44
num_leaves=8
num_cat=0
split_feature=2 27 4 5 21 2 1
split_gain=17.4863 10.3004 6.61574 5.12439 3.67941 5.12741 2.64133
threshold=-0.16535915822265893 0.77455000000000018 0.30710162705722266 -0.30991265230219295 0.63575000000000015 -0.95840954017402014 -1.7940925238607317
decision_type=8 2 10 8 2 10 10
left_child=2 -2 3 6 5 -5 -1
right_child=1 -3 -4 4 -6 -7 -8
leaf_value=-0.0048380038742588194 0.032413506573194424 -0.0018872031615495355 0.015088586707093595 -0.0069612766496975108 -0.010651069008322125 0.012322273416406421 0.012777615901800137
leaf_weight=5.308276858180764 14.179471563547851 9.7141493484377843 7.9314296618103972 24.380273316055536 85.953355744481087 12.064671590924261 12.812046788632868
leaf_count=99 106 144 65 458 1515 183 240
internal_value=0.000740478 0.0210225 -0.00333617 -0.00523387 -0.00750676 0.000153771 0.00714167
internal_weight=172.344 23.8936 148.45 140.519 122.398 36.4449 18.1203
internal_count=2810 250 2560 2495 2156 641 339
is_linear=0
shrinkage=0.03


Tree=45
num_leaves=8
num_cat=0
split_feature=0 2 27 1 1 1 32
split_gain=11.6638 7.87395 7.64955 4.20243 3.66151 4.00788 3.51967
threshold=-0.018124759238594908 -1.0636431477588428 0.71520000000000017 0.16930329773742922 0.90894899748892743 -1.3617152947239801 12.169960721319162
decision_type=10 8 2 8 8 10 8
left_child=-1 3 4 -2 5 -3 -4
right_child=1 2 6 -5 -6 -7 -8
leaf_value=-0.0064568481018098768 0.00579920146280809 0.0021336135573355635 -0.010420950656790523 -0.011185358210981941 0 0.026202351450928703 0.0098245491838148472
leaf_weight=68.758933771401644 20.362685643136501 10.734953206032513 11.023935373872515 16.04823287948966 7.1861956380307666 34.197025001049042 4.8337309919297704
leaf_count=1371 341 141 162 257 87 397 72
internal_value=0.00257674 0.00869663 0.01424 -0.00201543 0.0191964 0.0219269 -0.00239595
internal_weight=173.146 104.387 67.9758 36.4109 52.1182 44.932 15.8577
internal_count=2828 1457 859 598 625 538 234
is_linear=0
shrinkage=0.03


Tree=46
num_leaves=8
num_cat=0
split_feature=0 22 5 6 0 4 32
split_gain=9.34083 10.3163 4.59102 4.07196 2.91606 2.90987 2.39444
threshold=0.10045643443870157 40.500000000000007 -0.49138392644306683 0.091850884408647304 -0.58984806769140952 0.17286388292331559 10.52346020111665
decision_type=10 2 10 10 10 8 10
left_child=2 -2 4 5 -1 -3 -6
right_child=1 3 -4 -5 6 -7 -8
leaf_value=-0.006198117132132407 -0.014231430892887632 0.0032945346484955455 -0.0078895349772218348 -0.0016837071248823952 0.017405704827155831 0.020264753341313578 -0.0021827527246902267
leaf_weight=4.8137828968465355 7.9417131021618834 18.934580046683553 80.861744873225689 11.15195009857416 9.5467096455395204 36.035860806703568 4.1056085228919974
leaf_count=86 97 302 1618 138 161 341 77
internal_value=0.000967426 0.00861513 -0.00481245 0.0128013 0.00640699 0.0158187 0.0121922
internal_weight=173.392 74.0641 99.3278 66.1224 18.4661 54.9704 13.6523
internal_count=2820 878 1942 781 324 643 238
is_linear=0
shrinkage=0.03


Tree=47
num_leaves=8
num_cat=1
split_feature=2 27 32 30 1 1 6
split_gain=13.7415 11.2214 7.12373 6.3142 8.33533 5.24533 5.02384
threshold=-0.27171493735885749 0.76330000000000009 10.768579810257661 0 0.8868002640992606 -6.9671685148573284 0.085798286060302931
decision_type=8 2 8 1 8 8 8
left_child=2 -2 3 4 6 -4 -1
right_child=1 -3 5 -5 -6 -7 -8
leaf_value=0.023599967462768528 0.025297144538458688 -0.0043478639741053697 0.010031278452703411 -0.0043371650881514189 -0.010976122696369897 -0.013196875195249961 -0.0026617434456138196
leaf_weight=21.934235475957397 24.361820161342621 13.450193021446465 3.4498340412974358 45.126676723361015 4.778803143650296 55.480795808136463 5.2347171939909449
leaf_count=324 182 211 67 848 79 1033 82
internal_value=0.00118072 0.0155068 -0.00333825 0.0024939 0.0100296 -0.0105765 0.0186591
internal_weight=173.817 37.812 136.005 77.0744 31.9478 58.9306 27.169
internal_count=2826 393 2433 1333 485 1100 406
cat_boundaries=0 1
cat_threshold=168
is_linear=0
shrinkage=0.03


Tree=48
num_leaves=8
num_cat=0
split_feature=16 22 6 5 5 5 17
split_gain=6.45767 4.14215 4.85089 2.91434 3.25078 1.82303 1.72732
threshold=-0.69890606823582213 96.500000000000014 0.089790361204009336 -0.30991265230219295 0.1767271155417818 0.058905012780844167 -0.031906674654701421
decision_type=2 2 10 10 10 10 8
left_child=3 5 -3 -1 -5 -2 -6
right_child=1 2 -4 4 6 -7 -8
leaf_value=0.0038455039582539516 0.0057180655331749743 0.014283616912175688 -0.0049102029846247201 -0.0095406197907402877 0.012370893797267992 -0.0087088172861888354 -0.0028446191163092691
leaf_weight=25.450786028057337 4.6258418411016491 51.206596039235592 9.2483027055859548 58.065597105771303 4.2017593197524548 12.701126616448162 7.3254517056047899
leaf_count=460 72 604 123 1193 81 154 120
internal_value=0.00134707 0.00743636 0.0108976 -0.00368116 -0.00673974 -0.00367541 0.00472938
internal_weight=172.825 77.7819 60.4549 95.0436 69.5928 17.327 11.5272
internal_count=2807 953 727 1854 1394 226 201
is_linear=0
shrinkage=0.03


Tree=49
num_leaves=8
num_cat=0
split_feature=4 18 6 25 32 7 21
split_gain=13.7643 5.7986 6.55832 4.89983 3.60149 3.17527 2.65321
threshold=0.11082581929922704 0.54028163988853939 0.085798286060302931 9.5000000000000018 10.079384137535186 0.166547824097529 0.76805000000000012
decision_type=10 8 8 2 10 8 2
left_child=5 -2 3 -3 -5 -1 -7
right_child=1 2 -4 4 -6 6 -8
leaf_value=-0.014584646133562388 0.028364246067032001 -0.0048264598068951288 -0.010402046259247139 0.023222985448873586 0.0017965514550736324 -0.0047101774486738449 0.0067440232437191291
leaf_weight=19.868887934833765 7.366372797638177 8.6656424775719625 10.441266786307095 15.462084356695415 14.538277875632046 82.087751843035221 14.503498595207928
leaf_count=402 63 85 120 147 148 1566 277
internal_value=0.000303539 0.0116163 0.00521979 0.0108198 0.0157986 -0.00545575 -0.00246259
internal_weight=172.934 56.4736 49.1073 38.666 30.0004 116.46 96.5913
internal_count=2808 563 500 380 295 2245 1843
is_linear=0
shrinkage=0.03


Tree=50
num_leaves=8
num_cat=0
split_feature=4 18 25 4 6 20 3
split_gain=8.69811 7.55093 5.4009 4.57633 4.48181 3.7386 3.93725
threshold=0.11082581929922704 0.54028163988853939 9.5000000000000018 0.35013106303184444 0.083940559053202177 6.5000000000000009 0.10578348132296272
decision_type=10 8 2 8 8 2 8
left_child=5 -2 -3 4 -4 6 -1
right_child=1 2 3 -5 -6 -7 -8
leaf_value=-0.0075330277045179191 0.029891404828298832 -0.0095886148945873613 0.00775879291959174 0.022750519853460254 -0.012149371333180002 -0.0065215780221362816 0.010416838887131503
leaf_weight=9.2231065742671472 6.114807777106761 11.891463465988634 24.891408342868097 7.1844627372920469 6.5918285697698584 86.955868076533079 22.768315717577938
leaf_count=185 54 124 258 52 79 1756 362
internal_value=0.0011494 0.0101208 0.00371656 0.00907202 0.00159349 -0.00337538 0.0043951
internal_weight=175.621 56.674 50.5592 38.6677 31.4832 118.947 31.9914
internal_count=2870 567 513 389 337 2303 547
is_linear=0
shrinkage=0.03


Tree=51
num_leaves=8
num_cat=0
split_feature=4 5 6 2 2 25 3
split_gain=8.6506 6.24924 4.11945 2.61284 2.51337 2.56362 2.47651
threshold=0.18572957414461641 -0.30991265230219295 0.089790361204009336 -0.074187215696598668 -1.2140138270881671 19.500000000000004 -0.47053662675759106
decision_type=10 8 8 8 8 2 8
left_child=1 4 -2 -3 6 -6 -1
right_child=2 3 -4 -5 5 -7 -8
leaf_value=0.008305455785505806 0.014797572106207591 -0.0080535636894676597 -0.0045712224104117027 0.005389709235600902 0.022271324325373036 -0.00093725217480997809 -0.010595034394984489
leaf_weight=3.9484893903136253 32.374297130852938 108.40203634649515 7.5420703031122676 7.7135931737720957 5.7990734390914458 3.6184210628271103 4.7434104569256288
leaf_count=74 260 2072 73 100 100 65 100
internal_value=-0.000278406 -0.00405769 0.0106727 -0.00674983 0.00940868 0.0161581 -0.00124487
internal_weight=174.141 134.225 39.9164 116.116 18.1094 9.41749 8.6919
internal_count=2844 2511 333 2172 339 165 174
is_linear=0
shrinkage=0.03


Tree=52
num_leaves=8
num_cat=1
split_feature=18 31 1 3 18 27 3
split_gain=7.98368 5.83254 5.26046 5.67207 5.19944 4.97897 7.43284
threshold=0.52949662424845734 0 -6.9671685148573284 0.50966488437186064 0.49055074218778555 0.38760000000000006 -0.47053662675759106
decision_type=8 1 8 8 10 2 10
left_child=4 5 -3 -4 -1 6 -2
right_child=1 2 3 -5 -6 -7 -8
leaf_value=0 0.013075321995679182 0.011976767237781953 -0.013460271322072831 0.0047781265317497473 0.02600734089927801 0.010003872944206705 -0.012122975468363434
leaf_weight=10.997953597456219 7.9254155457019833 4.2137967087328434 57.530864883214235 14.143744498491285 9.7638538442552072 48.795345570892096 23.134549256414175
leaf_count=190 137 74 993 194 143 745 407
internal_value=0.00140005 -0.00113602 -0.00639031 -0.00955458 0.0159702 0.00407704 -0.00394812
internal_weight=176.506 155.744 75.8884 71.6746 20.7618 79.8553 31.06
internal_count=2883 2550 1261 1187 333 1289 544
cat_boundaries=0 1
cat_threshold=12
is_linear=0
shrinkage=0.03


Tree=53
num_leaves=8
num_cat=1
split_feature=2 21 30 27 2 2 22
split_gain=13.5827 10.3061 4.96615 5.60898 5.43914 5.19917 3.80972
threshold=-0.27171493735885749 0.71705000000000008 0 0.29775000000000007 -4.3551199158998122 -1.0169667466394263 262.50000000000006
decision_type=8 2 1 2 10 10 2
left_child=2 -2 3 4 -1 -4 -5
right_child=1 -3 5 6 -6 -7 -8
leaf_value=-0.0050687910492585126 0.029740699538420162 0.00029764254494031426 -0.015002259873830344 -0.0092884988117930938 0.023554687222438902 -9.0390585634581865e-05 0.0065963696150907929
leaf_weight=4.3052032440900794 13.347919218242167 23.898122206330299 45.312201876193285 24.675054885447025 9.6692140772938711 38.319808624684811 15.015050776302813
leaf_count=79 112 269 956 410 142 670 226
internal_value=0.000150868 0.0145736 -0.0042455 0.00261125 0.0154189 -0.00805839 -0.00286614
internal_weight=174.543 37.246 137.297 53.6645 13.9744 83.632 39.6901
internal_count=2864 381 2483 857 221 1626 636
cat_boundaries=0 1
cat_threshold=168
is_linear=0
shrinkage=0.03


Tree=54
num_leaves=8
num_cat=1
split_feature=2 1 32 30 4 16 27
split_gain=9.18732 7.06226 5.6492 5.39899 6.43032 7.16327 5.47977
threshold=-0.12139816440845426 0.85913981076322277 11.44995051986016 0 -0.12263693616826953 -0.38724823854018181 0.29775000000000007
decision_type=8 8 8 1 8 2 2
left_child=1 3 -2 4 -1 -6 -5
right_child=2 -3 -4 6 5 -7 -8
leaf_value=0.010624511719538493 0 -0.013770384892984744 0.027964829975517903 0.019060460170919356 -0.016188628225499397 0.0062824499027375504 0.0014733554042530893
leaf_weight=10.436881273984907 11.983584325760605 24.511302907019854 9.3770007565617544 17.068140655755997 34.121068343520164 12.118600480258463 54.163261283189058
leaf_count=238 112 444 100 278 707 123 857
internal_value=0.00160532 -0.00120247 0.0170199 0.00176438 -0.00441377 -0.00996481 0.00654925
internal_weight=173.78 152.419 21.3606 127.908 56.6766 46.2397 71.2314
internal_count=2859 2647 212 2203 1068 830 1135
cat_boundaries=0 1
cat_threshold=84
is_linear=0
shrinkage=0.03


Tree=55
num_leaves=8
num_cat=0
split_feature=2 27 2 27 4 27 1
split_gain=10.4604 8.7467 7.193 8.79761 5.62232 4.34542 4.32933
threshold=-1.0636431477588428 0.45865000000000006 -0.27171493735885749 0.71520000000000017 -0.098964515315366861 0.32880000000000004 -3.8184625296717147
decision_type=8 2 10 2 8 2 10
left_child=5 -2 4 -4 -3 -1 -6
right_child=1 2 3 -5 6 -7 -8
leaf_value=-0.00040351966125581001 0.023668896092774901 0.01030016392551264 0.02277984578785686 -0.0028701844416424245 0.0087718374817150526 -0.014830069839534596 -0.012352036905869872
leaf_weight=40.086941868066788 13.346210952848194 9.8178901709616166 17.386220484972 18.171942386776209 3.7933385744690886 32.495566517114639 41.164983678609133
leaf_count=736 140 196 111 267 71 666 693
internal_value=0.000288445 0.00629569 0.00185962 0.0112074 -0.00462454 -0.00787958 -0.00923063
internal_weight=176.263 103.681 90.3344 35.5582 54.7762 72.5825 44.9583
internal_count=2880 1478 1338 378 960 1402 764
is_linear=0
shrinkage=0.03


Tree=56
num_leaves=8
num_cat=1
split_feature=18 4 17 5 17 0 30
split_gain=9.60104 9.23864 5.93719 6.35627 6.54185 5.28753 3.77958
threshold=0.54028163988853939 0.094181235280523426 0.10959723962624247 1.0000000180025095e-35 0.29719014469083438 0.30292359495716453 0
decision_type=8 10 10 10 8 8 1
left_child=1 -1 6 4 -4 -5 -2
right_child=2 -3 3 5 -6 -7 -8
leaf_value=0 0.002641983759750634 0.032761710215393224 0.026433578955190891 -0.0078550242587683127 -0.0040285456923337343 0.008745232755587742 -0.0099527790030624133
leaf_weight=15.108484156429769 24.061464224010706 7.6645140685141078 10.313877180218695 33.847376897931099 5.7068043649196651 21.173820070922375 56.93858777731657
leaf_count=304 414 68 160 432 78 181 1208
internal_value=0.00126889 0.0166182 -0.00165219 0.00430534 0.0172303 -0.000929534 -0.00696316
internal_weight=174.815 22.773 152.042 71.0419 16.0207 55.0212 81.0001
internal_count=2845 372 2473 851 238 613 1622
cat_boundaries=0 1
cat_threshold=136
is_linear=0
shrinkage=0.03


Tree=57
num_leaves=8
num_cat=1
split_feature=4 30 27 32 2 27 18
split_gain=8.43508 4.41308 7.14759 5.52282 5.17373 4.81373 4.05336
threshold=0.14668392030419972 0 0.61830000000000018 10.870074095990228 -0.39926954780594753 0.71520000000000017 0.54028163988853939
decision_type=10 1 2 10 10 2 10
left_child=1 2 3 -1 -3 -6 -2
right_child=6 4 -4 -5 5 -7 -8
leaf_value=0.017372826490607118 0.025503746964398607 -0.011642386981386142 -0.010097267677252249 -0.0042457498862348763 0.016022199903536462 -0.0064431495603603679 0.0047946765199098403
leaf_weight=24.660559125244617 6.447630286216735 56.729036290198565 13.780136268585919 10.42295105755329 7.8272847793996361 10.859303846955298 41.533028110861778
leaf_count=405 45 1292 233 195 81 200 384
internal_value=0.00132423 -0.00277639 0.00357843 0.0110062 -0.00665334 0.00438702 0.0110925
internal_weight=172.26 124.279 48.8636 35.0835 75.4156 18.6866 47.9807
internal_count=2835 2406 833 600 1573 281 429
cat_boundaries=0 1
cat_threshold=168
is_linear=0
shrinkage=0.03


Tree=58
num_leaves=8
num_cat=0
split_feature=2 21 27 2 27 25 29
split_gain=10.7268 5.20009 3.86292 5.2335 4.84541 7.16784 5.19102
threshold=-0.12139816440845426 0.80720000000000014 0.71520000000000017 -0.874799753766066 0.50155000000000005 16.500000000000004 24.500000000000004
decision_type=10 2 2 8 2 2 2
left_child=2 -2 3 -1 5 -5 -6
right_child=1 -3 -4 4 6 -7 -8
leaf_value=-0.0048336425717625192 0.02584475666436448 -0.0010736605711394126 -0.013228785841871442 -0.0030885555163831305 0.0075502731194852573 0.030786568630956395 -0.010628352668571289
leaf_weight=80.927739366889 12.562759242951872 7.027671366930007 15.893911838531492 5.9806974716484529 28.854877054691315 6.0354560911655426 14.832082651555536
leaf_count=1562 105 89 287 70 445 61 225
internal_value=0.000826654 0.0181333 -0.0020957 -3.68149e-05 0.00642858 0.0186811 0.000398494
internal_weight=172.115 19.5904 152.525 136.631 55.7031 12.0162 43.687
internal_count=2844 194 2650 2363 801 131 670
is_linear=0
shrinkage=0.03


Tree=59
num_leaves=8
num_cat=0
split_feature=2 27 27 2 2 27 5
split_gain=10.3197 13.9112 6.66133 8.77749 4.7345 8.48978 2.81924
threshold=-0.43202764606913518 0.71520000000000017 0.21170000000000003 -3.9996213253608861 -1.0636431477588428 0.48235 -0.28170156685490211
decision_type=8 2 2 10 10 2 8
left_child=2 -2 3 -1 -4 -6 -7
right_child=1 -3 4 -5 5 6 -8
leaf_value=-0.0047644426946171796 0.02193365872723773 -0.0054324958438261139 -0.013386453711509601 0.027155216211112887 0.015009831951941756 0.0049801623180846044 -0.011544057425208566
leaf_weight=12.937639951705934 29.854559201747179 24.06591872125864 51.627691514790058 5.0833971947431555 13.164624929428099 5.8370660431683064 30.089476328343153
leaf_count=256 254 387 1033 71 165 108 581
internal_value=0.00025072 0.0103535 -0.00458258 0.00924353 -0.00769252 -0.000404945 -0.0080998
internal_weight=172.66 53.9205 118.74 18.021 100.719 49.0912 35.9265
internal_count=2855 641 2214 327 1887 854 689
is_linear=0
shrinkage=0.03


Tree=60
num_leaves=8
num_cat=1
split_feature=2 27 30 1 32 4 0
split_gain=8.66456 8.30753 6.48945 9.75696 8.68437 4.44555 5.39444
threshold=-0.16535915822265893 0.76330000000000009 0 0.22248920455378104 10.768579810257661 -0.12263693616826953 -0.093111541399980888
decision_type=8 2 1 8 8 8 10
left_child=2 -2 3 4 -1 6 -4
right_child=1 -3 5 -5 -6 -7 -8
leaf_value=0.024915844227189194 0.025708346031821833 -0.0027083812230004715 -0.0050997394409214346 -0.0063700335946758968 -0.0022241075789835776 -0.0088462655265388653 0.020310497157953078
leaf_weight=22.102333433926105 16.917457751929764 11.132695771753786 11.22217560186982 22.83145197480917 13.050177559256552 72.503355119377375 4.6704141274094573
leaf_count=315 108 164 266 356 225 1322 101
internal_value=0.00272838 0.0159158 -0.000395323 0.00627514 0.0159483 -0.00519606 0.00604013
internal_weight=174.43 28.0502 146.38 57.984 35.1525 88.3959 15.8926
internal_count=2857 272 2585 896 540 1689 367
cat_boundaries=0 1
cat_threshold=168
is_linear=0
shrinkage=0.03


Tree=61
num_leaves=8
num_cat=1
split_feature=2 7 30 27 18 1 27
split_gain=8.48686 6.68738 5.07329 4.23286 4.20791 4.19567 4.23834
threshold=-0.91403539186437344 0.166547824097529 0 0.71520000000000017 0.5167243675962141 0.049970971763623979 0.29775000000000007
decision_type=8 8 1 2 10 8 2
left_child=2 -2 5 -3 -4 6 -1
right_child=1 3 4 -5 -6 -7 -8
leaf_value=0.019798377380394781 -0.011375256730196797 0.011517428033356009 0.0045488547795945085 -0.0024255193941424072 -0.017909454502479539 -0.0080997819614704748 -0.0018407205612257743
leaf_weight=8.0671266466379183 12.163557227700947 60.45878129452467 4.3514610156416884 21.803889449685812 41.365175191313028 13.103506941348313 11.808461878448723
leaf_count=113 221 772 95 348 905 219 197
internal_value=-0.00135487 0.00445993 -0.00827274 0.00776821 -0.0127583 0.00158315 0.0095654
internal_weight=173.122 94.4262 78.6957 82.2627 45.7166 32.9791 19.8756
internal_count=2870 1341 1529 1120 1000 529 310
cat_boundaries=0 1
cat_threshold=168
is_linear=0
shrinkage=0.03


Tree=62
num_leaves=8
num_cat=1
split_feature=2 30 21 29 2 1 2
split_gain=6.41249 7.98682 6.01773 3.01612 5.05378 2.99411 3.13924
threshold=-0.43202764606913518 0 0.84100000000000008 27.000000000000004 -0.12139816440845426 0.90894899748892743 -0.65471003629972413
decision_type=10 1 2 2 10 8 10
left_child=1 5 3 -2 -5 6 -1
right_child=2 -3 -4 4 -6 -7 -8
leaf_value=0.009529787449287062 0.019337487262393798 -0.010241266518691313 -0.0068964015902596926 -0.0092522082755757597 0.015193708296744867 -0.0063441408156828761 -0.0054430630507340235
leaf_weight=54.729424148797989 26.883323851972818 43.100631449371576 9.2869601324200612 9.3783420734107477 5.4068226516246787 11.810117468237875 8.8392221145331842
leaf_count=954 298 870 135 120 49 221 153
internal_value=0.00173565 -0.00205792 0.00989305 0.0144451 0.00122498 0.00375313 0.00686252
internal_weight=169.435 118.479 50.9554 41.6685 14.7852 75.3788 63.5686
internal_count=2800 2198 602 467 169 1328 1107
cat_boundaries=0 1
cat_threshold=172
is_linear=0
shrinkage=0.03


Tree=63
num_leaves=8
num_cat=0
split_feature=0 5 4 6 7 4 22
split_gain=6.15974 4.75447 4.05674 4.14852 3.78564 3.47048 3.24641
threshold=-0.10683492232872115 -0.38529363583507981 0.30710162705722266 0.060035806120608846 1.0000000180025095e-35 -0.090536385868056221 281.50000000000006
decision_type=10 10 10 10 10 8 2
left_child=4 -2 3 5 -1 -3 -5
right_child=1 2 -4 6 -6 -7 -8
leaf_value=-0.011478695914403005 0.017489677002708797 0.018078655159096388 0.012402350062494719 -0.011753080492725058 0.0087606994026964164 0 0.0023983721759932445
leaf_weight=42.152087749913335 10.58193729072809 4.6247218921780586 14.741244982928036 33.667088851332664 3.0352827459573737 44.443535037338734 16.496634177863598
leaf_count=893 154 95 99 579 57 683 255
internal_value=-2.08565e-05 0.00335933 0.000863342 -0.00150832 -0.00872395 0.0041919 -0.00715162
internal_weight=169.743 124.555 113.973 99.232 45.1874 49.0683 50.1637
internal_count=2815 1865 1711 1612 950 778 834
is_linear=0
shrinkage=0.03


Tree=64
num_leaves=8
num_cat=0
split_feature=18 4 17 22 32 6 2
split_gain=8.76428 9.03807 6.01119 4.49119 4.2619 3.18958 2.97473
threshold=0.54028163988853939 0.094181235280523426 0.10959723962624247 243.50000000000003 10.14500820531264 0.039591175891329711 -0.95840954017402014
decision_type=8 10 10 2 10 10 10
left_child=1 -1 4 -4 6 -5 -2
right_child=2 -3 3 5 -6 -7 -8
leaf_value=-0.00015494531401916286 -0.0058281232187261927 0.031445977240143891 -0.0021054675133244786 -0.0026318342970537635 -0.012714332203029123 0.016058436448286979 0.008639701732563768
leaf_weight=14.685851793736221 20.882704637944698 7.8607234060764304 39.635090626776218 6.7308263927698162 43.723292831331491 23.016891818493605 14.779353670775889
leaf_count=301 442 66 497 81 915 264 261
internal_value=0.00100442 0.0157216 -0.00181882 0.00425184 -0.00719975 0.0117706 0.000308617
internal_weight=171.315 22.5466 148.768 69.3828 79.3854 29.7477 35.6621
internal_count=2827 367 2460 842 1618 345 703
is_linear=0
shrinkage=0.03


Tree=65
num_leaves=8
num_cat=0
split_feature=0 22 18 6 18 21 2
split_gain=7.07907 8.12197 8.23389 4.15864 2.65224 3.24457 2.41291
threshold=-0.070814431954184007 250.50000000000003 0.67751302844022954 0.061083277684425945 0.74618034126529287 0.61545000000000016 -0.43202764606913518
decision_type=10 2 10 10 10 2 10
left_child=6 2 3 -2 5 -3 -1
right_child=1 4 -4 -5 -6 -7 -8
leaf_value=-0.0087598923517213829 0.018001729415011717 -0.0065827645257885356 -0.0085665694559621999 -0.00082866392602802368 0.021849686733749586 0.010916927410055666 0.0045743524903108347
leaf_weight=40.496783852577209 15.90025904029608 7.0393114648759392 38.22424940764904 15.139371646568177 22.905853066593409 19.335198130458593 9.1143936254084092
leaf_count=911 243 110 576 236 302 259 156
internal_value=0.00299876 0.0069129 0 0.0101454 0.0152705 0.00536491 -0.00575477
internal_weight=168.155 118.544 69.2639 31.0396 49.2804 26.3745 49.6112
internal_count=2793 1726 1055 479 671 369 1067
is_linear=0
shrinkage=0.03


Tree=66
num_leaves=8
num_cat=1
split_feature=2 21 30 32 1 1 18
split_gain=8.86962 6.1093 5.69055 4.27847 4.12463 4.07601 3.74304
threshold=-0.30307454926889665 0.84100000000000008 0 9.4052107756448216 -10.577012419508245 0.90894899748892743 1.173795879264323
decision_type=10 2 1 8 10 8 10
left_child=2 -2 5 -4 -5 -1 -6
right_child=1 -3 3 4 6 -7 -8
leaf_value=0.009710878126840709 0.015369863766773609 -0.007615573644138101 0.0024384170266412582 0.0073175063872438694 -0.01579689336390103 -0.0091031070412131276 0.0033382915095708891
leaf_weight=31.602715484797955 34.101774159818888 7.4416900239884844 19.561923172324896 3.5098676532506934 61.890277709811926 6.2874604873359194 6.3023898117244235
leaf_count=483 326 106 363 79 1256 104 112
internal_value=-0.000424485 0.0103848 -0.00441367 -0.00786965 -0.01182 0.00428549 -0.0136667
internal_weight=170.698 41.5435 129.155 91.2645 71.7025 37.8902 68.1927
internal_count=2829 432 2397 1810 1447 587 1368
cat_boundaries=0 1
cat_threshold=136
is_linear=0
shrinkage=0.03


Tree=67
num_leaves=8
num_cat=2
split_feature=1 30 27 31 0 27 32
split_gain=5.18338 8.47142 8.92893 7.23138 5.32231 5.30868 4.5131
threshold=0.27637719668734467 0 0.61830000000000018 1 -0.053436397809689666 0.58900000000000008 10.768579810257661
decision_type=8 1 2 1 10 2 8
left_child=1 2 6 4 -2 -3 -1
right_child=3 5 -4 -5 -6 -7 -8
leaf_value=0.025722634361454159 -0.0072404900537655506 -0.010952911536758664 -0.0051534266440604647 -0.0096000510924723302 0.019705847368794827 0.0064938246997288916 0.0011024602411321774
leaf_weight=25.03772796690464 4.1351770758628854 32.856059016659856 12.577643789350985 56.96688792668283 10.432414095848797 17.678869560360909 10.986721696332095
leaf_count=340 86 703 190 931 132 265 196
internal_value=0.000137913 0.00451726 0.0114817 -0.00558656 0.0079945 -0.00387742 0.0201195
internal_weight=170.672 99.137 48.6021 71.5345 14.5676 50.5349 36.0244
internal_count=2843 1694 726 1149 218 968 536
cat_boundaries=0 1 2
cat_threshold=170 8
is_linear=0
shrinkage=0.03


Tree=68
num_leaves=8
num_cat=1
split_feature=0 6 25 24 5 21 25
split_gain=5.77878 3.81677 3.40568 3.2967 3.59976 3.23929 2.86354
threshold=-0.018124759238594908 0.085798286060302931 7.5000000000000009 0 -0.49138392644306683 0.84100000000000008 9.5000000000000018
decision_type=10 10 2 1 8 2 2
left_child=3 5 -3 6 -5 -2 -1
right_child=1 2 -4 4 -6 -7 -8
leaf_value=-0.008133923404399529 0.011198085380095073 0.0093235501212927865 -0.0092673127841507753 0.0056804824949224578 -0.014215134474415967 -0.0045108235942861799 0.0071561650688358415
leaf_weight=8.4780908003449422 78.262056868523359 5.5044242143631008 17.363945592194796 4.7511365711688995 26.143386837095026 7.8212540559470645 24.233100032433867
leaf_count=184 1040 73 259 90 576 108 509
internal_value=0.00251538 0.00658782 -0.00304993 -0.00420757 -0.0102308 0.00934919 0.00200519
internal_weight=172.557 108.952 22.8684 63.6057 30.8945 86.0833 32.7112
internal_count=2839 1480 332 1359 666 1148 693
cat_boundaries=0 1
cat_threshold=2
is_linear=0
shrinkage=0.03


Tree=69
num_leaves=8
num_cat=0
split_feature=2 3 18 7 32 6 18
split_gain=11.7268 6.75201 6.07163 4.55035 2.97552 5.85299 4.19044
threshold=-1.0169667466394263 -0.81575266317193784 0.54028163988853939 0.166547824097529 12.254596493540776 0.041767449754145938 0.62781125283848083
decision_type=8 10 8 8 10 10 10
left_child=1 -1 -3 -2 5 -5 -7
right_child=3 2 -4 4 -6 6 -8
leaf_value=0.0069722745195697411 -0.0066022848992578435 0.0068865720383732166 -0.016281029588781665 -0.0064239225487362044 0.019291540473911458 -0.0016550860072999912 0.014711349403138453
leaf_weight=13.527822684496639 13.068505389615892 6.6499792523682109 50.895468967035413 20.512087661772966 14.539248563349245 15.887752842158077 38.258559439331293
leaf_count=248 239 134 1046 272 203 215 506
internal_value=0.000169041 -0.00857297 -0.0128612 0.00656182 0.00902951 0.00517588 0.0100728
internal_weight=173.339 71.0733 57.5454 102.266 89.1976 74.6584 54.1463
internal_count=2863 1428 1180 1435 1196 993 721
is_linear=0
shrinkage=0.03


Tree=70
num_leaves=8
num_cat=1
split_feature=2 30 27 2 2 32 27
split_gain=6.56304 6.36491 10.1079 6.49332 5.6184 4.04211 3.91369
threshold=-0.12139816440845426 0 0.45865000000000006 -0.874799753766066 -3.9996213253608861 10.58062780268255 0.71520000000000017
decision_type=10 1 2 10 8 8 2
left_child=1 2 4 -3 -1 -2 -5
right_child=5 3 -4 6 -6 -7 -8
leaf_value=-0.0046915256875482165 -0.00084090279990498788 -0.013070376224242137 -0.0052993881640391316 0.0069863905777855064 0.021321217181751635 0.022014069657414519 -0.010206850990163991
leaf_weight=5.2135381922125816 7.8726058416068581 45.950827516615391 29.113492228090763 33.230798024684191 26.677742350846533 12.433249875903128 8.5731679201126081
leaf_count=92 68 1025 450 487 373 124 165
internal_value=0.00161471 -0.000769087 0.00570473 -0.00554361 0.0166046 0.0148899 0.00208607
internal_weight=169.065 148.76 61.0048 87.7548 31.8913 20.3059 41.804
internal_count=2784 2592 915 1677 465 192 652
cat_boundaries=0 1
cat_threshold=168
is_linear=0
shrinkage=0.03


Tree=71
num_leaves=8
num_cat=1
split_feature=2 21 30 4 0 25 25
split_gain=5.96401 6.98615 5.71545 6.63959 5.22195 5.14587 5.26145
threshold=-0.24010858262232684 0.84100000000000008 0 -0.12263693616826953 0.24026764920318064 11.500000000000002 20.500000000000004
decision_type=8 2 1 8 8 2 2
left_child=2 -2 5 -4 -5 -1 -7
right_child=1 -3 3 4 -6 6 -8
leaf_value=-0.006649043510572738 0.016232477174638365 -0.0088362141064919231 0.007973908008912161 -0.015334827421460273 0.0022776198037511115 0.020785628607430079 0.00027939331849528853
leaf_weight=15.328463282436131 30.663300219923258 6.935136765241622 14.001210939139126 50.081544626504183 16.088515724986792 15.587166879326103 24.90705519542098
leaf_count=248 266 96 345 1100 185 231 385
internal_value=0.00107172 0.0105405 -0.00188212 -0.00642113 -0.0110665 0.00466464 0.0106089
internal_weight=173.592 37.5984 135.994 80.1713 66.1701 55.8227 40.4942
internal_count=2856 362 2494 1630 1285 864 616
cat_boundaries=0 1
cat_threshold=168
is_linear=0
shrinkage=0.03


Tree=72
num_leaves=8
num_cat=1
split_feature=2 27 0 30 27 4 0
split_gain=6.13201 13.2611 4.20331 3.37954 3.08291 2.82921 4.91771
threshold=-0.24010858262232684 0.76330000000000009 0.24026764920318064 0 0.55510000000000004 -0.12263693616826953 -0.093111541399980888
decision_type=8 2 10 1 2 8 10
left_child=2 -2 3 4 -1 6 -5
right_child=1 -3 -4 5 -6 -7 -8
leaf_value=0.013759061650551215 0.021762934047313689 -0.0098708815282657972 0.0062471689245998463 -0.007145711290378708 -0.0065276634405222449 -0.01051821353631633 0.015682626826214165
leaf_weight=9.5996440686285478 21.333798494189978 13.221571631729601 25.32427679374814 15.275516638532283 3.7630694583058366 77.156084157526493 5.2650019191205493
leaf_count=151 138 199 264 354 62 1568 110
internal_value=-0.000204061 0.00972648 -0.00322355 -0.00578376 0.00479452 -0.0073812 0.000935861
internal_weight=170.939 34.5554 136.384 111.059 13.3627 97.6966 20.5405
internal_count=2846 337 2509 2245 213 2032 464
cat_boundaries=0 1
cat_threshold=8
is_linear=0
shrinkage=0.03


Tree=73
num_leaves=8
num_cat=0
split_feature=16 1 32 1 21 2 25
split_gain=6.75018 7.22268 4.77773 5.61673 3.59075 2.44817 3.7449
threshold=-0.69890606823582213 0.90894899748892743 10.14500820531264 -0.70071747366740322 0.80720000000000014 -0.95840954017402014 15.500000000000002
decision_type=2 8 10 8 2 10 2
left_child=2 4 3 5 -2 6 -1
right_child=1 -3 -4 -5 -6 -7 -8
leaf_value=0.013381932748022393 0.014987236899647873 -0.0066622648621146264 -0.0087761076473382004 -0.0054007109541116746 -0.0028335262252109773 0.021360774932049444 -0.0092185968811667827
leaf_weight=3.9317274186760205 54.935148477554321 16.876077421009541 53.09268082305789 21.357147697359324 7.8106155805289736 7.5956637002527705 6.5838539209216833
leaf_count=82 588 251 1139 427 101 117 139
internal_value=0.00194996 0.00801961 -0.00334466 0.00389339 0.0124873 0.0137244 0.00055234
internal_weight=172.183 79.6218 92.5611 39.4684 62.7458 18.1112 10.5156
internal_count=2844 940 1904 765 689 338 221
is_linear=0
shrinkage=0.03


Tree=74
num_leaves=8
num_cat=1
split_feature=31 27 18 25 3 3 18
split_gain=4.71365 4.1778 4.87349 4.31888 3.90115 3.37961 3.78008
threshold=0 0.70085000000000008 0.78671937630448296 18.500000000000004 -0.47053662675759106 0.50966488437186064 0.5167243675962141
decision_type=1 2 8 2 8 8 10
left_child=1 2 3 -1 -4 6 -2
right_child=5 -3 4 -5 -6 -7 -8
leaf_value=0.021205155982629727 0.0062417558916693736 -0.0078611662212600304 0.014314997494688063 0.0020949678418679327 -0.0053531906109381714 0.005071387611328481 -0.010958794073134184
leaf_weight=20.157945215702057 7.3171664401888838 12.557060930877922 3.6505136936903 23.402625711634755 32.062562987208366 14.588096749037502 57.831257665529847
leaf_count=296 119 196 65 406 519 202 1053
internal_value=-7.06087e-05 0.00412993 0.00722092 0.0131473 -0.000747727 -0.00492418 -0.00835049
internal_weight=171.567 91.8307 79.2736 43.5606 35.7131 79.7365 65.1484
internal_count=2856 1482 1286 702 584 1374 1172
cat_boundaries=0 1
cat_threshold=12
is_linear=0
shrinkage=0.03


Tree=75
num_leaves=8
num_cat=0
split_feature=4 18 27 27 32 4 6
split_gain=5.02258 5.68053 4.69446 4.2597 6.45956 3.74401 3.67243
threshold=0.17286388292331559 0.84760704246024177 0.71520000000000017 0.58900000000000008 10.768579810257661 0.029097825799776936 0.054927473288722876
decision_type=10 10 2 2 10 10 10
left_child=2 -2 3 4 6 -5 -1
right_child=1 -3 -4 5 -6 -7 -8
leaf_value=0.012896110562510032 0.017326824897881128 -0.0030743072239852046 -0.010479503414837424 0.018295037217161012 -0.010420316210844594 -0.0031373230371464522 -0.0011931901899676163
leaf_weight=22.671551154926419 30.577691290527582 13.26529225707054 21.297319814562798 16.089577533304695 28.604298159480095 6.0533152520656577 30.04577162116766
leaf_count=437 232 131 394 260 651 76 622
internal_value=0.00349017 0.011343 0.000100391 0.00300858 -0.000350201 0.0126607 0.00551981
internal_weight=168.605 43.843 124.762 103.465 81.3216 22.1429 52.7173
internal_count=2803 363 2440 2046 1710 336 1059
is_linear=0
shrinkage=0.03


Tree=76
num_leaves=8
num_cat=0
split_feature=18 4 3 27 3 27 18
split_gain=6.20893 6.27739 3.32348 3.63904 3.74292 3.1884 3.63657
threshold=0.54028163988853939 0.094181235280523426 0.58983932791917493 0.38760000000000006 -0.39401227958194901 0.71520000000000017 0.62781125283848083
decision_type=8 10 8 2 10 2 10
left_child=1 -1 3 4 -2 6 -5
right_child=2 -3 -4 5 -6 -7 -8
leaf_value=-0.00034604664289917874 0.0048030192304098383 0.025575639434720181 0.0061445163718387491 -0.0073263042262278468 -0.014674217201751187 -0.0095750643751070282 0.006892843748201029
leaf_weight=14.817158084362747 5.856411585584282 8.1407437697052938 26.099125165492296 14.623137800022958 32.470580777153373 16.966346275061369 47.657366255298257
leaf_count=306 114 63 374 238 619 295 764
internal_value=0.000291783 0.012595 -0.00213591 -0.00436781 -0.0110588 -0.00024254 0.00288691
internal_weight=166.631 22.9579 143.673 117.574 38.327 79.2469 62.2805
internal_count=2773 369 2404 2030 733 1297 1002
is_linear=0
shrinkage=0.03


Tree=77
num_leaves=8
num_cat=2
split_feature=7 31 2 6 18 1 30
split_gain=5.81078 4.80192 4.40396 4.17263 3.36865 5.04354 4.21632
threshold=-1.0000000180025095e-35 0 -0.12139816440845426 0.057305815443651854 0.78671937630448296 -0.14009640959949773 1
decision_type=8 1 10 8 8 10 1
left_child=-1 4 3 -3 5 -2 -6
right_child=1 2 -4 -5 6 -7 -8
leaf_value=-0.013767039548285006 0.000532425039496242 0.0023220475541401073 0.010474005194566691 -0.01159577516854603 0.008023005199958291 0.019877118749769739 -0.0067464396340516809
leaf_weight=11.978124920278786 21.694291803985834 28.058380343019962 11.043218627572058 35.837832793593407 15.623678574338555 27.244168637320399 17.904341608285904
leaf_count=271 379 505 103 646 225 381 323
internal_value=0.0014585 0.00331762 -0.00209971 -0.00569716 0.00755375 0.0128448 0.00030188
internal_weight=169.384 157.406 74.9394 63.8962 82.4665 48.9385 33.528
internal_count=2833 2562 1254 1151 1308 760 548
cat_boundaries=0 1 2
cat_threshold=12 138
is_linear=0
shrinkage=0.03


Tree=78
num_leaves=8
num_cat=0
split_feature=7 5 16 29 3 6 4
split_gain=3.84827 3.19923 4.76502 7.09804 3.10419 4.738 4.32313
threshold=-1.0000000180025095e-35 -0.30991265230219295 -0.38724823854018181 16.500000000000004 0.074850753686358518 0.053638216502319036 -0.098964515315366861
decision_type=8 8 2 2 10 8 10
left_child=-1 -2 4 -4 5 -3 -6
right_child=1 2 3 -5 6 -7 -8
leaf_value=-0.012231163764416719 0.012448314564423987 0.0088600975713308047 0.021723350816535879 0 0.0042840991907553728 -0.0060158707234832789 -0.015788035034196572
leaf_weight=10.431732000783084 15.560406694188712 26.360453324392438 12.034947186708449 38.985911820083857 8.5089293532073516 35.587225575000048 22.545709965750575
leaf_count=241 287 506 116 382 170 727 397
internal_value=0.000696297 0.0021744 0.00036906 0.00720787 -0.00350793 0.000389175 -0.0101532
internal_weight=170.015 159.584 144.023 51.0209 93.0023 61.9477 31.0546
internal_count=2826 2585 2298 498 1800 1233 567
is_linear=0
shrinkage=0.03


Tree=79
num_leaves=8
num_cat=1
split_feature=30 2 1 25 27 27 25
split_gain=6.41016 10.201 6.74917 7.95046 7.211 5.1716 5.15613
threshold=0 -0.43202764606913518 0.22248920455378104 6.5000000000000009 0.61830000000000018 0.71520000000000017 20.500000000000004
decision_type=1 10 8 2 2 2 2
left_child=2 -2 3 -1 -5 -3 -4
right_child=1 5 6 4 -6 -7 -8
leaf_value=-0.0085103432753176039 -0.010575138401456293 0.015600320985813623 0.0065899628159844974 0.025539837423237819 -0.0024698279676407249 -0.0041916709972998345 -0.014177537104995502
leaf_weight=5.75546871125698 68.360254246741533 20.093537341803312 15.795836888253691 27.14250572770834 7.8810321278870097 14.237881990149615 11.482821337878702
leaf_count=93 1469 158 215 368 122 233 180
internal_value=0.000639868 -0.0038318 0.00687727 0.014581 0.0196011 0.00779691 -0.00295943
internal_weight=170.749 102.692 68.0577 40.779 35.0235 34.3314 27.2787
internal_count=2838 1860 978 583 490 391 395
cat_boundaries=0 1
cat_threshold=168
is_linear=0
shrinkage=0.03


Tree=80
num_leaves=8
num_cat=1
split_feature=7 6 27 2 30 18 3
split_gain=4.82545 4.3837 3.07296 7.05152 5.76291 4.31166 3.87265
threshold=-1.0000000180025095e-35 0.1063127971192401 0.71520000000000017 -0.49462663450432337 0 0.5167243675962141 0.17052406051197103
decision_type=8 8 2 10 1 8 10
left_child=-1 2 3 4 6 -6 -2
right_child=1 -3 -4 -5 5 -7 -8
leaf_value=-0.014376190635691755 0.012379940476860297 -0.0094233830867279083 -0.005200930742281033 0.016382795405728401 0.010369170003633197 -0.01074793907445633 -0.0038830279344485535
leaf_weight=10.953562220558522 35.881723230704665 19.26475115865469 21.483436301350594 30.058124013245106 3.3373133838176718 38.129558695480227 12.64970615878701
leaf_count=252 702 295 347 254 65 767 179
internal_value=0 0.001588 0.003611 0.00553138 0.000712569 -0.00610826 0.00673471
internal_weight=171.758 160.805 141.54 120.056 89.9983 41.4669 48.5314
internal_count=2861 2609 2314 1967 1713 832 881
cat_boundaries=0 1
cat_threshold=140
is_linear=0
shrinkage=0.03


Tree=81
num_leaves=8
num_cat=1
split_feature=32 30 1 1 17 2 25
split_gain=5.69148 5.03234 6.20965 4.52313 3.9413 3.93876 5.78771
threshold=11.951378335098926 0 0.33014075855019631 0.90894899748892743 0.071731858591453104 -0.874799753766066 19.500000000000004
decision_type=8 1 8 8 10 10 2
left_child=1 2 -1 4 -2 -3 -7
right_child=3 5 -4 -5 -6 6 -8
leaf_value=0.012333257351102351 3.8671595955161633e-05 -0.014236315900966674 -0.0082963058113865451 -0.0078756364858221725 0.019586629129086878 -0.009573225431785572 0.0086322959582395813
leaf_weight=25.528050076216459 17.334098860621452 42.475599033758044 13.735228870064018 6.6651795674115411 16.927269749343395 27.44360857643187 19.973253525793552
leaf_count=347 361 948 196 117 203 392 273
internal_value=-0.00109226 -0.00425235 0.00381026 0.00763846 0.011931 -0.00756701 -0.00149478
internal_weight=170.082 129.156 39.2633 40.9265 34.2614 89.8925 47.4169
internal_count=2837 2156 543 681 564 1613 665
cat_boundaries=0 1
cat_threshold=136
is_linear=0
shrinkage=0.03


Tree=82
num_leaves=8
num_cat=1
split_feature=2 7 21 1 0 30 32
split_gain=7.80673 6.15488 5.09298 4.75864 3.42657 2.82885 4.25404
threshold=-0.27171493735885749 0.016188784901416637 0.84100000000000008 0.22248920455378104 0.16962795691237395 0 10.768579810257661
decision_type=10 10 2 8 10 1 10
left_child=1 3 -2 5 -3 -1 -7
right_child=2 4 -4 -5 -6 6 -8
leaf_value=-0.0063967078143694345 0.016641343584287975 -0.0010140338016676105 -0.0057537334456376045 -0.010944714582958441 0.022565430654962138 0.0099333857281100838 -0.0056239085159354952
leaf_weight=17.942344725131989 30.716037563979626 6.5770937409251911 6.410688128322362 50.086367543786764 4.9735514372587204 35.621833864599466 17.056797634810209
leaf_count=402 277 133 92 937 57 576 354
internal_value=0.00124637 -0.00221224 0.0121075 -0.00457049 0.0134508 0.000413155 0.00392474
internal_weight=169.385 132.258 37.1267 120.707 11.5506 70.621 52.6786
internal_count=2828 2459 369 2269 190 1332 930
cat_boundaries=0 1
cat_threshold=81
is_linear=0
shrinkage=0.03


Tree=83
num_leaves=8
num_cat=1
split_feature=7 31 29 4 4 0 18
split_gain=5.25015 4.60401 4.17015 3.39673 4.02462 3.41482 3.70304
threshold=0.027497093839756299 0 41.000000000000007 0.11082581929922704 -0.0065613759531327745 0.38254834369321289 0.65405305749089659
decision_type=8 1 2 10 10 8 10
left_child=-1 -2 3 4 5 6 -3
right_child=1 2 -4 -5 -6 -7 -8
leaf_value=-0.0135660178110879 -0.0035793040585163781 -0.0007289786172432252 -0.0063999999038515049 0.016077908335643404 -0.0075361377024098456 -0.0076083660312935711 0.016888190310624177
leaf_weight=13.431759128347037 62.266782918944955 13.193463483825331 12.263726711273192 29.352740246802568 14.11982894130051 4.0293633788824001 22.443031901493669
leaf_count=308 1030 283 217 268 279 55 407
internal_value=0.000325401 0.00219729 0.00587575 0.00889866 0.00316346 0.00791246 0.0110843
internal_weight=171.101 157.669 95.4022 83.1384 53.7857 39.6659 35.6365
internal_count=2847 2539 1509 1292 1024 745 690
cat_boundaries=0 1
cat_threshold=2
is_linear=0
shrinkage=0.03


Tree=84
num_leaves=8
num_cat=1
split_feature=2 21 30 2 1 0 5
split_gain=7.56266 5.74752 5.32122 5.60691 6.27011 4.40193 4.88078
threshold=-0.43202764606913518 0.84100000000000008 0 -0.65471003629972413 0.85913981076322277 -0.018124759238594908 0.078383042637919162
decision_type=10 2 1 10 8 10 10
left_child=2 -2 3 4 5 -1 -7
right_child=1 -3 -4 -5 -6 6 -8
leaf_value=0 0.014836062835898705 -0.006667084795613243 -0.0093459009071374093 -0.011890785549794886 -0.0095246821868218822 0.027368109146373474 0.0033028332856917652
leaf_weight=24.201649395748969 43.054110869765282 8.2269515171647054 38.252185231074691 11.049928858876227 10.70844312570989 11.968820562586194 19.034208089113235
leaf_count=502 443 140 838 188 218 193 251
internal_value=0.00191454 0.0106991 -0.00231445 0.00237516 0.00631919 0.0104464 0.0166858
internal_weight=166.496 51.2811 115.215 76.9631 65.9131 55.2047 31.003
internal_count=2773 583 2190 1352 1164 946 444
cat_boundaries=0 1
cat_threshold=172
is_linear=0
shrinkage=0.03


Tree=85
num_leaves=8
num_cat=0
split_feature=18 4 22 3 4 2 25
split_gain=6.40983 6.83959 5.82572 3.08687 2.99817 2.66607 4.19586
threshold=0.54028163988853939 0.094181235280523426 238.50000000000003 0.58983932791917493 -0.12263693616826953 -1.0636431477588428 16.500000000000004
decision_type=8 10 2 8 10 10 2
left_child=1 4 5 -4 -1 -2 -7
right_child=2 -3 3 -5 -6 6 -8
leaf_value=0.0094701870433596905 -0.012613511698083163 0.024952029167261035 6.1743286574179692e-05 0.013977709118803743 -0.0094649515422784696 -0.0096614148185585249 0.0057308841550482463
leaf_weight=5.0093547012656918 34.964926330372691 10.128032984212039 52.90429762750864 12.944072378799317 9.4605420418083686 22.169254329055548 25.27598518691957
leaf_count=98 725 78 878 173 206 356 363
internal_value=0.000437165 0.0125857 -0.0020236 0.00421825 -0.00120437 -0.00710888 -0.00154706
internal_weight=172.856 24.5979 148.259 65.8484 14.4699 82.4102 47.4452
internal_count=2877 382 2495 1051 304 1444 719
is_linear=0
shrinkage=0.03


Tree=86
num_leaves=8
num_cat=2
split_feature=2 21 30 1 18 2 24
split_gain=5.6873 5.17891 4.29936 5.29328 3.43961 2.88861 2.38886
threshold=-1.0636431477588428 0.84100000000000008 0 0.10382377478270928 0.61878023694802053 -1.4533737091354648 1
decision_type=10 2 1 8 8 8 1
left_child=2 -2 3 5 -4 6 -1
right_child=1 -3 4 -5 -6 -7 -8
leaf_value=0.021212963992213309 0.0076459310463853755 -0.0087547368321969476 9.3356801250618418e-05 -0.0087345553921630292 -0.017549532676415746 -0.0033706867641504473 -0.00024195575835596098
leaf_weight=10.406431339681149 89.986288815736771 13.27807575650513 11.605035256594418 11.775898754596712 25.855534818023443 4.4606812261045006 4.216331567615268
leaf_count=148 1254 231 267 193 648 69 64
internal_value=0.0005477 0.00492442 -0.00569385 0.00261494 -0.0104095 0.0116491 0.0164657
internal_weight=171.584 103.264 68.3199 30.8593 37.4606 19.0834 14.6228
internal_count=2874 1485 1389 474 915 281 212
cat_boundaries=0 1 2
cat_threshold=168 2
is_linear=0
shrinkage=0.03


Tree=87
num_leaves=8
num_cat=1
split_feature=18 31 1 2 27 27 2
split_gain=7.99809 5.63859 5.1047 4.75157 6.24133 4.75479 7.54007
threshold=0.54028163988853939 0 -6.9671685148573284 -0.91403539186437344 0.68525000000000003 0.21170000000000003 -3.9996213253608861
decision_type=8 1 8 10 2 2 8
left_child=-1 3 -3 5 -5 6 -2
right_child=1 2 -4 4 -6 -7 -8
leaf_value=0.0118128829750283 -0.0084899513770768167 0.0089774491410875151 -0.013281642849195592 0.014855251291983366 -0.0070427082071351935 -0.011259378319188339 0.023398458154158988
leaf_weight=24.441741909831762 7.3161986507475376 4.1663357820361853 64.41141190379858 27.633704546838999 10.641209121793507 27.762935642153025 4.2502770815044624
leaf_count=383 153 69 1141 343 161 545 49
internal_value=-0.00169233 -0.00454347 -0.00967362 0.00127608 0.00827798 -0.00519898 0.00723706
internal_weight=170.624 146.182 68.5777 77.6043 38.2749 39.3294 11.5665
internal_count=2844 2461 1210 1251 504 747 202
cat_boundaries=0 1
cat_threshold=12
is_linear=0
shrinkage=0.03


Tree=88
num_leaves=8
num_cat=0
split_feature=4 18 18 5 21 18 0
split_gain=4.93699 5.40753 4.61747 4.61022 4.09388 4.25678 2.87841
threshold=0.30710162705722266 0.54028163988853939 0.49055074218778555 1.0000000180025095e-35 0.64095000000000013 0.74618034126529287 -0.14171106602665692
decision_type=10 8 10 10 2 10 10
left_child=1 2 -1 6 5 -5 -3
right_child=-2 3 -4 4 -6 -7 -8
leaf_value=-0.0028585379721208556 0.01335584615795243 -0.0041075425683586306 0.019083276713897975 -0.0093806622901850545 -0.012889954898834429 0.011154296885739544 0.0072248112070204948
leaf_weight=10.095934441313149 17.314471706748009 28.721565589308739 12.272768780589102 8.6358811240643281 46.468934191390872 11.697745183482764 35.706631114706397
leaf_count=181 113 629 182 137 749 183 657
internal_value=0.00103252 -0.000856213 0.0105419 -0.00340088 -0.00853504 0.00171736 0.00207014
internal_weight=170.914 153.599 22.3687 131.231 66.8026 20.3336 64.4282
internal_count=2831 2718 363 2355 1069 320 1286
is_linear=0
shrinkage=0.03


Tree=89
num_leaves=8
num_cat=1
split_feature=5 18 5 1 30 21 25
split_gain=3.42209 4.48716 4.31212 3.68534 3.57598 3.42119 3.1364
threshold=-0.30991265230219295 0.54028163988853939 -0.12153552059407646 0.27637719668734467 0 0.72845000000000015 6.5000000000000009
decision_type=10 8 10 8 1 2 2
left_child=-1 2 -2 4 -3 6 -6
right_child=1 3 -4 -5 5 -7 -8
leaf_value=0.0078081169380717899 -0.0081011280255043148 -0.0075356851234159626 0.013939320781952525 -0.010088404203387791 -0.0051842452036133559 -0.0036537847476488601 0.013887000984137289
leaf_weight=32.181467859074473 4.435601299628618 17.667676044628024 18.362518409267068 50.24374171346426 4.1844994667917517 19.110663365572691 26.288676811382174
leaf_count=563 95 359 253 823 79 306 403
internal_value=0 -0.00206139 0.00817365 -0.00456132 2.16011e-06 0.00420134 0.0103449
internal_weight=172.475 140.293 22.7981 117.495 67.2515 49.5838 30.4732
internal_count=2881 2318 348 1970 1147 788 482
cat_boundaries=0 1
cat_threshold=81
is_linear=0
shrinkage=0.03


Tree=90
num_leaves=8
num_cat=0
split_feature=2 27 2 27 2 27 4
split_gain=7.86574 4.95124 8.20388 4.66992 4.60424 6.34509 4.20918
threshold=-1.0636431477588428 0.21170000000000003 -4.3551199158998122 0.71520000000000017 -0.30307454926889665 0.49435000000000007 -0.13135790052793536
decision_type=10 2 8 2 10 2 8
left_child=1 2 -1 4 5 -2 -7
right_child=3 -3 -4 -5 -6 6 -8
leaf_value=-0.010061763659765292 0.015828031070235043 -0.011268383698669964 0.019380762889097319 -0.0040730564557721147 0.018788948917820958 0.011020832023488494 -0.0080233813902103792
leaf_weight=9.8326640296727401 15.122556643560527 49.747799968346953 8.3939328193664569 25.365017550066113 22.801306337118149 5.9930906165391207 32.644109370186925
leaf_count=218 190 1060 113 414 131 119 588
internal_value=0.000615501 -0.00674471 0.00470129 0.00579411 0.00931659 0.00314277 -0.003364
internal_weight=169.9 67.9744 18.2266 101.926 76.5611 53.7598 38.6372
internal_count=2833 1391 331 1442 1028 897 707
is_linear=0
shrinkage=0.03


Tree=91
num_leaves=8
num_cat=0
split_feature=32 2 2 4 22 16 1
split_gain=4.05835 3.87888 3.41506 3.62804 2.60082 4.12018 2.52154
threshold=12.254596493540776 -0.43202764606913518 -1.6153538790784483 -0.050000244207981652 198.50000000000003 -0.69890606823582213 0.22248920455378104
decision_type=8 8 10 8 2 2 8
left_child=2 -2 4 6 -1 -6 -4
right_child=1 -3 3 -5 5 -7 -8
leaf_value=-0.015143741441535149 -0.00081336689680147178 0.016390797484242638 0.016027361480840635 -0.002221989712038526 -0.009173134093131351 0.011058559976168102 -0.0013831910790679765
leaf_weight=18.529270753264427 18.917184311896563 15.794191339984534 12.049700018018482 76.621839430183172 13.163635935634376 7.7664366401731959 7.7626866810023811
leaf_count=401 373 177 255 1065 291 119 171
internal_value=7.32855e-05 0.0082674 -0.00225877 0.000780512 -0.00888203 -0.000165322 0.0102307
internal_weight=170.605 34.7114 135.894 96.4342 39.4593 20.9301 19.8124
internal_count=2852 550 2302 1491 811 410 426
is_linear=0
shrinkage=0.03


Tree=92
num_leaves=8
num_cat=0
split_feature=21 6 21 17 18 1 7
split_gain=5.60868 5.72709 2.785 4.48456 5.15928 4.01251 3.98354
threshold=0.85325000000000017 0.1063127971192401 0.76805000000000012 0.10959723962624247 0.92658921038148834 -0.61055460616457291 0.071855924164225968
decision_type=2 8 2 10 10 8 8
left_child=1 2 3 4 -1 -6 -4
right_child=-2 -3 6 -5 5 -7 -8
leaf_value=-0.0071072289009563193 -0.013320576994068991 -0.0091512113930847412 -0.0040425408443477305 0.0090410999745058063 0.019290751173429363 -0.0041272837806301506 0.018135915213826272
leaf_weight=45.165155088528991 10.773867167532442 18.005643989890814 4.9375077560544014 54.017985578626394 7.1556574739515781 6.0570738986134511 22.646287718787793
leaf_count=980 203 291 114 634 129 131 351
internal_value=0.00219302 0.00393237 0.00612042 0.00334065 -0.00216202 0.0103403 0.0137281
internal_weight=168.759 157.985 139.98 112.396 58.3779 13.2127 27.5838
internal_count=2833 2630 2339 1874 1240 260 465
is_linear=0
shrinkage=0.03


Tree=93
num_leaves=8
num_cat=0
split_feature=5 22 4 26 17 18 28
split_gain=3.91812 4.66341 5.87481 3.44392 3.54412 2.91347 4.25546
threshold=-0.30991265230219295 351.50000000000006 0.35013106303184444 2.5000000000000004 -0.020622851071902756 0.5167243675962141 -1.0000000180025095e-35
decision_type=10 2 10 2 10 8 2
left_child=3 2 5 4 -1 6 -2
right_child=1 -3 -4 -5 -6 -7 -8
leaf_value=-0.0080935262935571094 -0.0092095766738315068 0.0094212665101134057 0.011414462651392778 0.017697410609038382 0.010360782043468943 -0.0089697513737530613 0.013207632273370526
leaf_weight=13.342197090387344 6.0057806801050893 16.324247779324651 9.8556942380964738 9.998818224295972 8.6907350234687328 96.083320718258619 8.5674371942877752
leaf_count=267 95 266 60 174 120 1720 131
internal_value=-0.000266107 -0.00262913 -0.00486303 0.00796188 0 -0.00711105 0.00331496
internal_weight=168.868 136.836 120.512 32.0318 22.0329 110.657 14.5732
internal_count=2833 2272 2006 561 387 1946 226
is_linear=0
shrinkage=0.03


Tree=94
num_leaves=8
num_cat=0
split_feature=18 18 2 5 7 25 21
split_gain=3.99809 6.53852 4.07822 4.42214 3.56894 2.61432 3.22567
threshold=0.5167243675962141 0.49055074218778555 -1.0169667466394263 0.44865618018720121 0.166547824097529 28.500000000000004 0.65975000000000017
decision_type=8 10 10 8 8 2 2
left_child=1 -1 3 5 -4 -2 -7
right_child=2 -3 4 -5 -6 6 -8
leaf_value=-0.0026964160937900587 -0.013106990562283337 0.02407717939431555 -0.0082776454437383223 0.0069972780309579055 0.0061977468606678587 -0.0092788961820919925 0.010287385083205255
leaf_weight=11.692627489566805 37.788375332951546 8.6284203529357892 10.841894654557107 11.624227225780485 73.438268249854445 6.6065888889133912 7.5898119509220123
leaf_count=195 822 99 215 178 1004 148 169
internal_value=0.0013793 0.0117321 -0.000476101 -0.00590689 0.00361689 -0.00959081 0.000443557
internal_weight=168.21 20.321 147.889 63.609 84.2802 51.9848 14.1964
internal_count=2830 294 2536 1317 1219 1139 317
is_linear=0
shrinkage=0.03


Tree=95
num_leaves=8
num_cat=0
split_feature=2 27 2 27 7 3 32
split_gain=4.93403 4.87175 12.4089 4.34454 4.11692 4.25734 3.55819
threshold=-0.12139816440845426 0.21170000000000003 -4.3551199158998122 0.76330000000000009 0.16896802668429706 0.33433443384468842 11.555734108724154
decision_type=10 2 8 2 10 10 10
left_child=1 2 -1 -2 5 6 -3
right_child=3 4 -4 -5 -6 -7 -8
leaf_value=-0.0099872147017689202 0.019316863322048614 0.00048935394964079275 0.026129808007543043 -0.0025861391056665128 0.012517086068415022 -0.016691564404435779 -0.01102622959041042
leaf_weight=9.8048172630369645 12.65419013053179 84.04269945435226 9.5182907730340975 8.939132805913685 4.4657316356897345 17.763641215860844 24.397315373644233
leaf_count=226 70 1561 118 124 48 215 500
internal_value=0.00018886 -0.00184345 0.00969615 0.0114947 -0.004119 -0.00553051 -0.0025522
internal_weight=171.586 149.992 19.3231 21.5933 130.669 126.204 108.44
internal_count=2862 2668 344 194 2324 2276 2061
is_linear=0
shrinkage=0.03


Tree=96
num_leaves=8
num_cat=1
split_feature=18 4 30 2 4 1 1
split_gain=5.03544 5.28683 3.97433 6.48913 4.94716 4.61124 4.28013
threshold=0.54028163988853939 0.080538474481775216 0 -0.49462663450432337 0.05138984211368109 0.22248920455378104 -1.6417636932737176
decision_type=8 10 1 10 10 8 10
left_child=1 -1 5 -4 -5 6 -2
right_child=2 -3 3 4 -6 -7 -8
leaf_value=0 -0.00056615167652009936 0.024551083896502946 -0.013632092979804087 0.015893939918637381 -0.0063969617028308652 -0.0033375696278395402 0.014660563003443636
leaf_weight=14.898543173447253 23.493872560560703 9.2268846780061704 32.503074215725064 9.7650713659822959 10.45041251555085 39.915706878527999 34.089240357279778
leaf_count=306 411 75 740 143 91 658 480
internal_value=0.00244924 0.0132329 4.10092e-05 -0.00548387 0.0052925 0.00354376 0.00890811
internal_weight=174.343 24.1254 150.217 52.7186 20.2155 97.4988 57.5831
internal_count=2904 381 2523 974 234 1549 891
cat_boundaries=0 1
cat_threshold=172
is_linear=0
shrinkage=0.03


Tree=97
num_leaves=8
num_cat=0
split_feature=2 7 21 4 4 27 6
split_gain=4.83939 5.02495 4.37108 3.11809 3.74822 2.75002 2.50333
threshold=-0.30307454926889665 0.016188784901416637 0.78505000000000014 -0.12263693616826953 0.27590573644831889 0.51285000000000014 0.066269824278548564
decision_type=8 10 2 8 10 2 10
left_child=1 3 -2 6 -5 -3 -1
right_child=2 5 -4 4 -6 -7 -8
leaf_value=0.0098447436267722864 0.012745999472540098 0.017501130616653 -0.0040109984196395982 -0.0098158836491201266 0.0059981940591564541 -0.0035476114358525173 -0.0052190257459839122
leaf_weight=13.603410055860879 33.327437378466129 7.5773885846137983 14.804245056584476 80.387394746765494 9.1659821458160859 3.605870857834816 10.131219653412698
leaf_count=292 268 124 189 1613 78 64 238
internal_value=2.85584e-05 -0.00302053 0.0074876 -0.0052073 -0.00768436 0.0112832 0.00324733
internal_weight=172.603 124.471 48.1317 113.288 89.5534 11.1833 23.7346
internal_count=2866 2409 457 2221 1691 188 530
is_linear=0
shrinkage=0.03


Tree=98
num_leaves=8
num_cat=0
split_feature=7 5 6 18 18 4 18
split_gain=3.23437 3.16561 3.45343 3.11518 5.85222 2.94922 2.94306
threshold=0.016188784901416637 -0.30991265230219295 0.041767449754145938 0.54028163988853939 0.49055074218778555 0.35013106303184444 0.68448659856220184
decision_type=8 10 10 8 10 10 10
left_child=-1 2 -2 4 -3 -5 -4
right_child=1 3 6 5 -6 -7 -8
leaf_value=-0.010298075969143426 -0.0030619690408356924 -0.0053947627314981494 -0.0020366293037603522 -0.0038744181304823915 0.018599309077677973 0.0089577827789407462 0.019578292143797988
leaf_weight=11.611238004639743 8.1381158325821179 10.10690611600876 4.0148098822683123 97.568816930055618 12.558273132890461 10.786936629563568 16.700520446524024
leaf_count=285 123 161 77 1686 161 66 277
internal_value=0.00115168 0.00252372 0.0103032 0.000208305 0.00879457 -0.00193999 0.0154665
internal_weight=171.486 159.874 28.8534 131.021 22.6652 108.356 20.7153
internal_count=2836 2551 477 2074 322 1752 354
is_linear=0
shrinkage=0.03


Tree=99
num_leaves=8
num_cat=1
split_feature=2 5 30 25 4 2 4
split_gain=4.89804 3.85336 3.28929 3.06813 3.03573 4.34821 3.50858
threshold=-0.27171493735885749 0.20093875383498563 0 26.500000000000004 -0.0065613759531327745 -1.2140138270881671 -0.050000244207981652
decision_type=10 10 1 2 8 10 8
left_child=1 4 -3 -4 5 -1 -7
right_child=-2 2 3 -5 -6 6 -8
leaf_value=-0.0076886167296676775 0.0086044312060213381 -0.0048380226440471923 0.018043896643252053 -0.0013983408623420848 -0.0097347042812808687 0.014639003149452811 -0.0053273316645944717
leaf_weight=20.769862784072757 40.341675516217947 10.671640317887066 14.551077416166665 7.237433521077036 54.067082801833749 15.282852549105881 5.6259181350469616
leaf_count=516 382 155 176 95 1045 332 129
internal_value=0.000343724 -0.0024982 0.00536054 0.0093143 -0.005515 0.000343156 0.00876025
internal_weight=168.548 128.206 32.4602 21.7885 95.7457 41.6786 20.9088
internal_count=2830 2448 426 271 2022 977 461
cat_boundaries=0 1
cat_threshold=81
is_linear=0
shrinkage=0.03


Tree=100
num_leaves=8
num_cat=1
split_feature=1 30 28 27 16 27 23
split_gain=3.95381 3.78173 4.18484 4.9012 3.76491 3.14821 4.68686
threshold=0.96640183223857956 0 1.0000000180025095e-35 0.61830000000000018 -1.1170341371545829 0.57160000000000022 1.0000000180025095e-35
decision_type=8 1 2 2 2 2 2
left_child=1 2 -1 4 -4 -3 -7
right_child=-2 5 3 -5 -6 6 -8
leaf_value=0 -0.013022639598374741 -0.0064617140886572355 0 -0.0026329460706266392 0.026387786822823632 -0.011356389237420004 0.0087141662506653571
leaf_weight=35.103769540786743 10.004666084423659 55.97782101854682 6.4386426657438323 7.75546871125698 14.135131653398275 6.1504347864538422 32.133541014045477
leaf_count=534 162 1205 109 107 158 110 453
internal_value=0.00024346 0.00176375 0.00652829 0.01458 0.0205141 -0.00199867 0.0037601
internal_weight=167.699 157.695 63.433 28.3292 20.5738 94.2618 38.284
internal_count=2838 2676 908 374 267 1768 563
cat_boundaries=0 1
cat_threshold=168
is_linear=0
shrinkage=0.03


Tree=101
num_leaves=8
num_cat=0
split_feature=25 25 6 0 22 18 25
split_gain=5.83676 5.36783 5.12539 4.34562 4.12459 4.23562 3.71265
threshold=29.500000000000004 21.500000000000004 0.089790361204009336 -0.11614706061906298 212.50000000000003 0.71814863349825164 4.5000000000000009
decision_type=2 2 10 10 2 10 2
left_child=1 3 -2 -1 6 -6 -5
right_child=2 -3 -4 4 5 -7 -8
leaf_value=-0.0083358902969130136 0.014330553736786635 -0.01212638480628625 -0.0073481304236211421 0.010903833422334974 0 0.017829208761054486 -0.006850721535528603
leaf_weight=23.607470797374845 33.270620964467525 28.907212113961577 6.4197736904025069 6.3987977914512149 18.873699752613902 20.83915220759809 30.939215177670121
leaf_count=507 550 513 122 108 283 273 465
internal_value=0.000790802 -0.00229199 0.00986514 0.0010791 0.00465285 0.0105944 -0.00209007
internal_weight=169.256 129.566 39.6904 100.658 77.0509 39.7129 37.338
internal_count=2821 2149 672 1636 1129 556 573
is_linear=0
shrinkage=0.03


Tree=102
num_leaves=8
num_cat=0
split_feature=27 2 27 2 27 2 25
split_gain=4.87024 4.92888 8.4632 6.32433 4.6066 5.62477 4.82497
threshold=0.71520000000000017 -0.91403539186437344 0.32880000000000004 -4.3551199158998122 0.50155000000000005 -0.39926954780594753 16.500000000000004
decision_type=2 8 2 10 2 10 2
left_child=1 2 3 -1 6 -6 -3
right_child=-2 4 -4 -5 5 -7 -8
leaf_value=-0.0075781381421913419 -0.0090649921135929155 0 -0.011165402045197328 0.014681869395493326 -0.0053392419151484065 0.011485646394154744 0.028654877706023117
leaf_weight=10.560253623872994 25.086398651823401 7.3963704742491272 35.346387729048729 24.906118620187044 27.965663785114884 27.335747942328453 9.0595289692282659
leaf_count=246 424 84 796 453 543 191 80
internal_value=0.00130121 0.00360958 -0.0017955 0.0075339 0.00877667 0.00314092 0.0198798
internal_weight=167.656 142.57 70.8128 35.4664 71.7573 55.3014 16.4559
internal_count=2817 2393 1495 699 898 734 164
is_linear=0
shrinkage=0.03


Tree=103
num_leaves=8
num_cat=0
split_feature=2 21 7 16 3 18 5
split_gain=6.14772 6.31095 4.09851 3.06434 3.05653 2.94411 2.8857
threshold=-0.43202764606913518 0.84100000000000008 1.0000000180025095e-35 -0.57894537608506846 -0.47053662675759106 0.5167243675962141 0.14791991857320722
decision_type=8 2 10 2 8 8 8
left_child=2 -2 4 -4 -1 -6 -7
right_child=1 -3 3 -5 5 6 -8
leaf_value=0.0058251315411052594 0.01244644392428338 -0.0090944252684201209 -0.0031693908013668676 0.018194149821206582 0.0050588286767078317 -0.013751665329548947 -0.0017801042519621703
leaf_weight=11.856345897540448 49.034906804561615 8.5298517197370511 5.5826630815863609 5.4478225912898761 8.8815988861024362 43.594510337337859 37.095715640112751
leaf_count=245 483 143 119 69 175 1031 578
internal_value=0.000884471 0.00830556 -0.00308899 0.00980652 -0.00524288 -0.00721914 -0.00907412
internal_weight=170.023 57.5648 112.459 11.0305 101.428 89.5718 80.6902
internal_count=2843 626 2217 188 2029 1784 1609
is_linear=0
shrinkage=0.03


Tree=104
num_leaves=8
num_cat=0
split_feature=21 2 7 27 2 18 18
split_gain=4.27712 3.62716 5.62438 4.84971 6.54538 4.71709 6.23745
threshold=0.85325000000000017 -0.91403539186437344 0.027497093839756299 0.32880000000000004 -3.9996213253608861 0.84760704246024177 0.65405305749089659
decision_type=2 8 10 2 10 10 10
left_child=1 2 3 4 -1 6 -3
right_child=-2 5 -4 -5 -6 -7 -8
leaf_value=-0.011459071528817529 -0.012428500999470862 0.00049962206755364141 0.015760980476355692 -0.012587977517238981 0.010993347353077446 -0.0029562545991171996 0.019432917180857354
leaf_weight=11.201932208612559 11.351804496720431 31.922688942402601 5.0874481815844765 32.462360737845302 21.500391334295273 27.623129913583398 27.361875092610717
leaf_count=270 218 440 86 750 387 351 345
internal_value=0.000835691 0.0024402 -0.00234877 -0.00553638 0.00219328 0.0063411 0.0107325
internal_weight=168.512 157.16 70.2521 65.1647 32.7023 86.9077 59.2846
internal_count=2847 2629 1493 1407 657 1136 785
is_linear=0
shrinkage=0.03


Tree=105
num_leaves=8
num_cat=1
split_feature=16 4 4 30 3 21 0
split_gain=4.98871 3.77534 3.27403 2.99788 3.37582 3.14278 2.93076
threshold=-0.38724823854018181 0.18572957414461641 -0.12263693616826953 0 0.011584509848837559 0.6291000000000001 -0.070814431954184007
decision_type=2 10 8 1 8 2 10
left_child=2 -2 6 4 -4 -5 -1
right_child=1 -3 3 5 -6 -7 -8
leaf_value=-0.001366563731959476 -0.0013195006739480668 0.012924188403096424 -0.0068928316650922481 0.00022880670927176558 0.0098608686997616428 -0.013487032784283226 0.015795210734752495
leaf_weight=18.637294748798016 23.673592917621136 31.601792231202126 11.02467650733888 17.799992345273495 16.667056446895007 44.087679648771882 5.8033297937363377
leaf_count=429 335 194 220 378 276 889 114
internal_value=0.000294155 0.00719123 -0.00317878 -0.00583628 0.00212521 -0.00853204 0.0051363
internal_weight=169.295 55.2754 114.02 89.5794 27.6917 61.8877 24.4406
internal_count=2835 529 2306 1763 496 1267 543
cat_boundaries=0 1
cat_threshold=41
is_linear=0
shrinkage=0.03


Tree=106
num_leaves=8
num_cat=0
split_feature=18 18 5 0 1 27 2
split_gain=4.21775 7.32488 4.2352 4.57438 4.29031 3.69034 10.9694
threshold=0.54028163988853939 0.49055074218778555 -0.30991265230219295 -0.31562112598791919 -6.9671685148573284 0.55510000000000004 -0.91403539186437344
decision_type=8 10 8 10 8 2 10
left_child=1 -1 3 -2 -4 6 -6
right_child=2 -3 4 -5 5 -7 -8
leaf_value=-0.0062381613949990889 -0.0049696388466784367 0.019949883924477763 0.011303622988828111 0.018189386524338408 -0.0091406723428078072 -0.012035481644630332 0.012496444264557852
leaf_weight=10.757310651242735 7.6044666729867485 13.836191102862356 6.2076116297394037 9.1724765654653293 51.189042018726468 47.642898388206959 24.622104942798615
leaf_count=184 159 193 111 165 1063 699 291
internal_value=-0.000413514 0.0093153 -0.00254244 0.00887148 -0.00455798 -0.00610903 -0.00141231
internal_weight=171.032 24.5935 146.439 16.7769 129.662 123.454 75.8111
internal_count=2865 377 2488 324 2164 2053 1354
is_linear=0
shrinkage=0.03


Tree=107
num_leaves=8
num_cat=0
split_feature=18 21 6 6 3 32 27
split_gain=6.85028 4.04734 3.34017 3.29162 4.27571 2.25941 2.11051
threshold=0.54028163988853939 0.82135000000000014 0.047747460872056259 0.091850884408647304 0.58983932791917493 8.7022880238878546 0.71520000000000017
decision_type=8 2 8 8 8 10 2
left_child=1 2 -1 4 6 -5 -2
right_child=3 -3 -4 5 -6 -7 -8
leaf_value=0 -0.0002295366523393901 -0.0052319865301471598 0.02296941418980461 0.0029109463567656363 0.010570943690916306 -0.013820778986634414 -0.010885953575386209
leaf_weight=6.261093292385346 81.966836422681808 4.1208099480718365 14.228833405300973 4.6406814064830568 19.814958583563566 21.663200898095965 14.232963884249328
leaf_count=96 1438 70 206 69 275 400 252
internal_value=0.000361524 0.0128811 0.0174966 -0.00227397 1.09073e-05 -0.0104412 -0.00266486
internal_weight=166.929 24.6107 20.4899 142.319 116.015 26.3039 96.1998
internal_count=2806 372 302 2434 1965 469 1690
is_linear=0
shrinkage=0.03


Tree=108
num_leaves=8
num_cat=0
split_feature=1 0 3 25 1 1 22
split_gain=4.48114 5.37685 6.1398 5.98688 3.79247 3.70806 3.6105
threshold=0.90894899748892743 -0.018124759238594908 0.0860600061250619 32.500000000000007 -0.70071747366740322 -2.235303652665904 329.50000000000006
decision_type=8 10 10 2 10 10 2
left_child=1 4 3 5 -1 -3 -2
right_child=6 2 -4 -5 -6 -7 -8
leaf_value=0.0024156899451029078 -0.015870719301382029 -0.00068977505770555659 -7.3921847550438672e-05 -0.0055744828427262486 -0.011793957957107094 0.022808197050116424 0.0057904599540425285
leaf_weight=26.018967581912875 16.92283716797829 5.3181885983794954 58.640302764251828 6.4029334411025038 26.51865609921515 25.951984578743577 3.6923962403088799
leaf_count=576 309 95 700 102 631 385 59
internal_value=0 0.00197671 0.00608725 0.014339 -0.00511966 0.0191035 -0.0109326
internal_weight=169.466 148.851 96.3134 37.6731 52.5376 31.2702 20.6152
internal_count=2857 2489 1282 582 1207 480 368
is_linear=0
shrinkage=0.03


Tree=109
num_leaves=8
num_cat=0
split_feature=2 27 1 21 1 18 2
split_gain=3.40031 5.37417 4.16348 3.2242 3.68955 3.01626 3.75564
threshold=-0.27171493735885749 0.72745000000000004 0.22248920455378104 0.76310000000000011 0.85913981076322277 0.73544256102634276 -0.95840954017402014
decision_type=8 2 8 2 8 10 10
left_child=2 -2 5 -4 -5 -1 -7
right_child=1 -3 3 4 -6 6 -8
leaf_value=-0.0029247131216376047 0.015194058754573081 -0.0038309957600158365 -0.011440290187913831 0.013513489163450583 -0.0085564393314808678 -0.00025029534626593941 0.016238153357865024
leaf_weight=36.785077212378383 23.477445807307959 16.914613602682948 39.189112009480596 6.4479239620268327 4.8328728694468737 21.866549266502261 15.857688108459113
leaf_count=742 130 253 780 130 105 437 245
internal_value=0.000763386 0.00760088 -0.00165795 -0.00777184 0.00365328 0.00265359 0.00798109
internal_weight=165.371 40.3921 124.979 50.4699 11.2808 74.5093 37.7242
internal_count=2822 383 2439 1015 235 1424 682
is_linear=0
shrinkage=0.03


Tree=110
num_leaves=8
num_cat=1
split_feature=16 5 27 18 2 27 24
split_gain=3.83861 3.15707 4.9615 4.88632 4.13305 4.20383 3.82703
threshold=-1.0891216869392524 -0.28170156685490211 0.55510000000000004 0.54028163988853939 -1.0636431477588428 0.26515000000000005 0
decision_type=2 10 2 10 8 2 1
left_child=-1 6 4 -4 5 -3 -2
right_child=1 2 3 -5 -6 -7 -8
leaf_value=-0.0048353968537838115 0 0.0081129321635938223 0.0078473596527789419 -0.011278298107291126 0.01373862468502156 -0.0095960850743516297 0.024603453072766963
leaf_weight=54.000672552734613 9.0516662262380123 16.146099934354424 10.001014817506073 30.013881884515285 28.777004256844521 15.921918679028748 5.6075089890509817
leaf_count=1220 132 276 110 392 313 332 80
internal_value=0.00120481 0.00428012 0.00169147 -0.00567473 0.00685023 -0.000465735 0.0145435
internal_weight=169.52 115.519 100.86 40.0149 60.845 32.068 14.6592
internal_count=2855 1635 1423 502 921 608 212
cat_boundaries=0 1
cat_threshold=2
is_linear=0
shrinkage=0.03


Tree=111
num_leaves=8
num_cat=1
split_feature=21 2 1 30 4 22 1
split_gain=3.58406 4.75501 3.96688 5.31868 6.7827 3.87401 3.22389
threshold=0.85325000000000017 -0.12139816440845426 0.85913981076322277 0 -0.12263693616826953 335.50000000000006 -1.3617152947239801
decision_type=2 10 8 1 8 2 10
left_child=1 2 3 4 -1 -6 -5
right_child=-2 -3 -4 6 5 -7 -8
leaf_value=0.011946484029627615 -0.011558728277535192 0.013840931284118159 -0.0098871633832808871 -0.0020197811828749895 -0.014245686175125009 0.0046022135703614273 0.011170425521810723
leaf_weight=8.5090479776263219 10.583538722246884 18.900602947920561 21.294398829340935 17.587233142927289 33.498082470148802 7.2229245845228425 52.466775014996529
leaf_count=217 212 149 419 294 673 140 782
internal_value=0.000857919 0.00228426 0 0.00235595 -0.00437133 -0.0103879 0.00691347
internal_weight=170.063 159.479 140.578 119.284 49.2301 40.721 70.054
internal_count=2886 2674 2525 2106 1030 813 1076
cat_boundaries=0 1
cat_threshold=84
is_linear=0
shrinkage=0.03


Tree=112
num_leaves=8
num_cat=2
split_feature=22 30 4 3 2 3 31
split_gain=3.67953 6.85678 5.67009 3.91913 2.3114 2.39311 2.10949
threshold=257.50000000000006 0 0.30710162705722266 0.23636605156723639 -0.55645521881363935 0.10578348132296272 1
decision_type=2 1 10 8 8 10 1
left_child=1 4 -3 6 5 -1 -2
right_child=3 2 -4 -5 -6 -7 -8
leaf_value=0.0072574557406520634 0.0058449663128119968 -0.012107046472354034 0.00706245248400244 0.011405870085167783 0.016541219504210603 -0.010169084877005076 -0.0048401927819050443
leaf_weight=8.7945679463446123 7.0131057538092136 70.628305187448859 10.304558530449865 26.906827077269554 9.080012511461975 4.2736249528825274 33.213716311380267
leaf_count=174 139 1404 67 303 97 73 609
internal_value=-0.00113135 -0.004619 -0.00816394 0.00394576 0.00696416 0 -0.00179741
internal_weight=170.215 103.081 80.9329 67.1336 22.1482 13.0682 40.2268
internal_count=2866 1815 1471 1051 344 247 748
cat_boundaries=0 1 2
cat_threshold=9 8
is_linear=0
shrinkage=0.03


Tree=113
num_leaves=8
num_cat=1
split_feature=31 1 7 25 3 4 25
split_gain=4.70863 4.29388 4.152 3.86417 4.16838 3.2493 3.94966
threshold=0 -6.9671685148573284 0.027497093839756299 36.500000000000007 0.50966488437186064 -0.050000244207981652 16.500000000000004
decision_type=1 8 8 2 10 8 2
left_child=2 -2 -1 4 -3 -4 -7
right_child=1 3 5 -5 -6 6 -8
leaf_value=-0.01065695133876189 0.011038140955732779 -0.012417433917093147 0.016021664586978127 0.0083598086933465571 0.0067783669567030155 -0.0048579227651566696 0.0083080395319825463
leaf_weight=6.2282339110970497 4.8774631451815367 60.063260925933719 18.152516722679138 4.9209581688046447 5.6894941553473464 27.966427655890584 38.981511991471052
leaf_count=160 77 1129 376 81 56 388 544
internal_value=0 -0.00488736 0.00428048 -0.00780899 -0.00999798 0.00681639 0.00267655
internal_weight=166.88 75.5512 91.3287 70.6737 65.7528 85.1005 66.9479
internal_count=2811 1343 1468 1266 1185 1308 932
cat_boundaries=0 1
cat_threshold=12
is_linear=0
shrinkage=0.03


Tree=114
num_leaves=8
num_cat=0
split_feature=22 19 4 32 0 7 22
split_gain=3.4982 3.2269 4.7398 4.89478 3.32932 3.24694 3.22598
threshold=62.500000000000007 1.0000000180025095e-35 -0.090536385868056221 10.1906799100543 -0.11614706061906298 0.166547824097529 157.50000000000003
decision_type=2 2 8 10 10 10 2
left_child=-1 2 4 -4 6 -5 -2
right_child=1 -3 3 5 -6 -7 -8
leaf_value=-0.0098959075879204647 0.011439707300775027 0.010094460753038452 0.0027920478176348437 -0.012008591417429446 0.017389749525822649 0.0068551803164493951 -0.0079484250942784395
leaf_weight=21.568164145573974 4.442509161308414 22.689694594591856 45.194005096331239 47.537877839058638 10.828069346025584 3.2680713590234509 12.188677236437796
leaf_count=390 104 171 706 917 220 34 280
internal_value=-0.000396597 0.00134879 -0.000660897 -0.00395353 0.00872229 -0.0097726 -0.000127055
internal_weight=167.717 146.149 123.459 96 27.4593 50.8059 16.6312
internal_count=2822 2432 2261 1657 604 951 384
is_linear=0
shrinkage=0.03


Tree=115
num_leaves=8
num_cat=0
split_feature=18 18 22 21 2 2 6
split_gain=3.46675 3.67665 2.92306 3.17378 2.26598 3.43304 3.2506
threshold=0.52949662424845734 0.49055074218778555 212.50000000000003 0.52615000000000001 -1.0169667466394263 -2.5105494737608707 0.070842741664735018
decision_type=8 10 2 2 10 8 8
left_child=1 -1 3 -2 5 6 -4
right_child=2 -3 4 -5 -6 -7 -8
leaf_value=-0.0012287468804408961 0.0079255200524219679 0.018409185732097752 0.013831567087008835 -0.0074555156621276299 0.0069462729738360152 -0.0098789236227639909 -0.0069024277447689983
leaf_weight=11.604743488132955 6.8326425477862349 10.916020479053257 8.8685863446444237 63.175737226381898 43.820115242153406 17.408955352380875 4.035311747342349
leaf_count=199 135 139 165 1151 592 370 95
internal_value=0.000888765 0.0101288 -0.000913005 -0.00510324 0.0029731 -0.00263011 0.0064699
internal_weight=166.662 22.5208 144.141 70.0084 74.133 30.3129 12.9039
internal_count=2846 338 2508 1286 1222 630 260
is_linear=0
shrinkage=0.03


Tree=116
num_leaves=8
num_cat=1
split_feature=27 2 30 0 25 27 21
split_gain=6.91916 4.16365 5.3577 5.53446 5.21055 5.46789 3.64948
threshold=0.71520000000000017 -0.24010858262232684 0 -0.0097751738381945934 6.5000000000000009 0.57160000000000022 0.73605000000000009
decision_type=2 10 1 8 2 2 2
left_child=1 2 4 -4 -1 -6 -5
right_child=-2 -3 3 6 5 -7 -8
leaf_value=-0.0081164993826817952 -0.010185004846624712 0.016335983175684979 -0.010914773036642655 -0.0018239089250527726 0.02022726501904596 -0.0034234182419871258 0.012650792127723381
leaf_weight=4.4373745508491984 23.814768886193633 17.88142941147089 31.291510106995702 35.933144446462393 28.649674661457539 7.5326377376914015 16.270185673609376
leaf_count=78 401 90 870 612 381 112 268
internal_value=0.00252582 0.00518712 0.00257541 -0.00198977 0.00950534 0.0152357 0.00351986
internal_weight=165.811 141.996 124.115 83.4948 40.6197 36.1823 52.2033
internal_count=2812 2411 2321 1750 571 493 880
cat_boundaries=0 1
cat_threshold=136
is_linear=0
shrinkage=0.03


Tree=117
num_leaves=8
num_cat=1
split_feature=30 2 5 3 3 5 1
split_gain=4.1776 4.73053 3.19428 3.42309 3.15344 3.3877 2.47919
threshold=0 -0.874799753766066 0.20093875383498563 0.33433443384468842 -1.0000000180025095e-35 0.078383042637919162 0.53118474423898643
decision_type=1 10 8 10 8 10 8
left_child=2 -2 4 -4 -1 6 -6
right_child=1 -3 3 -5 5 -7 -8
leaf_value=-0.0051942527457768612 -0.013032387848197109 0.0018953208271627121 0.015913116573638121 -0.00072980231838484387 0.018112144060292976 -0.003715045488302707 -0.00039079597736673712
leaf_weight=34.519139155745506 26.328442482277751 36.01559660024941 25.917805537581444 13.086940482258795 12.414815979078412 12.211191622540353 6.8388202358037278
leaf_count=746 609 510 331 122 217 204 132
internal_value=0.00104605 -0.0043433 0.00445053 0.0108361 0.000311101 0.00655955 0.0128041
internal_weight=167.333 62.344 104.989 39.0047 65.984 31.4648 19.2536
internal_count=2871 1119 1752 453 1299 553 349
cat_boundaries=0 1
cat_threshold=141
is_linear=0
shrinkage=0.03


Tree=118
num_leaves=8
num_cat=0
split_feature=32 29 6 22 4 6 4
split_gain=3.88842 3.97974 3.70112 4.54176 4.73817 3.34577 3.09284
threshold=11.951378335098926 20.500000000000004 0.062091782180464884 243.50000000000003 0.14668392030419972 0.064870592930269019 -0.12263693616826953
decision_type=10 2 10 2 8 10 8
left_child=1 -1 6 -4 -5 -2 -3
right_child=5 2 3 4 -6 -7 -8
leaf_value=-0.0083994089540481778 0.015128303758589824 0.0081102924602619204 -0.0015331960526785396 -0.00044500302447845195 0.025034402771988335 -0.0019744224467442588 -0.0072449380075115108
leaf_weight=50.566820327192545 16.736974086612467 7.6551622468978167 20.701177859678864 8.2327401842921955 9.6882558837533015 12.485524520277975 39.625044543296099
leaf_count=848 274 152 411 190 107 240 611
internal_value=0 -0.00230784 0.00152833 0.00775568 0.0162259 0.00856421 -0.00367351
internal_weight=165.692 136.469 85.9024 38.6222 17.921 29.2225 47.2802
internal_count=2833 2319 1471 708 297 514 763
is_linear=0
shrinkage=0.03


Tree=119
num_leaves=8
num_cat=1
split_feature=18 28 4 30 4 0 5
split_gain=3.71781 3.71121 2.72543 4.3079 2.53966 2.96989 2.46956
threshold=0.54028163988853939 -1.0000000180025095e-35 0.30710162705722266 0 0.029097825799776936 -0.070814431954184007 -0.029606314489982903
decision_type=8 2 10 1 8 10 10
left_child=1 -1 3 6 5 -5 -2
right_child=2 -3 -4 4 -6 -7 -8
leaf_value=-0.0028288649493392296 0.011702024485524045 0.0166400003293244 0.0089434806209238334 -0.0070076518853752108 -0.010379401188148269 0.0078268084725106549 -0.0007259316917017874
leaf_weight=8.7644168417900818 17.915498025715351 16.643237495794892 14.448276679962872 17.436161253601313 48.987890301272273 15.242329768836496 25.826114261522889
leaf_count=145 381 236 95 424 792 312 441
internal_value=0.00138101 0.010406 -0.000631428 -0.00231715 -0.00589802 0 0.00427116
internal_weight=165.264 25.4077 139.856 125.408 81.6664 32.6785 43.7416
internal_count=2826 381 2445 2350 1528 736 822
cat_boundaries=0 1
cat_threshold=12
is_linear=0
shrinkage=0.03


Tree=120
num_leaves=8
num_cat=0
split_feature=27 2 2 1 32 27 1
split_gain=2.81106 7.45327 7.12475 3.93955 3.44339 2.94018 5.7914
threshold=0.21170000000000003 -4.3551199158998122 -1.6153538790784483 0.27637719668734467 9.1053797757080925 0.61830000000000018 -1.9786373756666737
decision_type=2 8 10 8 10 2 10
left_child=1 -1 4 5 -2 6 -4
right_child=2 -3 3 -5 -6 -7 -8
leaf_value=-0.0073341005250437685 0.0021147928385117352 0.021109120325988488 -0.005228293904872834 -0.0048096515244655854 -0.018546406654648236 -0.0014975017061006734 0.015514904513285561
leaf_weight=9.1517756767570955 6.041405929252508 9.1761051844805497 11.390620281919835 49.195020161569118 21.07244804687798 28.071073643863201 32.025044288486242
leaf_count=230 120 110 220 745 493 423 463
internal_value=-0.00055831 0.00842376 -0.0021438 0.0011307 -0.0140826 0.00548001 0.00981422
internal_weight=166.123 18.3279 147.796 120.682 27.1139 71.4867 43.4157
internal_count=2804 340 2464 1851 613 1106 683
is_linear=0
shrinkage=0.03


Tree=121
num_leaves=8
num_cat=0
split_feature=18 2 28 18 5 18 21
split_gain=5.86436 5.16124 4.33839 4.17733 5.05997 4.31023 4.49149
threshold=0.54028163988853939 -0.874799753766066 -1.0000000180025095e-35 0.84760704246024177 -0.28170156685490211 0.62781125283848083 0.78505000000000014
decision_type=8 10 2 10 10 10 2
left_child=2 -2 -1 5 -5 -3 -7
right_child=1 3 -4 4 -6 6 -8
leaf_value=-0.0025209012149087794 -0.0073761385740542156 -0.0028632674741194894 0.018927912806799951 0.0086175917113195249 -0.012172292835847047 0.019432115518917683 -0.0014915081899512786
leaf_weight=8.6839492563158291 66.328642606735229 15.993520764634011 16.610141022130847 9.2733598910272139 19.337573491036892 22.865405803546309 9.846775256097315
leaf_count=145 1419 235 230 121 263 282 161
internal_value=0.000853722 -0.00160046 0.0122773 0.00340561 -0.00461354 0.00836709 0.0137099
internal_weight=168.939 143.645 25.2941 77.3166 28.6109 48.7057 32.7122
internal_count=2856 2481 375 1062 384 678 443
is_linear=0
shrinkage=0.03


Tree=122
num_leaves=8
num_cat=0
split_feature=6 27 2 2 27 2 32
split_gain=5.20385 4.73846 5.74138 3.21742 4.86966 4.29585 3.89807
threshold=0.083940559053202177 0.21170000000000003 -3.9996213253608861 -1.0636431477588428 0.48235 -0.39926954780594753 11.207375904300799
decision_type=8 2 10 10 2 10 8
left_child=1 2 -1 -3 -5 -6 -7
right_child=-2 3 -4 4 5 6 -8
leaf_value=-0.00077535302906007715 -0.0081264107384239077 -0.00622484065655011 0.028774759834223916 0.017932204355166046 -0.0076623441700602564 -0.0018900452111818911 0.014281511652091707
leaf_weight=8.354046715423463 40.973367339000106 32.641373246908188 5.0797875598072997 9.874589439481495 27.435762638226151 22.086291912943125 17.43062787130475
leaf_count=192 723 745 60 106 529 228 205
internal_value=0.000134149 0.00333099 0.0162681 0.000615884 0.00401207 6.40717e-05 0.00613094
internal_weight=163.876 122.902 13.4338 109.469 76.8273 66.9527 39.5169
internal_count=2788 2065 252 1813 1068 962 433
is_linear=0
shrinkage=0.03


Tree=123
num_leaves=8
num_cat=1
split_feature=30 17 22 6 6 23 5
split_gain=3.65044 4.07731 3.82689 6.99098 2.81231 2.78455 2.42337
threshold=0 0.31857034228637143 238.50000000000003 0.053638216502319036 0.037038406241968115 2.5000000000000004 -0.019168490549296074
decision_type=1 10 2 10 8 2 8
left_child=1 -1 3 4 -2 -4 -5
right_child=2 -3 5 6 -6 -7 -8
leaf_value=-0.011068918792033016 -0.0020569741539041438 0.0065717218045302757 0.010919832850858973 0.00074979096643381293 0.014032617063047391 -0.0052659694732738252 -0.012974109924092809
leaf_weight=35.76218611933291 10.49416961707175 8.9908362776041013 49.063509097322822 13.062244972214101 17.904678117483854 5.1739045847207299 27.342370567843318
leaf_count=748 183 77 736 301 279 86 425
internal_value=0.000277225 -0.00570078 0.00298832 -0.00133165 0.00852962 0.00865638 -0.00883683
internal_weight=167.794 44.753 123.041 68.8035 28.3988 54.2374 40.4046
internal_count=2835 825 2010 1188 462 822 726
cat_boundaries=0 1
cat_threshold=67
is_linear=0
shrinkage=0.03


Tree=124
num_leaves=8
num_cat=0
split_feature=4 27 6 2 22 4 0
split_gain=5.22793 5.6808 5.67211 4.83817 4.63925 4.62085 3.74055
threshold=-0.090536385868056221 0.21170000000000003 0.060035806120608846 -3.9996213253608861 262.50000000000006 0.35013106303184444 0.0094889155959529421
decision_type=8 2 8 8 2 10 10
left_child=2 3 -1 -2 5 -3 -6
right_child=1 4 -4 -5 6 -7 -8
leaf_value=0.021262163438676193 -0.0019742864427873172 -0.010551273531701164 -0.0010226415528215799 0.02304535247607194 -0.007353554195413608 0.0075800684450399664 0.008164472760003141
leaf_weight=14.594735000282528 8.9276321940124017 65.854158202186227 15.372896749526261 7.1336955931037691 12.49381837621331 8.2862009555101377 35.484691359102726
leaf_count=317 199 1198 360 75 264 49 396
internal_value=0.00173363 -0.000828678 0.0116286 0.0124823 -0.00335445 -0.00780134 0.00338214
internal_weight=168.148 138.18 29.9676 16.0613 122.119 74.1404 47.9785
internal_count=2858 2181 677 274 1907 1247 660
is_linear=0
shrinkage=0.03


Tree=125
num_leaves=8
num_cat=0
split_feature=2 7 16 1 2 17 2
split_gain=7.48829 4.79844 3.4969 2.43686 4.10905 2.89862 2.65571
threshold=-0.27171493735885749 0.016188784901416637 -0.80546675794637357 0.27637719668734467 -2.5105494737608707 0.24258145553960583 -3.9996213253608861
decision_type=8 10 2 8 10 8 10
left_child=1 3 -2 6 5 -5 -1
right_child=2 -3 -4 4 -6 -7 -8
leaf_value=-0.011534936318440676 -0.0001316762470710978 0.012532005249885118 0.016876456835483333 0.013075558242476776 -0.013209116376033881 -0.0070818852390740284 0.0024548314791246958
leaf_weight=6.7524311114102593 12.711353436112402 11.184059755876659 29.611814741045237 6.0612596068531257 32.309410311281681 3.9447481539100409 62.899979867041111
leaf_count=154 168 189 219 162 647 69 1219
internal_value=0.002468 -0.00132587 0.0122613 -0.0035785 -0.00860937 0.00467996 0
internal_weight=165.475 123.152 42.3232 111.968 42.3154 10.006 69.6524
internal_count=2827 2440 387 2251 878 231 1373
is_linear=0
shrinkage=0.03


Tree=126
num_leaves=8
num_cat=0
split_feature=28 25 0 18 4 17 29
split_gain=3.35673 4.17502 3.40572 3.20826 2.7219 2.7267 3.5271
threshold=1.0000000180025095e-35 27.500000000000004 -0.22958589145399175 0.67751302844022954 0.14668392030419972 -0.27399100716954033 12.500000000000002
decision_type=2 2 10 10 10 8 2
left_child=1 4 -2 -3 5 -1 -7
right_child=2 3 -4 -5 -6 6 -8
leaf_value=0.0023092411127551508 -0.0062225659077090618 0.013319502841664409 0.0079759783474750729 -0.0033114410974239925 0.0015658798017398941 0.0021391440978256082 -0.017453519286687941
leaf_weight=7.732099985703826 11.677429363131521 13.186804834753277 64.431234572082758 13.505793251097201 18.53008958697319 6.9091279692947856 29.235361959785223
leaf_count=173 249 241 942 250 170 146 647
internal_value=0.000814773 -0.00292629 0.00523449 0.00564912 -0.00703233 -0.0106342 -0.0136596
internal_weight=165.208 89.0993 76.1087 26.6926 62.4067 43.8766 36.1445
internal_count=2818 1627 1191 491 1136 966 793
is_linear=0
shrinkage=0.03


Tree=127
num_leaves=8
num_cat=0
split_feature=5 6 21 5 3 32 6
split_gain=6.96167 3.71353 2.43229 3.56929 3.38933 3.33266 2.72164
threshold=-0.30991265230219295 0.041767449754145938 0.79895000000000016 0.1767271155417818 -0.027492178116122319 11.207375904300799 0.052487756333730519
decision_type=10 10 2 10 10 10 10
left_child=1 -1 3 5 -5 -2 -6
right_child=2 -3 -4 4 6 -7 -8
leaf_value=-0.0033053874981719684 -0.010314301347185426 0.015542575985233172 -0.011258795751974613 0.016536823871264025 -0.0075675930819552812 0.0024074812359807692 0.0056543303242947412
leaf_weight=8.2789609953761083 40.559062553569674 23.739346345886588 21.833377599716187 7.0224446523934594 16.759940778836608 23.255023531615734 24.263581410050392
leaf_count=137 865 426 389 94 165 468 263
internal_value=-0.000365621 0.0106077 -0.00355003 -0.00126921 0.00434428 -0.00571764 0
internal_weight=165.712 32.0183 133.693 111.86 48.046 63.8141 41.0235
internal_count=2807 563 2244 1855 522 1333 428
is_linear=0
shrinkage=0.03


Tree=128
num_leaves=8
num_cat=1
split_feature=22 2 30 6 1 7 23
split_gain=3.68877 2.68639 4.08618 3.82253 3.31864 2.97325 2.58606
threshold=96.500000000000014 -0.49462663450432337 0 0.056104277765816765 -0.28340039582469229 0.016188784901416637 1.0000000180025095e-35
decision_type=2 10 1 8 8 10 2
left_child=-1 2 3 4 -2 -4 -3
right_child=1 6 5 -5 -6 -7 -8
leaf_value=-0.0095133372253614762 0.021969044832919025 -0.0056919331815936166 -0.010012678476145388 -0.0034934588295183096 -0.00086342729086577488 0.0063663816299846234 0.0087286972398032923
leaf_weight=33.386377388611436 7.8635692745447159 7.1428676322102538 48.824892088770866 13.50564545765519 6.1881704442203063 5.2230095807462922 41.291678780689836
leaf_count=619 102 106 1144 202 95 102 447
internal_value=-0.0016819 0.000654892 -0.00249604 0.00507334 0.0145683 -0.00652048 0.00583082
internal_weight=163.426 130.04 81.6053 27.5574 14.0517 54.0479 48.4345
internal_count=2817 2198 1645 399 197 1246 553
cat_boundaries=0 1
cat_threshold=136
is_linear=0
shrinkage=0.03


Tree=129
num_leaves=8
num_cat=0
split_feature=2 32 23 6 32 16 4
split_gain=3.522 4.21026 4.00804 3.84146 3.61521 3.36567 2.73869
threshold=-0.43202764606913518 10.768579810257661 1.0000000180025095e-35 0.061083277684425945 10.938178970934912 -0.14217148324485399 1.0000000180025095e-35
decision_type=8 8 2 10 8 2 10
left_child=1 -1 -2 4 -4 -5 -6
right_child=2 -3 3 5 6 -7 -8
leaf_value=0.0014495118573591094 -0.0087307911534172614 -0.0098441501777212816 -0.0085408975180912734 0.021322650547612544 -0.0029074295024974594 0 0.015745396362327461
leaf_weight=62.140105972066522 7.7155589479953042 43.297529997304082 13.568924080580475 15.618894442915918 6.8833409845829001 7.9410781040787688 8.2122965604066831
leaf_count=1216 112 968 129 189 91 47 66
internal_value=-0.000112359 -0.00342313 0.00520799 0.00840256 0 0.0156293 0.00852961
internal_weight=165.378 105.438 59.9401 52.2245 28.6646 23.56 15.0956
internal_count=2818 2184 634 522 286 236 157
is_linear=0
shrinkage=0.03


Tree=130
num_leaves=8
num_cat=0
split_feature=18 5 1 6 27 6 6
split_gain=4.75294 6.66289 3.70605 2.87505 3.32505 4.07061 3.42778
threshold=0.54028163988853939 -0.12153552059407646 -6.9671685148573284 0.1063127971192401 0.21170000000000003 0.080031832214799745 0.085798286060302931
decision_type=8 10 8 8 2 10 10
left_child=1 -1 -2 4 -4 -6 -7
right_child=2 -3 3 -5 5 6 -8
leaf_value=-0.0094838630051753674 0.012711224056735386 0.017409274297299049 0.0094458017484088577 -0.013101395379592529 -0.0063872005190593207 0.01688664601648809 -0.0020415606896385641
leaf_weight=5.091330740600827 5.8536385577172041 19.976237399503589 13.37219153344631 15.790634840726851 84.123528108000755 6.7493406701833036 14.435870390385388
leaf_count=109 111 263 260 275 1446 104 271
internal_value=0.000167392 0.0105206 -0.00204864 -0.00347411 -0.00132831 -0.00339911 0.00645062
internal_weight=165.393 25.0676 140.325 134.472 118.681 105.309 21.1852
internal_count=2839 372 2467 2356 2081 1821 375
is_linear=0
shrinkage=0.03


Tree=131
num_leaves=8
num_cat=2
split_feature=30 2 24 32 5 7 29
split_gain=4.43907 6.39442 4.01782 2.93962 3.04266 2.85881 2.68512
threshold=0 -0.62195376488429077 1 10.707234077690996 -0.039952449170574215 0.016188784901416637 34.500000000000007
decision_type=1 10 1 8 10 10 2
left_child=2 5 6 4 -4 -2 -1
right_child=1 -3 3 -5 -6 -7 -8
leaf_value=0.01340311374146389 -0.016869884051691725 0.003863909638418326 0.013856851544426408 -0.0081468468017719311 -0.0024295380988974052 0.003800894403801981 0
leaf_weight=36.382107943296432 27.506785022094849 26.026107043027878 8.8657370824366826 24.13074360974133 18.871320813894272 2.8229852505028239 21.058618020266294
leaf_count=516 697 329 167 441 253 54 391
internal_value=0.000479512 -0.00533091 0.00388551 -0.00155915 0.00429305 -0.0141628 0.00921447
internal_weight=165.664 56.3559 109.309 51.8678 27.7371 30.3298 57.4407
internal_count=2848 1080 1768 861 420 751 907
cat_boundaries=0 1 2
cat_threshold=172 2
is_linear=0
shrinkage=0.03


Tree=132
num_leaves=8
num_cat=0
split_feature=16 2 32 32 25 18 32
split_gain=6.39107 3.02086 5.20107 2.82503 3.49543 2.82476 2.71371
threshold=-0.69890606823582213 -0.91403539186437344 10.001499986472195 11.743312752950009 29.500000000000004 0.74618034126529287 10.82656194483952
decision_type=2 10 10 10 2 10 8
left_child=1 -1 -3 4 5 -2 -7
right_child=3 2 -4 -5 -6 6 -8
leaf_value=-0.0095547492165053202 -0.0081454976764937428 0.01190486791455286 -0.006242018747069044 0.015147001363939381 0.01234275571780595 0.0099038337926664402 -0.0059105853338041071
leaf_weight=43.446739731356502 22.66543815843761 15.416248658671973 27.782259006053209 17.908794786781073 14.654783423990009 17.825666712597016 7.8305976670235387
leaf_count=1118 281 248 562 202 165 197 90
internal_value=0.000759616 -0.00460823 0.000789355 0.0065757 0.00249438 -0.001555 0.00437378
internal_weight=167.531 86.6452 43.1985 80.8853 62.9765 48.3217 25.6563
internal_count=2863 1928 810 935 733 568 287
is_linear=0
shrinkage=0.03


Tree=133
num_leaves=8
num_cat=0
split_feature=5 18 4 18 22 5 5
split_gain=3.49828 3.55068 3.38369 2.32774 2.30428 2.23029 5.95161
threshold=-0.30991265230219295 0.82170862199325023 0.30710162705722266 0.82170862199325023 281.50000000000006 1.0000000180025095e-35 -0.095582142205157233
decision_type=8 8 10 10 2 10 8
left_child=3 2 5 -1 -3 6 -2
right_child=1 4 -4 -5 -6 -7 -8
leaf_value=0 -0.0060376661314747232 -0.01123627230969554 0.014142900942807273 0.017754667830122927 0.00071803916547426966 -0.0040385823027644513 0.015146616466971753
leaf_weight=9.6145250517874974 16.178185941651464 33.551651345565915 8.9121081903576833 7.5652781184762707 17.470706855878234 53.998475769534707 15.90224304795265
leaf_count=201 403 587 49 139 264 842 335
internal_value=0.000130488 -0.00148518 0.00184345 0.0105671 -0.00734631 -0.000364882 0.00501637
internal_weight=163.193 146.013 94.991 17.1798 51.0224 86.0789 32.0804
internal_count=2820 2480 1629 340 851 1580 738
is_linear=0
shrinkage=0.03


Tree=134
num_leaves=8
num_cat=1
split_feature=30 2 27 2 22 6 27
split_gain=3.28671 7.27932 4.09825 5.34404 4.64279 2.76597 2.18622
threshold=0 -1.0636431477588428 0.32880000000000004 -4.3551199158998122 351.50000000000006 0.050283274886461761 0.42965000000000003
decision_type=1 10 2 8 2 8 2
left_child=1 -1 3 -2 6 -5 -4
right_child=2 -3 4 5 -6 -7 -8
leaf_value=-0.019183774099871029 -0.0048554307158089182 0.0027250320765222266 -0.010601460323111028 0.0014006776563785185 0.013535729110393871 0.024207587678700571 5.804944824083651e-05
leaf_weight=13.149422368034719 7.5727064143866301 31.451704539358616 14.215574633330105 9.3739824071526581 12.00152577832341 13.669931134209035 66.078011203557253
leaf_count=378 173 460 298 138 173 216 1026
internal_value=0.00130816 -0.00452418 0.00374573 0.0122564 0.000394016 0.018165 -0.00244885
internal_weight=167.513 44.6011 122.912 30.6166 92.2951 23.0439 80.2936
internal_count=2862 838 2024 527 1497 354 1324
cat_boundaries=0 1
cat_threshold=82
is_linear=0
shrinkage=0.03


Tree=135
num_leaves=8
num_cat=1
split_feature=27 2 30 3 18 22 3
split_gain=4.19714 4.12527 6.06861 4.9692 3.99566 3.83663 3.33791
threshold=0.71520000000000017 -0.79814559872029023 0 -0.53614634806867123 0.5167243675962141 62.500000000000007 -0.61674597773884343
decision_type=2 10 1 10 8 2 10
left_child=1 2 3 -1 -4 -3 -7
right_child=-2 5 4 -5 -6 6 -8
leaf_value=0.020264969192604922 -0.0082381440761791422 -0.0053152848854286002 0.0072463082209471182 0 -0.012585032399667477 -0.0028568405966619254 0.014501634146800621
leaf_weight=9.4656784143298847 24.72681544534862 8.4304229654371721 4.9282775726169339 27.409526040777564 35.731895510107279 7.678469404578208 46.278806099668145
leaf_count=130 420 109 105 423 979 96 545
internal_value=0.0014296 0.0035926 -0.000918673 0.00634359 -0.00752956 0.00887951 0.0117394
internal_weight=164.65 139.923 77.5354 36.8752 40.6602 62.3877 53.9573
internal_count=2807 2387 1637 553 1084 750 641
cat_boundaries=0 1
cat_threshold=168
is_linear=0
shrinkage=0.03


Tree=136
num_leaves=8
num_cat=1
split_feature=30 21 4 27 27 6 5
split_gain=4.38184 6.97582 4.04101 4.07544 3.75635 2.90747 2.88149
threshold=0 0.81550000000000011 0.022210314815689972 0.52355000000000007 0.71520000000000017 0.1063127971192401 -0.082272256666159976
decision_type=1 2 8 2 2 10 10
left_child=1 5 3 -2 -5 6 -1
right_child=2 -3 -4 4 -6 -7 -8
leaf_value=0.00018234721253391754 -0.0075044571407736193 -0.012244309769326703 -0.011341386061572185 0.019741497561921242 -0.0050180329572924532 -0.0057728251460279307 0.012229729653412411
leaf_weight=28.772167600691319 9.4539393056184071 12.554076047614215 39.880800740793347 7.582575395703314 3.2053048741072416 7.6064164228737345 55.585752699524164
leaf_count=544 286 242 598 156 72 141 798
internal_value=0 0.00348991 -0.00560173 0.00320137 0.0125823 0.00694496 0.00865483
internal_weight=164.641 104.518 60.1226 20.2418 10.7879 91.9643 84.3579
internal_count=2837 1725 1112 514 228 1483 1342
cat_boundaries=0 1
cat_threshold=141
is_linear=0
shrinkage=0.03


Tree=137
num_leaves=8
num_cat=0
split_feature=18 18 2 3 27 27 4
split_gain=4.33249 4.21837 2.68595 5.24653 3.5613 3.48276 3.05197
threshold=0.54028163988853939 0.49055074218778555 -1.0169667466394263 -0.39401227958194901 0.56475000000000009 0.39990000000000003 -0.050000244207981652
decision_type=8 10 8 10 2 2 8
left_child=1 -1 3 5 -4 -2 -6
right_child=2 -3 4 -5 6 -7 -8
leaf_value=-0.0012674206194485896 0.012856854369126954 0.019115067584702331 0.0090385282827302373 -0.011322173709782552 0.0073443617746288331 -0.0076261558471792511 -0.0063982223288297406
leaf_weight=12.100837128236892 11.965655263513328 13.404286138713358 32.844585778191686 38.032881485298276 12.510859355330465 4.4078789465129367 40.379108097404242
leaf_count=193 240 181 409 905 250 108 551
internal_value=0.00126591 0.0110033 -0.000903513 -0.00575456 0.00224329 0.00603405 -0.0023633
internal_weight=165.646 25.5051 140.141 54.4064 85.7346 16.3735 52.89
internal_count=2837 374 2463 1253 1210 348 801
is_linear=0
shrinkage=0.03


Tree=138
num_leaves=8
num_cat=1
split_feature=32 5 2 1 30 2 27
split_gain=4.09595 4.18752 3.64806 2.66919 4.2269 3.06071 2.8953
threshold=12.254596493540776 -0.30991265230219295 -0.24010858262232684 -1.0000000180025095e-35 0 -2.1823538595135736 0.56475000000000009
decision_type=8 8 8 8 1 8 2
left_child=1 -1 -2 4 5 -3 -7
right_child=2 3 -4 -5 -6 6 -8
leaf_value=0.0084613505618739929 0 -0.0057622509354768175 0.016950952430033001 -0.0094310963277893633 -0.0056816075732731668 0.020550206492113757 0
leaf_weight=16.327575379982591 23.275972848758101 3.4575585946440697 12.201894063502548 55.075120329856873 37.142405053600669 10.221826327964669 7.8105974141508332
leaf_count=323 442 75 104 931 657 184 107
internal_value=-0.000335694 -0.00292931 0.00761537 -0.00513684 -0.00022998 0.0071657 0.0139824
internal_weight=165.513 130.035 35.4779 113.708 58.6324 21.49 18.0324
internal_count=2823 2277 546 1954 1023 366 291
cat_boundaries=0 1
cat_threshold=12
is_linear=0
shrinkage=0.03


Tree=139
num_leaves=8
num_cat=1
split_feature=27 2 30 4 6 1 27
split_gain=4.52686 6.63142 4.55155 6.00631 5.30005 4.5887 3.99154
threshold=0.71520000000000017 -0.39926954780594753 0 -0.27983439623801259 0.070842741664735018 0.22248920455378104 0.57160000000000022
decision_type=2 8 1 8 8 8 2
left_child=1 2 4 -4 5 6 -1
right_child=-2 -3 3 -5 -6 -7 -8
leaf_value=0.01963807948174176 -0.010528385392823143 0.011964578754341209 0.012325837212908567 -0.012171135439149019 -0.0069784701927234297 -0.0024676290774550908 -0.0040543692095319469
leaf_weight=22.68063668906689 24.151664795354009 34.616040416061878 3.5552388820797205 45.28292197920382 19.322597002610564 14.823467655107377 3.8330121617764226
leaf_count=369 414 229 87 1008 404 277 70
internal_value=-0.000239208 0.00184954 -0.00181741 -0.00734738 0.00333771 0.00949009 0.0156325
internal_weight=168.266 144.114 109.498 48.8382 60.6597 41.3371 26.5136
internal_count=2858 2444 2215 1095 1120 716 439
cat_boundaries=0 1
cat_threshold=140
is_linear=0
shrinkage=0.03


Tree=140
num_leaves=8
num_cat=0
split_feature=7 4 6 16 6 18 32
split_gain=2.45015 2.76573 3.62646 3.21311 3.11955 3.02733 3.89822
threshold=-1.0000000180025095e-35 -0.090536385868056221 0.060035806120608846 0.23923288548501684 0.046650734569235998 0.84760704246024177 10.1906799100543
decision_type=8 8 10 2 10 8 10
left_child=-1 2 4 5 -2 6 -3
right_child=1 3 -4 -5 -6 -7 -8
leaf_value=-0.0078199304222753251 0.0015755985162130637 0.010274174706627009 0 0.011519774197182519 0.028152464884032793 -0.006929396178991745 -0.0023004475307021243
leaf_weight=9.5478566940873844 8.9208257440477627 28.796521162614226 13.583466900512574 16.239977391436696 5.4796207044273606 35.25953720882535 47.029850676655769
leaf_count=253 182 434 318 119 109 603 836
internal_value=0.00282281 0.00391996 0.0113726 0.00159568 0.0188007 -0.000405605 0.00282084
internal_weight=164.858 155.31 27.9839 127.326 14.4004 111.086 75.8264
internal_count=2854 2601 609 1992 291 1873 1270
is_linear=0
shrinkage=0.03


Tree=141
num_leaves=8
num_cat=0
split_feature=4 22 0 5 18 29 1
split_gain=3.14546 5.70242 5.4112 4.08231 3.21035 2.37809 2.07233
threshold=0.30710162705722266 268.50000000000006 -0.070814431954184007 -0.49138392644306683 0.54028163988853939 22.500000000000004 -6.9671685148573284
decision_type=10 2 10 8 8 2 8
left_child=1 3 5 -1 -5 -3 -6
right_child=-2 2 -4 4 6 -7 -8
leaf_value=0.011614677536563799 0.012102814694607337 -0.011980697523939727 0.013089057908959085 0.0045530039455162962 0.0046373997933283635 0.0043903667719393082 -0.0097438255121817755
leaf_weight=5.7002757582813501 17.05771853774786 8.6164363063871878 38.541160501539707 14.697883345186709 3.9869797080755234 7.6742400377988806 69.583126198500395
leaf_count=110 106 200 547 254 76 177 1409
internal_value=0.00223912 0.000452926 0.00762224 -0.00385316 -0.00589006 -0.00474506 -0.0084022
internal_weight=165.858 148.8 54.8318 93.9683 88.268 16.2907 73.5701
internal_count=2879 2773 924 1849 1739 377 1485
is_linear=0
shrinkage=0.03


Tree=142
num_leaves=8
num_cat=0
split_feature=21 21 1 21 27 27 3
split_gain=4.0845 5.66651 3.61204 2.67404 2.65567 3.47203 3.42676
threshold=0.85325000000000017 0.76805000000000012 0.85913981076322277 0.69040000000000012 0.54225000000000012 0.36680000000000007 -0.47053662675759106
decision_type=2 2 8 2 2 2 10
left_child=1 3 -3 4 5 6 -1
right_child=-2 2 -4 -5 -6 -7 -8
leaf_value=0.015589022165440791 -0.012009761427384125 0.0169666496391997 -0.0036689697144175327 -0.0050496518055970418 0.010712328180192982 -0.0087839270229353693 -0.0012106720004193305
leaf_weight=8.7415700778365117 9.6717965640127641 25.866365674883127 5.2448370512574938 48.72349433414638 21.152982037514448 19.185736326500773 24.585362965241075
leaf_count=154 207 412 93 817 285 372 479
internal_value=0.00162041 0.00312447 0.0130654 0 0.00342902 -0.000285279 0.00499758
internal_weight=163.172 153.5 31.1112 122.389 73.6657 52.5127 33.3269
internal_count=2819 2612 505 2107 1290 1005 633
is_linear=0
shrinkage=0.03


Tree=143
num_leaves=8
num_cat=0
split_feature=27 6 21 6 21 18 25
split_gain=4.69038 3.0717 2.82055 2.86519 4.37276 2.61292 2.50374
threshold=0.21170000000000003 0.070842741664735018 0.80720000000000014 0.046650734569235998 0.76805000000000012 0.61878023694802053 16.500000000000004
decision_type=2 10 2 10 2 8 2
left_child=1 -1 3 5 -5 -2 -4
right_child=2 -3 6 4 -6 -7 -8
leaf_value=0.018467318319866911 0.0050421929307096968 -0.0022873291912472232 -0.014877011969279328 0.0010137737943000159 0.017235216361183359 -0.0087930954408031638 0.001025613160461579
leaf_weight=13.990638596937062 10.87865276634693 5.1437627039849749 11.913805970922114 75.440726067870855 11.854566643014548 27.824583427980542 11.479683825746177
leaf_count=214 170 128 235 1280 186 444 210
internal_value=0.00182258 0.0133058 -0.00015446 0.0016565 0.00463599 -0.00438555 -0.00832272
internal_weight=168.526 19.1344 149.392 125.999 87.2953 38.7032 23.3935
internal_count=2867 342 2525 2080 1466 614 445
is_linear=0
shrinkage=0.03


Tree=144
num_leaves=8
num_cat=1
split_feature=7 5 16 29 29 18 30
split_gain=3.07462 3.14299 3.31588 3.58516 3.48523 2.78479 2.50679
threshold=-1.0000000180025095e-35 -0.30991265230219295 -0.34498647890689066 14.500000000000002 25.500000000000004 0.72739556280701378 0
decision_type=8 8 2 2 2 10 1
left_child=-1 5 6 -4 -5 -2 -3
right_child=1 2 3 4 -6 -7 -8
leaf_value=-0.0095696941613062411 -0.00059587719618941083 0.0027139263664165084 0.018200415128511754 -0.0062999292174148128 0.0086317636758929152 0.01992386985029625 -0.0057252858612424507
leaf_weight=9.6113976500928384 6.2471712715923777 47.331265930086381 10.833190824836491 18.634879130870104 21.282154276967049 9.687412101775406 44.541680812835686
leaf_count=266 121 806 95 168 198 164 1048
internal_value=0.00231222 0.00354759 0.00163963 0.00728049 0.00146 0.0137421 -0.00165976
internal_weight=168.169 158.558 142.623 50.7502 39.917 15.9346 91.8729
internal_count=2866 2600 2315 461 366 285 1854
cat_boundaries=0 1
cat_threshold=169
is_linear=0
shrinkage=0.03


Tree=145
num_leaves=8
num_cat=1
split_feature=27 30 3 7 7 27 18
split_gain=4.0104 4.47213 3.86516 4.69205 3.83071 3.60471 3.23771
threshold=0.21170000000000003 0 0.04428919833163715 0.16896802668429706 0.166547824097529 0.14570000000000002 0.54812111821023779
decision_type=2 1 10 8 10 2 10
left_child=5 2 3 -2 -3 -1 -4
right_child=1 4 6 -5 -6 -7 -8
leaf_value=-0.0024059039345935406 -0.0072961483384546885 -0.0087388240568007577 0.0085003213177580646 0.014422202490665259 0.0089562728481885259 0.018214121084540905 -0.0081899656059798744
leaf_weight=8.1830970197916049 5.3504664897918701 75.132997576147318 7.2934221792966154 29.277198707684875 5.3004335053265086 10.764448307454584 24.42226486094296
leaf_count=148 140 1310 87 565 53 194 345
internal_value=0 -0.00185873 0.00343446 0.00997503 -0.0060179 0.0106816 -0.00303503
internal_weight=165.724 146.777 66.3434 34.6277 80.4334 18.9475 31.7157
internal_count=2842 2500 1137 705 1363 342 432
cat_boundaries=0 1
cat_threshold=28
is_linear=0
shrinkage=0.03


Tree=146
num_leaves=8
num_cat=0
split_feature=7 2 21 21 21 6 2
split_gain=2.88124 2.53725 4.46975 2.52416 4.17116 3.39679 3.39374
threshold=0.027497093839756299 -3.9996213253608861 0.64095000000000013 0.76805000000000012 0.84100000000000008 0.051485790889295745 -0.12139816440845426
decision_type=8 8 2 2 2 10 10
left_child=-1 -2 -3 6 5 -5 -4
right_child=1 2 3 4 -6 -7 -8
leaf_value=-0.010670768782056689 -0.0084636485185436375 0.010544230819957949 -0.0064159754519889593 -0.001494475368675689 -0.007340538664268717 0.017860433208260338 0.0086667222535179202
leaf_weight=10.538425942882894 11.019526179879902 40.98058257624507 60.242136392742395 8.9444589316844993 8.4037668723613006 14.467727489769457 8.673679191619156
leaf_count=288 254 646 1078 142 140 217 62
internal_value=0.00043722 0.00178995 0.00309712 -0.000347515 0.00566476 0.0114911 -0.00361868
internal_weight=163.27 152.732 141.712 100.732 31.816 23.4122 68.9158
internal_count=2827 2539 2285 1639 499 359 1140
is_linear=0
shrinkage=0.03


Tree=147
num_leaves=8
num_cat=0
split_feature=22 5 18 4 2 18 25
split_gain=3.94306 3.74683 3.40253 2.99937 2.81663 1.99964 2.35531
threshold=351.50000000000006 -0.49138392644306683 1.0001968149902172 0.18572957414461641 -0.70889973032277687 0.66117991422071187 11.500000000000002
decision_type=2 10 8 10 10 8 2
left_child=1 2 -1 -3 -2 -5 -7
right_child=4 3 -4 5 -6 6 -8
leaf_value=0.014856466873047603 -0.0009489040844629324 -0.0072974630782904493 -0.0042481353430170697 0.0093954783339928807 0.016686260188321787 -0.011443866412521257 0.0033363278624007281
leaf_weight=12.029402427375318 10.232964452356102 85.741800482384861 7.9698290675878516 12.503725674003361 11.036924734711645 7.5959823876619366 16.872489538043737
leaf_count=198 212 1865 133 79 119 71 139
internal_value=-0.000243353 -0.00227058 0.00766893 -0.00437543 0.00974905 0.00216015 -0.00247919
internal_weight=163.983 142.713 19.9992 122.714 21.2699 36.9722 24.4685
internal_count=2816 2485 331 2154 331 289 210
is_linear=0
shrinkage=0.03


Tree=148
num_leaves=8
num_cat=0
split_feature=21 21 22 7 21 32 3
split_gain=3.33429 2.47456 2.98615 3.64369 2.51379 3.10285 2.49396
threshold=0.85325000000000017 0.76805000000000012 72.500000000000014 0.15895748347976443 0.64095000000000013 10.768579810257661 0.0860600061250619
decision_type=2 2 2 8 2 10 8
left_child=1 4 -3 -4 5 -1 -6
right_child=-2 2 3 -5 6 -7 -8
leaf_value=0.010264499935297197 -0.010763648169373641 -0.0020738555462533367 -0.0019486237609074423 0.020271077252764745 0.0025923580054058744 -0.0034939548423296145 -0.007230487091392724
leaf_weight=32.137515854090452 9.9385959450155479 9.8233561534434575 5.9443335514515638 14.631766108796002 35.962560143321753 16.21199338324368 40.289942182600498
leaf_count=520 215 159 135 210 747 305 546
internal_value=0.00143838 0.00280266 0.00949584 0.0145785 0.000582214 0.0055439 -0.00261349
internal_weight=164.94 155.001 30.3995 20.5761 124.602 48.3495 76.2525
internal_count=2837 2622 504 345 2118 825 1293
is_linear=0
shrinkage=0.03


Tree=149
num_leaves=8
num_cat=0
split_feature=0 22 28 1 29 3 3
split_gain=4.72163 3.70963 4.35929 3.6936 3.72783 3.47046 2.94336
threshold=-0.070814431954184007 262.50000000000006 -1.0000000180025095e-35 -1.1100673658308329 46.000000000000007 1.0000000180025095e-35 0.33433443384468842
decision_type=10 2 2 10 2 10 10
left_child=5 2 -2 -4 6 -1 -5
right_child=1 -3 3 4 -6 -7 -8
leaf_value=-0.010173201905493008 -0.0090690087240384437 0.010082850645881183 -0.0063671197310322851 0.017235076482479524 -0.0064314968471474287 0.0061875818473168184 -0.0006080770908857263
leaf_weight=36.061972347088158 23.548025034368038 48.907853776589036 11.819877311587332 23.327148607000712 5.0956953689455977 8.6152142435312253 8.4666261244565231
leaf_count=858 406 625 203 358 78 233 91
internal_value=0.00124672 0.00435238 0 0.00484034 0.00926025 -0.00627299 0.0129395
internal_weight=165.842 121.165 72.2574 48.7093 36.8895 44.6772 31.7938
internal_count=2852 1761 1136 730 527 1091 449
is_linear=0
shrinkage=0.03


Tree=150
num_leaves=8
num_cat=0
split_feature=0 27 4 2 25 25 2
split_gain=3.87933 3.73084 4.38899 3.69816 3.51593 3.13974 2.38302
threshold=-0.070814431954184007 0.28475 -0.050000244207981652 -3.9996213253608861 23.500000000000004 12.500000000000002 -0.12139816440845426
decision_type=10 2 8 8 2 2 10
left_child=4 3 5 -2 -1 -3 -4
right_child=1 2 6 -5 -6 -7 -8
leaf_value=-0.012111991081578082 -0.0024610389760891765 0.022144838409383787 -0.0050751078898955086 0.018557764900210015 0.0029925140241347601 -0.00040406285672947004 0.0051517559506868774
leaf_weight=28.27679312042892 7.1110219638794661 4.6127358973026258 69.891037404537201 14.399619817733766 16.056475936435163 7.2113178893923759 19.384972084313631
leaf_count=678 150 85 1025 204 403 148 149
internal_value=8.59656e-05 0.00292804 3.60765e-05 0.0123175 -0.00673367 0.0130226 -0.00245924
internal_weight=166.944 122.611 101.1 21.5106 44.3333 11.8241 89.276
internal_count=2842 1761 1407 354 1081 233 1174
is_linear=0
shrinkage=0.03


Tree=151
num_leaves=8
num_cat=1
split_feature=21 30 4 4 3 32 21
split_gain=2.52082 3.50595 2.4692 2.87307 2.36428 2.82139 1.95371
threshold=0.79895000000000016 0 0.27590573644831889 -0.34545437731407996 0.15961638205981565 10.938178970934912 0.57740000000000014
decision_type=2 1 10 8 10 10 2
left_child=1 4 3 -3 6 -6 -1
right_child=-2 2 -4 -5 5 -7 -8
leaf_value=-0.0014346520250667551 -0.0091638516407327036 0.0086304127820614161 0.0059744205647609483 -0.0074980518196871154 -0.0088290051635907911 0.0084863849808852372 0.013207482177661323
leaf_weight=6.5413097459822884 24.381599565967917 3.7594274301081896 11.827412249520419 72.51799922529608 12.016466101631524 6.4100154079496852 26.985463431105018
leaf_count=129 470 72 84 1335 136 68 515
internal_value=-0.00161651 2.01914e-05 -0.00333427 -0.00578138 0.00531457 -0.00149231 0.0102635
internal_weight=164.44 140.058 88.1048 76.2774 51.9533 18.4265 33.5268
internal_count=2809 2339 1491 1407 848 204 644
cat_boundaries=0 1
cat_threshold=12
is_linear=0
shrinkage=0.03


Tree=152
num_leaves=8
num_cat=0
split_feature=22 4 0 0 0 17 29
split_gain=3.80162 6.39388 3.22682 3.02978 2.85867 2.45792 2.43501
threshold=268.50000000000006 0.30710162705722266 0.0094889155959529421 -0.070814431954184007 -0.10683492232872115 -0.33603063937664951 14.500000000000002
decision_type=2 10 8 10 10 10 2
left_child=1 2 4 -2 5 -1 -4
right_child=3 -3 6 -5 -6 -7 -8
leaf_value=0.0041409948349247754 -0.0034462048856734582 0.01242163075657602 0 0.0095591935608383728 0.0082121880161977572 -0.011172936257240137 -0.01396954810933749
leaf_weight=8.5939792059361917 16.14919932000339 12.174155466258524 12.986139781773089 45.693402521312237 15.787209684029223 15.20396372117102 36.693796966224909
leaf_count=195 364 73 200 581 379 409 620
internal_value=0.000418639 -0.00300018 -0.00610633 0.00594254 0.00010096 -0.00552051 -0.0106404
internal_weight=163.282 101.439 89.2651 61.8426 39.5852 23.7979 49.6799
internal_count=2821 1876 1803 945 983 604 820
is_linear=0
shrinkage=0.03


Tree=153
num_leaves=8
num_cat=0
split_feature=2 27 2 27 4 25 2
split_gain=2.93892 6.62999 3.9654 3.9687 3.73143 4.12448 4.00431
threshold=-3.9996213253608861 0.21170000000000003 -1.0636431477588428 0.71520000000000017 0.13625789180823913 12.500000000000002 -0.39926954780594753
decision_type=8 2 10 2 8 2 10
left_child=-1 -2 -3 4 -4 -6 -7
right_child=1 2 3 -5 5 6 -8
leaf_value=-0.010122849195737344 0.020202001797356848 -0.0067828426883255084 0.013347860229391592 -0.0057800863248604921 -0.0096527437131492047 -0.0029017612116306723 0.014636079772352302
leaf_weight=11.289502659812568 8.5702337175607664 42.814085545018315 31.76255272701383 23.961082346737385 14.540843263268469 16.864517616108056 15.415382947772743
leaf_count=283 83 1012 620 411 149 203 82
internal_value=0.000859078 0.00221747 6.07777e-05 0.00333789 0.0065685 0.000419139 0.00634457
internal_weight=165.218 153.929 145.358 102.544 78.5833 46.8207 32.2799
internal_count=2843 2560 2477 1465 1054 434 285
is_linear=0
shrinkage=0.03


Tree=154
num_leaves=8
num_cat=1
split_feature=1 5 30 1 6 28 2
split_gain=2.86027 4.29944 2.50267 4.8484 2.69396 2.22427 2.04327
threshold=-1.9786373756666737 0.3604443141148192 0 0.049970971763623979 0.039591175891329711 1.0000000180025095e-35 -1.0636431477588428
decision_type=10 8 1 8 10 2 10
left_child=1 -1 3 4 -2 -5 -4
right_child=2 -3 6 5 -6 -7 -8
leaf_value=-0.012550353238829455 -0.0011999933376120367 0.0075002210112830548 -0.0076348442319497944 0.0046624356753815705 0.018452364811997579 -0.00786908022938013 0.0015704660467167127
leaf_weight=24.959348846226931 5.1331481896340874 6.4644921105355051 27.033966273069382 19.862707436084747 19.853162178769708 15.046840187162159 46.803706388920546
leaf_count=528 70 79 627 351 295 234 663
internal_value=-0.000143387 -0.00736013 0.00176625 0.00554263 0.0146484 -0.000849446 -0.00181202
internal_weight=165.157 31.4238 133.734 59.8959 24.9863 34.9095 73.8377
internal_count=2847 607 2240 950 365 585 1290
cat_boundaries=0 1
cat_threshold=44
is_linear=0
shrinkage=0.03


Tree=155
num_leaves=8
num_cat=0
split_feature=6 29 6 29 1 1 22
split_gain=2.82377 3.90206 2.7254 3.81723 3.90051 3.6235 3.60236
threshold=0.094141660414923473 17.500000000000004 0.046650734569235998 11.500000000000002 -1.219129986944413 0.85913981076322277 143.50000000000003
decision_type=8 2 10 2 10 10 2
left_child=2 -2 6 -4 -5 -6 -1
right_child=1 -3 3 4 5 -7 -8
leaf_value=-0.010477701183340266 0.0066076400949544719 -0.011348752941983471 -0.005454583693359538 -0.0012431126031781533 0.016651192833270101 -0.00056000099539124041 0.0041846852217871057
leaf_weight=15.658990098163484 9.973697332665326 20.296571230515838 11.355389222502707 18.255539584904909 44.348973730579019 11.205511303618549 32.755194263532758
leaf_count=309 157 368 208 344 729 216 521
internal_value=0.00231593 -0.00489589 0.00424044 0.0072742 0.00975772 0.0133101 -0.00110512
internal_weight=163.85 30.2703 133.58 85.1654 73.81 55.5545 48.4142
internal_count=2852 525 2327 1497 1289 945 830
is_linear=0
shrinkage=0.03


Tree=156
num_leaves=8
num_cat=0
split_feature=22 32 18 25 18 18 25
split_gain=2.28141 2.94248 3.60121 2.99024 5.73274 3.25844 2.9844
threshold=62.500000000000007 8.9747889095080371 0.97300613918831591 18.500000000000004 0.72739556280701378 0.78671937630448296 30.500000000000004
decision_type=2 10 8 2 10 10 2
left_child=-1 2 -2 4 -3 -6 -5
right_child=1 3 -4 6 5 -7 -8
leaf_value=-0.0081366569373497837 0.01606515493847633 -0.0049634609177333306 -0.0020552960631311334 -0.011097736091782532 0.023087957028433324 0.002696764768432329 0.0013309071473340804
leaf_weight=20.369909575209022 14.726977371610703 30.51768187712878 12.34178903698921 30.190380346961319 6.3650681450963047 23.054677940905094 25.624625576660037
leaf_count=391 215 534 191 560 105 385 441
internal_value=-0.000276775 0.00111692 0.00879141 -0.00100886 0.00330048 0.0115021 -0.00570517
internal_weight=163.191 142.821 27.0688 115.752 59.9374 29.4197 55.815
internal_count=2822 2431 406 2025 1024 490 1001
is_linear=0
shrinkage=0.03


Tree=157
num_leaves=8
num_cat=0
split_feature=6 25 17 7 27 17 22
split_gain=2.20329 2.46271 3.20149 3.07373 3.24538 2.8631 3.61718
threshold=0.085798286060302931 29.500000000000004 0.31857034228637143 0.037181881997489757 0.54225000000000012 -0.41774042988745524 262.50000000000006
decision_type=8 2 8 10 2 8 2
left_child=1 3 -3 5 -5 -1 -7
right_child=-2 2 -4 4 -6 6 -8
leaf_value=0.0091093784476380946 -0.006622889282118097 0.010818808345677482 -0.0077819941688486985 0.018471475015420923 -0.0037137776689128875 -0.010085196628583872 0.0020729375499237241
leaf_weight=5.9225121960043907 36.162978189066052 29.232805449515581 3.5517788343131533 5.1398336421698314 5.1810358613729477 48.336321553215384 29.458110081031919
leaf_count=137 664 498 34 64 70 902 459
internal_value=-0.000786595 0.00106058 0.00730469 -0.00137134 0.00975722 -0.00363825 -0.00554249
internal_weight=162.985 126.822 32.7846 94.0378 10.3209 83.7169 77.7944
internal_count=2828 2164 532 1632 134 1498 1361
is_linear=0
shrinkage=0.03


Tree=158
num_leaves=8
num_cat=0
split_feature=27 2 2 4 2 27 32
split_gain=2.73653 5.5215 4.67209 3.50361 3.22248 5.2436 3.18244
threshold=0.21170000000000003 -1.6153538790784483 -4.3551199158998122 -0.098964515315366861 -0.24010858262232684 0.36325000000000007 10.58062780268255
decision_type=2 10 8 8 10 2 8
left_child=2 -2 -1 -3 5 -5 -6
right_child=1 3 -4 4 6 -7 -8
leaf_value=-0.00359438908443333 -0.011201591268942199 0.01282450833106316 0.019336493555242387 0.013827845594268941 -0.0028027744240105481 -0.0066307301350600869 0.012661592169830751
leaf_weight=8.9603453855961543 25.117041817866266 16.162390762940049 10.01935486495495 5.3650948945432893 14.136706877499817 63.379109318368137 20.792808815836906
leaf_count=229 596 353 112 64 120 1157 193
internal_value=0.00131103 -0.000209602 0.010099 0.00253375 0 -0.00356359 0.00669746
internal_weight=163.933 144.953 18.9797 119.836 103.674 68.7442 34.9295
internal_count=2824 2483 341 1887 1534 1221 313
is_linear=0
shrinkage=0.03


Tree=159
num_leaves=8
num_cat=1
split_feature=7 2 31 1 1 25 1
split_gain=2.68502 3.21748 3.60525 4.89456 3.34184 3.12208 2.53569
threshold=-1.0000000180025095e-35 -4.3551199158998122 0 -6.9671685148573284 -3.8184625296717147 36.500000000000007 0.90894899748892743
decision_type=8 8 1 8 10 2 10
left_child=-1 -2 4 -4 -3 -5 -6
right_child=1 2 3 5 6 -7 -8
leaf_value=-0.0097706328576767608 -0.009797831068717143 -0.0058535704903381466 0.015846942800360812 -0.0066620859483228238 0.012530970231147477 0.0094285056463767718 -0.0019234283647127791
leaf_weight=8.4632649142295104 8.3368897102773172 6.4533090330660334 4.7306002546101809 58.855706077069044 63.493873450905085 5.0301123019307843 8.5550127914175373
leaf_count=252 208 116 74 1042 933 73 144
internal_value=0.00170264 0.00286667 0.00414933 -0.00104833 0.00776606 -0.00427823 0.0106066
internal_weight=163.919 155.456 147.119 68.6164 78.5022 63.8858 72.0489
internal_count=2842 2590 2382 1189 1193 1115 1077
cat_boundaries=0 1
cat_threshold=12
is_linear=0
shrinkage=0.03


Tree=160
num_leaves=8
num_cat=0
split_feature=5 5 18 5 5 18 29
split_gain=2.66132 3.37495 3.01642 2.97855 4.06258 2.74157 3.15135
threshold=-1.0000000180025095e-35 0.14791991857320722 0.84760704246024177 -0.12153552059407646 -0.30991265230219295 0.76890070499509255 10.500000000000002
decision_type=8 8 8 10 10 8 2
left_child=3 -2 -3 4 -1 6 -5
right_child=1 2 -4 5 -6 -7 -8
leaf_value=0.0074644709764210664 -0.0097272370761759437 0.0055972419456974355 -0.0053556225072259435 -0.0026300667941352752 -0.0093780187964794329 -0.0016611774430212228 0.02110475756066825
leaf_weight=18.252419125288725 32.165038575418293 44.413944341242313 31.31397214718163 3.1225652396678987 17.098375163972378 6.7612561378628007 13.171973520889876
leaf_count=348 631 491 445 65 448 145 280
internal_value=4.42044e-06 -0.00265652 0.000810037 0.00487365 -0.000563141 0.0116904 0.0165706
internal_weight=166.3 107.893 75.7279 58.4066 35.3508 23.0558 16.2945
internal_count=2853 1567 936 1286 796 490 345
is_linear=0
shrinkage=0.03


Tree=161
num_leaves=8
num_cat=0
split_feature=3 18 28 2 3 7 32
split_gain=2.39611 3.4604 3.56155 2.95496 3.86185 2.68539 3.06307
threshold=0.58983932791917493 0.52949662424845734 -1.0000000180025095e-35 -0.95840954017402014 -0.39401227958194901 0.32022215516420349 10.001499986472195
decision_type=8 8 2 10 10 8 10
left_child=1 2 -1 4 -3 -5 -7
right_child=-2 3 -4 5 -6 6 -8
leaf_value=-0.0042641131045459057 0.0082109846122771814 0.0057256063836906273 0.015159904627035023 -0.0088623244198930504 -0.011646638428331418 0.011796672931881939 -0.00093080501362541757
leaf_weight=7.4714343138039139 29.607281800359488 8.6395626943558437 14.75776316039264 9.7911955304443818 38.247940553352237 19.817069230601192 36.317913375794888
leaf_count=122 406 202 196 196 916 243 533
internal_value=0.00149835 -0.000245393 0.00873439 -0.00260016 -0.00780435 0.00134223 0.00423946
internal_weight=164.65 135.043 22.2292 112.814 46.8875 65.9262 56.135
internal_count=2814 2408 318 2090 1118 972 776
is_linear=0
shrinkage=0.03


Tree=162
num_leaves=8
num_cat=0
split_feature=18 18 32 29 5 18 32
split_gain=4.41587 4.10039 2.28368 2.91397 1.43169 2.09683 2.26948
threshold=0.54028163988853939 0.49055074218778555 13.091365300095182 8.5000000000000018 -0.49138392644306683 1.3888516590367039 9.5474005577648828
decision_type=8 10 8 2 10 10 10
left_child=1 -1 4 -4 -2 -6 -7
right_child=2 -3 3 -5 5 6 -8
leaf_value=-0.0028678190083732931 0.0033971637976274735 0.016685744140060334 0.014381524360589787 -0.0033813979725738135 -0.0068722977905003434 -0.0062172999024480953 0.011813771999170355
leaf_weight=11.298592967912557 11.141220372170208 14.864751018583773 7.098122293129566 11.149036729708312 100.44409267231822 3.4873279277235252 6.0228584706783295
leaf_count=191 201 191 119 168 1801 67 99
internal_value=-0.000532763 0.00910832 -0.00284105 0.00523422 -0.00442302 -0.00551924 0.00452552
internal_weight=165.506 26.1633 139.343 18.2472 121.095 109.954 9.51019
internal_count=2837 382 2455 287 2168 1967 166
is_linear=0
shrinkage=0.03


Tree=163
num_leaves=8
num_cat=0
split_feature=18 18 32 26 32 20 3
split_gain=2.91827 4.49503 3.35185 3.37932 2.68016 2.51994 2.41559
threshold=0.54028163988853939 0.49055074218778555 10.001499986472195 1.5000000000000002 11.207375904300799 6.5000000000000009 0.20085735304052157
decision_type=8 10 10 2 10 2 8
left_child=1 -1 3 6 5 -4 -2
right_child=2 -3 4 -5 -6 -7 -8
leaf_value=-0.0034453118657437917 0.0043823966077722425 0.01722924836140749 0.0035031457417424375 0.0086335937122587868 0.0012111589627656692 -0.012237362504915292 -0.010788132332147756
leaf_weight=10.708635549992325 9.8999364506453258 14.575117457658051 6.1466619912534943 42.361621392890811 32.538771267980337 33.954156510531902 12.066406309604647
leaf_count=182 195 192 128 687 615 650 150
internal_value=0.00130108 0.00929869 -0.000503452 0.00410308 -0.00477125 -0.00933145 -0.00410575
internal_weight=162.251 25.2838 136.968 64.328 72.6396 40.1008 21.9663
internal_count=2799 374 2425 1032 1393 778 345
is_linear=0
shrinkage=0.03


Tree=164
num_leaves=8
num_cat=1
split_feature=31 1 2 6 27 7 29
split_gain=3.45588 5.12133 3.8673 2.86681 3.02759 4.23751 3.11499
threshold=0 -6.9671685148573284 -0.12139816440845426 0.021104453873313781 0.68525000000000003 0.016188784901416637 44.500000000000007
decision_type=1 8 10 10 2 8 2
left_child=3 -2 -3 -1 5 -5 -7
right_child=1 2 -4 4 -6 6 -8
leaf_value=-0.007104421419440214 0.014057920585457004 -0.0092707605079581316 0.006212485153492037 -0.0087319205810356924 -0.0034423421686548745 0.013933075073184888 -0.0023139546114337192
leaf_weight=7.106933405622839 5.1769861616194248 57.762609877623618 11.355846440419553 3.7488998798653483 13.851726626977323 58.13239836320281 8.385587375611065
leaf_count=85 81 1170 108 112 204 913 158
internal_value=0.0014361 -0.00297068 -0.00615185 0.00492902 0.00717228 0.00959437 0.0116551
internal_weight=165.521 74.2954 69.1185 91.2255 84.1186 70.2669 66.518
internal_count=2831 1359 1278 1472 1387 1183 1071
cat_boundaries=0 1
cat_threshold=12
is_linear=0
shrinkage=0.03


Tree=165
num_leaves=8
num_cat=0
split_feature=6 29 1 27 1 27 21
split_gain=4.56248 4.5905 3.31589 3.77765 4.40705 3.64005 3.56054
threshold=0.096694690662783869 18.500000000000004 -1.7940925238607317 0.48235 0.90894899748892743 0.70085000000000008 0.47645000000000004
decision_type=8 2 10 2 10 2 2
left_child=2 -2 5 4 6 -1 -4
right_child=1 -3 3 -5 -6 -7 -8
leaf_value=-0.0089379786999816274 0.004107699930651615 -0.016555699263013333 -0.0039181324250309613 0.00089094406799156557 -0.0056088289822596449 0.0092290765660707156 0.017708180917653707
leaf_weight=24.923884990625087 10.906453856267037 14.344840669073163 3.7747214771807185 63.60165024921298 5.7158754728734484 6.1874319557100526 38.60018649790436
leaf_count=482 169 291 89 926 143 97 671
internal_value=0.00167745 -0.0083387 0.00389643 0.00627385 0.0119831 -0.00379266 0.0151677
internal_weight=168.055 25.2513 142.804 111.692 48.0908 31.1113 42.3749
internal_count=2868 460 2408 1829 903 579 760
is_linear=0
shrinkage=0.03


Tree=166
num_leaves=8
num_cat=0
split_feature=32 4 4 6 6 22 6
split_gain=1.98211 4.25347 3.80874 2.40578 3.31111 3.47947 2.92009
threshold=11.207375904300799 -0.12263693616826953 -0.098964515315366861 0.10278082437300369 0.062091782180464884 257.50000000000006 0.050283274886461761
decision_type=10 8 10 8 10 2 10
left_child=1 -1 -2 4 6 -6 -3
right_child=2 3 -4 -5 5 -7 -8
leaf_value=0.0085611035660639514 -0.0062898838996152083 -0.00073115792634504718 0.0093721729802800167 -0.015098271163184119 -0.0034172894642064619 0.012668103745835477 -0.01495445095200134
leaf_weight=18.542183224111795 12.768159142695366 35.980585519224405 35.761652828194201 10.015128158964215 18.74674691259861 14.242278175428508 15.796640103682874
leaf_count=417 274 547 585 182 338 207 260
internal_value=0 -0.00212179 0.00467917 -0.00486132 -0.00229239 0.00427837 -0.00674207
internal_weight=161.853 113.324 48.5298 94.7814 84.7663 32.989 51.7772
internal_count=2810 1951 859 1534 1352 545 807
is_linear=0
shrinkage=0.03


Tree=167
num_leaves=8
num_cat=1
split_feature=5 16 5 25 5 17 30
split_gain=4.18905 2.61836 2.93178 5.06783 5.01223 3.80213 2.80279
threshold=-0.30991265230219295 0.23923288548501684 1.0000000180025095e-35 18.500000000000004 -0.12153552059407646 0.2271843322843338 0
decision_type=8 2 10 2 8 10 1
left_child=-1 2 4 5 -2 -4 -6
right_child=1 -3 3 -5 6 -7 -8
leaf_value=0.011983322949690841 -0.0084684982371093336 0.0080394345172517569 -0.0048481399210298995 -0.012589181436804885 -0.0036126314115050131 0.011342544457203167 0.010866382990706861
leaf_weight=18.856420654803514 16.232149825431406 17.000069668516517 24.674649716354907 39.530212805606425 9.5194256603717786 13.451967651024459 27.220388310030103
leaf_count=354 437 125 467 619 176 139 507
internal_value=0.00103798 -0.000807799 -0.00246488 -0.00599436 0.00257093 0.00151558 0.00842571
internal_weight=166.485 147.629 130.629 77.6568 52.972 38.1266 36.7398
internal_count=2824 2470 2345 1225 1120 606 683
cat_boundaries=0 1
cat_threshold=74
is_linear=0
shrinkage=0.03


Tree=168
num_leaves=8
num_cat=0
split_feature=3 27 2 21 27 2 2
split_gain=2.7742 6.64317 4.57391 3.60089 2.98181 5.5339 2.66157
threshold=-0.47053662675759106 0.39990000000000003 -0.79814559872029023 0.67365000000000008 0.21170000000000003 -4.3551199158998122 -0.27171493735885749
decision_type=10 2 10 2 2 10 10
left_child=1 -1 4 -4 5 -2 -3
right_child=2 6 3 -5 -6 -7 -8
leaf_value=0.019777266280117341 -0.0089266501833863022 -0.0081011984941318504 0.013602484059260815 -7.6625132513451281e-05 -0.010336970644475569 0.016959890393749174 0.0077952770532509199
leaf_weight=13.563003825023769 8.2493089586496335 16.745327930897474 15.818446625024079 55.463036112487316 43.729758049361408 5.6103196442127219 7.0796124227345016
leaf_count=232 196 314 188 757 1002 72 77
internal_value=0.00114035 0.00756897 -0.000948516 0.00383604 -0.00684488 0.00323782 -0.00213408
internal_weight=166.259 37.3879 128.871 71.2815 57.5894 13.8596 23.8249
internal_count=2838 623 2215 945 1270 268 391
is_linear=0
shrinkage=0.03


Tree=169
num_leaves=8
num_cat=0
split_feature=5 18 18 17 5 17 5
split_gain=2.57624 3.16997 4.09672 2.76723 4.80447 5.24326 4.56108
threshold=-0.49138392644306683 0.54028163988853939 0.49055074218778555 0.10959723962624247 1.0000000180025095e-35 0.29719014469083438 0.16201966518367525
decision_type=8 8 10 10 10 10 10
left_child=-1 2 -2 6 5 -5 -3
right_child=1 3 -4 4 -6 -7 -8
leaf_value=0.011847619507634303 -0.003832584867160036 -0.0099706129181518447 0.015628648315096718 0.021796350798368388 -0.0026150124358793525 -0.0051781658500938471 0.0074547237814921487
leaf_weight=9.5091321710497123 10.820717696100475 53.231836439110339 14.749858699738978 9.8698742222040874 53.993968788534403 5.0193877518177024 10.027046196162699
leaf_count=174 177 1282 189 151 625 70 200
internal_value=0.000911378 -0.000197621 0.00799562 -0.00225604 0.00169044 0.013416 -0.00647123
internal_weight=167.222 157.713 25.5706 132.142 68.8832 14.8893 63.2589
internal_count=2868 2694 366 2328 846 221 1482
is_linear=0
shrinkage=0.03


Tree=170
num_leaves=8
num_cat=0
split_feature=2 7 27 2 4 5 32
split_gain=2.39694 4.42046 2.70269 5.61108 2.8185 2.54968 2.08526
threshold=-0.30307454926889665 0.016188784901416637 0.32880000000000004 -3.6371557987660106 -0.090536385868056221 0.0086689347114228942 10.768579810257661
decision_type=10 10 2 10 8 10 10
left_child=1 2 3 -1 -4 -2 -5
right_child=5 -3 4 6 -6 -7 -8
leaf_value=-0.0094382438544821385 0.01264704990499212 0.010429871323683374 0.001185234809256307 0.015478632469801634 -0.010996906928455617 -0.00036455043174194509 -0.0010690322766553296
leaf_weight=14.827818184159694 13.441561805084346 11.239090148359535 18.396390728652477 12.70851286314428 56.759246994741261 30.062168257310987 6.4305130746215573
leaf_count=315 155 181 430 199 1137 262 144
internal_value=-0.000688033 -0.00292569 -0.00504777 0.00142156 -0.00800746 0.00470445 0.0106899
internal_weight=163.865 120.362 109.122 33.9668 75.1556 43.5037 19.139
internal_count=2823 2406 2225 658 1567 417 343
is_linear=0
shrinkage=0.03


Tree=171
num_leaves=8
num_cat=0
split_feature=27 2 2 3 7 5 18
split_gain=3.34614 6.97148 3.3678 4.15197 2.96203 4.40581 2.73857
threshold=0.21170000000000003 -3.9996213253608861 -1.0636431477588428 -0.32885611491408334 0.166547824097529 -1.0000000180025095e-35 0.62781125283848083
decision_type=2 8 10 10 8 8 10
left_child=1 -1 3 -2 -4 6 -6
right_child=2 -3 4 -5 5 -7 -8
leaf_value=-0.0040922223140543923 0.0045059301583352694 0.024018782133496164 -0.0081464198138398933 -0.012262943258592802 0 0 0.018991584089486611
leaf_weight=10.192267552018164 14.080600973218678 8.3641940020024794 10.705978063866494 28.292766264639795 9.9451495837420243 64.051240036264062 16.167383715510368
leaf_count=254 314 79 238 708 198 734 263
internal_value=0.00164572 0.0114323 -6.05566e-05 -0.00656225 0.00281441 0.00482653 0.0135379
internal_weight=161.8 18.5565 143.243 42.3734 100.87 90.1638 26.1125
internal_count=2788 333 2455 1022 1433 1195 461
is_linear=0
shrinkage=0.03


Tree=172
num_leaves=8
num_cat=0
split_feature=1 6 27 1 6 25 27
split_gain=3.74996 2.68786 3.22736 5.94448 2.75076 3.31881 2.50667
threshold=0.90894899748892743 0.1063127971192401 0.48235 -1.9786373756666737 0.047747460872056259 9.5000000000000018 0.63845000000000007
decision_type=8 8 2 10 10 2 2
left_child=1 2 3 -1 -5 -6 -2
right_child=6 -3 -4 4 5 -7 -8
leaf_value=-0.0063010721342006259 -0.014441452226108801 -0.0064365889947210946 0 0.0015297966311429681 -0.00012841318020553286 0.021865900993211104 0.002424665450972174
leaf_weight=11.512101789005099 13.308560919016601 15.834546965546904 70.439698988571763 16.609189639799297 5.8523131823167232 24.578535849228501 7.3480388037860385
leaf_count=254 280 283 1077 277 113 444 96
internal_value=0.000970154 0.00287135 0.00443261 0.00916995 0.0135942 0.0180995 -0.00891637
internal_weight=165.483 144.826 128.992 58.5521 47.04 30.4308 20.6566
internal_count=2824 2448 2165 1088 834 557 376
is_linear=0
shrinkage=0.03


Tree=173
num_leaves=8
num_cat=0
split_feature=1 25 18 18 32 4 3
split_gain=2.86835 4.36907 2.44575 4.12918 2.53999 2.82131 2.46328
threshold=0.16930329773742922 4.5000000000000009 0.84760704246024177 0.74618034126529287 11.207375904300799 0.058936089184546576 0.25741759599474173
decision_type=8 2 8 10 8 8 8
left_child=-1 -2 3 4 6 -6 -3
right_child=1 2 -4 -5 5 -7 -8
leaf_value=0.0030409706081125959 0.0096105040770434053 -0.017736442610965956 -0.015037552072451622 0.010520379064163164 -0.0084445468519433325 0.0088762714854665956 0.00072510108428083244
leaf_weight=90.925067333504558 8.5814719581976515 13.329877998679878 18.371009384281933 8.3445087764412147 7.376964034512639 10.493076860904695 6.3441916592419139
leaf_count=1593 149 261 341 142 170 119 69
internal_value=-0.000308778 -0.00456285 -0.00751764 -0.00244331 -0.00699579 0.000745962 -0.0127526
internal_weight=163.766 72.8411 64.2596 45.8886 37.5441 17.87 19.6741
internal_count=2844 1251 1102 761 619 289 330
is_linear=0
shrinkage=0.03


Tree=174
num_leaves=8
num_cat=1
split_feature=21 2 17 4 30 27 4
split_gain=2.91325 4.47155 3.59855 3.02434 2.93005 2.8113 3.52856
threshold=0.85325000000000017 -0.874799753766066 0.14086949904440868 0.18572957414461641 0 0.71520000000000017 0.13625789180823913
decision_type=2 8 10 10 1 2 10
left_child=1 4 5 -4 -1 6 -3
right_child=-2 2 3 -5 -6 -7 -8
leaf_value=0.002784473967142897 -0.010592050122445604 0.019637743807072301 -0.0071426858776193801 0.0064897066827550127 -0.0076304894577344249 -0.00016143850251024725 -0.0015556657930216431
leaf_weight=32.126575601287186 9.8159933323040587 25.336554411798719 19.5866335388273 23.211073350161314 34.6440952969715 10.783603537827728 5.9701747484505168
leaf_count=713 221 439 251 131 777 201 64
internal_value=0.000823518 0.00215004 0.0065175 0 -0.00330509 0.0119762 0.0157205
internal_weight=161.475 151.659 84.888 42.7977 66.7707 42.0903 31.3067
internal_count=2797 2576 1086 382 1490 704 503
cat_boundaries=0 1
cat_threshold=13
is_linear=0
shrinkage=0.03


Tree=175
num_leaves=8
num_cat=0
split_feature=5 16 22 16 25 21 21
split_gain=2.38618 3.47069 2.5137 2.87673 1.93929 1.71491 1.7351
threshold=-0.30991265230219295 0.23923288548501684 238.50000000000003 -1.6085209665636846 36.500000000000007 0.77365000000000006 0.56510000000000005
decision_type=10 2 2 2 2 2 2
left_child=2 4 5 -4 -2 6 -1
right_child=1 -3 3 -5 -6 -7 -8
leaf_value=0.00432106161092228 -0.0044875670211709812 0.009372833338495477 -0.0018819213999481633 0.01913124557625984 0.0062388655573688903 0.007729612058813385 -0.01121287258164216
leaf_weight=3.3400445785373476 104.39202391635627 15.69267278164625 4.8666515760123721 10.852452978491781 9.347620936110614 4.7182490509003392 9.0270748268812877
leaf_count=53 1977 116 88 156 150 88 176
internal_value=0.000785804 -0.0010483 0.00717673 0.0135527 -0.00313076 -0.000542717 -0.00623168
internal_weight=162.237 129.432 32.8045 15.7191 113.74 17.0854 12.3671
internal_count=2804 2243 561 244 2127 317 229
is_linear=0
shrinkage=0.03


Tree=176
num_leaves=8
num_cat=0
split_feature=28 21 1 4 3 29 1
split_gain=2.04463 2.47034 2.41742 2.18496 2.20282 2.69861 2.08286
threshold=1.0000000180025095e-35 0.76805000000000012 -0.07137202281186715 0.14668392030419972 -0.39401227958194901 15.500000000000002 0.48965201648588325
decision_type=2 2 10 10 10 2 8
left_child=2 -2 -1 4 -4 -6 -3
right_child=1 6 3 -5 5 -7 -8
leaf_value=-0.0078477348459470991 -0.00026613561866705343 0.015225719583027882 0.0058761918597682421 0.0085048340677888381 0.0044532335507746056 -0.012883149162214058 -0.0015737048628742759
leaf_weight=44.166999405249953 55.445505487732589 12.748262850567697 8.4196145571768302 15.226827504113315 5.7780732773244408 15.717757398262618 5.5730243213474777
leaf_count=827 902 201 179 131 116 386 89
internal_value=-0.0003911 0.00302888 -0.00338683 0.0012198 -0.00310474 -0.00777067 0.0106206
internal_weight=163.076 73.7668 89.3093 45.1423 29.9154 21.4958 18.3213
internal_count=2831 1192 1639 812 681 502 290
is_linear=0
shrinkage=0.03


Tree=177
num_leaves=8
num_cat=0
split_feature=27 6 6 32 27 32 29
split_gain=4.14568 3.25495 4.07044 4.65997 4.22391 3.48406 3.1815
threshold=0.21170000000000003 0.047747460872056259 0.052487756333730519 10.001499986472195 0.50155000000000005 12.659157518864836 47.500000000000007
decision_type=2 10 10 10 2 10 2
left_child=-1 5 4 -4 -3 6 -2
right_child=1 2 3 -5 -6 -7 -8
leaf_value=0.011120818389541523 -0.013168102182303599 0.024319560920024675 0.0066716647736674954 -0.0063811408542061368 -0.0020349296222092481 0.0080966433004158248 0.0049802125650650255
leaf_weight=18.925752961076796 38.150392388924956 4.7141667250543815 32.975741479545832 52.805834535509348 5.9871792402118444 4.1245928667485705 4.949477355927228
leaf_count=340 651 86 532 979 82 72 96
internal_value=0.000207983 -0.00164097 0.00144623 -0.00106241 0.0142097 -0.00751575 -0.0103371
internal_weight=162.633 143.707 96.4829 85.7816 10.7013 47.2245 43.0999
internal_count=2838 2498 1679 1511 168 819 747
is_linear=0
shrinkage=0.03


Tree=178
num_leaves=8
num_cat=1
split_feature=0 1 2 27 27 2 30
split_gain=3.79986 2.99576 2.09101 3.99374 3.33691 3.06402 3.69831
threshold=-0.10683492232872115 -0.28340039582469229 -1.0636431477588428 0.55510000000000004 0.26515000000000005 -0.12139816440845426 0
decision_type=10 8 8 2 2 10 1
left_child=1 -1 4 -4 -2 6 -5
right_child=2 -3 3 5 -6 -7 -8
leaf_value=0.0011779139817622809 0.0061033920262606551 -0.013060420027119416 0.013402366274318114 -0.0089886813208120107 -0.0084487164388675987 0.0093729864820314996 0.0050510907465493434
leaf_weight=21.640153057873249 19.240022666752338 17.618631757795811 32.878364244475961 21.710755752399564 21.053351304493845 15.437792522832749 14.569983974099157
leaf_count=484 332 474 373 321 491 144 229
internal_value=0.00122703 -0.00602378 0.00384459 0.00637295 -0.00132952 0.000456286 -0.00400701
internal_weight=164.149 39.2588 124.89 84.5969 40.2934 51.7185 36.2807
internal_count=2848 958 1890 1067 823 694 550
cat_boundaries=0 1
cat_threshold=204
is_linear=0
shrinkage=0.03


Tree=179
num_leaves=8
num_cat=0
split_feature=5 18 1 18 16 22 18
split_gain=3.00513 2.59056 3.37368 3.04627 2.91178 2.76723 2.75418
threshold=-0.30991265230219295 0.82170862199325023 -3.3830200013441067 0.74618034126529287 -1.1170341371545829 329.50000000000006 0.54028163988853939
decision_type=8 8 8 10 2 2 10
left_child=-1 3 -3 6 -5 -4 -2
right_child=1 2 5 4 -6 -7 -8
leaf_value=0.010523429402222248 0.0066257710319668683 0.0081822988994218592 -0.011844433454922153 -0.0039706368193994299 0.016298006555237138 0.0034611153203326123 -0.004089190263329945
leaf_weight=18.420834148302674 24.573891777545214 5.9283254882320762 35.970338336192071 3.8468297263607409 13.650008974596856 8.2325129862874729 55.243907326832414
leaf_count=349 361 98 637 101 186 128 1009
internal_value=0.0011814 -0.000370754 -0.00551607 0.00235507 0.0114058 -0.00861296 -0.000316442
internal_weight=165.867 147.446 50.1312 97.3146 17.4968 44.2029 79.8178
internal_count=2869 2520 863 1657 287 765 1370
is_linear=0
shrinkage=0.03


Tree=180
num_leaves=8
num_cat=1
split_feature=6 30 27 1 1 22 3
split_gain=3.78257 2.82444 4.67262 4.64987 3.52201 3.03164 2.75596
threshold=0.091850884408647304 0 0.49435000000000007 -2.235303652665904 0.90894899748892743 104.50000000000001 -0.26986194174730138
decision_type=8 1 2 10 10 2 8
left_child=1 2 3 -1 -5 -4 -2
right_child=6 -3 5 4 -6 -7 -8
leaf_value=-0.0028802722504808636 0.0067523533362626037 -0.0019382356069390753 -0.010790886331061806 0.020350023211194512 -0.0017361182016158265 0.0040806068259709597 -0.010214010937192753
leaf_weight=9.2143706325441581 4.2248077243566513 45.256482801400125 8.8593268357217294 31.51880612410605 4.9081282103434196 37.961606556549668 26.556384108960632
leaf_count=192 89 871 151 451 114 523 464
internal_value=0.00169871 0.00391326 0.00640799 0.013091 0.0172598 0 -0.006586
internal_weight=168.5 137.719 92.4622 45.6413 36.4269 46.8209 30.7812
internal_count=2855 2302 1431 757 565 674 553
cat_boundaries=0 1
cat_threshold=172
is_linear=0
shrinkage=0.03


Tree=181
num_leaves=8
num_cat=1
split_feature=7 30 27 2 2 25 25
split_gain=3.93402 2.61062 5.90502 3.69434 3.26676 3.6109 3.13692
threshold=-1.0000000180025095e-35 0 0.57160000000000022 -1.1602033170970538 -3.6371557987660106 10.500000000000002 19.500000000000004
decision_type=8 1 2 10 10 2 2
left_child=-1 2 4 -3 -2 -6 -7
right_child=1 3 -4 -5 5 6 -8
leaf_value=-0.013440243514829829 -0.0022069341919053577 -0.0084053526531167305 -0.0053007513397708176 0.0026114030113493216 -0.0017943734224061111 0.030713275245791153 0.0050232724066351427
leaf_weight=8.4912636568769795 5.7730509340763048 32.392511173151433 15.18615830875933 75.463749352842569 4.5582171939313474 9.3905104119330662 12.959567358717321
leaf_count=257 73 864 211 1078 75 98 169
internal_value=0.000437641 0.00190574 0.00658247 -0.000846647 0.0140476 0.0176712 0.0215619
internal_weight=164.215 155.724 47.8675 107.856 32.6813 26.9083 22.3501
internal_count=2825 2568 626 1942 415 342 267
cat_boundaries=0 1
cat_threshold=136
is_linear=0
shrinkage=0.03


Tree=182
num_leaves=8
num_cat=1
split_feature=6 30 17 1 29 4 29
split_gain=2.57174 2.24196 3.93774 2.66927 3.71283 3.56334 3.0436
threshold=0.085798286060302931 0 0.24258145553960583 0.53118474423898643 41.000000000000007 0.058936089184546576 57.500000000000007
decision_type=8 1 10 8 2 10 2
left_child=1 2 -1 4 -3 -5 -6
right_child=-2 3 -4 5 6 -7 -8
leaf_value=-0.010181746786604837 -0.0048903771507660633 0.011733891463238779 0.0079586231665097346 -0.0092856603074623293 -0.011162955866264434 0.0074584108438407511 0.0088115802028194794
leaf_weight=20.306007302366201 36.694419876672328 56.541862443089485 9.3159697744995338 15.9352920409292 8.9759011641144735 13.578993892297147 3.4505405984818927
leaf_count=518 681 831 83 367 160 142 73
internal_value=0.00129311 0.00335786 -0.00284308 0.00521463 0.00868829 -0.00123446 -0.00360336
internal_weight=164.799 128.105 29.622 98.4826 68.9683 29.5143 12.4264
internal_count=2855 2174 601 1573 1064 509 233
cat_boundaries=0 1
cat_threshold=82
is_linear=0
shrinkage=0.03


Tree=183
num_leaves=8
num_cat=1
split_feature=27 4 30 0 4 27 22
split_gain=4.80433 2.99946 2.71103 3.75323 6.97491 3.42659 2.70971
threshold=0.71520000000000017 0.1231859328481812 0 -0.12995426879165958 -0.12263693616826953 0.67005000000000015 268.50000000000006
decision_type=2 10 1 10 8 2 2
left_child=2 -2 -1 -4 -5 6 -6
right_child=1 -3 3 4 5 -7 -8
leaf_value=0.0081655081360235693 -0.015893805347591421 0.0020063771670341527 -0.0093503636223833883 0.021343719984604857 -0.0075816897547090461 0.012122753741826279 0.0030959747042444345
leaf_weight=30.327028254047036 16.403442887589339 8.3480161540210229 23.577852910384536 7.059487909078598 43.597501204349101 7.3469128292053929 28.201305393129587
leaf_count=450 347 76 605 130 777 67 378
internal_value=0 -0.0103831 0.00231385 -0.000288849 0.00258324 -0.000723743 -0.0033098
internal_weight=164.862 24.7515 140.11 109.783 86.2052 79.1457 71.7988
internal_count=2830 423 2407 1957 1352 1222 1155
cat_boundaries=0 1
cat_threshold=9
is_linear=0
shrinkage=0.03


Tree=184
num_leaves=8
num_cat=0
split_feature=4 6 6 3 6 32 1
split_gain=3.73183 4.55283 4.52995 4.09461 3.11076 3.10989 2.97296
threshold=-0.090536385868056221 0.060035806120608846 0.046650734569235998 0.58983932791917493 0.096694690662783869 11.279188329632326 -0.07137202281186715
decision_type=8 8 10 8 8 10 10
left_child=1 2 -1 5 -5 -2 -7
right_child=3 -3 -4 4 -6 6 -8
leaf_value=0 -0.0073589412975465056 -0.0021410660031834514 0.027838991284094693 0.012248311572424281 -0.0054773839331140337 -0.0052569155017263107 0.0093735531311721267
leaf_weight=8.4228521101176757 74.762921986170113 14.178589973598717 6.499728286638855 21.065507113933567 6.0688246525824061 15.173292407765983 18.626105817966163
leaf_count=192 1230 348 124 269 89 312 291
internal_value=0.000725174 0.0092356 0.0176742 -0.00140813 0.0075124 -0.004129 0.00269767
internal_weight=164.798 29.1012 14.9226 135.697 27.1343 108.562 33.7994
internal_count=2855 664 316 2191 358 1833 603
is_linear=0
shrinkage=0.03


Tree=185
num_leaves=8
num_cat=1
split_feature=27 6 32 30 4 0 6
split_gain=3.30128 2.98112 4.60194 5.32029 2.54142 3.50712 3.46059
threshold=0.71520000000000017 0.056104277765816765 10.001499986472195 0 0.029097825799776936 -0.0097751738381945934 0.076418567070213925
decision_type=2 8 10 1 10 8 10
left_child=1 -1 3 -3 5 -4 -7
right_child=-2 2 4 -5 -6 6 -8
leaf_value=0.0064723238527119474 -0.0088337942985246866 0.012313314910229587 -0.0089780554705945134 -0.0050686136325340889 -0.013741003803530633 -0.0039835742845746903 0.018546514734956977
leaf_weight=60.18577453866601 23.870085092261434 16.047621626406908 11.752318622544406 16.826247656717896 20.976210717111826 5.708856977522375 4.9697552472352982
leaf_count=997 415 253 350 292 298 117 97
internal_value=-1.22445e-05 0.00183068 -0.00192034 0.00557124 -0.00786984 0 0.0091513
internal_weight=160.337 136.467 76.281 32.8739 43.4071 22.4309 10.6786
internal_count=2819 2404 1407 545 862 564 214
cat_boundaries=0 1
cat_threshold=14
is_linear=0
shrinkage=0.03


Tree=186
num_leaves=8
num_cat=0
split_feature=25 7 6 27 27 29 5
split_gain=2.84399 3.06409 2.75165 2.6732 3.30027 4.39643 3.22092
threshold=29.500000000000004 0.11909677700076886 0.094141660414923473 0.68525000000000003 0.54730000000000012 27.000000000000004 -0.38529363583507981
decision_type=2 8 10 2 2 2 10
left_child=1 -1 -2 4 -3 -6 -5
right_child=2 3 -4 6 5 -7 -8
leaf_value=-0.011946988811886128 0.010513422001090287 -0.00066254727818993776 -0.0060623989962713381 0.007417566021780217 0.016354816211653633 -0.0043799235752266441 -0.011672857516022071
leaf_weight=11.505230267532168 35.171060490421951 60.675962771289051 4.5581936584785572 4.0114444270730045 20.642082843929533 7.9974091220647088 18.817915352061391
leaf_count=308 573 1140 95 53 259 115 295
internal_value=0.00133409 -0.000904727 0.00760001 0.000823352 0.00331774 0.0104633 -0.0067775
internal_weight=163.379 123.65 39.7293 112.145 89.3155 28.6395 22.8294
internal_count=2838 2170 668 1862 1514 374 348
is_linear=0
shrinkage=0.03


Tree=187
num_leaves=8
num_cat=1
split_feature=1 26 3 30 4 21 27
split_gain=2.80383 6.45584 3.05226 3.2369 2.85456 2.64415 2.35308
threshold=-1.219129986944413 3.5000000000000004 0.33433443384468842 0 0.35013106303184444 0.64095000000000013 0.71520000000000017
decision_type=10 2 10 1 10 2 2
left_child=1 5 3 -2 -4 -1 -5
right_child=2 -3 4 6 -6 -7 -8
leaf_value=0.00062487693060288058 -0.004673021228804611 0.011954945730069159 -0.010538316120017712 0.010072459337403873 0.0056201591499385455 -0.014808475134907392 -0.0018072338863789751
leaf_weight=10.763239419087766 13.787580238655208 7.5106458663940421 17.797335973009471 70.393901040777564 8.2106637563556415 25.679562170058489 13.346112268045543
leaf_count=192 327 143 217 1193 49 513 244
internal_value=0.000599209 -0.00522755 0.00297824 0.0054251 -0.00487397 -0.0106208 0.00723454
internal_weight=167.489 43.9534 123.536 97.5276 26.008 36.4428 83.74
internal_count=2878 848 2030 1764 266 705 1437
cat_boundaries=0 1
cat_threshold=66
is_linear=0
shrinkage=0.03


Tree=188
num_leaves=8
num_cat=0
split_feature=2 27 26 4 4 17 25
split_gain=3.35978 3.13689 3.2401 2.71543 2.60085 3.08837 2.47388
threshold=-0.43202764606913518 0.71520000000000017 2.5000000000000004 0.1231859328481812 0.30710162705722266 -0.53170048353498878 2.5000000000000004
decision_type=8 2 2 10 10 8 2
left_child=4 2 -2 -3 5 -1 -7
right_child=1 3 -4 -5 -6 6 -8
leaf_value=0.0094536114504563343 0.016502429911621454 -0.0086062937528885476 -0.00085319341659060839 0.0076609814858545856 0.0090581291758498848 0.0065057495212600593 -0.0072384483195472443
leaf_weight=5.7462512291967869 21.585701186209917 13.913088545203211 10.94303238391876 7.6482254005968562 7.4500059783458701 6.0531845297664395 85.742963997647166
leaf_count=123 147 298 87 68 53 141 1872
internal_value=0.000605312 0.00625485 0.0112778 -0.00181689 -0.00240925 -0.00404743 -0.00573296
internal_weight=159.082 54.09 32.5287 21.5613 104.992 97.5424 91.7961
internal_count=2789 600 234 366 2189 2136 2013
is_linear=0
shrinkage=0.03


Tree=189
num_leaves=8
num_cat=0
split_feature=7 1 32 5 0 0 1
split_gain=2.75056 2.1664 2.69404 2.75252 2.09822 2.31739 2.03502
threshold=1.0000000180025095e-35 0.27637719668734467 11.743312752950009 -0.57020625154359428 0.16962795691237395 -0.027382449646057402 0.90894899748892743
decision_type=10 8 10 10 10 8 8
left_child=1 -1 3 -3 5 -2 -4
right_child=4 2 6 -5 -6 -7 -8
leaf_value=0.0015409681446043415 0.0092579572217851014 0.0044136183738312899 0.0088435567878031116 -0.01192341473746531 0.015382792325081315 -0.0086144035717286953 -0.0065492864930629981
leaf_weight=85.083769243210554 3.6008396511897445 5.7336515579372636 11.80243999045342 37.003407754004002 9.2329855505377036 6.7208555545657891 4.4857643479481366
leaf_count=1518 79 99 171 684 88 114 87
internal_value=0.000125194 -0.00137526 -0.00548492 -0.00908565 0.00891609 -0.00024077 0.00322589
internal_weight=163.664 144.109 59.0253 42.7371 19.5547 10.3217 16.2882
internal_count=2840 2559 1041 783 281 193 258
is_linear=0
shrinkage=0.03


Tree=190
num_leaves=8
num_cat=0
split_feature=2 27 5 2 27 27 2
split_gain=2.43689 4.43266 3.87589 4.72031 3.64448 3.44835 3.58599
threshold=-1.2676029506768984 0.45865000000000006 -0.30991265230219295 -0.43202764606913518 0.72745000000000004 0.21170000000000003 -3.9996213253608861
decision_type=8 2 8 10 2 2 10
left_child=5 -2 -3 -4 -5 6 -1
right_child=1 2 3 4 -6 -7 -8
leaf_value=-0.0045790968756821487 0.013789158532427664 0.012895464411626919 -0.010051948435373395 0.0086550767404869177 -0.0058325574249921885 -0.0091524050817980047 0.015408268038314295
leaf_weight=10.588289541192355 19.618062946014106 9.7718173377215845 33.571076991967857 31.983677372336388 17.446952486410737 34.062201616354287 6.5101182032376519
leaf_count=266 239 163 719 238 308 848 70
internal_value=0.000747669 0.00323757 0 -0.00242006 0.0031802 -0.00416683 0.00491897
internal_weight=163.552 112.392 92.7735 83.0017 49.4306 51.1606 17.0984
internal_count=2851 1667 1428 1265 546 1184 336
is_linear=0
shrinkage=0.03


Tree=191
num_leaves=8
num_cat=0
split_feature=22 27 27 6 16 25 32
split_gain=2.63069 3.71122 3.57289 3.27501 2.94406 2.91488 3.48472
threshold=212.50000000000003 0.39990000000000003 0.51285000000000014 0.039591175891329711 -1.5709796326587422 3.5000000000000004 9.8448600845764549
decision_type=2 2 2 10 2 2 8
left_child=5 3 -3 -2 -5 -1 -7
right_child=1 2 -4 4 -6 6 -8
leaf_value=0.0076993212694938746 -0.0024871699166970048 -0.011577461425166189 0.0027000321819079963 -0.0025749397633020882 0.019792178125782284 0.0018215251395667727 -0.010854633938206609
leaf_weight=7.5614432031288734 8.2885678261518496 14.0278372336179 45.992708102799952 3.230369163677099 15.904702123254536 24.423544058576226 46.541871106252074
leaf_count=160 124 251 621 73 315 404 918
internal_value=-0.000596119 0.00277075 -0.00138553 0.0105493 0.0158175 -0.00442821 -0.00655948
internal_weight=165.971 87.4442 60.0205 27.4236 19.1351 78.5269 70.9654
internal_count=2866 1384 872 512 388 1482 1322
is_linear=0
shrinkage=0.03


Tree=192
num_leaves=8
num_cat=0
split_feature=18 6 18 4 4 25 17
split_gain=4.15998 3.86324 2.97088 2.73166 2.11601 3.11198 5.15771
threshold=0.54028163988853939 0.047747460872056259 0.49055074218778555 0.30710162705722266 0.10226624413114462 13.500000000000002 0.10959723962624247
decision_type=8 8 10 10 8 2 10
left_child=1 -1 -3 4 5 6 -2
right_child=3 2 -4 -5 -6 -7 -8
leaf_value=-0.0035617426609136369 -0.001943446197469174 0 0.022903038114803771 0.0071588468554856033 -0.0071939712922636026 -0.0044260745796077519 0.022152133233856133
leaf_weight=8.7295083384960908 14.91265389416367 8.1755259707570094 9.5251121148467046 16.834150705486536 61.321003780700266 36.335567395202816 5.2366770617663851
leaf_count=126 377 140 121 105 943 879 112
internal_value=0.000303319 0.00972209 0.0159264 -0.00188202 -0.00366624 0.000348277 0.00830184
internal_weight=161.07 26.4301 17.7006 134.64 117.806 56.4849 20.1493
internal_count=2803 387 261 2416 2311 1368 489
is_linear=0
shrinkage=0.03


Tree=193
num_leaves=8
num_cat=0
split_feature=5 18 0 29 18 22 1
split_gain=1.92931 3.8337 1.98742 3.03077 2.38716 2.2407 1.74616
threshold=-0.30991265230219295 0.72739556280701378 -0.14171106602665692 16.500000000000004 0.5167243675962141 299.50000000000006 -3.3830200013441067
decision_type=8 10 10 2 10 2 8
left_child=1 -1 6 5 -5 -4 -2
right_child=2 -3 3 4 -6 -7 -8
leaf_value=-0.0057264481144002387 0.0036547784166961242 0.014847877860177024 0.010787864103068222 0.0073461323398184893 -0.004665143688085213 -0.0031394641350633657 -0.011773408084068179
leaf_weight=6.8323725191876319 2.995170671492815 12.02502574212849 25.409840333275497 9.7494100853800756 78.601593843661249 8.7239074315875751 17.222136094234887
leaf_count=148 81 202 388 126 1272 128 462
internal_value=0 0.00734964 -0.00137668 0.00014789 -0.00268414 0.00695207 -0.00856799
internal_weight=161.559 18.8574 142.702 122.485 88.351 34.1337 20.2173
internal_count=2807 350 2457 1914 1398 516 543
is_linear=0
shrinkage=0.03


Tree=194
num_leaves=8
num_cat=0
split_feature=2 27 3 4 3 2 6
split_gain=3.8964 5.93033 5.04372 5.00248 3.1283 2.32124 1.58721
threshold=-1.1602033170970538 0.71520000000000017 -0.47053662675759106 -0.050000244207981652 -0.18015937636820931 -0.43202764606913518 0.053638216502319036
decision_type=8 2 10 8 10 8 10
left_child=2 3 -1 -2 5 -5 -3
right_child=1 6 -4 4 -6 -7 -8
leaf_value=0.0061701468293921206 0.020257826808547694 -0.013041313511400055 -0.010667447335011151 -0.012357551773432304 0.0066444185011237519 0.0037789024421106981 0
leaf_weight=16.745804762467742 14.50942870415747 10.366665642708542 38.852250264957547 9.9110480239614827 53.423917167820036 7.4115884918719557 13.928787827491758
leaf_count=322 264 191 975 193 624 57 243
internal_value=0.000692626 0.00397304 -0.00522199 0.00767801 0.00311161 -0.00584844 -0.00724511
internal_weight=165.149 109.551 55.5981 85.256 70.7466 17.3226 24.2955
internal_count=2869 1572 1297 1138 874 250 434
is_linear=0
shrinkage=0.03


Tree=195
num_leaves=8
num_cat=0
split_feature=2 25 4 2 4 2 28
split_gain=2.6125 2.88591 2.56836 2.85263 2.66252 3.3904 3.05003
threshold=-0.43202764606913518 1.5000000000000002 0.065854585077607011 -0.68172784003528275 -0.13135790052793536 -1.2140138270881671 -1.0000000180025095e-35
decision_type=10 2 10 8 8 8 2
left_child=1 -1 4 -4 5 -3 -6
right_child=-2 2 3 -5 6 -7 -8
leaf_value=0.012553017321476656 0.0067379614352302978 -0.0066146272919669841 0.0074757157937463169 -0.0072116870936562534 0.00019164421939538463 0.011722650895497773 -0.014494057519304868
leaf_weight=4.8188196923583737 54.940490240231156 11.066175838001071 29.742199650034308 9.1983839832246286 16.342169834300876 9.0168292094022053 27.925338767468929
leaf_count=115 611 284 425 111 400 176 703
internal_value=0.00184422 -0.000806449 -0.00242204 0.00304897 -0.00591111 0.00207836 -0.00958605
internal_weight=163.05 108.11 103.291 38.9406 64.3505 20.083 44.2675
internal_count=2825 2214 2099 536 1563 460 1103
is_linear=0
shrinkage=0.03


Tree=196
num_leaves=8
num_cat=0
split_feature=1 25 6 1 6 25 1
split_gain=2.305 3.02968 4.32734 3.00201 3.08536 3.07442 2.66809
threshold=0.22248920455378104 9.5000000000000018 0.064870592930269019 -1.219129986944413 0.047747460872056259 14.500000000000002 0.72336505465846079
decision_type=8 2 8 10 10 2 10
left_child=3 6 -3 -1 -5 -6 -2
right_child=1 2 -4 4 5 -7 -8
leaf_value=-0.0017038168811254616 -0.0038404628304715273 0.00076540136492404104 -0.015011803888777566 -0.0013627667390525382 7.4483278567185647e-05 0.017847589820939744 0.013069082857786759
leaf_weight=43.259664460085332 9.0720095355063695 29.022784699685872 20.796058007515967 17.261743170209229 14.8871145946905 22.072899747639894 9.2601518752053362
leaf_count=818 150 502 407 272 254 330 152
internal_value=0.000908454 -0.00300631 -0.00672693 0.00380797 0.00810018 0.0123095 0.00550695
internal_weight=165.632 68.151 49.8188 97.4814 54.2218 36.96 18.3322
internal_count=2885 1211 909 1674 856 584 302
is_linear=0
shrinkage=0.03


Tree=197
num_leaves=8
num_cat=1
split_feature=30 17 32 17 16 4 27
split_gain=3.66357 3.40641 3.22502 2.79276 2.19467 3.67415 2.77627
threshold=0 0.25959762179737117 11.058424494145921 0.28063917695038426 -1.1170341371545829 0.22653730399659158 0.71520000000000017
decision_type=1 8 10 10 2 10 2
left_child=3 4 -3 -1 -2 6 -6
right_child=1 2 -4 -5 5 -7 -8
leaf_value=-0.01046917689010095 0.00017580816962719625 -0.0096954989030717288 0.0068062025977493777 0.0040370801766175819 0.015515199340279269 -0.0050121284388500711 -0.0009646369679239613
leaf_weight=30.793817177414894 35.643423232249916 20.843737255781893 8.9123243913054448 10.423076216131447 40.839766661636531 6.9748164378106585 8.1793634314089996
leaf_count=725 802 234 71 103 689 56 150
internal_value=0.000958084 0.0035527 -0.00396084 -0.00534922 0.0066217 0.00995556 0.0127528
internal_weight=162.61 121.393 29.7561 41.2169 91.6374 55.9939 49.0191
internal_count=2830 2002 305 828 1697 895 839
cat_boundaries=0 1
cat_threshold=67
is_linear=0
shrinkage=0.03


Tree=198
num_leaves=8
num_cat=0
split_feature=5 17 17 1 22 5 22
split_gain=3.1044 3.55785 4.31925 3.53671 3.48217 2.43267 3.21173
threshold=1.0000000180025095e-35 0.10959723962624247 0.29719014469083438 -0.70071747366740322 316.50000000000006 0.14791991857320722 78.500000000000014
decision_type=10 10 8 8 2 10 2
left_child=1 3 -3 4 -1 -2 -7
right_child=5 2 -4 -5 -6 6 -8
leaf_value=0.013135537698086142 -0.0082666158059441826 0.021137933292407547 -0.0038578340083836732 -0.0057380855266905293 -0.0059953155804525508 -0.010337145151181917 0.0043371297195142957
leaf_weight=18.998229334130887 32.720709456130862 12.476893069222568 4.5624100845307138 27.992121130228043 5.7573766801506272 9.1847837883979064 51.267048210836947
leaf_count=417 655 184 72 670 110 134 586
internal_value=0.000864479 0.00539944 0.0147518 0.000586533 0.00785076 -0.00254234 0.000940914
internal_weight=162.96 69.787 17.0393 52.7477 24.7556 93.1725 60.4518
internal_count=2828 1453 256 1197 527 1375 720
is_linear=0
shrinkage=0.03


Tree=199
num_leaves=8
num_cat=0
split_feature=1 27 4 5 1 7 2
split_gain=2.67436 2.88984 3.65459 2.54939 2.81078 2.30059 2.22084
threshold=-6.9671685148573284 0.71520000000000017 0.1231859328481812 0.078383042637919162 0.8868002640992606 0.10883183659255806 -4.3551199158998122
decision_type=8 2 10 8 8 10 8
left_child=-1 3 -3 4 6 -5 -2
right_child=1 2 -4 5 -6 -7 -8
leaf_value=0.012553197471987444 -0.004752345194272165 -0.015085501122908926 0.0041862609328377478 -0.0042354464877606361 -0.0060751990554832941 0.0082986293478092259 0.010269670649449345
leaf_weight=8.0292324069887382 4.2210242096334696 15.237558824010195 8.1820644401013833 65.526545989327133 7.8140505179762831 7.794520301744341 48.451829293742776
leaf_count=133 124 331 75 918 207 76 989
internal_value=0.000858004 -0.000227342 -0.00852359 0.00151786 0.00577614 -0.00203324 0.00835074
internal_weight=165.257 157.228 23.4196 133.808 60.4869 73.3211 52.6729
internal_count=2853 2720 406 2314 1320 994 1113
is_linear=0
shrinkage=0.03


Tree=200
num_leaves=8
num_cat=0
split_feature=2 27 2 27 29 1 2
split_gain=3.80453 5.52163 5.33639 5.05486 2.22362 2.12004 2.56273
threshold=-1.6153538790784483 0.21170000000000003 -3.9996213253608861 0.44050000000000006 19.500000000000004 -6.9671685148573284 -0.27171493735885749
decision_type=10 2 8 2 2 8 10
left_child=1 2 -1 4 -2 -5 -7
right_child=3 -3 -4 5 -6 6 -8
leaf_value=-0.0069678620727907691 0 -0.013297184553441019 0.016825859403132332 0.011425994457662927 0.019767285292148266 -0.004677631200953207 0.0045809549079968382
leaf_weight=9.8625844465568644 5.5254014665260938 25.528577031567693 8.4130017049610633 6.4223632737994194 13.702421274036167 57.119039445184171 37.189502784982324
leaf_count=252 100 615 79 86 216 1136 333
internal_value=0.00112404 -0.00567786 0.0052025 0.00392474 0.0154256 0.000618022 -0.000807281
internal_weight=163.763 43.8042 18.2756 119.959 19.2278 100.731 94.3085
internal_count=2817 946 331 1871 316 1555 1469
is_linear=0
shrinkage=0.03


Tree=201
num_leaves=8
num_cat=0
split_feature=27 1 18 4 3 18 22
split_gain=3.1371 1.91558 1.81856 1.65675 3.86909 2.11636 2.29932
threshold=0.71520000000000017 -2.235303652665904 0.71814863349825164 -0.22291260397017207 -0.18015937636820931 0.82170862199325023 299.50000000000006
decision_type=2 10 10 8 8 8 2
left_child=1 2 -1 -3 -5 6 -6
right_child=-2 3 -4 4 5 -7 -8
leaf_value=-0.010078295167203172 -0.0071367157373928699 0.013902808922773501 0.0027699461989388564 -0.0077669919491612695 0.011665989387794166 -0.00035693917223418315 -0.00039368094170830805
leaf_weight=10.032607799395921 23.38003612216562 9.5157739380374533 13.617853694595395 16.266286627389491 43.595142928883433 31.159057066775858 15.713345619849859
leaf_count=227 429 199 249 368 659 489 224
internal_value=0.00141774 0.00325747 -0.00337618 0.00485827 0.003008 0.00557133 0.00858098
internal_weight=163.28 139.9 23.6505 116.25 106.734 90.4675 59.3085
internal_count=2844 2415 476 1939 1740 1372 883
is_linear=0
shrinkage=0.03


Tree=202
num_leaves=8
num_cat=0
split_feature=0 3 1 3 1 27 17
split_gain=3.2541 4.96364 2.9718 2.83509 2.71416 2.70283 2.68489
threshold=-0.053436397809689666 0.0860600061250619 0.8868002640992606 -0.082815736074856552 0.10382377478270928 0.71520000000000017 0.16199566028301846
decision_type=10 10 8 10 8 2 10
left_child=3 2 5 -1 -5 -2 -3
right_child=1 6 -4 4 -6 -7 -8
leaf_value=-0.010577571089217454 0.014334068092775005 -0.010335554851543929 -0.0040196484444045928 0.010669045648493813 -0.0077011218535597316 -0.0029624838894249457 0.0010136842411451995
leaf_weight=33.779403783380985 36.795607554726303 19.81962460745126 7.8325427863746873 8.8181376056745613 4.5421926816925415 5.3304356075823298 48.072343878448009
leaf_count=811 591 377 155 217 149 97 457
internal_value=-0.000380373 0.00221119 0.00878163 -0.00651218 0.00317619 0.0117227 -0.00284209
internal_weight=164.99 117.851 49.9586 47.1397 13.3603 42.126 67.892
internal_count=2854 1677 843 1177 366 688 834
is_linear=0
shrinkage=0.03


Tree=203
num_leaves=8
num_cat=0
split_feature=18 18 2 4 0 6 28
split_gain=2.07241 3.34239 2.68008 4.33077 4.92238 3.73028 3.3895
threshold=0.54028163988853939 0.49055074218778555 -1.0169667466394263 0.029097825799776936 -0.14171106602665692 0.056104277765816765 -1.4999999999999998
decision_type=8 10 10 8 10 8 2
left_child=1 -1 5 4 -4 -2 -5
right_child=2 -3 3 6 -6 -7 -8
leaf_value=-0.0029471524098807263 0.002469007779089157 0.014522456852884606 -0.0034741762716343368 0.010738077081405263 0.019252464313819877 -0.011560463371943398 -0.0051422116189741235
leaf_weight=11.311310935765507 24.541701454669237 14.82948502525687 8.7570923548191804 7.1432577781379214 15.070170881226657 29.246291729621589 49.467855026945472
leaf_count=190 544 193 187 87 299 731 586
internal_value=0.000964715 0.00760459 -0.000577956 0.00269157 0.0116548 -0.00542563 -0.0018248
internal_weight=160.367 26.1408 134.226 80.4384 23.8273 53.788 56.6111
internal_count=2817 383 2434 1159 486 1275 673
is_linear=0
shrinkage=0.03


Tree=204
num_leaves=8
num_cat=1
split_feature=27 26 4 30 27 25 25
split_gain=2.83238 3.19784 2.72514 2.93763 5.15014 3.11739 3.77979
threshold=0.71520000000000017 3.5000000000000004 -0.090536385868056221 0 0.67005000000000015 31.500000000000004 6.5000000000000009
decision_type=2 2 8 1 2 2 2
left_child=2 -2 -1 5 -5 6 -4
right_child=1 -3 3 4 -6 -7 -8
leaf_value=0.011019518782123466 -0.010945385918729119 0.0079324295759840065 -0.0055985370684381005 -0.0071714330252788698 0.01207082732860784 -0.005219526351808973 0.013315109012111637
leaf_weight=25.917005990631878 20.395144626498226 3.817820554599165 6.0873214956372967 53.682810384780169 7.6607137117534867 9.6059073247015458 35.366525794379413
leaf_count=573 363 66 106 1025 67 126 492
internal_value=0.00173015 -0.00627237 0.00349986 0.00102448 -0.0030036 0.00545422 0.00977804
internal_weight=162.533 24.213 138.32 112.403 61.3435 51.0598 41.4538
internal_count=2818 429 2389 1816 1092 724 598
cat_boundaries=0 1
cat_threshold=139
is_linear=0
shrinkage=0.03


Tree=205
num_leaves=8
num_cat=1
split_feature=30 27 4 7 6 4 3
split_gain=2.68645 5.40883 4.2972 3.44074 3.20711 3.31829 3.5558
threshold=0 0.52355000000000007 0.05138984211368109 0.016188784901416637 0.085798286060302931 0.065854585077607011 0.15961638205981565
decision_type=1 2 10 10 8 10 10
left_child=4 3 -3 -2 5 -1 -7
right_child=1 2 -4 -5 -6 6 -8
leaf_value=0.0021722489244459936 -0.015057510805033534 0.013098270039506485 -0.0055297352240956518 0.0065005496415827934 -0.0031603916133799695 0.022298640395221392 0.003068022989663625
leaf_weight=50.468269533477724 22.077039656229321 17.14753256645054 12.497125402092932 2.5867954855784765 22.070097590796649 16.436739187687635 21.346036192961037
leaf_count=985 586 333 142 47 393 198 177
internal_value=0.00297686 -0.00211621 0.00534061 -0.0112989 0.00531413 0.00822794 0.0141962
internal_weight=164.63 54.3085 29.6447 24.6638 110.321 88.251 37.7828
internal_count=2861 1108 475 633 1753 1360 375
cat_boundaries=0 1
cat_threshold=172
is_linear=0
shrinkage=0.03


Tree=206
num_leaves=8
num_cat=1
split_feature=27 6 21 31 3 28 6
split_gain=2.29041 3.09794 2.86375 2.09594 2.51136 2.28537 2.08895
threshold=0.21170000000000003 0.080031832214799745 0.82135000000000014 0 0.17052406051197103 -1.4999999999999998 0.046650734569235998
decision_type=2 10 2 1 8 2 10
left_child=-1 3 -3 4 6 -5 -2
right_child=1 2 -4 5 -6 -7 -8
leaf_value=0.007596917223383781 -0.0024079611991215436 0.0083770092072367186 -0.0082382325108351726 0.0021452620110961221 -0.0059210432455755668 -0.012357404766622161 0.0098863632555023125
leaf_weight=19.409028012305498 14.841707114130257 31.880588346160948 4.3994774166494599 7.6873427089303723 27.236671498045325 36.989893364720047 20.365830457769334
leaf_count=348 326 572 94 116 352 590 423
internal_value=-0.000294802 -0.00180698 0.00489905 -0.0043911 0 -0.00809393 0.00487028
internal_weight=162.811 143.402 36.2801 107.121 62.4442 44.6772 35.2075
internal_count=2821 2473 666 1807 1101 706 749
cat_boundaries=0 1
cat_threshold=10
is_linear=0
shrinkage=0.03


Tree=207
num_leaves=8
num_cat=0
split_feature=21 5 4 22 17 21 4
split_gain=3.01363 3.53965 2.99083 2.96579 3.84173 3.28516 3.25282
threshold=0.63575000000000015 0.30212397473794944 0.30710162705722266 268.50000000000006 0.10959723962624247 0.76805000000000012 -0.090536385868056221
decision_type=2 8 10 2 10 2 8
left_child=1 -1 3 5 -5 -2 -7
right_child=2 -3 -4 4 -6 6 -8
leaf_value=0 -0.011498038640259948 0.015947369908010506 0.0080133657154671124 -0.004910176438653123 0.011973586829102302 0.012227541869648407 -0.0049166955664936268
leaf_weight=30.609644142910838 41.906862155534327 14.893719693645833 16.342550542205572 17.96973436139524 14.545272791758178 6.967789419926703 21.210194388404492
leaf_count=602 880 188 99 350 160 170 408
internal_value=0.00103602 0.00701993 -0.00143318 -0.00354429 0.0031453 -0.00684421 0.000674489
internal_weight=164.446 45.5034 118.942 102.6 32.515 70.0848 28.178
internal_count=2857 790 2067 1968 510 1458 578
is_linear=0
shrinkage=0.03


Tree=208
num_leaves=8
num_cat=0
split_feature=5 18 5 22 7 5 3
split_gain=2.7735 2.55437 2.39849 3.1362 2.52648 2.76636 3.51027
threshold=-0.30991265230219295 0.82170862199325023 0.16201966518367525 72.500000000000014 0.10883183659255806 0.078383042637919162 0.011584509848837559
decision_type=8 10 10 2 10 8 10
left_child=1 -1 4 -4 5 6 -2
right_child=2 -3 3 -5 -6 -7 -8
leaf_value=-0.0003158412447708127 -0.0068275139928215735 0.017205368060513995 -0.0087331618433812083 0.0065169144208999368 0.0079035630143936275 -0.012354852353564705 0.0069232299718184655
leaf_weight=10.457001445814969 31.172069737687707 8.1395755391567928 7.2861953973770133 50.011946629732847 6.2957160621881476 26.558700193651021 20.796099807135761
leaf_count=205 793 135 117 554 85 486 410
internal_value=0.000707417 0.00965755 -0.000816039 0.0035156 -0.00395449 -0.00572138 -0.000885234
internal_weight=160.717 18.5966 142.121 57.2981 84.8226 78.5269 51.9682
internal_count=2785 340 2445 671 1774 1689 1203
is_linear=0
shrinkage=0.03


Tree=209
num_leaves=8
num_cat=0
split_feature=18 28 5 2 5 3 3
split_gain=2.66279 4.38996 2.7052 2.99846 2.45269 2.55723 1.99228
threshold=0.54028163988853939 -1.0000000180025095e-35 -0.21941524106294316 -1.0636431477588428 0.50748599015435258 -0.39401227958194901 0.033337714193067365
decision_type=8 2 10 10 10 8 8
left_child=1 -1 -2 4 5 -4 -3
right_child=2 6 3 -5 -6 -7 -8
leaf_value=-0.0052307503004713606 0.0049512393118993428 0 0.0040116983023091527 4.0034867138498657e-06 0.0049737705487469972 -0.01504428132027899 0.020448187347949273
leaf_weight=8.9302841089665908 37.248784758150578 7.3414082434028369 2.7823273204267025 66.887781599536538 2.9764985386282197 28.588858320377771 10.023376755416395
leaf_count=143 680 129 72 948 37 746 100
internal_value=0.000548936 0.00810934 -0.00114869 -0.00372867 -0.00997937 -0.0125015 0.0150472
internal_weight=164.779 26.2951 138.484 101.235 34.3477 31.3712 17.3648
internal_count=2855 372 2483 1803 855 818 229
is_linear=0
shrinkage=0.03


Tree=210
num_leaves=8
num_cat=0
split_feature=21 5 16 16 32 6 32
split_gain=2.68021 4.21793 3.79392 3.36592 3.24844 2.26268 2.30375
threshold=0.69515000000000016 0.041875185948576539 -1.1639789794857414 -1.5709796326587422 9.6938251893049401 0.041767449754145938 12.051687750503712
decision_type=2 10 2 2 8 10 8
left_child=-1 2 3 -2 -4 -6 -7
right_child=1 -3 4 -5 5 6 -8
leaf_value=0.0040679751953969136 0.0047839340110288594 -0.0088735979615614507 -0.0050816597475734282 -0.014000307353231498 -0.0012811792036398744 0.023789951169519173 0
leaf_weight=78.671933144330978 9.8683366216719168 46.041893000714481 4.1212911615148213 8.9009195622056705 3.5201325286179808 9.578087718226012 4.5063547929748902
leaf_count=1383 231 656 82 243 67 160 78
internal_value=0.000188071 -0.00322629 0.00328986 -0.00508558 0.0104515 0.0151253 0.0188837
internal_weight=165.209 86.537 40.4951 18.7693 21.7259 17.6046 14.0844
internal_count=2900 1517 861 474 387 305 238
is_linear=0
shrinkage=0.03


Tree=211
num_leaves=8
num_cat=0
split_feature=7 18 22 22 32 2 0
split_gain=2.49251 2.77277 2.83161 4.11489 2.66621 2.68878 2.5424
threshold=0.10883183659255806 0.73544256102634276 238.50000000000003 157.50000000000003 12.169960721319162 -0.27171493735885749 0.11030438606532579
decision_type=10 10 2 2 8 8 10
left_child=1 4 3 6 -1 -6 -3
right_child=-2 2 -4 -5 5 -7 -8
leaf_value=-0.0093904517267004561 0.0085746737015638327 0.0097049006818098263 0.0069433841812778022 -0.01401203769914184 -0.0055326631577589944 0.010987428953791057 -0.0050829563176897552
leaf_weight=56.858601026237011 11.891143023967741 14.184599405154588 34.670089932158589 12.566226814873515 11.175910675898193 8.1430570688098687 11.481961465440689
leaf_count=1082 144 355 540 250 252 72 156
internal_value=-0.0013484 -0.00263178 0.00135191 -0.00371817 -0.00638858 0.00205999 0.00300813
internal_weight=160.972 149.08 72.9029 38.2328 76.1776 19.319 25.6666
internal_count=2851 2707 1301 761 1406 324 511
is_linear=0
shrinkage=0.03


Tree=212
num_leaves=8
num_cat=0
split_feature=17 5 17 29 1 5 32
split_gain=3.43495 4.6384 5.02417 3.37546 3.22401 3.39312 2.40384
threshold=0.10959723962624247 1.0000000180025095e-35 0.31857034228637143 15.500000000000002 -0.70071747366740322 -0.082272256666159976 10.14500820531264
decision_type=10 10 8 2 8 10 10
left_child=4 2 -2 -3 6 -6 -1
right_child=1 3 -4 -5 5 -7 -8
leaf_value=0.0081115537164727081 0.021367391470909901 0.0095717771484774127 -0.0048636776156641562 -0.0042266286121020232 -0.01551551856049618 0 -0.0042451104655102899
leaf_weight=18.884046237915754 13.852774802595375 14.435041829943655 4.6406904421746757 47.000231415964663 22.473598527722061 19.713485528714955 21.157227738760412
leaf_count=352 191 152 63 555 538 458 510
internal_value=0 0.00423905 0.0147378 -3.92067e-05 -0.0040928 -0.00923708 0.00165058
internal_weight=162.157 79.9287 18.4935 61.4353 82.2284 42.1871 40.0413
internal_count=2819 961 254 707 1858 996 862
is_linear=0
shrinkage=0.03


Tree=213
num_leaves=8
num_cat=0
split_feature=27 1 27 25 25 25 4
split_gain=3.30229 4.37418 3.4617 3.11737 1.43134 1.92237 3.98383
threshold=0.32880000000000004 0.85913981076322277 0.14570000000000002 9.5000000000000018 30.500000000000004 4.5000000000000009 0.029097825799776936
decision_type=2 8 2 2 2 2 10
left_child=1 2 -1 -4 5 6 -2
right_child=4 -3 3 -5 -6 -7 -8
leaf_value=-0.0039032352456679128 0.012138903871101236 -0.0095072392793533241 -0.0025463021771892072 0.018660224250973838 0.0025340070925783122 -0.0061879510138185103 -0.0091958206173727419
leaf_weight=6.3893263805657616 10.375809775665404 4.8318768749013534 4.189368846826258 22.073311938904226 28.197558345273137 81.044381943531334 5.6938627967610946
leaf_count=122 204 130 101 361 445 1376 88
internal_value=-0.000147341 0.00674912 0.0109213 0.0150349 -0.00260399 -0.00431785 0.00341242
internal_weight=162.795 37.4839 32.652 26.2627 125.312 97.1141 16.0697
internal_count=2827 714 584 462 2113 1668 292
is_linear=0
shrinkage=0.03


Tree=214
num_leaves=8
num_cat=0
split_feature=5 26 3 18 16 29 5
split_gain=3.20378 2.01095 2.05445 2.15616 1.9947 3.19056 2.50733
threshold=-1.0000000180025095e-35 1.5000000000000002 0.033337714193067365 0.72739556280701378 -0.38724823854018181 16.500000000000004 0.2664675650152189
decision_type=8 2 8 10 2 2 8
left_child=1 -1 3 -3 -2 -6 -7
right_child=4 2 -4 -5 5 6 -8
leaf_value=0.0098031509479568138 -0.008172816466634359 -0.010764586851006865 0.0073763637552208203 0.0027812678988247451 0.0095864366140117462 0.0035961828273524767 -0.0097624624271236346
leaf_weight=19.621728419326246 56.186411314643919 14.662284750491382 10.632833602838216 12.443199617788194 12.802891923114656 13.845705624669792 22.783045770600435
leaf_count=409 1092 366 212 277 109 166 205
internal_value=-0.0016434 0.00361276 -0.000429608 -0.00490214 -0.00468337 0 -0.00463731
internal_weight=162.978 57.36 37.7383 27.1055 105.618 49.4316 36.6288
internal_count=2836 1264 855 643 1572 480 371
is_linear=0
shrinkage=0.03


Tree=215
num_leaves=8
num_cat=1
split_feature=28 30 17 18 18 32 1
split_gain=2.10379 3.80777 3.13152 2.53699 2.85138 2.61633 2.79729
threshold=1.0000000180025095e-35 0 0.29719014469083438 0.72739556280701378 0.5167243675962141 9.5474005577648828 -0.99080786844196311
decision_type=2 1 8 10 10 10 10
left_child=-1 2 -2 4 -3 -5 -7
right_child=1 3 -4 5 -6 6 -8
leaf_value=-0.0024063464870359478 0.018020249610563761 0.0057770385309111501 -0.0020339141213732035 -0.0044102997868973801 -0.01207398518169287 0.019158847511867985 -0.00020458445334337931
leaf_weight=89.845194330438972 19.286101996898651 4.5578445866704014 5.7342483922839191 12.186737746931614 19.638242946006358 5.6777078649029127 9.9786146273836476
leaf_count=1668 277 60 48 185 356 95 179
internal_value=0.000523162 0.00402016 0.0104315 -0.00131091 -0.00764554 0.00388754 0.0102878
internal_weight=166.905 77.0595 25.0204 52.0391 24.1961 27.8431 15.6563
internal_count=2868 1200 325 875 416 459 274
cat_boundaries=0 1
cat_threshold=56
is_linear=0
shrinkage=0.03


Tree=216
num_leaves=8
num_cat=0
split_feature=27 1 21 7 21 3 26
split_gain=3.20436 1.99612 1.68768 2.61239 2.08045 2.62567 2.57404
threshold=0.71520000000000017 0.90894899748892743 0.76805000000000012 -1.0000000180025095e-35 0.64095000000000013 0.0860600061250619 3.5000000000000004
decision_type=2 8 2 8 2 8 2
left_child=1 2 4 -4 6 -6 -1
right_child=-2 -3 3 -5 5 -7 -8
leaf_value=0.010167394386727705 -0.0069046024719104119 -0.00461431187965404 -0.0039706964824702349 0.014358663863235938 0.0048257083988786338 -0.0063527294354944336 -0.00466815716780842
leaf_weight=34.980392010882497 24.151421431452036 15.698572861030696 3.8398049743846059 21.79549732152373 27.267954553477466 31.933918226510286 7.1854454884305587
leaf_count=575 440 326 116 303 574 445 120
internal_value=0.00164184 0.00347755 0.00480304 0.0108758 0.00244692 -0.00101926 0.006999
internal_weight=166.853 142.702 127.003 25.6353 101.368 59.2019 42.1658
internal_count=2899 2459 2133 419 1714 1019 695
is_linear=0
shrinkage=0.03


Tree=217
num_leaves=8
num_cat=0
split_feature=5 17 17 22 22 32 5
split_gain=3.21519 2.62187 2.50402 2.44775 2.42402 2.22978 2.21556
threshold=-0.0097672724554301819 0.10959723962624247 0.31857034228637143 250.50000000000003 321.50000000000006 12.501075568037427 0.16201966518367525
decision_type=10 10 8 2 2 10 10
left_child=1 4 -3 5 -1 -2 -5
right_child=3 2 -4 6 -6 -7 -8
leaf_value=0.0047661274916471494 -0.009064502010943349 0.017988462851290903 -0.0017916411233374343 -0.004552168898288746 -0.0076887260238398683 0.0045054389760079963 0.0075102972019874857
leaf_weight=40.970945068635046 44.373994016088545 13.134294300340114 4.3200639709830311 15.508912793360649 11.422425931319593 6.9127829782664767 23.862916273996234
leaf_count=944 758 194 58 271 237 99 247
internal_value=0.000901428 0.00548723 0.013479 -0.00263811 0.00114364 -0.0066213 0.00247581
internal_weight=160.506 69.8477 17.4544 90.6586 52.3934 51.2868 39.3718
internal_count=2808 1433 252 1375 1181 857 518
is_linear=0
shrinkage=0.03


Tree=218
num_leaves=8
num_cat=1
split_feature=1 2 4 4 30 18 2
split_gain=3.05905 2.78357 2.73122 3.27377 2.39453 2.89767 2.49969
threshold=0.27637719668734467 -0.27171493735885749 0.037499562295974849 -0.20611811202792948 0 0.72739556280701378 -1.6153538790784483
decision_type=8 10 10 8 1 10 10
left_child=4 2 3 -2 5 -1 -6
right_child=1 -3 -4 -5 6 -7 -8
leaf_value=-0.011195175168193388 0.0039269810718573868 0.0050574350068473784 0.00069410260368282643 -0.01636046988354057 -0.00041280036929836457 0.0043402328736907919 0.010922580906640235
leaf_weight=11.677413959056141 4.5518300784751773 17.273115029558539 20.797696650028229 21.276355884969238 20.585928346030414 15.544146375730632 50.916396610438824
leaf_count=221 108 154 314 563 433 286 776
internal_value=0.00144609 -0.0032946 -0.00695084 -0.0122585 0.004672 -0.00228 0.00689053
internal_weight=162.623 63.899 46.6259 25.8282 98.7239 27.2216 71.5023
internal_count=2855 1139 985 671 1716 507 1209
cat_boundaries=0 1
cat_threshold=98
is_linear=0
shrinkage=0.03


Tree=219
num_leaves=8
num_cat=0
split_feature=6 29 6 4 5 5 5
split_gain=3.34779 3.36194 2.53068 3.22822 2.05489 2.8216 3.8983
threshold=0.046650734569235998 9.5000000000000018 0.052487756333730519 0.13625789180823913 -0.30991265230219295 0.14791991857320722 0.2664675650152189
decision_type=10 2 10 8 10 10 10
left_child=1 -1 3 -2 -4 -6 -7
right_child=2 -3 4 -5 5 6 -8
leaf_value=0.0078614003709016698 0.020934162964779793 -0.0080816639159624979 0.0084424305391489068 -0.00060682917365302851 -0.0060525697015241155 0.013341323181759247 -0.0033305093037884104
leaf_weight=7.52344075590372 7.2425347706302983 45.636021141894162 19.327484882436693 7.7092301305383444 39.859688917174935 14.787594389170406 20.609498154371977
leaf_count=102 144 795 328 84 950 204 225
internal_value=0.00077854 -0.00484688 0.00378034 0.0128337 0.00131374 -0.000972193 0.00446418
internal_weight=162.695 53.1595 109.536 14.9518 94.5843 75.2568 35.3971
internal_count=2832 897 1935 228 1707 1379 429
is_linear=0
shrinkage=0.03


Tree=220
num_leaves=8
num_cat=0
split_feature=27 2 27 4 2 2 26
split_gain=2.40034 3.2536 3.18395 4.21072 4.07108 2.81688 2.57168
threshold=0.32880000000000004 -0.91403539186437344 0.55510000000000004 -0.050000244207981652 -0.12139816440845426 -1.6153538790784483 2.5000000000000004
decision_type=2 10 2 8 10 8 2
left_child=5 -2 -3 -4 -5 6 -1
right_child=1 2 3 4 -6 -7 -8
leaf_value=-0.0047843872194099548 -0.0091028808840080029 0.0083631490676467288 0.0083533063113977457 -0.011843246476840461 0.0037246844731250637 0.017863462114947954 0.0091894100023546081
leaf_weight=20.840099971741438 31.393723845481873 27.933613499626517 15.312374350614844 34.315129121765494 16.871495056897402 5.2899116165935984 11.841585094109176
leaf_count=445 823 334 293 533 157 40 228
internal_value=0.000144945 -0.00180721 0.000993273 -0.00246681 -0.00664863 0.00612887 0.000721461
internal_weight=163.798 125.826 94.4326 66.499 51.1866 37.9716 32.6817
internal_count=2853 2140 1317 983 690 713 673
is_linear=0
shrinkage=0.03


Tree=221
num_leaves=8
num_cat=0
split_feature=25 22 5 5 3 4 18
split_gain=2.35815 3.90605 2.72348 4.14368 2.7156 3.29588 2.57545
threshold=17.500000000000004 62.500000000000007 0.16201966518367525 -0.0097672724554301819 -0.47053662675759106 0.35013106303184444 0.66117991422071187
decision_type=2 2 8 10 10 10 10
left_child=1 -1 3 -3 -2 6 -6
right_child=4 2 -4 -5 5 -7 -8
leaf_value=-0.0083789099207426804 0.0058569132180622228 0.0079622587378079483 0.012920791714854335 -0.0088505333202601993 -0.00021164857225663701 0.0091506942773183515 -0.012512365247544611
leaf_weight=9.8777369325980526 18.74695354141295 23.968026090413332 30.56237087585032 14.239742509089409 29.507977478206158 4.8881881088018408 31.822755078785121
leaf_count=193 313 495 352 294 534 27 616
internal_value=0.000929644 0.00451442 0.00724188 0.000924176 -0.00233016 -0.00523154 -0.00751781
internal_weight=163.614 78.6479 68.7701 38.2078 84.9659 66.2189 61.3307
internal_count=2824 1334 1141 789 1490 1177 1150
is_linear=0
shrinkage=0.03


Tree=222
num_leaves=8
num_cat=0
split_feature=27 18 2 27 4 2 18
split_gain=2.90685 2.2055 3.32216 6.8563 2.8965 5.37109 4.158
threshold=0.71520000000000017 0.54028163988853939 -3.6371557987660106 0.21170000000000003 0.029097825799776936 -1.0169667466394263 0.62781125283848083
decision_type=2 8 10 2 10 10 10
left_child=1 -1 -3 -4 5 -5 -7
right_child=-2 2 3 4 -6 6 -8
leaf_value=0.0094057979927983908 -0.0082950914791650853 -0.010212577279304844 0.023255868414516948 -0.005027126510182999 -0.0052341463774464303 -0.0065287547384887496 0.015762279063280364
leaf_weight=19.80217145755887 23.122281205840409 15.595100050792096 4.3762732446193686 24.584163287654516 48.750123942270875 3.8411659440025749 25.432553398422897
leaf_count=291 422 329 34 701 618 95 381
internal_value=0 0.00177667 0 0.00214501 -0.000236674 0.00413626 0.0116614
internal_weight=165.504 142.382 122.579 106.984 102.608 53.8579 29.2737
internal_count=2871 2449 2158 1829 1795 1177 476
is_linear=0
shrinkage=0.03


Tree=223
num_leaves=8
num_cat=0
split_feature=6 3 22 0 5 22 4
split_gain=3.31425 4.90228 3.37877 5.90185 3.65099 4.03978 3.0791
threshold=0.056104277765816765 0.0860600061250619 262.50000000000006 0.017117935888965378 0.0086689347114228942 104.50000000000001 -0.15762898204123774
decision_type=8 10 2 10 8 2 10
left_child=1 6 4 -4 5 -2 -1
right_child=2 -3 3 -5 -6 -7 -8
leaf_value=0 0.013148996197645204 -0.0037213778918518368 -0.0088859091732695333 0.01155383195650371 -0.012554517577937071 -0.006832315136438491 0.016210857386829123
leaf_weight=17.663836903870106 7.7257790369913009 28.535696743056178 13.729769952595232 22.430533506907523 35.331542953848839 13.24759952444583 24.851260007359087
leaf_count=336 177 394 313 253 575 325 462
internal_value=0.000316591 0.004974 -0.00322398 0.00324954 -0.00750174 0.00160865 0.0107723
internal_weight=163.516 71.0508 92.4652 36.1603 56.3049 20.9734 42.5151
internal_count=2835 1192 1643 566 1077 502 798
is_linear=0
shrinkage=0.03


Tree=224
num_leaves=8
num_cat=1
split_feature=30 21 1 6 25 26 21
split_gain=4.36509 3.08809 3.16549 2.95119 2.81697 2.1208 2.09096
threshold=0 0.85325000000000017 0.049970971763623979 0.032175999070441309 10.500000000000002 2.5000000000000004 0.64095000000000013
decision_type=1 2 8 10 2 2 2
left_child=1 2 3 -1 5 -4 -2
right_child=6 -3 4 -5 -6 -7 -8
leaf_value=-0.002699787680039918 0.0022888068620123998 -0.0087607385261895526 0.014315648513271153 0.01442277097136172 -0.0045415400803954517 -0.0031854115751068584 -0.0074852661363507796
leaf_weight=6.6281029023230067 22.35669528786093 4.8353824196383348 9.4892647825181466 41.522797638550401 28.065454296767712 4.0747598987072697 49.461784626357257
leaf_count=100 374 112 147 697 495 65 909
internal_value=0.00117405 0.00502088 0.00708606 0.0117498 0.000364992 0.00913128 -0.00384816
internal_weight=166.434 94.6158 89.7804 48.1509 41.6295 13.564 71.8185
internal_count=2899 1616 1504 797 707 212 1283
cat_boundaries=0 1
cat_threshold=45
is_linear=0
shrinkage=0.03


Tree=225
num_leaves=8
num_cat=1
split_feature=6 27 30 18 5 4 27
split_gain=4.41901 2.75009 3.29713 3.20566 4.99849 4.1389 2.41879
threshold=0.096694690662783869 0.21170000000000003 0 0.66117991422071187 -0.12153552059407646 0.11082581929922704 0.14570000000000002
decision_type=8 2 1 10 8 10 2
left_child=1 6 -3 5 -5 -4 -1
right_child=-2 2 3 4 -6 -7 -8
leaf_value=-0.001761785522969399 -0.0093958422986968083 -0.004585507438993588 1.0535752253205868e-05 0.013173688710685664 -0.0059513269661007713 0.01954312924552758 0.017351838494608619
leaf_weight=4.7851266795769325 23.479430830106139 43.091861335560679 20.002404420636594 9.0195330483838898 35.877071499824524 14.534942328929899 11.207592443563042
leaf_count=105 451 707 490 200 584 117 179
internal_value=0.00072725 0.00296486 0.000947279 0.00429811 -0.000414332 0.0107129 0.0123272
internal_weight=161.998 138.519 122.526 79.434 44.8966 34.5373 15.9927
internal_count=2833 2382 2098 1391 784 607 284
cat_boundaries=0 1
cat_threshold=162
is_linear=0
shrinkage=0.03


Tree=226
num_leaves=8
num_cat=0
split_feature=22 4 0 3 6 6 3
split_gain=2.10392 2.23921 2.79745 2.77937 2.28098 2.43159 3.46433
threshold=54.500000000000007 -0.090536385868056221 -0.11614706061906298 -0.18015937636820931 0.1063127971192401 0.061083277684425945 0.10578348132296272
decision_type=2 8 10 8 8 10 10
left_child=-1 2 -2 -3 5 6 -5
right_child=1 3 -4 4 -6 -7 -8
leaf_value=-0.0063999671734602239 0 -0.0083368979862589124 0.017287545016581089 0.0069690612362028753 -0.0067868218154112057 0.0093310987937696675 -0.0067353141731078935
leaf_weight=17.208393195644021 16.537315735593442 16.469238135963678 11.238811625167726 24.402380976825953 10.810614158399401 40.678746528923512 26.039469724521041
leaf_count=344 386 355 216 409 180 622 328
internal_value=0.00156268 0.00288081 0.0095047 0.000704998 0.00280275 0.00454773 0
internal_weight=163.385 146.177 27.7761 118.4 101.931 91.1206 50.4419
internal_count=2840 2496 602 1894 1539 1359 737
is_linear=0
shrinkage=0.03


Tree=227
num_leaves=8
num_cat=0
split_feature=2 27 2 27 18 4 32
split_gain=2.8523 3.29101 3.497 6.49199 3.24186 3.75233 4.86446
threshold=-4.3551199158998122 0.21170000000000003 -1.0636431477588428 0.55510000000000004 0.58201828336882444 0.14668392030419972 10.768579810257661
decision_type=10 2 10 2 10 10 8
left_child=-1 -2 -3 4 -4 6 -6
right_child=1 2 3 -5 5 -7 -8
leaf_value=-0.010271544133045745 0.014327947820614135 -0.0062612980712330691 -0.0025677172591774835 -0.002120312850551882 0.032132098784925012 0.0026305643692391173 -0.00020041825204614533
leaf_weight=11.386044989340006 9.1333043463528139 41.531682955101132 6.6406148523092261 67.163657047785819 8.5918853171169758 16.145105805248022 4.2595252562314281
leaf_count=256 103 1036 96 1008 145 124 91
internal_value=0.000511737 0.00187395 0.000276332 0.0033143 0.0124114 0.0160607 0.0247309
internal_weight=164.852 153.466 144.332 102.801 35.6371 28.9965 12.8514
internal_count=2859 2603 2500 1464 456 360 236
is_linear=0
shrinkage=0.03


Tree=228
num_leaves=8
num_cat=0
split_feature=28 32 29 32 27 21 2
split_gain=2.77743 4.1851 4.54832 3.35576 2.18874 2.55907 1.95156
threshold=1.0000000180025095e-35 10.768579810257661 46.000000000000007 9.1053797757080925 0.39990000000000003 0.76805000000000012 -0.20128577890358271
decision_type=2 8 2 10 2 2 10
left_child=6 2 3 -2 -3 -6 -1
right_child=1 4 -4 -5 5 -7 -8
leaf_value=-0.0045573157453828866 0 0.0065976006615837699 -0.0051908936386928636 0.019318375322322046 -0.011836618186057994 0.0037530925889431087 0.0054149895540939784
leaf_weight=73.599358277395368 9.4021291285753232 8.6904948921874148 7.7432192927226415 24.97768491320312 17.248373204842213 8.4318747632205469 14.125323476269839
leaf_count=1470 132 173 151 335 269 136 155
internal_value=0.000966843 0.0049539 0.0105868 0.0148033 -0.00229092 -0.00659689 -0.00247654
internal_weight=164.218 76.4938 42.123 34.3798 34.3707 25.6802 87.7247
internal_count=2821 1196 618 467 578 405 1625
is_linear=0
shrinkage=0.03


Tree=229
num_leaves=8
num_cat=0
split_feature=5 18 18 5 5 17 3
split_gain=2.61724 3.52286 3.47407 3.42591 3.87971 5.21236 3.19219
threshold=-0.30991265230219295 0.82170862199325023 0.84760704246024177 -0.12153552059407646 1.0000000180025095e-35 0.2271843322843338 0.58983932791917493
decision_type=8 10 8 8 10 10 10
left_child=1 -1 3 -2 -5 -6 -4
right_child=2 -3 6 4 5 -7 -8
leaf_value=-0.0027207121997020441 -0.0099428075146238814 0.016941905771738347 -0.011664054702979229 0.012518016050458262 -0.0071631837728890939 0.0082366625388117527 0.0058700280613486833
leaf_weight=10.247821290045978 12.532965283840893 8.8318837340921146 36.097438503988087 21.717623516917229 37.568041616119444 26.807260538451374 5.3392241382971397
leaf_count=205 357 146 679 414 714 232 59
internal_value=-0.000343435 0.00814326 -0.00197835 0.00106103 0.0035315 -0.000341506 -0.00851703
internal_weight=159.142 19.0797 140.063 98.6259 86.0929 64.3753 41.4367
internal_count=2806 351 2455 1717 1360 946 738
is_linear=0
shrinkage=0.03


end of trees

feature_importances:
raw_s3=187
f_s3_bom_coverage=174
raw_s5=141
interval_width_rel=122
raw_s2=106
raw_s6=97
raw_s7=94
sector=74
raw_s4=71
log_production=71
f_data_freshness_days=68
f_data_quality_score=65
f_firm_age_years=63
raw_s1=59
interval_position_z=50
raw_s8=48
interval_rel_gap=39
f_s2_peer_n_prev=31
f_s7_matrix_age_years=17
size_band=12
f_s6_quarter=10
f_missing_field_count=4
f_data_confidence_level=4
f_active_signal_count=2
interval_below_lower=1

parameters:
[boosting: gbdt]
[objective: binary]
[metric: average_precision]
[tree_learner: serial]
[device_type: cpu]
[data_sample_strategy: bagging]
[data: ]
[valid: ]
[num_iterations: 1200]
[learning_rate: 0.03]
[num_leaves: 8]
[num_threads: 4]
[seed: 20261205]
[deterministic: 1]
[force_col_wise: 0]
[force_row_wise: 1]
[histogram_pool_size: -1]
[max_depth: -1]
[min_data_in_leaf: 60]
[min_sum_hessian_in_leaf: 0.001]
[bagging_fraction: 0.8]
[pos_bagging_fraction: 1]
[neg_bagging_fraction: 1]
[bagging_freq: 1]
[bagging_seed: 20261535]
[bagging_by_query: 0]
[feature_fraction: 0.7]
[feature_fraction_bynode: 1]
[feature_fraction_seed: 20261823]
[extra_trees: 0]
[extra_seed: 12731]
[early_stopping_round: 0]
[early_stopping_min_delta: 0]
[first_metric_only: 0]
[max_delta_step: 0]
[lambda_l1: 0.5]
[lambda_l2: 8]
[linear_lambda: 0]
[min_gain_to_split: 0]
[drop_rate: 0.1]
[max_drop: 50]
[skip_drop: 0.5]
[xgboost_dart_mode: 0]
[uniform_drop: 0]
[drop_seed: 2269]
[top_rate: 0.2]
[other_rate: 0.1]
[min_data_per_group: 100]
[max_cat_threshold: 32]
[cat_l2: 10]
[cat_smooth: 10]
[max_cat_to_onehot: 4]
[top_k: 20]
[monotone_constraints: ]
[monotone_constraints_method: basic]
[monotone_penalty: 0]
[feature_contri: ]
[forcedsplits_filename: ]
[refit_decay_rate: 0.9]
[cegb_tradeoff: 1]
[cegb_penalty_split: 0]
[cegb_penalty_feature_lazy: ]
[cegb_penalty_feature_coupled: ]
[path_smooth: 0]
[interaction_constraints: ]
[verbosity: -1]
[saved_feature_importance_type: 0]
[use_quantized_grad: 0]
[num_grad_quant_bins: 4]
[quant_train_renew_leaf: 0]
[stochastic_rounding: 1]
[linear_tree: 0]
[max_bin: 63]
[max_bin_by_feature: ]
[min_data_in_bin: 3]
[bin_construct_sample_cnt: 200000]
[data_random_seed: 6016]
[is_enable_sparse: 1]
[enable_bundle: 1]
[use_missing: 1]
[zero_as_missing: 0]
[feature_pre_filter: 1]
[pre_partition: 0]
[two_round: 0]
[header: 0]
[label_column: ]
[weight_column: ]
[group_column: ]
[ignore_column: ]
[categorical_feature: 24,30,31]
[forcedbins_filename: ]
[precise_float_parser: 0]
[parser_config_file: ]
[objective_seed: 29592]
[num_class: 1]
[is_unbalance: 0]
[scale_pos_weight: 1]
[sigmoid: 1]
[boost_from_average: 1]
[reg_sqrt: 0]
[alpha: 0.9]
[fair_c: 1]
[poisson_max_delta_step: 0.7]
[tweedie_variance_power: 1.5]
[lambdarank_truncation_level: 30]
[lambdarank_norm: 1]
[label_gain: ]
[lambdarank_position_bias_regularization: 0]
[eval_at: ]
[multi_error_top_k: 1]
[auc_mu_weights: ]
[num_machines: 1]
[local_listen_port: 12400]
[time_out: 120]
[machine_list_filename: ]
[machines: ]
[gpu_platform_id: -1]
[gpu_device_id: -1]
[gpu_device_id_list: ]
[gpu_use_dp: 0]
[num_gpu: 1]

end of parameters

pandas_categorical:[["dusuk", "orta", "yuksek"], ["elektronik", "ev_temizlik", "gida_icecek", "ilac", "kimya_boya", "kozmetik", "otomotiv_yan_sanayi", "tekstil"], ["buyuk", "kucuk", "mikro", "orta"]]
