tree
version=v4
num_class=1
num_tree_per_iteration=1
label_index=0
max_feature_idx=30
objective=binary sigmoid:1
feature_names=raw_s1 raw_s2 raw_s3 raw_s4 raw_s5 raw_s6 raw_s7 raw_s8 avail_s1 avail_s2 avail_s3 avail_s4 avail_s5 avail_s6 avail_s7 avail_s8 interval_position_z interval_rel_gap interval_width_rel interval_below_lower f_active_signal_count f_data_quality_score f_data_freshness_days f_missing_field_count f_data_confidence_level f_firm_age_years f_s6_quarter f_s3_bom_coverage f_s7_matrix_age_years f_s2_peer_n_prev log_production
feature_infos=[-208.60777113911226:1] [-100.24405333971055:1] [-1.0260069143966963:0.62800434300908492] [-18.195565291938621:1.214954902093536] [-174.21415603222258:13.130288369385079] [-2.1314628631121586:1] [0.00050778214690254961:2] [-1.07584610203738:0.58862491509519155] [0:1] none none [0:1] [0:1] [0:1] none [0:1] [-5.348070338019844:5.6804262484476462] [-39.874239411428682:1] [0.29734522879857556:36.712268368229061] [0:1] [3:8] [0.1346:1] [5:399] [0:4] -1:1:2:0 [0:40] [1:4] [0.0068999999999999999:1] [-2:6] [2:61] [7.145401161296455:14.564719245148021]
tree_sizes=965 1001 1004 999 956 966 1012 1003 990 977 982 1001 1002 977 1000 1005 952 959 1009 1005 965 984 996 999 1006 998 997 974 964 1006 1004 959 988 1008 994 980 992 999 1001 1006 1007 996 997 999 995 1000 977 967 999 992 993 997 1004 992 1001 1003 999 976 998 1005 969 1000 1005 991 989 980 1001 994 940 994 968 1002 1006 1000 1005 1001 1001 1000 1009 979 987 994 993 959 1002 998 994 1002 1005 992 1002 999 994 982 1003 1005 1004 1002 980 980 1024 999 999 1004 993 1003 989 1008 997 980 1000 1008 992 986 1002 1004 999 1005 1002 1009 1003 1006 990 1006 1000 1003 1007 992 1004 993 1005 1005 1008 1011 991 1005 983 1009 1005 1010 1006 990 1003 1007 1001 1010 988 1011 987 1009 1004 987 1004 1007 967 993 1008 1008 981 989 1012 992 1008 995 999 1005 1009 1008 1008 1007 1006 979 1004 1008 996 1008 988 1006 1001 1009 1001 1002 987 1008 1000 1003 997 989 1005 1007 995 1005 1002 998 996 992 998 1006 1011 1004 990 978 980 984 980 1002 981 1001 1002 1012 1004 983 1012 1010 1002 1008 961 998 982 993 1009 1015 1004 977 958 1001 991 998 1024 1005 1006 1026 983 981 1005 1002 1006 998

Tree=0
num_leaves=8
num_cat=0
split_feature=2 2 5 2 1 17 25
split_gain=184.128 16.3123 5.32185 4.52161 3.80968 3.16496 3.77732
threshold=0.24048475746439688 0.17262979966188222 -0.30991265230219295 0.01727381671925721 -10.577012419508245 0.10959723962624247 3.5000000000000004
decision_type=8 10 8 10 8 10 2
left_child=1 2 3 -1 -4 -6 -7
right_child=-2 -3 4 -5 5 6 -8
leaf_value=-2.6038422277495217 -2.5184848472106851 -2.582697701420861 -2.5930056851482979 -2.5814499010425549 -2.6169382841030688 -2.5884223275949005 -2.6074658707629372
leaf_weight=16.970737509429458 15.873769685626028 14.647746823728083 4.5169263333082199 4.0007061809301367 85.305380180478096 4.5814538523554793 36.32899322360754
leaf_count=263 246 227 70 62 1322 71 563
internal_value=-2.59668 -2.60732 -2.61038 -2.59695 -2.61252 -2.61352 -2.60398
internal_weight=182.226 166.352 151.704 20.9714 130.733 126.216 40.9104
internal_count=2824 2578 2351 325 2026 1956 634
is_linear=0
shrinkage=1


Tree=1
num_leaves=8
num_cat=0
split_feature=2 2 5 2 17 4 2
split_gain=174.048 20.1167 7.98543 3.73364 5.28898 3.39607 2.23252
threshold=0.24048475746439688 0.051032832670821766 -0.21941524106294316 0.17262979966188222 -0.13418255515090546 0.094181235280523426 0.076383765961346398
decision_type=8 10 10 10 10 8 8
left_child=1 -1 -3 4 -4 -5 -6
right_child=-2 2 3 5 6 -7 -8
leaf_value=-0.018106427342167226 0.07380219479321512 0.019764703246056527 0.011176090695503621 -0.0057701870680726816 0.00047195839458722712 0.015597671517104089 -0.014596900729288168
leaf_weight=100.71763751655817 17.459881722927094 10.516963340342043 4.509757585823535 4.5726654678583127 8.6064657643437421 8.3614454269409162 27.929619096219533
leaf_count=1580 253 163 71 70 135 128 438
internal_value=0.000510451 -0.0101993 0.00257698 -0.00264859 -0.00707121 0.00800864 -0.0112633
internal_weight=182.674 165.215 64.4969 53.98 41.0458 12.9341 36.5361
internal_count=2838 2585 1005 842 644 198 573
is_linear=0
shrinkage=0.03


Tree=2
num_leaves=8
num_cat=0
split_feature=0 18 0 3 16 0 22
split_gain=54.0371 10.3912 5.29691 5.07692 6.47691 3.81623 3.77149
threshold=0.16962795691237395 0.87521673598542249 -0.061576090697828649 -0.098477915316762477 -0.67729002088516055 0.24026764920318064 212.50000000000003
decision_type=10 10 10 10 2 10 2
left_child=2 5 -1 -4 -5 6 -2
right_child=1 -3 3 4 -6 -7 -8
leaf_value=-0.013681740526617825 -0.0035239964007621289 0.0034263478940142434 0.0074636439083093729 -0.014394745160916133 0.0058095902643448176 0.047507581052216252 0.020118254553153293
leaf_weight=71.563086599111557 5.6762173622846621 13.925284020602701 24.57663931697607 30.914343133568764 15.734505303204058 13.454116500914095 5.8002619221806526
leaf_count=1130 87 211 384 488 245 198 88
internal_value=0.000374932 0.0285727 -0.00830763 -0.0018824 -0.00745257 0.0379184 0.0110103
internal_weight=181.644 38.8559 142.789 71.2255 46.6488 24.9306 11.4765
internal_count=2831 584 2247 1117 733 373 175
is_linear=0
shrinkage=0.03


Tree=3
num_leaves=8
num_cat=0
split_feature=0 18 0 5 22 27 27
split_gain=50.3802 9.58407 9.03245 5.91069 3.31681 3.16019 4.92235
threshold=0.15562261050103524 0.87521673598542249 0.24026764920318064 0.21319501873169419 299.50000000000006 0.57555000000000012 0.71520000000000017
decision_type=10 10 10 8 2 2 2
left_child=3 2 -2 5 -5 -1 -7
right_child=1 -3 -4 4 -6 6 -8
leaf_value=-0.013625613629497499 0.0085741949338902571 0.0031254986312724102 0.048781273949623581 -0.0026638907844648081 0.015984645748806474 0.0059604120746997854 -0.011948626101700487
leaf_weight=81.079592872411013 13.368071705102922 14.107596792280672 13.46679776906967 15.436699170619251 5.7492067366838446 21.952918350696564 17.346085663884878
leaf_count=1288 203 213 190 241 90 348 277
internal_value=0.000702069 0.0271643 0.0357513 -0.00789452 0.00487713 -0.0104229 -0.00231124
internal_weight=182.507 40.9425 26.8349 141.565 21.1859 120.379 39.299
internal_count=2850 606 393 2244 331 1913 625
is_linear=0
shrinkage=0.03


Tree=4
num_leaves=8
num_cat=0
split_feature=2 2 2 17 4 18 29
split_gain=131.469 8.31876 4.76434 8.69194 4.11092 2.17715 1.99156
threshold=0.17262979966188222 0.26392974877385356 0.051032832670821766 -0.13418255515090546 -0.34545437731407996 0.92141701807170506 20.500000000000004
decision_type=8 8 10 10 8 10 2
left_child=2 5 4 6 -1 -2 -4
right_child=1 -3 3 -5 -6 -7 -8
leaf_value=0.0011453615321096358 0.023340395945786848 0.062656735487363391 0 -0.010051718384944034 -0.018284949743566752 0 0.021182284444288886
leaf_weight=8.2897553481161577 13.60296391695738 15.035993047058581 4.1299078688025457 40.885856907814741 89.615960955619812 5.2793951332569113 4.4113540053367615
leaf_count=134 199 199 65 644 1445 79 69
internal_value=-3.0771e-05 0.0470408 -0.0128286 -0.00394331 -0.0165359 0.0191023 0.0151097
internal_weight=181.251 33.9184 147.333 49.4271 97.9057 18.8824 8.54126
internal_count=2834 477 2357 778 1579 278 134
is_linear=0
shrinkage=0.03


Tree=5
num_leaves=8
num_cat=0
split_feature=2 2 6 5 17 1 4
split_gain=159.539 5.76409 4.58755 4.23388 3.38683 2.49116 2.15924
threshold=0.20933129878517096 0.16293400269933614 0.1063127971192401 -0.30991265230219295 -0.042663946313760907 -10.577012419508245 0.19660283353900024
decision_type=8 10 8 8 10 8 10
left_child=1 3 -2 4 -1 -5 -7
right_child=2 -3 -4 5 -6 6 -8
leaf_value=-0.0067313818296972335 0.066239284746167734 0.004928983283517192 0.0083221877655554263 0.0016859796733255932 0.012792054476691104 -0.016882709297608541 0
leaf_weight=15.704183213412763 20.560221068561081 12.230265874415634 4.5934824943542472 4.474168423563242 4.0637429170310488 112.20893659815192 6.2954608164727679
leaf_count=254 270 184 61 71 65 1820 100
internal_value=0.00063841 -0.011514 0.0606754 -0.0132091 0 -0.0151627 -0.0159837
internal_weight=180.13 154.977 25.1537 142.746 19.7679 122.979 118.504
internal_count=2825 2494 331 2310 319 1991 1920
is_linear=0
shrinkage=0.03


Tree=6
num_leaves=8
num_cat=0
split_feature=4 16 18 5 0 5 28
split_gain=48.1589 14.7501 8.15096 5.56715 4.51213 2.14605 3.17017
threshold=0.14668392030419972 -0.65268017360935204 0.87521673598542249 -0.30991265230219295 -0.070814431954184007 0.1767271155417818 1.0000000180025095e-35
decision_type=10 2 10 10 10 10 2
left_child=3 -2 -3 4 -1 -5 -7
right_child=1 2 -4 5 -6 6 -8
leaf_value=-0.0040433417387173666 -0.00066255123868043668 0.04794671255063316 0.0015356046158334455 -0.011496800433367744 0.014376903249338834 -0.0086324400549664185 0.0081848028738515603
leaf_weight=23.036014970391989 9.1725228391587752 16.995712652802471 5.3626003451645365 91.025476094335318 11.360806006938217 13.738897297531368 10.600760184228418
leaf_count=371 140 226 76 1485 175 216 161
internal_value=0.00090638 0.0305484 0.0406472 -0.00647199 0.00325164 -0.00951559 -0.000631305
internal_weight=181.293 31.5308 22.3583 149.762 34.3968 115.365 24.3397
internal_count=2850 442 302 2408 546 1862 377
is_linear=0
shrinkage=0.03


Tree=7
num_leaves=8
num_cat=0
split_feature=2 2 5 30 4 1 18
split_gain=132.722 6.73406 5.95382 2.98476 3.6443 2.57675 2.57059
threshold=0.20933129878517096 0.051032832670821766 -0.28170156685490211 9.8448600845764549 -0.098964515315366861 -1.0000000180025095e-35 0.92141701807170506
decision_type=8 10 10 10 10 8 8
left_child=1 -1 -3 5 -5 -4 -2
right_child=6 2 3 4 -6 -7 -8
leaf_value=-0.017511406671442287 0.057763056466714875 0.012650998209495286 0.010278127574473477 0.0025195091699246937 -0.016833235795417817 -0.0066196417297146202 0.012747641000477291
leaf_weight=95.205489575862885 19.861391343176368 8.0986295491456968 7.6025043688714504 7.6407148726284495 25.402832541614771 8.5302961766719836 7.9762849435210219
leaf_count=1585 242 124 121 123 405 136 104
internal_value=-0.00115507 -0.0128398 -0.00365021 -0.00799161 -0.012374 0.00148925 0.0510083
internal_weight=180.318 152.48 57.275 49.1763 33.0435 16.1328 27.8377
internal_count=2840 2494 909 785 528 257 346
is_linear=0
shrinkage=0.03


Tree=8
num_leaves=8
num_cat=0
split_feature=2 6 22 2 2 5 17
split_gain=121.441 8.95225 5.83652 5.40895 3.62339 3.91928 3.20002
threshold=0.20933129878517096 0.1063127971192401 96.500000000000014 0.051032832670821766 -0.28366565734840871 -0.49138392644306683 -0.13418255515090546
decision_type=8 8 2 10 10 8 10
left_child=3 2 -2 4 -1 -6 -5
right_child=1 -3 -4 6 5 -7 -8
leaf_value=0.0023618636710414998 0.0070393563428128173 0.0037094092860603775 0.062108857123645195 0.0078863548264378296 0.0018397731018690011 -0.01881015639565168 -0.0065975630633649338
leaf_weight=5.9890348352491847 4.9508589133620324 5.3364079445600501 18.246864043176174 10.023314595222471 6.2022002823650837 80.658536478877068 48.380607955157757
leaf_count=100 59 67 215 157 103 1366 769
internal_value=0 0.0492909 0.0556556 -0.0113551 -0.0156521 -0.0171467 -0.0032353
internal_weight=179.788 28.5341 23.1977 151.254 92.8498 86.8607 58.4039
internal_count=2836 341 274 2495 1569 1469 926
is_linear=0
shrinkage=0.03


Tree=9
num_leaves=8
num_cat=0
split_feature=2 2 22 2 17 16 17
split_gain=119.469 12.6872 6.34221 4.04516 4.27535 3.79187 3.39952
threshold=0.17262979966188222 0.26392974877385356 262.50000000000006 0.10025519697754799 -0.13418255515090546 -0.30519294580255102 0.10959723962624247
decision_type=8 8 2 10 10 2 10
left_child=3 2 -2 6 -5 -6 -1
right_child=1 -3 -4 4 5 -7 -8
leaf_value=-0.017823032323459595 0 0.057675648258361495 0.028438781711738255 0.013601430146033773 -0.012917680706795965 0.0080621506426243883 -0.0039412237273870011
leaf_weight=85.207091383635998 12.971265241503717 18.813363038003445 6.8303123973309985 4.4990576133132008 17.127247441560037 3.9792126081883863 29.35664526373148
leaf_count=1459 176 207 92 70 282 61 482
internal_value=0.00052501 0.0424656 0.015037 -0.0125969 -0.00083327 -0.00731822 -0.0148777
internal_weight=178.784 38.6149 19.8016 140.169 25.6055 21.1065 114.564
internal_count=2829 475 268 2354 413 343 1941
is_linear=0
shrinkage=0.03


Tree=10
num_leaves=8
num_cat=0
split_feature=2 1 2 0 17 1 5
split_gain=86.0056 7.26053 4.48469 4.48011 3.69515 2.95985 1.87783
threshold=0.17262979966188222 0.92514680743837241 0.051032832670821766 -0.0097751738381945934 -0.13418255515090546 0.65691755962764864 -0.10960166346112914
decision_type=8 8 10 10 10 10 10
left_child=2 3 -1 -2 6 -6 -4
right_child=1 -3 4 -5 5 -7 -8
leaf_value=-0.015837965331673091 0.0043428206496252458 0 -0.0018662497239907388 0.043176393496055614 -0.012169179215632918 0.002885782078411005 0.015731564713478589
leaf_weight=88.785632152110338 5.941405411809682 5.249323744326829 4.9337131902575493 27.875885143876076 26.722043957561255 11.765145745128391 3.9491698704659921
leaf_count=1542 79 67 76 328 440 191 63
internal_value=-0.000478775 0.0346705 -0.0120325 0.0388484 -0.00337112 -0.00753973 0.00881612
internal_weight=175.222 39.0666 136.156 33.8173 47.3701 38.4872 8.88288
internal_count=2786 474 2312 407 770 631 139
is_linear=0
shrinkage=0.03


Tree=11
num_leaves=8
num_cat=0
split_feature=2 5 2 2 30 4 1
split_gain=95.5499 5.54445 4.90096 3.72637 1.90107 1.90015 1.85839
threshold=0.20933129878517096 -0.30991265230219295 0.17262979966188222 -0.14403779086184063 10.24592934741448 -0.098964515315366861 -10.577012419508245
decision_type=8 8 10 10 10 8 8
left_child=1 3 6 -1 -4 -5 -3
right_child=-2 2 4 5 -6 -7 -8
leaf_value=-0.0081444925480092367 0.041444745193079953 0.00096284338218286317 0.011771412928376098 0.017654406828404256 -0.0046279789589802021 -0.00015556540714431347 -0.015353990475924412
leaf_weight=8.3940776064991969 31.409311600029469 3.8530716672539711 4.3057015463709813 5.309573408216238 5.1078354343771935 6.1388121917843801 114.70470951497555
leaf_count=144 343 64 60 90 74 100 1976
internal_value=-0.000218141 -0.0108408 -0.0130425 0.00248727 0.0039735 0.0111975 -0.0146778
internal_weight=179.223 147.814 127.971 19.8425 9.41354 11.4484 118.558
internal_count=2851 2508 2174 334 134 190 2040
is_linear=0
shrinkage=0.03


Tree=12
num_leaves=8
num_cat=0
split_feature=2 2 2 4 30 1 17
split_gain=98.7764 6.74434 6.53441 5.34818 6.09291 4.66326 2.24005
threshold=0.20933129878517096 0.051032832670821766 0.26392974877385356 -0.050000244207981652 9.4052107756448216 -0.61055460616457291 0.10959723962624247
decision_type=8 10 8 8 10 10 10
left_child=1 6 -2 -3 5 -5 -1
right_child=2 3 -4 4 -6 -7 -8
leaf_value=-0.016524894570224234 0.012082744506418849 0.014779946559501857 0.052854820569852128 0.020215551845114567 -0.011126599242397672 -0.0040654735206544597 -0.0027547437063510346
leaf_weight=70.108985561877489 12.117830798029898 7.3920659087598324 20.195712223649025 5.2118635624647132 36.365320544689894 9.159231845289467 19.73803037032485
leaf_count=1259 142 120 200 82 591 146 339
internal_value=0.00149976 -0.00930255 0.043369 -0.000813818 -0.00504475 0.00815001 -0.0141257
internal_weight=180.289 147.975 32.3135 58.1285 50.7364 14.3711 89.847
internal_count=2879 2537 342 939 819 228 1598
is_linear=0
shrinkage=0.03


Tree=13
num_leaves=8
num_cat=0
split_feature=2 2 6 5 2 1 22
split_gain=98.6966 9.94507 7.04802 6.5473 3.71921 3.61043 1.79101
threshold=0.24048475746439688 0.17262979966188222 0.099815222299651396 -0.30991265230219295 -0.085325144930928451 0.16930329773742922 238.50000000000003
decision_type=8 10 8 8 10 8 2
left_child=1 3 -2 4 -1 -3 -6
right_child=2 5 -4 -5 6 -7 -8
leaf_value=-0.0066272308416154687 0.054334252912631123 0.017385774757806036 0.0057514892125198067 -0.014507646457553794 0 -0.0031695308008685375 0.019170297470216036
leaf_weight=10.980359237641098 19.680256538093094 8.8969235941767675 6.0714541152119628 114.22729606553912 5.0519992895424348 8.4708624407649058 3.7363698482513428
leaf_count=192 188 118 64 2012 84 113 61
internal_value=0.000758523 -0.00906419 0.0474026 -0.011874 0.00259881 0.00893106 0.0126846
internal_weight=177.116 151.364 25.7517 133.996 19.7687 17.3678 8.78837
internal_count=2832 2580 252 2349 337 231 145
is_linear=0
shrinkage=0.03


Tree=14
num_leaves=8
num_cat=0
split_feature=2 2 18 17 16 30 5
split_gain=83.7618 8.73679 7.41471 4.02635 5.6234 3.68697 3.30699
threshold=0.20933129878517096 0.051032832670821766 0.87521673598542249 -0.13418255515090546 -0.39657576485266982 10.768579810257661 0.28594909693581066
decision_type=8 10 8 10 2 10 10
left_child=1 -1 -2 5 -5 -3 -6
right_child=2 3 -4 4 6 -7 -8
leaf_value=-0.013938895087199338 0.048519194358801761 0.020877477657978365 0.0086404724182738615 -0.0095801793028827235 0.016038817678284172 -0.0039839678982476635 -0.0052246110204852685
leaf_weight=87.392452135682106 21.983967863023281 6.1753148697316629 10.808965288102625 33.485832072794437 9.4597826451063138 3.789149597287178 4.3076213113963595
leaf_count=1590 212 96 117 568 148 60 65
internal_value=0.0018334 -0.00837034 0.0400147 0.000571428 -0.00328868 0.0130244 0.00922167
internal_weight=177.403 144.61 32.7929 57.2177 47.2532 9.96446 13.7674
internal_count=2856 2527 329 937 781 156 213
is_linear=0
shrinkage=0.03


Tree=15
num_leaves=8
num_cat=0
split_feature=2 2 17 16 17 4 22
split_gain=76.659 7.86091 4.88738 5.53297 3.33522 3.69286 3.49379
threshold=0.24048475746439688 0.10025519697754799 -0.13418255515090546 -0.35894308085084375 0.10959723962624247 -0.39648743316028817 243.50000000000003
decision_type=8 10 10 2 10 8 2
left_child=1 4 -3 -4 5 -1 -6
right_child=-2 2 3 -5 6 -7 -8
leaf_value=0.0038433460214872795 0.042710039432999204 0.018506037369158693 -0.0091766234026646309 0.011274535089271382 -0.008655166609775956 -0.015541825079616621 0.008336124151903497
leaf_weight=5.4341485016047955 26.126741476356983 6.2273712232708922 24.658166360110044 10.571378380060194 16.475967608392242 74.824931062757969 11.366926744580267
leaf_count=97 240 92 393 145 285 1380 196
internal_value=0.00195727 -0.00687383 0.00349768 -0.00174205 -0.0109474 -0.0138299 -0.000987601
internal_weight=175.686 149.559 41.4569 35.2295 108.102 80.2591 27.8429
internal_count=2828 2588 630 538 1958 1477 481
is_linear=0
shrinkage=0.03


Tree=16
num_leaves=8
num_cat=0
split_feature=4 16 5 5 0 26 25
split_gain=29.3484 11.7988 7.24318 4.43342 3.77426 5.33661 2.34206
threshold=0.14668392030419972 -0.39657576485266982 -0.30991265230219295 0.20093875383498563 -0.070814431954184007 2.5000000000000004 4.5000000000000009
decision_type=10 2 10 10 10 2 2
left_child=2 -2 4 6 5 -1 -4
right_child=1 -3 3 -5 -6 -7 -8
leaf_value=-0.011137941960579057 0 0.031859083629177748 0 0.0017224662130588574 0.01509126707700288 0.01213017211467202 -0.014443861871202134
leaf_weight=15.035579714924102 14.934146516025065 22.316016282886267 11.172552965581415 19.335843745619059 10.403957352042196 6.29665508493781 77.533748921006918
leaf_count=259 210 235 195 299 160 108 1378
internal_value=0 0.0211031 -0.00650941 -0.0100958 0.00489707 -0.00232332 -0.0127564
internal_weight=177.029 37.2502 139.778 108.042 31.7362 21.3322 88.7063
internal_count=2844 445 2399 1872 527 367 1573
is_linear=0
shrinkage=0.03


Tree=17
num_leaves=8
num_cat=0
split_feature=2 0 18 5 1 18 27
split_gain=71.8569 7.99593 4.20939 4.10406 4.48914 4.18601 4.02979
threshold=0.17262979966188222 -0.027382449646057402 0.87521673598542249 -0.30991265230219295 -10.577012419508245 0.55743386058810096 0.51285000000000014
decision_type=8 10 10 8 8 8 2
left_child=3 -2 -3 6 -5 -6 -1
right_child=1 2 -4 4 5 -7 -8
leaf_value=-0.0079133835841951449 0 0.040027417757014384 0.0085179650962463847 0.0074712262674570679 0 -0.015815254249789846 0.012181712082891451
leaf_weight=10.738337099552156 6.533991213887929 30.214784488081932 11.52164728194475 4.1856315024197102 17.91664732247591 89.162474766373634 8.9988078810274583
leaf_count=187 81 295 122 72 330 1625 155
internal_value=0.00169557 0.0302994 0.0343998 -0.00987342 -0.0120003 -0.0133583 0.00157878
internal_weight=179.272 48.2704 41.7364 131.002 111.265 107.079 19.7371
internal_count=2867 498 417 2369 2027 1955 342
is_linear=0
shrinkage=0.03


Tree=18
num_leaves=8
num_cat=0
split_feature=2 2 3 4 4 16 4
split_gain=67.7978 7.27964 7.92046 3.67946 2.97091 2.91408 3.72107
threshold=0.24048475746439688 0.10025519697754799 -0.69906759826268838 -0.34545437731407996 0.14668392030419972 -0.39657576485266982 -0.098964515315366861
decision_type=10 8 10 8 10 2 10
left_child=1 3 -3 -1 -5 6 -4
right_child=-2 2 5 4 -6 -7 -8
leaf_value=0.0037801073633101871 0.038860532273751448 0.020676410556268308 0.0050219723646565753 -0.014557414716086259 0.0020462181482912706 0.0053011093652803737 -0.014618580368331024
leaf_weight=7.9810338728129864 26.517344079911709 7.3357431478798381 6.5680881589651099 91.093238227069378 7.0110776871442786 11.857008721679447 19.365471877157692
leaf_count=143 226 108 104 1707 121 157 308
internal_value=0.000702181 -0.00751168 0.00207936 -0.0115827 -0.0131646 -0.0041847 -0.00919101
internal_weight=177.729 151.212 45.1263 106.085 98.1043 37.7906 25.9336
internal_count=2874 2648 677 1971 1828 569 412
is_linear=0
shrinkage=0.03


Tree=19
num_leaves=8
num_cat=0
split_feature=4 16 6 5 7 21 22
split_gain=36.0187 11.1697 7.29581 4.2146 3.30171 3.35293 3.03681
threshold=0.14668392030419972 -0.65268017360935204 0.083940559053202177 -0.30991265230219295 0.166547824097529 0.76805000000000012 238.50000000000003
decision_type=10 2 10 10 8 2 2
left_child=3 -2 -3 6 -5 -6 -1
right_child=1 2 -4 4 5 -7 -8
leaf_value=-0.0033750312035442614 -0.00063346827918334602 0.039460366308673799 0.00068747310249957932 -0.017557002138059132 -0.0067933827346956729 0.0062619591332488391 0.011762197128801319
leaf_weight=18.128823880106211 9.9541711956262571 22.344996053725485 6.3710887581109992 17.089150168001652 72.631157010793686 14.76427688449621 13.920058809220789
leaf_count=302 145 229 73 313 1271 266 233
internal_value=0.00275581 0.0256251 0.0332907 -0.00467751 -0.00751836 -0.00409044 0.00386134
internal_weight=175.204 38.6703 28.7161 136.533 104.485 87.3954 32.0489
internal_count=2832 447 302 2385 1850 1537 535
is_linear=0
shrinkage=0.03


Tree=20
num_leaves=8
num_cat=0
split_feature=2 2 5 21 18 4 16
split_gain=56.4252 8.5313 5.19296 4.48239 3.93877 3.88306 3.65561
threshold=0.26392974877385356 0.051032832670821766 -0.28170156685490211 0.64095000000000013 0.849131989594337 -0.34545437731407996 -0.65268017360935204
decision_type=8 10 8 2 10 8 2
left_child=1 5 -3 -4 -5 -1 -7
right_child=-2 2 3 4 -6 6 -8
leaf_value=0.0031442507264258742 0.035675576442121402 0.019184973900874099 0.0078531894780001776 0 -0.017362320898128648 -0.017602685600216925 0
leaf_weight=8.2701925262808782 26.660636052489281 4.2832158803939819 19.690691225230694 31.868258707225323 12.308571346104143 59.918776467442513 14.57239845767617
leaf_count=148 216 61 307 494 194 1172 263
internal_value=0.000964027 -0.00656112 0.00113482 -0.00186783 -0.00702795 -0.0126051 -0.0146708
internal_weight=177.573 150.912 68.1507 63.8675 44.1768 82.7614 74.4912
internal_count=2855 2639 1056 995 688 1583 1435
is_linear=0
shrinkage=0.03


Tree=21
num_leaves=8
num_cat=0
split_feature=2 2 18 3 5 2 27
split_gain=64.7787 10.9499 7.48221 4.00833 3.31245 2.60753 2.32918
threshold=0.26392974877385356 0.12095862311524731 0.87521673598542249 -0.81575266317193784 -0.30991265230219295 -0.14403779086184063 0.42965000000000003
decision_type=8 10 10 10 8 10 2
left_child=1 4 -2 -3 5 -1 -5
right_child=2 3 -4 6 -6 -7 -8
leaf_value=-0.0088937615673581275 0.047377539023459231 0.018734334870692808 0.0048966614453760339 -0.0075711158554031431 -0.01391845974734182 0.0078208795790180828 0.0054670785792795143
leaf_weight=7.6659375615417984 17.276527985930446 6.1274781785905352 7.7330636605620375 13.746626175940035 92.764045514166355 10.108258321881292 20.428884524852037
leaf_count=139 130 84 67 195 1773 175 286
internal_value=0.000787801 -0.00711239 0.0390668 0.0052884 -0.0118121 0 0
internal_weight=175.851 150.841 25.0096 40.303 110.538 17.7742 34.1755
internal_count=2849 2652 197 565 2087 314 481
is_linear=0
shrinkage=0.03


Tree=22
num_leaves=8
num_cat=0
split_feature=4 22 21 27 27 3 4
split_gain=25.6946 6.96768 4.83458 4.05208 4.70295 3.99344 4.05335
threshold=0.1231859328481812 78.500000000000014 0.6291000000000001 0.54730000000000012 0.71520000000000017 0.10578348132296272 -0.03789096448252282
decision_type=10 2 2 2 2 8 10
left_child=2 -2 5 -4 -5 6 -1
right_child=1 -3 3 4 -6 -7 -8
leaf_value=-0.011788155129715289 -0.0024424010217576385 0.024560195140302381 -0.014345650708498999 0.0063210529450494421 -0.010856216334139209 0.010484542696406739 0.010129773993231566
leaf_weight=15.791134461760523 7.8342850022017947 35.240000981837511 46.499038349837065 24.080792624503374 17.669753074645996 20.655369739979506 3.397513832896947
leaf_count=287 96 399 849 428 326 318 58
internal_value=0.00159645 0.019742 -0.00519699 -0.00891138 -0.00122395 0.00283085 -0.00551698
internal_weight=171.168 43.0743 128.094 88.2496 41.7505 39.844 19.1886
internal_count=2761 495 2266 1603 754 663 345
is_linear=0
shrinkage=0.03


Tree=23
num_leaves=8
num_cat=0
split_feature=4 16 22 5 21 7 1
split_gain=24.7206 12.3046 5.05722 4.10542 4.22698 4.02661 3.33984
threshold=0.18572957414461641 -0.39657576485266982 219.50000000000003 -0.49138392644306683 0.52615000000000001 0.11909677700076886 0.10382377478270928
decision_type=10 2 2 8 2 8 8
left_child=2 -2 3 -1 -5 -4 -7
right_child=1 -3 5 4 -6 6 -8
leaf_value=0.008308442461203519 -0.0017387693803927779 0.032707079683400135 -0.010493896957411552 0.0047855394528258004 -0.013428559730791996 0.01093301566915212 -0.002115944705200319
leaf_weight=4.6798494420945644 11.356533017009495 21.534388106316328 10.241121675819157 8.1566824615001661 62.804779481142759 31.709686517715454 24.952184244990349
leaf_count=82 150 190 191 125 1115 550 425
internal_value=0.00175643 0.0224335 -0.0038536 -0.00882504 -0.0108722 0.00190915 0.00540383
internal_weight=175.435 32.8909 142.544 75.6413 70.9615 66.903 56.6619
internal_count=2828 340 2488 1322 1240 1166 975
is_linear=0
shrinkage=0.03


Tree=24
num_leaves=8
num_cat=0
split_feature=2 18 2 17 1 5 2
split_gain=56.3037 6.36805 5.46254 5.30429 4.51253 2.72698 2.71839
threshold=0.17262979966188222 0.87521673598542249 0.051032832670821766 -0.19213862089957609 0.65691755962764864 -0.38529363583507981 -0.15733340370713453
decision_type=8 8 10 10 10 8 10
left_child=2 -2 5 -4 -5 6 -1
right_child=1 -3 3 4 -6 -7 -8
leaf_value=-0.010241326130701594 0.031757813315688777 0.0043265918968161928 0.01503104123769592 -0.011496444467659779 0.0068442684031495187 -0.016596193632599572 0.0081388767311740724
leaf_weight=5.870942946523428 34.201669946312904 14.410494100302456 6.0295493341982356 28.705884989351034 10.552033063024281 67.468582913279533 6.9895280636847001
leaf_count=107 314 153 96 508 180 1350 125
internal_value=0.000524123 0.0256516 -0.0100413 -0.00101587 -0.00592519 -0.0144069 -0.000242513
internal_weight=174.229 48.6122 125.617 45.2875 39.2579 80.3291 12.8605
internal_count=2833 467 2366 784 688 1582 232
is_linear=0
shrinkage=0.03


Tree=25
num_leaves=8
num_cat=0
split_feature=2 5 18 18 2 2 25
split_gain=52.8847 6.82401 5.58229 4.9862 3.39241 2.16974 2.02081
threshold=0.17262979966188222 -0.30991265230219295 0.81175103366950097 0.7875059397929004 -0.085325144930928451 0.26392974877385356 1.5000000000000002
decision_type=8 8 8 10 10 10 2
left_child=1 3 -2 -1 -5 -4 -3
right_child=2 6 5 4 -6 -7 -8
leaf_value=-0.0077582057754640461 0.031159470622452452 0.00089387147167521643 -0.0025252066230559106 -0.001610715393915951 0.023045538987385105 0.012793290779038617 -0.01409457553574317
leaf_weight=9.4031479172408599 30.882677290588617 5.7519136890768996 8.9664707742631453 4.8916801624000072 5.0847549401223642 10.028633214533327 98.865212973207235
leaf_count=169 278 111 107 90 83 80 1904
internal_value=0.000199045 -0.0102136 0.0241779 0.00422808 0.0147849 0.00640122 -0.0131323
internal_weight=173.874 123.997 49.8778 19.3796 9.97644 18.9951 104.617
internal_count=2822 2357 465 342 173 187 2015
is_linear=0
shrinkage=0.03


Tree=26
num_leaves=8
num_cat=0
split_feature=2 2 6 30 30 17 27
split_gain=53.2608 5.32825 4.55033 3.37175 3.0009 2.30008 1.83349
threshold=0.20933129878517096 0.12095862311524731 0.089790361204009336 9.9395512583258512 9.6029086844637366 -0.53170048353498878 0.61830000000000018
decision_type=8 10 10 10 8 8 2
left_child=1 5 4 -3 -2 -1 -5
right_child=2 3 -4 6 -6 -7 -8
leaf_value=0.0025836273911873549 0.0075317391248470112 0.012601947005635113 0.0027503569605104999 -0.0097518838319892026 0.039025265699660625 -0.011499061720634345 0.0049566517547307964
leaf_weight=6.7996015585958958 9.4260276034474391 10.764242108911278 7.8090111166238776 10.785575132817028 22.547404743731022 98.716959919780493 4.9640318490564814
leaf_count=125 77 164 69 171 181 1938 76
internal_value=0.00189347 -0.0074368 0.0292335 0.00340528 0.0334815 -0.0103413 -0.00437635
internal_weight=171.813 132.03 39.7824 26.5138 31.9734 105.517 15.7496
internal_count=2801 2474 327 411 258 2063 247
is_linear=0
shrinkage=0.03


Tree=27
num_leaves=8
num_cat=0
split_feature=2 2 1 25 3 1 27
split_gain=48.1629 6.2525 5.91656 3.40876 3.03002 2.71583 3.03778
threshold=0.17262979966188222 0.26392974877385356 0.22248920455378104 1.5000000000000002 0.18493415582122316 -18.739314444860344 0.77455000000000018
decision_type=8 8 8 2 10 10 2
left_child=3 2 4 -1 -2 -5 -7
right_child=1 -3 -4 5 -6 6 -8
leaf_value=0.0057542586697780238 0.024092167202029075 0.031842821465482785 -0.0059782467867320705 0.0054870902229599838 0 -0.013043247513125513 0.0018715290209328677
leaf_weight=6.3629603348672381 7.8689500950276834 27.328732997179031 11.023347742855551 3.2454096116125575 5.6127054393291473 102.54576868936419 9.810456305742262
leaf_count=121 91 198 127 61 61 1990 190
internal_value=0.000826505 0.0231382 0.00752133 -0.00938094 0.0173733 -0.0106539 -0.0115785
internal_weight=173.798 51.8337 24.505 121.965 13.4817 115.602 112.356
internal_count=2839 477 279 2362 152 2241 2180
is_linear=0
shrinkage=0.03


Tree=28
num_leaves=8
num_cat=0
split_feature=2 6 2 17 18 5 17
split_gain=50.953 9.08248 7.42753 5.91608 3.51036 5.02741 2.15136
threshold=0.17262979966188222 0.089790361204009336 0.051032832670821766 -0.13418255515090546 0.58544815853788246 -0.57020625154359428 0.12994382018047432
decision_type=8 10 10 10 8 10 10
left_child=2 -2 4 -4 -1 -6 -5
right_child=1 -3 3 6 5 -7 -8
leaf_value=0 0.031422208599589246 0 0.01750523971448615 -0.009260498680764423 0.0011251430088471211 -0.01900363694506909 0.0028629559609415121
leaf_weight=15.998651996254919 42.681076683104038 10.346446830779312 8.3540552705526334 18.616912011057138 11.117362003773449 48.942744731903076 17.837083209306002
leaf_count=331 366 106 135 356 210 1019 307
internal_value=0.00368727 0.0261919 -0.00708279 0.00215433 -0.0123902 -0.015363 -0.00354334
internal_weight=173.894 53.0275 120.867 44.8081 76.0588 60.0601 36.454
internal_count=2830 472 2358 798 1560 1229 663
is_linear=0
shrinkage=0.03


Tree=29
num_leaves=8
num_cat=0
split_feature=4 18 5 17 0 5 27
split_gain=21.6667 9.29852 5.79891 5.28165 4.30607 3.35501 2.28259
threshold=0.1231859328481812 0.72925976406714155 -0.30991265230219295 0.2271843322843338 -0.070814431954184007 0.44865618018720121 0.58900000000000008
decision_type=10 10 10 10 10 10 2
left_child=2 -2 4 -3 6 -4 -1
right_child=1 3 5 -5 -6 -7 -8
leaf_value=-0.0094871783472887192 0.026491450339126175 -0.010111097788952706 -0.011816912037786308 0.011777239251449063 0.014638709346807924 0.0066899860766594117 0.005827467428076688
leaf_weight=14.700806394219404 22.566211484372616 11.819447152316572 90.261133421212435 11.728142112493513 9.8976843915879709 3.5605748966336241 6.2772172614932051
leaf_count=262 227 159 1727 112 151 52 108
internal_value=-0.000376267 0.0155541 -0.00696299 0.000537178 0.00333968 -0.0104968 -0.00404329
internal_weight=170.811 46.1138 124.697 23.5476 30.8757 93.8217 20.978
internal_count=2798 498 2300 271 521 1779 370
is_linear=0
shrinkage=0.03


Tree=30
num_leaves=8
num_cat=0
split_feature=4 18 3 0 22 18 5
split_gain=14.179 9.0314 4.08673 3.93561 3.4473 3.46958 3.71107
threshold=0.18572957414461641 0.87521673598542249 -0.81575266317193784 -0.027382449646057402 321.50000000000006 0.55743386058810096 -0.12153552059407646
decision_type=10 10 10 10 2 8 10
left_child=2 -2 3 -1 5 6 -4
right_child=1 -3 4 -5 -6 -7 -8
leaf_value=-0.0038846145507016299 0.02372453005949067 -0.0047794555746090931 -0.010753762082156646 0.01496042860923996 0.0026914647445141619 -0.01174917664185462 0.0098218917250055097
leaf_weight=14.426731985062363 23.656323537230492 10.100775726139544 4.8317782878875759 10.386989850550888 22.193229954689741 74.251832630485296 12.041167035698889
leaf_count=259 202 124 99 159 402 1354 219
internal_value=6.2275e-05 0.0155547 -0.00426545 0.00527091 -0.00668718 -0.00915552 0.00176305
internal_weight=171.889 33.7571 138.132 24.8137 113.318 91.1248 16.8729
internal_count=2818 326 2492 418 2074 1672 318
is_linear=0
shrinkage=0.03


Tree=31
num_leaves=8
num_cat=0
split_feature=2 5 1 2 1 29 22
split_gain=46.9296 6.278 6.04809 3.98238 3.16652 4.36355 2.25577
threshold=0.17262979966188222 -0.30991265230219295 -6.9671685148573284 0.01727381671925721 0.92514680743837241 41.000000000000007 238.50000000000003
decision_type=8 8 8 10 8 2 2
left_child=1 3 -3 6 5 -2 -1
right_child=4 2 -4 -5 -6 -7 -8
leaf_value=-0.011302464606557313 0.027790162794854804 0.0077497363635346157 -0.015332210105758375 0.017052050631659935 0 0.001843932716690381 0.0052804920721370519
leaf_weight=8.0848974846303481 37.510693058371544 5.6400102823972702 92.832613468170166 4.2229761704802504 6.612467221915721 9.5248945876955968 5.7320634126663199
leaf_count=155 324 109 1882 64 65 76 106
internal_value=0 -0.0105302 -0.0133864 0.00380722 0.0214748 0.0238403 -0.00432173
internal_weight=170.161 116.513 98.4726 18.0399 53.6481 47.0356 13.817
internal_count=2781 2316 1991 325 465 400 261
is_linear=0
shrinkage=0.03


Tree=32
num_leaves=8
num_cat=0
split_feature=16 27 21 7 25 6 27
split_gain=9.49135 5.82469 8.84303 4.82517 3.17814 2.95448 2.40004
threshold=0.45294816116875875 0.53670000000000007 0.84100000000000008 0.016188784901416637 29.500000000000004 0.070842741664735018 0.71520000000000017
decision_type=2 2 2 10 2 10 2
left_child=1 3 6 4 -1 -6 -3
right_child=-2 2 -4 -5 5 -7 -8
leaf_value=-0.011668786537414551 0.022348995146602518 0.013584657848188278 -0.012824376642283303 0.0093968217740287713 0.0078038919862539668 -0.0085469927558123951 0
leaf_weight=62.348398040980101 8.4939136579632741 38.687007293105125 11.961076121777294 8.4192660227417928 14.456677306443455 9.7115271128714067 15.750544995069502
leaf_count=1062 77 632 203 125 255 170 280
internal_value=0.000589316 -0.00146943 0.00489118 -0.00609819 -0.0084325 0.000275713 0.0101683
internal_weight=169.828 161.334 66.3986 94.9359 86.5166 24.1682 54.4376
internal_count=2804 2727 1115 1612 1487 425 912
is_linear=0
shrinkage=0.03


Tree=33
num_leaves=8
num_cat=0
split_feature=2 2 28 4 4 2 18
split_gain=36.0803 6.46052 5.38711 3.76715 3.32808 2.50127 4.22004
threshold=0.26392974877385356 0.051032832670821766 2.5000000000000004 -0.0065613759531327745 -0.090536385868056221 0.17262979966188222 0.80052562100525149
decision_type=8 10 2 8 8 10 10
left_child=1 4 3 -3 -1 6 -5
right_child=-2 2 -4 5 -6 -7 -8
leaf_value=-0.0012439083017447383 0.027955675123580982 0.020359271322954054 -0.010016772539394193 -0.010910999786840687 -0.015107123563741663 0.0092949295457122535 0.0074657109987999685
leaf_weight=27.493310954421759 29.132191628217697 5.7639742270112038 17.479331068694592 17.745428841561083 46.513190012425184 15.286488387733696 11.807633403688667
leaf_count=576 198 101 260 325 993 160 211
internal_value=0.00147185 -0.00505877 0.00142502 0.00646105 -0.0107636 0.00157867 -0.00314303
internal_weight=171.222 142.089 68.0829 50.6035 74.0065 44.8396 29.5531
internal_count=2824 2626 1057 797 1569 696 536
is_linear=0
shrinkage=0.03


Tree=34
num_leaves=8
num_cat=0
split_feature=2 18 1 2 2 16 16
split_gain=41.9121 9.40998 4.74897 2.85148 3.27204 2.90513 4.20851
threshold=0.17262979966188222 0.87521673598542249 0.049970971763623979 0.10025519697754799 -0.28366565734840871 -1.2201191241628868 -0.30519294580255102
decision_type=8 8 8 10 10 2 2
left_child=3 -2 -3 4 -1 -5 -7
right_child=1 2 -4 5 -6 6 -8
leaf_value=0.006168409483403867 0.028728236264552707 0.012632019978765176 -0.010546552583452603 0.012397076658608539 -0.011225710537544748 -0.012108575618110334 0.010107530402806758
leaf_weight=4.6359883137047282 40.648684550076723 7.7205928489565832 7.9614356644451618 5.5193268470466164 88.96715522184968 13.28709921613336 4.1089187748730156
leaf_count=91 330 73 80 91 1856 250 64
internal_value=0.00256838 0.0221952 0.000643725 -0.00761611 -0.00979873 0.00104268 -0.00473953
internal_weight=172.849 56.3307 15.682 116.518 93.6031 22.9153 17.396
internal_count=2835 483 153 2352 1947 405 314
is_linear=0
shrinkage=0.03


Tree=35
num_leaves=8
num_cat=0
split_feature=2 29 30 2 1 5 6
split_gain=32.2438 8.2671 5.07473 3.83551 6.44602 3.22217 2.79348
threshold=0.20933129878517096 41.000000000000007 10.768579810257661 0.051032832670821766 0.049970971763623979 -0.33709876098531549 0.047747460872056259
decision_type=8 2 10 10 10 8 10
left_child=2 -2 3 5 6 -1 -5
right_child=1 -3 -4 4 -6 -7 -8
leaf_value=0.0056361349079881197 0.027114026865536867 -0.0018408349994772043 -0.01246966560791413 0 -0.0060925312204385866 -0.01024070827872175 0.021438383544545185
leaf_weight=8.8147510886192304 35.589358471333981 8.7436333373188955 52.683695368468761 5.9770237691700485 15.12590082734823 32.779968753457069 11.621978644281624
leaf_count=167 270 67 1061 100 258 728 193
internal_value=0.00172113 0.0217083 -0.00601763 -0.000494352 0.00619156 -0.00620722 0.0159399
internal_weight=171.336 44.333 127.003 74.3196 32.7249 41.5947 17.599
internal_count=2844 337 2507 1446 551 895 293
is_linear=0
shrinkage=0.03


Tree=36
num_leaves=8
num_cat=0
split_feature=2 30 5 30 18 28 25
split_gain=28.528 8.74517 4.2988 3.5402 3.33009 2.37936 2.10692
threshold=0.18318745029476627 11.207375904300799 -0.38529363583507981 10.447697515627381 0.7875059397929004 2.5000000000000004 1.5000000000000002
decision_type=8 8 8 10 10 2 2
left_child=2 3 4 5 -1 -2 -4
right_child=1 -3 6 -5 -6 -7 -8
leaf_value=-0.0055409817603700442 0.015713826147909716 0.032336672717038897 0.0036338569974562842 -0.0061702011721971812 0.014552349987007576 -0.00041729494521579736 -0.01002513962495904
leaf_weight=6.8180097974836809 18.121103297919039 17.079861581325531 5.5479238890111437 8.1318322494626027 7.4874788708984852 8.8721448332071287 98.572188958525658
leaf_count=127 145 141 113 64 131 68 2026
internal_value=0.00125391 0.018269 -0.00680951 0.00635095 0.00575073 0.0110999 -0.0089562
internal_weight=170.631 52.2049 118.426 35.1251 14.3055 26.9932 104.12
internal_count=2815 418 2397 277 258 213 2139
is_linear=0
shrinkage=0.03


Tree=37
num_leaves=8
num_cat=0
split_feature=2 30 1 5 18 1 16
split_gain=33.7171 5.87995 10.8374 4.8665 4.31246 3.52463 2.71558
threshold=0.17262979966188222 11.279188329632326 0.22248920455378104 -0.30991265230219295 0.7875059397929004 -10.577012419508245 -0.67729002088516055
decision_type=8 8 10 8 10 8 2
left_child=3 2 -2 4 -1 -5 -7
right_child=1 -3 -4 5 -6 6 -8
leaf_value=-0.0070475141324454127 0.020457435298227345 0.031162096110688924 -0.0063330996054466356 0.0070687753396167299 0.014190633941174131 -0.01507310279624644 -0.0025608994703479743
leaf_weight=8.9496196731925028 21.804116107523441 17.561283957213163 18.457535792142153 3.5630720630288124 9.5581705011427385 62.963396798819304 28.922020863741636
leaf_count=171 177 151 153 69 168 1392 555
internal_value=0.00150715 0.0188187 0.00885087 -0.0078122 0.00432737 -0.0104637 -0.0118054
internal_weight=171.779 57.8229 40.2617 113.956 18.5078 95.4485 91.8854
internal_count=2836 481 330 2355 339 2016 1947
is_linear=0
shrinkage=0.03


Tree=38
num_leaves=8
num_cat=0
split_feature=4 27 27 25 25 16 4
split_gain=16.2621 4.68499 6.84121 5.68525 5.39847 4.54727 4.03892
threshold=0.11082581929922704 0.52355000000000007 0.71520000000000017 28.500000000000004 21.500000000000004 -0.55349149772306638 -0.026315658369063685
decision_type=10 2 2 2 2 2 10
left_child=1 3 4 -1 -3 -2 -5
right_child=5 2 -4 6 -6 -7 -8
leaf_value=-0.013566579301840171 0.0006547968341780666 0.017237276856481264 -0.0094899815759226461 0.011397673249941802 -0.0043541307922811993 0.020253296547635448 -0.0086860438693628344
leaf_weight=48.545013029128313 16.987878642976284 21.718582727015018 17.376567330211401 13.357222996652128 10.479275099933146 35.513722129166126 7.4717354066669932
leaf_count=923 245 389 342 253 205 309 147
internal_value=0.00231571 -0.00379764 0.00279609 -0.00850529 0.0103689 0.0150849 0.00326181
internal_weight=171.45 118.948 49.5744 69.374 32.1979 52.5016 20.829
internal_count=2813 2259 936 1323 594 554 400
is_linear=0
shrinkage=0.03


Tree=39
num_leaves=8
num_cat=0
split_feature=2 2 1 30 1 3 17
split_gain=25.1579 5.70605 6.25883 5.67045 4.44396 4.0406 3.61161
threshold=0.24048475746439688 0.051032832670821766 -0.20287975038426762 10.82656194483952 0.68698340599661178 0.096291650363639666 0.10959723962624247
decision_type=8 10 8 10 10 8 10
left_child=1 6 3 -3 -4 -6 -1
right_child=-2 2 4 -5 5 -7 -8
leaf_value=-0.014037867786061774 0.020043712270570696 0.017298246543925738 -0.014923642098076473 -0.0048529717468289053 -0.0081806595315884884 0.013276812745975135 0.00072768332415238811
leaf_weight=55.439121969044209 38.174787998199463 19.761420432478193 17.940799687057734 10.709241032600401 7.0667526461184007 8.4672270305454713 16.03904565051198
leaf_count=1251 252 301 292 180 119 127 331
internal_value=0.000744118 -0.00540625 0.000940624 0.00973283 -0.00703451 0.00341533 -0.0107961
internal_weight=173.598 135.424 63.9454 30.4707 33.4748 15.534 71.4782
internal_count=2853 2601 1019 481 538 246 1582
is_linear=0
shrinkage=0.03


Tree=40
num_leaves=8
num_cat=0
split_feature=4 18 5 21 4 25 0
split_gain=20.1441 9.01427 6.99865 4.62895 3.96926 2.96877 2.43144
threshold=0.11082581929922704 0.72925976406714155 -0.49138392644306683 0.66435000000000011 -0.090536385868056221 2.5000000000000004 -0.11614706061906298
decision_type=10 8 10 2 8 2 10
left_child=2 -2 -1 -3 6 -6 -4
right_child=1 3 4 -5 5 -7 -8
leaf_value=0.0072731883285047962 0.025521061314239542 0.014623814182252412 -0.005780998393931978 -0.0061100787885826581 0.0030449801083541343 -0.014260228337924423 0.0087673013090235289
leaf_weight=22.305180568248034 26.035409323871136 6.9237959980964687 15.115335676819088 19.186016511172056 5.731741849333047 65.809891980141401 10.489252731204031
leaf_count=370 248 73 327 231 112 1284 219
internal_value=0.000968321 0.0153088 -0.00574216 0.00108866 -0.00919921 -0.0125184 0.000400872
internal_weight=171.597 52.1452 119.451 26.1098 97.1462 71.5416 25.6046
internal_count=2864 552 2312 304 1942 1396 546
is_linear=0
shrinkage=0.03


Tree=41
num_leaves=8
num_cat=0
split_feature=2 2 5 21 16 22 6
split_gain=19.9759 6.35898 5.07819 3.71758 4.00977 2.87327 2.84699
threshold=0.26392974877385356 0.051032832670821766 -0.21941524106294316 0.6291000000000001 -0.55349149772306638 238.50000000000003 0.074699442362635496
decision_type=8 8 8 2 2 2 8
left_child=1 -1 -3 5 -5 -4 -2
right_child=6 2 3 4 -6 -7 -8
leaf_value=-0.008957817237296644 0.026804851740081313 0.019085774043137681 -0.0034217912572890642 -0.011598086491483889 0.0039078089991916864 0.015042126155831802 0.0034275149824394072
leaf_weight=70.39916555583477 19.418505921959881 6.6145791970193386 6.5733112841844585 25.546783108264208 19.704710748046637 11.623660761862991 10.783535420894621
leaf_count=1583 116 97 100 444 263 178 73
internal_value=0.00198963 -0.00298968 0.0031184 -0.000286906 -0.00499167 0.00879166 0.0213164
internal_weight=170.664 140.462 70.063 63.4485 45.2515 18.197 30.202
internal_count=2854 2665 1082 985 707 278 189
is_linear=0
shrinkage=0.03


Tree=42
num_leaves=8
num_cat=0
split_feature=16 4 25 5 16 1 25
split_gain=8.47646 4.8723 4.03788 2.74132 4.75623 3.53203 4.60046
threshold=-0.39657576485266982 0.18572957414461641 10.500000000000002 -0.30991265230219295 -1.0649945261371605 -1.0000000180025095e-35 10.500000000000002
decision_type=2 10 2 10 2 8 2
left_child=3 2 -2 4 -1 6 -5
right_child=1 -3 -4 5 -6 -7 -8
leaf_value=-0.0044770396148900845 0.012482183183925525 0.017322874969854036 -0.0076212828288710899 -0.01150769125929459 0.015615548977895178 -0.012466187965756341 0.0043405582110294721
leaf_weight=20.264236766844991 6.0444972477853325 25.625835165381432 16.893184773623943 16.670193649828434 8.8734724596142751 37.894205674529076 40.938879486173391
leaf_count=364 90 191 244 319 139 763 772
internal_value=0.00025624 0.0100433 0 -0.00381973 0.00328368 -0.00621817 -0.000860779
internal_weight=173.205 48.5635 22.9377 124.641 29.1377 95.5033 57.6091
internal_count=2882 525 334 2357 503 1854 1091
is_linear=0
shrinkage=0.03


Tree=43
num_leaves=8
num_cat=0
split_feature=2 2 3 3 5 16 5
split_gain=23.1208 6.35025 4.65386 3.57836 2.98194 2.35854 2.34322
threshold=0.051032832670821766 0.26392974877385356 0.33433443384468842 0.096291650363639666 1.0000000180025095e-35 -0.39657576485266982 0.20093875383498563
decision_type=8 10 10 8 10 2 10
left_child=-1 2 3 4 -2 -5 -6
right_child=1 -3 -4 5 6 -7 -8
leaf_value=-0.010469271876645253 0.007740582004520497 0.02089915633994632 -0.0084548239596329133 0.004137664709644385 -0.01287586869203982 0.022754389298867698 0.0046234342768983394
leaf_weight=68.933151084929705 16.008103195577863 31.277378469705582 11.642046898603438 19.903370611369613 10.657624553889034 10.270903714001177 4.2129509896039954
leaf_count=1562 260 190 151 310 182 120 64
internal_value=0.00219798 0.0108782 0.00473632 0.00815704 5.32257e-05 0.014308 -0.00737923
internal_weight=172.906 103.972 72.695 61.053 30.8787 30.1743 14.8706
internal_count=2839 1277 1087 936 506 430 246
is_linear=0
shrinkage=0.03


Tree=44
num_leaves=8
num_cat=0
split_feature=4 6 5 22 27 27 25
split_gain=9.91459 5.59848 5.56073 3.91288 3.8264 3.40222 2.96544
threshold=0.14668392030419972 0.085798286060302931 -0.30991265230219295 157.50000000000003 0.58900000000000008 0.71520000000000017 4.5000000000000009
decision_type=10 10 10 2 2 2 2
left_child=2 3 4 -2 -1 -6 -4
right_child=1 -3 6 -5 5 -7 -8
leaf_value=-0.0010893220018014056 0.00069725254542474485 -0.004976170347342157 0.0038879260154266928 0.02226457137080343 0.024693958256487507 -0.0010063768230973715 -0.0091117733938862171
leaf_weight=21.869016751646999 12.537631347775458 8.8547987118363363 12.80627955123782 24.111623659729958 5.1801324784755689 4.5987607873976231 78.217471849173307
leaf_count=380 129 98 243 212 78 84 1586
internal_value=0.00116901 0.0120626 -0.0032482 0.0166693 0.0063119 0.0167497 -0.006965
internal_weight=168.176 45.5041 122.672 36.6493 31.6479 9.77889 91.0238
internal_count=2810 439 2371 341 542 162 1829
is_linear=0
shrinkage=0.03


Tree=45
num_leaves=8
num_cat=0
split_feature=2 25 22 7 2 6 18
split_gain=21.8267 4.87017 5.48144 4.15601 2.4713 2.80939 3.65464
threshold=0.20933129878517096 15.500000000000002 262.50000000000006 1.0000000180025095e-35 0.10025519697754799 0.087853757904858429 0.71122387980636959
decision_type=10 2 2 10 10 8 10
left_child=3 2 -2 4 -1 6 -6
right_child=1 -3 -4 -5 5 -7 -8
leaf_value=-0.0082693845650297082 -0.0073797307213472026 0.026338419085216318 0.01588939552496604 0.0090674158462336462 -0.0045526633117295478 -0.008625215095588612 0.014634678679946847
leaf_weight=83.010341379791498 10.888905040919783 25.009160965681076 9.6896662190556508 11.73558349534869 9.3323140330612713 8.6258517578244192 11.897099193185566
leaf_count=1807 85 167 66 220 147 140 196
internal_value=0.00275731 0.018868 0.0044328 -0.00380668 -0.00578098 0.00102701 0.00674935
internal_weight=170.189 45.5877 20.5786 124.601 112.866 29.8553 21.2294
internal_count=2828 318 151 2510 2290 483 343
is_linear=0
shrinkage=0.03


Tree=46
num_leaves=8
num_cat=0
split_feature=2 5 22 0 1 2 18
split_gain=25.2669 4.7529 4.16725 3.5355 3.38638 2.96731 2.66592
threshold=0.17262979966188222 -0.38529363583507981 78.500000000000014 0.080424931439070382 -10.577012419508245 -0.15733340370713453 0.56715768025392188
decision_type=8 8 2 10 8 10 8
left_child=1 5 -2 -4 -3 -1 -6
right_child=2 4 3 -5 6 -7 -8
leaf_value=-0.0054828592667155989 -0.00076907110904095386 0.0074805478863604396 0.0018304627343058216 0.022704157055937441 0 0.013705801044919226 -0.0130943691047268
leaf_weight=5.6757534816861144 9.248027987778185 3.4457281418144703 12.364964615553616 38.521525751799345 17.177370302379131 8.4307499006390554 74.661688294261694
leaf_count=112 82 69 120 271 380 150 1636
internal_value=0.00130612 -0.00709912 0.0158546 0.0188245 -0.00952308 0.0061165 -0.0108596
internal_weight=169.526 109.391 60.1345 50.8865 95.2848 14.1065 91.8391
internal_count=2820 2347 473 391 2085 262 2016
is_linear=0
shrinkage=0.03


Tree=47
num_leaves=8
num_cat=0
split_feature=2 18 30 27 3 3 27
split_gain=23.0585 4.9869 3.1457 3.09406 3.90641 2.70271 2.69949
threshold=0.20933129878517096 0.92141701807170506 10.768579810257661 0.58900000000000008 0.20085735304052157 -0.47053662675759106 0.22660000000000005
decision_type=8 8 10 2 8 8 2
left_child=2 -2 5 6 -5 -1 -4
right_child=1 -3 3 4 -6 -7 -8
leaf_value=0.0099538860555515134 0.022080230692742189 0 0.0014484105884000711 -0.0079599089998488338 0.013047730122789578 -0.003482711648146614 -0.018196140033125498
leaf_weight=8.5228602141141874 36.966437824070454 11.805591389536856 4.6412288285791865 13.479046624153851 4.657511085271838 61.859537903219461 27.451164048165083
leaf_count=174 235 98 101 293 83 1256 586
internal_value=0.00159805 0.0175242 -0.0054149 -0.0106061 0 -0.000814391 -0.0152589
internal_weight=169.383 48.772 120.611 50.229 18.1366 70.3824 32.0924
internal_count=2826 333 2493 1063 376 1430 687
is_linear=0
shrinkage=0.03


Tree=48
num_leaves=8
num_cat=0
split_feature=2 6 30 5 27 18 1
split_gain=23.05 4.72806 5.19199 2.77351 2.91158 3.88755 3.12286
threshold=0.20933129878517096 0.089790361204009336 9.4685062183740403 -0.38529363583507981 0.42965000000000003 0.55743386058810096 -3.0222268080423986
decision_type=8 10 8 10 2 8 8
left_child=3 2 -2 -1 5 -5 -6
right_child=1 -3 -4 4 6 -7 -8
leaf_value=0.0024464394194914801 0.00034948429664781748 -0.00078128699535692054 0.025713170280561824 0.0039254614791297202 0.0095860894068764933 -0.016828658993338609 -0.0056558460170861814
leaf_weight=23.400066912174225 10.682942613959311 9.074166387319563 31.173250406980515 5.4478573538362971 7.22773377597332 34.27463049441576 48.351579304784536
leaf_count=425 75 70 200 120 154 740 1023
internal_value=0.00146876 0.016977 0.0206353 -0.00571862 -0.00790284 -0.0134871 -0.00248102
internal_weight=169.632 50.9304 41.8562 118.702 95.3018 39.7225 55.5793
internal_count=2807 345 275 2462 2037 860 1177
is_linear=0
shrinkage=0.03


Tree=49
num_leaves=8
num_cat=0
split_feature=2 6 2 4 30 1 21
split_gain=23.4949 6.48983 6.55943 4.28202 3.53042 3.45977 2.82356
threshold=0.051032832670821766 0.096694690662783869 0.24048475746439688 -0.066333398519908368 11.207375904300799 -1.0000000180025095e-35 0.64095000000000013
decision_type=8 10 8 8 8 8 2
left_child=-1 2 3 -2 -4 -3 -5
right_child=1 5 4 6 -6 -7 -8
leaf_value=-0.012654912292529279 0.019122612559070138 0.0060569763349664976 0.0087899115123351718 0.0084481067801011941 0.032751300322626402 -0.013925431009780517 -0.0047135711266104328
leaf_weight=65.306276984512806 5.4930183552205563 6.7097648158669472 23.918967932462692 14.830436773598192 10.68728433549404 9.2845221534371358 33.038359601050615
leaf_count=1536 93 89 142 236 62 119 531
internal_value=0.000483865 0.00918575 0.0122963 0.00419574 0.021302 -0.00569293 0
internal_weight=169.269 103.962 87.9681 53.3618 34.6063 15.9943 47.8688
internal_count=2808 1272 1064 860 204 208 767
is_linear=0
shrinkage=0.03


Tree=50
num_leaves=8
num_cat=0
split_feature=16 22 27 22 29 0 4
split_gain=9.79932 5.19963 5.06837 4.6445 4.59087 3.06917 2.90464
threshold=-0.39657576485266982 219.50000000000003 0.45170000000000005 286.50000000000006 35.500000000000007 -0.49046425900321594 0.094181235280523426
decision_type=2 2 2 2 2 8 10
left_child=1 5 6 4 -3 -1 -2
right_child=2 3 -4 -5 -6 -7 -8
leaf_value=0.0072235593943900519 -0.010089009618946567 0.017758449019993239 0.018901590346261647 -0.0033088219585285751 -0.0053678456991623266 -0.010408169281333641 0.0070033652268730725
leaf_weight=3.4927077740430832 6.7728917226195362 17.726604219526056 27.824557442218065 35.436994273215532 5.4980896040797225 58.986146483570337 14.640927441418169
leaf_count=65 112 331 287 678 110 1163 124
internal_value=0.00167149 -0.00289221 0.0119965 0.00316049 0.0118307 -0.00850163 0
internal_weight=170.379 121.141 49.2384 58.6617 23.2247 62.4789 21.4138
internal_count=2870 2347 523 1119 441 1228 236
is_linear=0
shrinkage=0.03


Tree=51
num_leaves=8
num_cat=0
split_feature=0 22 26 30 27 25 16
split_gain=5.43857 5.28781 4.93624 4.87165 3.43617 2.68793 2.57487
threshold=-0.018124759238594908 250.50000000000003 2.5000000000000004 10.1906799100543 0.21170000000000003 3.5000000000000004 0.45294816116875875
decision_type=10 2 2 8 2 2 2
left_child=2 4 -1 -4 -2 -6 -7
right_child=1 -3 3 -5 5 6 -8
leaf_value=-0.011792450457163112 0.010695427192484046 0.011205937274285292 0.015673558577447129 -0.0061410695425744141 0.0082563805201016603 -0.0095014117003824304 0.0061258388923115794
leaf_weight=42.876267734915018 8.3019503541290742 43.1944978274405 8.42452170699835 12.952300898730753 4.5702797621488562 45.02801526710391 4.5883121378719798
leaf_count=915 107 582 180 268 79 679 34
internal_value=-6.17112e-06 0.00400321 -0.00652145 0.00387248 -0.00146954 -0.00471069 -0.00714601
internal_weight=169.936 105.683 64.2531 21.3768 62.4886 54.1866 49.6163
internal_count=2844 1481 1363 448 899 792 713
is_linear=0
shrinkage=0.03


Tree=52
num_leaves=8
num_cat=0
split_feature=2 5 30 0 25 6 2
split_gain=18.7795 5.45921 4.8157 2.44462 2.32157 2.84767 3.52042
threshold=0.20933129878517096 -0.30991265230219295 11.279188329632326 -0.22958589145399175 1.5000000000000002 0.066269824278548564 1.0000000180025095e-35
decision_type=8 10 8 10 2 8 10
left_child=1 3 -2 -1 -3 6 -6
right_child=2 4 -4 -5 5 -7 -8
leaf_value=-0.0018991084358885961 0.0067566792256276475 0.0057178354409742633 0.027848477051014949 0.012356132481149589 -0.011681057704621325 -0.014686844240134347 0.0024265285024446448
leaf_weight=15.029284432530405 35.312659196555614 4.000238347798585 14.531652651727198 13.65079891681671 17.780794758349657 37.784325502812862 33.063518889248371
leaf_count=288 236 87 96 244 458 824 650
internal_value=0.00197367 -0.00438123 0.0161662 0.00569205 -0.00785378 -0.00904424 -0.00316947
internal_weight=171.153 121.309 49.8443 28.6801 92.6289 88.6286 50.8443
internal_count=2883 2551 332 532 2019 1932 1108
is_linear=0
shrinkage=0.03


Tree=53
num_leaves=8
num_cat=0
split_feature=30 30 16 6 3 27 27
split_gain=6.11981 5.51604 4.89022 3.5653 3.08329 3.53439 3.97732
threshold=12.254596493540776 10.1906799100543 -1.2453160064778206 0.091850884408647304 -0.47053662675759106 0.54730000000000012 0.72745000000000004
decision_type=8 10 2 10 10 2 2
left_child=1 4 -2 -4 -1 -6 -7
right_child=2 -3 3 -5 5 6 -8
leaf_value=0.014019456032460386 -0.0042742577130213712 -0.0078930115227529192 0.020650510461137653 -0.0025674536299298448 -0.0048316924606499924 0.016097491446173697 -0.006306209858947749
leaf_weight=10.743884045630692 9.3351582176983339 69.933454178273678 20.060394354164604 4.1257674321532241 39.240613635629416 11.896899059414865 4.6188528500497332
leaf_count=192 186 1236 303 68 636 165 78
internal_value=0.000502062 -0.00235326 0.0106989 0.0165701 0.00349314 0 0.00920686
internal_weight=169.955 136.434 33.5213 24.1862 66.5002 55.7564 16.5158
internal_count=2864 2307 557 371 1071 879 243
is_linear=0
shrinkage=0.03


Tree=54
num_leaves=8
num_cat=0
split_feature=2 4 2 22 0 5 16
split_gain=15.7063 3.72616 5.70529 3.033 4.14962 4.41344 4.44312
threshold=0.26392974877385356 -0.12263693616826953 0.01727381671925721 212.50000000000003 -0.045241875874685304 0.23208082564138593 -0.67729002088516055
decision_type=8 8 10 2 10 8 2
left_child=1 2 -1 -3 -5 6 -6
right_child=-2 3 -4 4 5 -7 -8
leaf_value=-0.0027111475060354858 0.017633191274457768 -0.010010304109795807 0.02116412151313941 -0.010130185656268472 -0.00077443698526854772 -0.0064253151545279582 0.020121184026771193
leaf_weight=20.060907136648897 34.971440471708775 54.437546472996473 5.5441311076283446 16.908227574080229 13.183361437171696 12.559795420616863 12.471661791205408
leaf_count=467 201 1080 99 357 272 186 197
internal_value=0.00173663 -0.00302702 0.00581973 -0.0054775 -6.20889e-05 0.00505045 0.0113062
internal_weight=170.137 135.166 25.605 109.561 55.123 38.2148 25.655
internal_count=2859 2658 566 2092 1012 655 469
is_linear=0
shrinkage=0.03


Tree=55
num_leaves=8
num_cat=0
split_feature=2 30 4 6 1 0 27
split_gain=15.2615 8.36347 5.9089 5.67429 5.47519 3.42625 3.20422
threshold=0.17262979966188222 11.279188329632326 -0.090536385868056221 0.060035806120608846 0.10382377478270928 -0.061576090697828649 0.21170000000000003
decision_type=8 8 8 10 10 10 2
left_child=2 4 3 -1 -2 -5 -4
right_child=1 -3 6 5 -6 -7 -8
leaf_value=0.015312198690819019 0.011436607147004082 0.024783236772623677 0.0028275628469805868 -0.013031100910625886 -0.0066150214621638762 0.007535190579641967 -0.012227611259535205
leaf_weight=13.073761217296125 22.449940279126167 19.256708290427923 10.232827629894016 11.322254121303557 21.747517712414265 4.2103342153131953 69.341719444841146
leaf_count=295 166 152 224 258 166 92 1527
internal_value=0.000616392 0.0115735 -0.00603582 0.00445012 0.00261437 -0.00615245 -0.0100389
internal_weight=171.635 63.4542 108.181 28.6063 44.1975 15.5326 79.5745
internal_count=2880 484 2396 645 332 350 1751
is_linear=0
shrinkage=0.03


Tree=56
num_leaves=8
num_cat=0
split_feature=2 18 4 0 29 30 1
split_gain=20.2608 6.64557 4.49227 4.38678 3.64251 3.24609 3.12122
threshold=0.17262979966188222 0.87521673598542249 -0.12263693616826953 -0.10683492232872115 41.000000000000007 9.4052107756448216 0.94803742984722283
decision_type=8 8 8 10 2 10 10
left_child=2 4 3 5 -2 -1 -4
right_child=1 -3 6 -5 -6 -7 -8
leaf_value=0.0079606847675407922 0.022375831607546783 -0.00064845066323075218 -0.011755827322936429 0.015795515716509813 0.00021794764274944697 -0.01130066731753865 0.0042922959538474453
leaf_weight=4.8413085378706517 37.339641630649567 19.436287917196751 73.677252933382988 7.1423985660076132 9.6373241096734983 12.64265203848481 6.9686233066022387
leaf_count=107 264 167 1651 155 65 289 147
internal_value=0.00126757 0.0134461 -0.0066901 0.00331425 0.0187962 -0.00455385 -0.00993768
internal_weight=171.685 66.4133 105.272 24.6264 46.977 17.484 80.6459
internal_count=2845 496 2349 551 329 396 1798
is_linear=0
shrinkage=0.03


Tree=57
num_leaves=8
num_cat=0
split_feature=2 1 27 1 27 4 16
split_gain=14.1367 5.92281 4.45883 3.1364 3.07308 2.98132 2.75816
threshold=0.051032832670821766 0.90894899748892743 0.76330000000000009 -2.7548364408805819 0.52355000000000007 0.41849553283479651 -0.65268017360935204
decision_type=8 8 2 10 2 8 2
left_child=6 2 3 -2 -3 -5 -1
right_child=1 4 -4 5 -6 -7 -8
leaf_value=-0.011430252086730135 0 -0.015003077365709045 -0.005255113731626208 0.018676376830687187 0.0047850953106784644 0.0022509495304210642 0.0020887876142152866
leaf_weight=52.032786034047604 12.238570552319286 7.193637587130068 7.9703741595149031 52.298695303499699 6.2259545400738716 17.42090493068099 12.44212121888995
leaf_count=1297 154 98 104 631 78 197 276
internal_value=0.00161775 0.00833358 0.0111082 0.0131921 -0.00676384 0.0154193 -0.00867184
internal_weight=167.823 103.348 89.9285 81.9582 13.4196 69.7196 64.4749
internal_count=2835 1262 1086 982 176 828 1573
is_linear=0
shrinkage=0.03


Tree=58
num_leaves=8
num_cat=0
split_feature=2 4 6 2 3 18 22
split_gain=18.6774 4.08153 5.42362 3.95377 4.04153 4.1727 3.65705
threshold=0.26392974877385356 -0.090536385868056221 0.062091782180464884 0.17262979966188222 0.31273396891951782 0.849131989594337 104.50000000000001
decision_type=10 8 8 8 10 10 2
left_child=1 2 6 -3 5 -5 -1
right_child=-2 3 -4 4 -6 -7 -8
leaf_value=-0.0044128539341658805 0.019208142448481475 -0.010040658596734984 -0.0060096166203943554 0.015101280267688345 -0.010454588069975857 -0.0060054379303537929 0.020095307212652756
leaf_weight=2.9681072272360352 31.82631841301918 76.930947706103325 15.299257848411797 15.260476797819143 7.5424091443419448 6.5697202309966078 11.66511073336005
leaf_count=70 174 1733 337 141 64 71 254
internal_value=0.000995438 -0.00398465 0.00465976 -0.00670571 0.00190717 0.00833938 0.0146588
internal_weight=168.062 136.236 29.9325 106.304 29.3726 21.8302 14.6332
internal_count=2844 2670 661 2009 276 212 324
is_linear=0
shrinkage=0.03


Tree=59
num_leaves=8
num_cat=0
split_feature=2 21 27 1 4 17 27
split_gain=11.7713 5.24167 6.31162 3.20079 3.03637 3.07345 4.30009
threshold=0.10025519697754799 0.84100000000000008 0.53670000000000007 0.22248920455378104 -0.68887828097197568 0.10959723962624247 0.54730000000000012
decision_type=8 2 2 8 10 10 2
left_child=4 2 3 -2 -1 6 -6
right_child=1 -3 -4 -5 5 -7 -8
leaf_value=-0.016299029160938075 0.0088099328210479097 -0.010056098988568627 0.019737756237626216 -0.0042717319897434174 -0.013421381557097493 0.0058362259216268786 0.0024758033053212929
leaf_weight=17.502554528415203 26.48938924446702 5.9646624885499469 29.237264011055231 24.334280773997307 26.934328850358725 16.764382604509592 21.107162941247225
leaf_count=411 295 60 286 258 683 354 508
internal_value=0.000438578 0.00792631 0.0102282 0.00256233 -0.00723011 -0.00305295 -0.00681287
internal_weight=168.334 86.0256 80.0609 50.8237 82.3084 64.8059 48.0415
internal_count=2855 899 839 553 1956 1545 1191
is_linear=0
shrinkage=0.03


Tree=60
num_leaves=8
num_cat=0
split_feature=2 1 30 5 27 25 27
split_gain=9.84214 6.3966 9.50122 2.89334 4.60236 3.04668 2.60883
threshold=0.12095862311524731 0.22248920455378104 11.207375904300799 -0.0097672724554301819 0.54730000000000012 21.500000000000004 0.54225000000000012
decision_type=8 8 8 8 2 2 2
left_child=3 -2 -3 4 -1 -6 -4
right_child=1 2 6 -5 5 -7 -8
leaf_value=-0.0062221084436676717 0.016186517777111695 -0.010967758707103382 0 -0.0091285780857072885 0.016600560919062167 -0.0027980304057054861 0.021728498074122107
leaf_weight=26.389913573861122 44.85333938896656 22.680754270404577 8.7396946959197539 44.228760782629251 11.877949021756651 6.5305550582706919 7.2679058685898772
leaf_count=645 415 212 81 1032 263 151 58
internal_value=0.00237685 0.00940127 0 -0.00429183 0.000858935 0.0103879 0.0142287
internal_weight=172.569 83.5417 38.6884 89.0272 44.7984 18.4085 16.0076
internal_count=2857 766 351 2091 1059 414 139
is_linear=0
shrinkage=0.03


Tree=61
num_leaves=8
num_cat=0
split_feature=6 21 18 16 5 16 18
split_gain=5.54546 3.26643 3.85349 2.77574 3.34567 2.92883 3.41359
threshold=0.069691968037604607 0.59975000000000012 0.95698269905156141 -1.0649945261371605 -0.21941524106294316 0.24636888680455588 0.83520410871480544
decision_type=8 2 10 2 10 2 10
left_child=3 2 -2 -1 -5 6 -6
right_child=1 -3 -4 4 5 -7 -8
leaf_value=-0.0032641711010140801 0.012073741717811826 -0.010674314039749826 -0.0099309841853443132 0.01813342097471447 0.003804298674660144 0.013154577237230921 -0.010617354272494875
leaf_weight=35.028971010819077 9.2341054491698724 55.028753001242876 4.1658140718936911 9.122293356806038 34.28124587610364 8.5959381051361543 14.432739336043594
leaf_count=778 138 934 75 141 515 68 221
internal_value=-0.00145882 -0.00766109 0.00337672 0.00284136 0.00626708 0.00215873 -0.00109895
internal_weight=169.89 68.4287 13.3999 101.461 66.4322 57.3099 48.714
internal_count=2870 1147 213 1723 945 804 736
is_linear=0
shrinkage=0.03


Tree=62
num_leaves=8
num_cat=0
split_feature=16 29 5 16 18 5 22
split_gain=5.85671 4.3564 3.70729 2.83746 2.49228 3.47462 3.15353
threshold=-0.39657576485266982 15.500000000000002 -0.30991265230219295 -1.0649945261371605 0.56715768025392188 -0.12153552059407646 321.50000000000006
decision_type=2 2 10 2 8 10 2
left_child=2 -2 3 -1 5 -4 -6
right_child=1 -3 4 -5 6 -7 -8
leaf_value=-0.0006339823406881339 0.021116144434625273 0.0025507755301316538 -0.009224829927923844 0.015241407744442969 -0.010310523606502977 0.011374271969553434 0.0028801135849546395
leaf_weight=19.595592349767688 12.108448207378386 37.867372144013643 3.9649077691137782 8.9600675217807275 56.984124701470137 11.171556320041416 15.704344030469654
leaf_count=365 123 382 96 142 1168 221 303
internal_value=0.00174097 0.00960073 -0.00191397 0.00618236 -0.00499933 0.00400615 -0.00727178
internal_weight=166.356 49.9758 116.381 28.5557 87.8249 15.1365 72.6885
internal_count=2800 505 2295 507 1788 317 1471
is_linear=0
shrinkage=0.03


Tree=63
num_leaves=8
num_cat=0
split_feature=2 30 2 4 1 30 2
split_gain=16.4683 4.24779 3.31467 6.7523 3.48994 4.75254 2.8796
threshold=0.24048475746439688 11.279188329632326 0.051032832670821766 -0.050000244207981652 0.16930329773742922 10.768579810257661 0.082610328435517147
decision_type=8 8 10 10 8 10 10
left_child=2 -2 -1 4 5 -4 -5
right_child=1 -3 3 6 -6 -7 -8
leaf_value=-0.010032017705045594 0.0050250838232657044 0.025804838517333135 0.026041653933733127 0.0055213742976531286 -0.0018153301855825367 -0.0027395195129008084 -0.010427554125984267
leaf_weight=62.16541232727468 29.063887774944305 12.462918817996977 7.9615293778479082 6.4740179888904086 8.7941113412380236 4.3155637197196484 35.018085617572069
leaf_count=1559 172 70 122 134 145 76 537
internal_value=0 0.0147252 -0.00554604 -0.000244006 0.011057 0.0180956 -0.00714572
internal_weight=166.256 41.5268 124.729 62.5633 21.0712 12.2771 41.4921
internal_count=2815 242 2573 1014 343 198 671
is_linear=0
shrinkage=0.03


Tree=64
num_leaves=8
num_cat=0
split_feature=2 21 21 22 22 18 22
split_gain=10.7549 3.00147 5.36027 2.7914 3.32593 2.65851 4.67256
threshold=0.20933129878517096 0.76805000000000012 0.85325000000000017 62.500000000000007 281.50000000000006 0.71122387980636959 250.50000000000003
decision_type=8 2 2 2 2 8 2
left_child=1 -1 3 -3 -5 -2 -7
right_child=5 2 -4 4 -6 6 -8
leaf_value=-0.0068277893334763445 0.018141675683503403 -0.0029436676070401678 -0.010414892968347127 0.020864027144953775 -0.0029227483558755501 -0.0051387681875631969 0.013643450704032806
leaf_weight=83.549493346363306 21.797029726207256 5.5129159521311584 8.8692767415195686 11.942158350721 3.4256320260465136 18.37443470209837 13.680194050073622
leaf_count=1828 126 123 198 260 76 128 88
internal_value=0.00113021 -0.00402203 0.00323736 0.0108343 0.0157345 0.0113308 0.00362656
internal_weight=167.151 113.299 29.75 20.8807 15.3678 53.8517 32.0546
internal_count=2827 2485 657 459 336 342 216
is_linear=0
shrinkage=0.03


Tree=65
num_leaves=8
num_cat=0
split_feature=22 6 16 18 17 5 18
split_gain=6.59904 8.73257 5.99685 5.25893 3.01823 3.52026 2.90065
threshold=250.50000000000003 0.060035806120608846 -1.5921343429729971 0.55743386058810096 -0.27399100716954033 -0.57020625154359428 0.71122387980636959
decision_type=2 8 2 8 8 10 8
left_child=1 6 -2 -3 -5 -6 -1
right_child=2 3 -4 4 5 -7 -8
leaf_value=0.013828623276322536 -0.0080017184681018712 0.0073426961588129898 0.013070694573454524 0.0022070420286164722 0.0024587132163343484 -0.018914084769063574 0
leaf_weight=19.297512458637357 8.2697253525257093 7.4462584517896167 58.958635477349162 6.0712131261825562 4.8365492187440386 34.689230006188154 25.233255192637444
leaf_count=367 172 128 899 128 70 587 442
internal_value=0.0029737 -0.00190528 0.00970392 -0.0096062 -0.0133368 -0.0160095 0.00704816
internal_weight=164.802 97.574 67.2284 53.0433 45.597 39.5258 44.5308
internal_count=2793 1722 1071 913 785 657 809
is_linear=0
shrinkage=0.03


Tree=66
num_leaves=8
num_cat=0
split_feature=2 6 2 0 27 1 4
split_gain=17.5005 4.82068 3.52182 6.03779 2.32678 2.3198 2.27643
threshold=0.17262979966188222 0.089790361204009336 0.051032832670821766 1.0000000180025095e-35 0.54730000000000012 0.22248920455378104 -0.012423423904370899
decision_type=10 8 10 10 2 8 10
left_child=2 4 -1 6 5 -2 -4
right_child=1 -3 3 -5 -6 -7 -8
leaf_value=-0.011774161497344756 0.011989257447633104 -0.0027985063721423162 0.017054694307914484 -0.0085925475899494303 0.02182467427392492 -0.0020573204682727388 -0.001249284017109129
leaf_weight=64.645578797906637 14.54570971429348 13.071826286613939 9.1403622105717641 25.584042802453041 21.193982109427452 13.373355083167553 5.739684108644723
leaf_count=1593 104 117 165 503 132 98 117
internal_value=-0.000452041 0.0112491 -0.00781325 -0.000276774 0.0151189 0.00588363 0.0113706
internal_weight=167.295 62.1849 105.11 40.4641 49.113 27.9191 14.88
internal_count=2829 451 2378 785 334 202 282
is_linear=0
shrinkage=0.03


Tree=67
num_leaves=8
num_cat=0
split_feature=2 1 2 18 22 4 1
split_gain=6.1019 3.75521 3.97042 5.082 3.34701 2.79022 2.96619
threshold=0.26392974877385356 0.27637719668734467 0.051032832670821766 0.7875059397929004 268.50000000000006 -0.090536385868056221 -0.20287975038426762
decision_type=8 8 10 8 2 8 10
left_child=1 2 5 -4 -3 -1 -7
right_child=-2 4 3 -5 -6 6 -8
leaf_value=0.0031517820035454843 0.0095999816833943468 -0.013493378803652234 -0.0017433048685367026 0.016806103483432089 0.00066204165569219296 -0.01521623948698266 0.0040294715545810701
leaf_weight=15.340761493891476 36.847953230142593 34.045478500425816 23.573289532214403 16.360268380492926 19.277179379016161 17.906524689868093 4.6117134504020241
leaf_count=377 202 691 352 250 364 485 122
internal_value=0 -0.00312499 0.000985435 0.00707979 -0.00871255 -0.00522943 -0.0107602
internal_weight=167.963 131.115 77.7926 39.9336 53.3227 37.859 22.5182
internal_count=2843 2641 1586 602 1055 984 607
is_linear=0
shrinkage=0.03


Tree=68
num_leaves=8
num_cat=0
split_feature=2 1 18 29 25 17 25
split_gain=9.11147 5.37144 4.28637 3.68773 3.56285 3.39164 2.59033
threshold=0.10025519697754799 0.22248920455378104 0.87521673598542249 41.000000000000007 6.5000000000000009 0.19968174303262662 18.500000000000004
decision_type=8 8 8 2 2 10 2
left_child=-1 3 5 4 -2 -3 -7
right_child=1 2 -4 -5 -6 6 -8
leaf_value=-0.00468129024006289 0 -0.0040289335445014996 -0.010614103367197201 -0.00053093245717410642 0.021407030591637198 0.019881801361714288 0
leaf_weight=78.304508315399289 7.1235265024006358 11.211056709289553 12.761600650846956 9.6313952542841417 32.871995408087969 8.6731946319341677 8.5071615576744062
leaf_count=1925 74 143 143 98 329 64 63
internal_value=0.00245374 0.00864077 0 0.0145558 0.0179843 0.00646017 0.013006
internal_weight=169.084 90.7799 41.153 49.6269 39.9955 28.3914 17.1804
internal_count=2839 914 413 501 403 270 127
is_linear=0
shrinkage=0.03


Tree=69
num_leaves=8
num_cat=0
split_feature=2 30 5 27 6 6 6
split_gain=12.2257 5.79185 5.54008 4.37974 3.4655 3.22673 4.54667
threshold=0.26392974877385356 11.207375904300799 -0.30991265230219295 0.58900000000000008 0.052487756333730519 0.053638216502319036 0.041767449754145938
decision_type=8 8 10 2 10 8 10
left_child=2 -2 3 5 -5 6 -1
right_child=1 -3 -4 4 -6 -7 -8
leaf_value=-0.0071298648800653917 0.0023836351067289584 0.025570867351336585 -0.0073121307016209948 -0.0016865284980874574 0.02451282513053241 -0.0098979875922108017 0.01970078921386325
leaf_weight=4.1208452247083249 24.399625524878502 13.131393633782862 101.44261616654694 3.8693022653460485 5.7614026889204979 12.424611937254666 3.6101324707269669
leaf_count=82 136 69 2104 66 97 244 65
internal_value=0.000338184 0.0138933 -0.00400635 0.00601962 0.017147 -0.00212582 0.00809287
internal_weight=168.76 37.531 131.229 29.7863 9.6307 20.1556 7.73098
internal_count=2863 205 2658 554 163 391 147
is_linear=0
shrinkage=0.03


Tree=70
num_leaves=8
num_cat=0
split_feature=2 28 3 2 3 18 27
split_gain=10.8085 7.78764 4.8032 6.13261 4.36948 3.44975 2.94453
threshold=0.051032832670821766 2.5000000000000004 0.17052406051197103 0.10025519697754799 -0.18015937636820931 0.80052562100525149 0.54730000000000012
decision_type=8 2 10 10 8 10 2
left_child=-1 2 3 5 -5 -2 -3
right_child=1 6 -4 4 -6 -7 -8
leaf_value=-0.0077603263979530183 -0.0092201038018464299 -0.0096455648330116116 0.0024740810951647003 0 0.029526498995415533 0.011992645993385528 0.0053377715373771825
leaf_weight=59.34889885224402 7.7535848394036275 20.743275035172701 32.963794443756342 5.7457323111593723 21.976692851632837 4.2758579403162003 11.993508998304604
leaf_count=1544 152 232 337 63 258 79 119
internal_value=0.00174016 0.00738946 0.0124991 0.018691 0.0249299 0 -0.00381779
internal_weight=164.801 105.452 72.7157 39.7519 27.7224 12.0294 32.7368
internal_count=2784 1240 889 552 321 231 351
is_linear=0
shrinkage=0.03


Tree=71
num_leaves=8
num_cat=0
split_feature=16 1 4 29 17 25 25
split_gain=6.32014 4.96465 4.40585 8.05371 5.47402 3.18202 4.61388
threshold=0.45294816116875875 0.8868002640992606 -0.12263693616826953 30.500000000000004 0.16199566028301846 21.500000000000004 14.500000000000002
decision_type=2 8 8 2 10 2 2
left_child=1 2 -1 5 -5 6 -4
right_child=-2 -3 3 4 -6 -7 -8
leaf_value=0.011963865042506999 0.017625909405750758 -0.011613726322381631 0.00057470033349453411 -0.017755371766661039 0.0025780933407339836 -0.0022782784212295429 0.019098325634515009
leaf_weight=21.462345516309142 10.703988660126923 23.153706861659884 29.641055645421147 24.845860358327627 14.054908655583857 30.021313296630979 15.530709430575369
leaf_count=486 82 425 468 514 143 509 229
internal_value=0.00109024 -0.000727321 0.00157122 -0.000916709 -0.0109024 0.00462065 0.00914074
internal_weight=169.414 158.71 135.556 114.094 38.9008 75.1931 45.1718
internal_count=2856 2774 2349 1863 657 1206 697
is_linear=0
shrinkage=0.03


Tree=72
num_leaves=8
num_cat=0
split_feature=2 7 30 1 1 30 17
split_gain=11.6044 5.11089 4.55071 2.81141 2.76765 2.30462 2.10013
threshold=0.20933129878517096 1.0000000180025095e-35 11.279188329632326 -6.9671685148573284 0.22248920455378104 9.4052107756448216 -0.53170048353498878
decision_type=8 10 8 8 10 10 8
left_child=1 3 4 -1 -2 -3 -5
right_child=2 5 -4 6 -6 -7 -8
leaf_value=0.0060195985895247928 0.0087477574142922863 0.017717784321907223 0.021009608761290051 0.0033854047238754768 -0.0049069706684269432 -0.0008173686082146959 -0.010365525962596914
leaf_weight=5.4804126359522343 21.873094946146011 3.4617829713970414 15.652326583862303 5.6217552106827497 15.787061668932436 8.4136551804840547 90.411907654255629
leaf_count=117 134 62 94 116 105 174 2044
internal_value=-9.52574e-05 -0.00554552 0.0104632 -0.00787871 0.00283836 0.0087878 -0.00921794
internal_weight=166.702 113.39 53.3125 101.514 37.6602 11.8754 96.0337
internal_count=2846 2513 333 2277 239 236 2160
is_linear=0
shrinkage=0.03


Tree=73
num_leaves=8
num_cat=0
split_feature=27 21 17 3 3 22 27
split_gain=5.05633 9.7916 6.37895 6.15937 2.88587 2.52995 2.37436
threshold=0.54225000000000012 0.84100000000000008 0.12994382018047432 -0.39401227958194901 -0.47053662675759106 104.50000000000001 0.21170000000000003
decision_type=2 2 10 8 10 2 2
left_child=2 3 4 -2 -1 -5 -4
right_child=1 -3 6 5 -6 -7 -8
leaf_value=0.0016506840842091346 -0.006329691704255405 -0.011392033766857776 0.014658353903475032 0.0006230716954666734 -0.012211817450819527 0.019587807647905575 0.00056690425265464907
leaf_weight=14.102839006111024 7.2336663287132978 11.458090350031851 9.8256169091910106 9.8145372588187438 38.666191928088665 40.526556862518191 35.164603516459465
leaf_count=283 148 209 121 163 882 620 418
internal_value=0.00235083 0.00815934 -0.00191595 0.0131942 -0.00853057 0.01674 0.00567585
internal_weight=166.792 69.0329 97.7593 57.5748 52.769 50.3411 44.9902
internal_count=2844 1140 1704 931 1165 783 539
is_linear=0
shrinkage=0.03


Tree=74
num_leaves=8
num_cat=0
split_feature=2 30 1 5 7 18 2
split_gain=7.78953 5.74722 4.30545 2.93649 2.11081 1.88751 2.07368
threshold=0.18318745029476627 11.207375904300799 0.22248920455378104 -0.30991265230219295 0.080312247106518062 0.7875059397929004 -0.052966528516034554
decision_type=8 8 10 8 10 10 10
left_child=3 2 -2 5 -5 -1 -7
right_child=1 -3 -4 4 -6 6 -8
leaf_value=-0.003553223003282268 0.0079427090742141323 0.018678729837973973 -0.0085542569923462951 -0.0082240020697065437 0.0052750990615597062 -0.0014024644406466567 0.017457351152857202
leaf_weight=7.9597651809453991 24.481853134930134 19.855322685092688 17.162172809243202 82.102285757660866 4.9236388858407727 4.8361037857830533 4.7288294881582233
leaf_count=170 159 137 128 1982 101 101 78
internal_value=0.000130567 0.00810155 0.000558984 -0.00466747 -0.00692262 0.00460342 0.010772
internal_weight=166.05 61.4993 41.644 104.551 87.0259 17.5247 9.56493
internal_count=2856 424 287 2432 2083 349 179
is_linear=0
shrinkage=0.03


Tree=75
num_leaves=8
num_cat=0
split_feature=2 17 4 28 2 4 26
split_gain=7.23197 4.88532 3.32449 4.17548 6.08921 3.31447 3.63283
threshold=0.10025519697754799 0.10959723962624247 -0.050000244207981652 2.5000000000000004 0.33211559179233546 -0.082124389746455292 2.5000000000000004
decision_type=8 10 8 2 8 8 2
left_child=1 5 -2 -4 -5 6 -1
right_child=2 -3 3 4 -6 -7 -8
leaf_value=-0.0069487462759991545 0.023569629470520565 0.0073167457235066057 0.010186000140195611 -0.011237656209678714 0.012376339888726912 -0.012702684922380272 0.011569086161337273
leaf_weight=13.961044615134599 6.3357535898685455 21.260040581226349 55.409880477935076 19.200517576187849 7.2966859862208393 32.193401381373405 8.6596696339547616
leaf_count=356 80 474 547 213 39 886 208
internal_value=0.00363335 -0.00287057 0.00916877 0.00588986 -0.00293801 -0.00748922 0.000820863
internal_weight=164.317 76.0742 88.2428 81.9071 26.4972 54.8141 22.6207
internal_count=2803 1924 879 799 252 1450 564
is_linear=0
shrinkage=0.03


Tree=76
num_leaves=8
num_cat=0
split_feature=2 1 2 25 1 4 16
split_gain=8.76744 3.34794 3.61974 3.18925 3.5209 3.06312 2.94923
threshold=0.26392974877385356 0.27637719668734467 0.11331514022884982 9.5000000000000018 0.65691755962764864 -0.12263693616826953 -0.93215362074529939
decision_type=8 8 10 2 10 8 2
left_child=1 2 5 4 -3 -1 -4
right_child=-2 3 6 -5 -6 -7 -8
leaf_value=0.005446554567143427 0.011949241592489614 -0.0092837839283129425 0.016607425700136149 -0.012689361993032777 0.011677069909109992 -0.0083589913494067324 -8.7907388215811098e-05
leaf_weight=13.86085490696132 37.024452060461044 5.1114700157195312 10.32521751150489 37.005133528262377 7.7265631891787052 34.847214236855507 16.046634841710329
leaf_count=334 197 98 145 780 144 891 184
internal_value=0.000452877 -0.00335564 0.000579293 -0.0088026 0.00225147 -0.0039517 0.00835628
internal_weight=161.948 124.923 75.0799 49.8432 12.838 48.7081 26.3719
internal_count=2773 2576 1554 1022 242 1225 329
is_linear=0
shrinkage=0.03


Tree=77
num_leaves=8
num_cat=0
split_feature=21 21 27 25 3 27 25
split_gain=5.36463 4.93048 3.27418 4.01692 4.5971 3.5544 3.38197
threshold=0.84100000000000008 0.76805000000000012 0.52355000000000007 27.500000000000004 -0.35922926953658929 0.21170000000000003 30.500000000000004
decision_type=2 2 2 2 10 2 2
left_child=1 2 5 4 -4 -1 -7
right_child=-2 -3 3 -5 -6 6 -8
leaf_value=0.0067789534486072953 -0.011799350174335551 0.014011531986017685 -0.0039566045689419446 -0.0052659062749447162 0.01732659928113715 -0.0099286695659679472 0.0036380697823983604
leaf_weight=18.846047172322869 14.457844240590928 25.856749150902033 7.8527899403125074 10.978043669834731 23.491905337199569 45.2047786321491 17.089125702157617
leaf_count=325 269 447 138 172 355 834 293
internal_value=0.00187683 0.00382905 0.000859554 0.00701448 0.0118929 -0.00252399 -0.00600303
internal_weight=163.777 149.319 123.463 42.3227 31.3447 81.14 62.2939
internal_count=2833 2564 2117 665 493 1452 1127
is_linear=0
shrinkage=0.03


Tree=78
num_leaves=8
num_cat=0
split_feature=18 27 27 0 29 7 5
split_gain=7.19274 4.36826 5.04947 4.7323 4.75163 4.06962 3.46514
threshold=0.55743386058810096 0.45170000000000005 0.71520000000000017 -0.070814431954184007 30.500000000000004 0.027497093839756299 -0.029606314489982903
decision_type=8 2 2 10 2 10 8
left_child=-1 5 3 -3 -5 -2 -4
right_child=1 2 6 4 -6 -7 -8
leaf_value=0.013932266460596497 -0.0097272307460449913 -0.0042897878546986493 0.0053255327558205511 0.018472668071268249 -0.00045412911151425161 0.0087128419112125228 -0.014828948766658339
leaf_weight=23.822318209335208 58.916169641539454 16.776011364534497 5.6783532071858644 25.685926510021091 15.582437656819819 5.5623018946498624 12.674450093880298
leaf_count=420 1088 359 120 354 202 75 208
internal_value=0.000967898 -0.0017545 0.00286194 0.00719631 0.0121084 -0.0071434 -0.00830029
internal_weight=164.698 140.876 76.3972 58.0444 41.2684 64.4785 18.3528
internal_count=2826 2406 1243 915 556 1163 328
is_linear=0
shrinkage=0.03


Tree=79
num_leaves=8
num_cat=0
split_feature=2 30 6 27 18 27 25
split_gain=5.52182 6.67302 7.04281 3.46183 3.36473 3.13378 3.09127
threshold=0.051032832670821766 12.169960721319162 0.085798286060302931 0.71520000000000017 0.849131989594337 0.54225000000000012 9.5000000000000018
decision_type=8 8 8 2 10 2 2
left_child=5 2 3 6 -3 -1 -2
right_child=1 4 -4 -5 -6 -7 -8
leaf_value=-0.011077800884888524 -0.0028947747846659643 0.022934649675932197 -0.011810313099549453 -0.0082352058581996596 0 0.0014275177961536104 0.011679188077888049
leaf_weight=33.463419070467353 11.970602847635744 14.422259766608478 21.804368913173676 6.3173881396651259 9.1197275966405851 25.715448718518019 42.923228165134788
leaf_count=936 139 165 268 84 104 641 501
internal_value=0.000872909 0.00491325 0.000242002 0.00562084 0.0166706 -0.0058976 0.00829861
internal_weight=165.736 106.558 83.0156 61.2112 23.542 59.1789 54.8938
internal_count=2838 1261 992 724 269 1577 640
is_linear=0
shrinkage=0.03


Tree=80
num_leaves=8
num_cat=0
split_feature=6 7 5 1 21 5 18
split_gain=4.89281 4.61525 3.82048 3.99006 4.03888 2.7768 4.24982
threshold=0.1063127971192401 -1.0000000180025095e-35 -1.0000000180025095e-35 0.8868002640992606 0.67365000000000008 0.14791991857320722 0.72925976406714155
decision_type=8 8 8 8 2 8 10
left_child=1 -1 3 4 -3 -4 -7
right_child=-2 2 5 -5 -6 6 -8
leaf_value=-0.012204037533105852 -0.010836422583501103 0 -0.0065058237904411179 -0.0047043456305907224 0.019916657457999639 0.012022911554240422 -0.0022040314604978317
leaf_weight=8.9532549455761892 20.975865297019482 14.599637396633623 26.957965843379501 7.4091016165912142 24.702312488108873 24.011302208527923 38.102381844073534
leaf_count=228 319 334 533 157 525 249 516
internal_value=0.000385833 0.00259283 0.00429757 0.0105479 0.0140497 0.000266067 0.00382604
internal_weight=165.712 144.736 135.783 46.7111 39.3019 89.0716 62.1137
internal_count=2861 2542 2314 1016 859 1298 765
is_linear=0
shrinkage=0.03


Tree=81
num_leaves=8
num_cat=0
split_feature=1 25 17 29 29 22 17
split_gain=4.47708 4.95284 4.47579 5.68357 3.78459 2.39653 2.05076
threshold=0.049970971763623979 10.500000000000002 0.10959723962624247 12.500000000000002 41.000000000000007 250.50000000000003 0.34791968879331009
decision_type=8 2 10 2 2 2 10
left_child=1 -1 -2 -4 -3 -5 -7
right_child=2 4 3 5 -6 6 -8
leaf_value=-0.0064870909555098189 -0.014122123036874962 0.011122259685601783 0.013969927262531495 -0.010654864335256645 -0.0045520919327388309 0.008605961328338527 -0.0061279418938183523
leaf_weight=23.550218611955643 27.375118307769299 50.941948339343071 10.495376400649546 23.469684313982725 11.716877562925218 10.315059565007688 7.4226756766438475
leaf_count=435 640 878 142 331 201 140 70
internal_value=-0.000965122 0.00351501 -0.00589574 0 0.00779541 -0.0055316 0.00186922
internal_weight=165.287 86.209 79.0779 51.7028 62.6588 41.2074 17.7377
internal_count=2837 1514 1323 683 1079 541 210
is_linear=0
shrinkage=0.03


Tree=82
num_leaves=8
num_cat=0
split_feature=2 4 18 4 5 27 3
split_gain=10.0691 6.05238 5.13219 4.73112 3.59281 3.41739 2.2481
threshold=0.051032832670821766 -0.050000244207981652 0.56715768025392188 0.18572957414461641 -0.57020625154359428 0.44050000000000006 0.58983932791917493
decision_type=10 8 8 8 10 2 8
left_child=2 -2 -1 -3 -4 6 -5
right_child=1 3 4 5 -6 -7 -8
leaf_value=0.006608737499122495 0.023777275822150161 -0.0041921911845638916 0.0022147184098541281 -0.0057879476356014117 -0.015111788246385831 0.013637742295668937 0.0087606594218241057
leaf_weight=11.465171892195938 9.026848513633011 36.373669032007456 9.6824269611388427 17.198882039636374 39.628979329019785 34.04768730700016 7.3633398711681393
leaf_count=279 136 573 216 175 1082 293 74
internal_value=0.00141244 0.00697264 -0.00758917 0.00350693 -0.0116137 0.00843987 0
internal_weight=164.787 104.01 60.7766 94.9836 49.3114 58.6099 24.5622
internal_count=2828 1251 1577 1115 1298 542 249
is_linear=0
shrinkage=0.03


Tree=83
num_leaves=8
num_cat=0
split_feature=5 30 5 18 16 18 1
split_gain=5.44617 6.25894 4.06612 4.012 3.34862 3.1553 3.5022
threshold=-0.30991265230219295 11.951378335098926 -0.095582142205157233 0.7875059397929004 0.45294816116875875 0.80052562100525149 -0.52339820525012326
decision_type=8 8 8 10 2 10 10
left_child=3 4 -3 -1 -2 6 -4
right_child=1 2 5 -5 -6 -7 -8
leaf_value=-0.0012635171069699089 -0.0070421457990346038 -0.0084904890809776729 0 0.021114531179224117 0.0082461671148982198 0 0.02369842716788774
leaf_weight=8.6507797017693537 102.45074286870658 4.8298395220190287 6.3984683249145755 10.003440555185078 6.9686398506164542 15.47559663467109 12.218727950006723
leaf_count=176 1796 115 120 175 54 234 177
internal_value=0.000319608 -0.00174723 0.00748489 0.0129096 -0.00544524 0.011288 0.0175554
internal_weight=166.996 148.342 38.9226 18.6542 109.419 34.0928 18.6172
internal_count=2847 2496 646 351 1850 531 297
is_linear=0
shrinkage=0.03


Tree=84
num_leaves=8
num_cat=0
split_feature=2 18 1 30 16 16 22
split_gain=6.75382 3.49174 2.48595 2.36514 2.6013 4.73048 2.64409
threshold=0.17262979966188222 0.87521673598542249 -10.577012419508245 10.707234077690996 -0.59133190601236685 -1.5182606464231454 130.50000000000003
decision_type=8 8 8 8 2 2 2
left_child=2 -2 -1 4 5 -4 -6
right_child=1 -3 3 -5 6 -7 -8
leaf_value=0.010495282537362647 0.013587463509930056 -0.00051767664786326077 0.0093923698656891309 -0.0081607257265635964 -0.004417714061535901 -0.0094933421702664451 0.016226907921740568
leaf_weight=4.048633636906743 44.646895535290241 18.910635128617287 10.252784036099905 45.849613755941391 2.9468859136104566 26.074651200324301 7.6073531527072191
leaf_count=86 299 155 246 1106 63 664 154
internal_value=0.00253219 0.00959238 -0.00233961 -0.00383792 0.000689728 -0.00309166 0.0102348
internal_weight=160.337 63.5575 96.7799 92.7313 46.8817 36.3274 10.5542
internal_count=2773 454 2319 2233 1127 910 217
is_linear=0
shrinkage=0.03


Tree=85
num_leaves=8
num_cat=0
split_feature=18 22 4 27 0 0 1
split_gain=5.14194 6.64095 4.69722 3.73989 3.25342 2.94681 2.67353
threshold=0.55743386058810096 238.50000000000003 0.11082581929922704 0.42240000000000005 -0.018124759238594908 1.0000000180025095e-35 0.27637719668734467
decision_type=8 2 10 2 10 10 8
left_child=2 3 5 -2 -3 -1 -6
right_child=1 4 -4 -5 6 -7 -8
leaf_value=0.008788686658174413 -0.014046934489054442 -0.0028922461079165327 0.022816796320074263 -0.00088857473811226341 0.015297496902656249 -0.0092703302891455168 0.00019807071255547015
leaf_weight=8.9389214348048025 31.074617112055421 22.873684225603938 8.5975867882370931 46.347514249384403 21.902838137000799 7.636030411347746 19.837987652048469
leaf_count=208 597 503 70 810 294 149 246
internal_value=0.00082251 -0.00148972 0.0115343 -0.00716641 0.00514578 0 0.00960886
internal_weight=167.209 142.037 25.1725 77.4221 64.6145 16.575 41.7408
internal_count=2877 2450 427 1407 1043 357 540
is_linear=0
shrinkage=0.03


Tree=86
num_leaves=8
num_cat=0
split_feature=21 21 1 17 16 1 16
split_gain=4.2041 3.33505 3.44713 3.39134 3.53514 3.22751 5.25898
threshold=0.84100000000000008 0.76805000000000012 0.85913981076322277 -0.020622851071902756 -1.6468680771308171 0.049970971763623979 -0.26051993546248775
decision_type=2 2 8 10 2 8 2
left_child=1 5 3 4 -3 -1 -7
right_child=-2 2 -4 -5 -6 6 -8
leaf_value=0.0045129835201923353 -0.011233573734502992 0.012564283034075844 -0.0054053025213032851 0.021411337765748002 -0.010307235246310246 -0.010459597727352228 0.0058132883142159213
leaf_weight=65.653696497902274 15.049448264762757 2.8073755670338896 4.1656671650707748 13.273273928090925 5.8890729490667608 39.144733274355531 21.01133562810719
leaf_count=1145 280 60 80 175 132 793 209
internal_value=0.000664967 0.00244017 0.0107618 0.0149524 0 5.92949e-05 -0.00454052
internal_weight=166.995 151.945 26.1354 21.9697 8.69645 125.81 60.1561
internal_count=2874 2594 447 367 192 2147 1002
is_linear=0
shrinkage=0.03


Tree=87
num_leaves=8
num_cat=0
split_feature=18 30 30 1 2 29 6
split_gain=9.15725 5.03814 6.13163 3.81738 3.70152 4.76474 3.34203
threshold=0.55743386058810096 10.001499986472195 11.951378335098926 0.049970971763623979 0.051032832670821766 28.500000000000004 0.064870592930269019
decision_type=8 10 10 8 10 2 8
left_child=-1 3 -3 4 -2 -6 -4
right_child=1 2 6 -5 5 -7 -8
leaf_value=0.013010060632714102 -0.0039985236895764336 -0.013825845779791289 0.012202630745370749 -0.0057529122149407551 0.02031091814037567 -0.0023279994592973947 -0.0063298073805507157
leaf_weight=24.662078915163875 11.595744043588637 57.543152334168553 10.209906373173 27.475532241165638 15.360296458005907 9.0323833748698217 8.7987219635397178
leaf_count=423 308 1041 180 464 164 97 167
internal_value=-0.00132039 -0.00451261 -0.00934709 0.00150252 0.00742158 0.0129603 0.00373496
internal_weight=164.678 140.016 76.5518 63.464 35.9884 24.3927 19.0086
internal_count=2844 2421 1388 1033 569 261 347
is_linear=0
shrinkage=0.03


Tree=88
num_leaves=8
num_cat=0
split_feature=2 30 28 5 18 2 5
split_gain=7.16153 6.03484 5.5305 5.27317 3.46809 4.24682 3.42681
threshold=0.14463588240879624 11.951378335098926 2.5000000000000004 -0.0097672724554301819 0.7875059397929004 -0.052966528516034554 -0.12153552059407646
decision_type=8 10 2 8 10 10 10
left_child=3 2 -2 4 6 -6 -1
right_child=1 -3 -4 -5 5 -7 -8
leaf_value=-0.0099844287863543497 0.0080101196003322973 0.021606686371099752 -0.0085618992429950889 -0.010916074305095939 -0.0030358786750056543 0.020004926185717857 0.0069793183683217923
leaf_weight=18.425119692459706 44.448521481826901 13.148212762549518 19.470122277736664 44.416787667199969 7.7340902891010073 8.7824882566928846 9.9054953921586257
leaf_count=462 361 98 167 1089 196 193 265
internal_value=0.00116889 0.00754542 0.0023627 -0.00434993 0.00253739 0.0111339 -0.00340956
internal_weight=166.331 77.0669 63.9186 89.264 44.8472 16.5166 28.3306
internal_count=2831 626 528 2205 1116 389 727
is_linear=0
shrinkage=0.03


Tree=89
num_leaves=8
num_cat=0
split_feature=6 3 18 25 25 25 1
split_gain=3.73225 3.69208 4.82358 3.33239 3.67641 4.74992 2.8627
threshold=0.096694690662783869 0.58983932791917493 0.55743386058810096 30.500000000000004 18.500000000000004 16.500000000000004 -0.88149761050799758
decision_type=8 8 8 2 2 2 8
left_child=1 2 -1 4 5 6 -4
right_child=-2 -3 3 -5 -6 -7 -8
leaf_value=0.011023071666927658 -0.0085360773408534665 0.011758198118277951 0.0044854495555922708 0.0054689245754245665 -0.01368611476317279 0.014837745376999159 -0.0092915311416187137
leaf_weight=19.793423986062407 27.945324784144759 21.389376712962985 13.271434789523481 22.910113299265504 25.820383450016379 6.0188167262822381 30.799521531909704
leaf_count=353 454 313 250 388 504 88 531
internal_value=5.22369e-05 0.0022366 0 -0.00300422 -0.00601783 -0.000466302 -0.00480297
internal_weight=167.948 140.003 118.614 98.8203 75.9102 50.0898 44.071
internal_count=2881 2427 2114 1761 1373 869 781
is_linear=0
shrinkage=0.03


Tree=90
num_leaves=8
num_cat=0
split_feature=2 4 4 27 3 0 27
split_gain=8.09454 5.7609 4.3165 3.35296 3.96007 3.27417 2.59207
threshold=0.051032832670821766 -0.050000244207981652 0.35013106303184444 0.62550000000000006 0.25741759599474173 -0.0097751738381945934 0.8035500000000001
decision_type=10 8 10 2 8 10 2
left_child=5 -2 3 -3 -5 6 -1
right_child=1 2 -4 4 -6 -7 -8
leaf_value=-0.01406933541724335 0.021877116543996874 -0.0037534466667168446 0.01555644844046118 -0.0031683713570762051 0.017214979815042393 0.0013202315834437413 0.0045381819213534211
leaf_weight=35.173302415758371 9.5594152063131315 63.756122309714556 10.814380731433628 10.409908611327408 10.1819657497108 21.729609850794077 2.7535324525088063
leaf_count=978 140 816 63 136 89 539 72
internal_value=0.000915464 0.00587441 0.00254962 -0.000158748 0.00838255 -0.00723314 -0.0118366
internal_weight=164.378 104.722 95.1624 84.348 20.5919 59.6564 37.9268
internal_count=2833 1244 1104 1041 225 1589 1050
is_linear=0
shrinkage=0.03


Tree=91
num_leaves=8
num_cat=0
split_feature=18 4 3 27 4 28 3
split_gain=5.21077 5.54094 4.34666 4.99152 6.47004 4.58279 4.51457
threshold=0.55743386058810096 0.11082581929922704 0.58983932791917493 0.42965000000000003 -0.12263693616826953 -1.4999999999999998 -0.53614634806867123
decision_type=8 8 8 2 8 2 10
left_child=1 -1 3 6 -5 -6 -2
right_child=2 -3 -4 4 5 -7 -8
leaf_value=-0.00061176941474039856 0.0071762430649864976 0.022576611538161252 0.0072644757828222786 0.01609610900676002 0.01122292058346609 -0.0075017145348633485 -0.01475185912479321
leaf_weight=15.871420100331305 4.2320639062672845 9.9571970496326703 27.439196640625596 10.790739042684434 6.7949853111058465 49.4717659316957 40.238794950768352
leaf_count=349 94 86 394 246 117 784 782
internal_value=0.000444387 0.0111092 -0.00193254 -0.00465553 0.000497804 -0.0038915 -0.0116032
internal_weight=164.796 25.8286 138.968 111.528 67.0575 56.2668 44.4709
internal_count=2852 435 2417 2023 1147 901 876
is_linear=0
shrinkage=0.03


Tree=92
num_leaves=8
num_cat=0
split_feature=21 27 28 27 7 25 28
split_gain=5.73636 6.3356 5.17665 4.9296 3.94795 4.57945 4.69855
threshold=0.85325000000000017 0.54730000000000012 3.5000000000000004 0.71520000000000017 0.027497093839756299 28.500000000000004 1.0000000180025095e-35
decision_type=2 2 2 2 10 2 2
left_child=1 2 4 -3 5 6 -1
right_child=-2 3 -4 -5 -6 -7 -8
leaf_value=-0.010937583236040348 -0.013397389705055687 0.016281810476801845 -0.013213492669723903 -0.0011842872167015799 0.016796395379407969 0.0093752715633020119 0.0054030811662145756
leaf_weight=33.26986613497138 10.468312203884123 40.788219958543777 15.222364315763114 17.079027898609638 6.8412367515265933 22.164769636467099 18.091843457892537
leaf_count=660 203 610 214 311 88 426 321
internal_value=0.00242576 0.0042084 -0.000532702 0.0113814 0.00267819 0 -0.00497655
internal_weight=163.926 153.457 95.5901 57.8672 80.3677 73.5265 51.3617
internal_count=2833 2630 1709 921 1495 1407 981
is_linear=0
shrinkage=0.03


Tree=93
num_leaves=8
num_cat=0
split_feature=22 6 29 3 30 1 22
split_gain=4.06316 3.69019 2.8785 2.85673 3.82391 2.95346 2.53219
threshold=351.50000000000006 0.096694690662783869 17.500000000000004 -0.81575266317193784 12.254596493540776 -0.99080786844196311 238.50000000000003
decision_type=2 10 2 10 10 10 2
left_child=1 3 -3 6 -5 -6 -1
right_child=-2 2 -4 4 5 -7 -8
leaf_value=0 0.010790935792611202 0.0025364299762975747 -0.016727083315151343 -0.0043117910268343114 -0.0035377084564579171 0.015858309913547836 0.017485366625102
leaf_weight=12.084852136671545 19.595883218571544 5.6700246613472727 14.344001658260821 88.106076337397099 6.0325887221843013 9.6559480149298871 6.9337535705417386
leaf_count=213 335 98 258 1541 118 154 116
internal_value=0.000136368 -0.00172081 -0.0115684 0.000378644 -0.00164622 0.00909091 0.00919998
internal_weight=162.423 142.827 20.014 122.813 103.795 15.6885 19.0186
internal_count=2833 2498 356 2142 1813 272 329
is_linear=0
shrinkage=0.03


Tree=94
num_leaves=8
num_cat=0
split_feature=3 18 4 4 0 16 27
split_gain=4.7139 4.05407 5.83734 5.00913 3.14468 2.24334 1.92842
threshold=0.58983932791917493 0.55743386058810096 0.1231859328481812 -0.082124389746455292 -0.10683492232872115 -1.2453160064778206 0.21170000000000003
decision_type=8 8 8 8 10 2 2
left_child=1 2 -1 4 -3 -2 -5
right_child=5 3 -4 6 -6 -7 -8
leaf_value=-0.0028769675074808211 -0.0019464169183899874 -0.0013646811169398712 0.020696667377212256 0.0022702241020569227 0.016164569331036494 0.014274237740863801 -0.0087128590770145491
leaf_weight=15.655680840834973 5.8661262560635832 15.718014197424056 8.9241582304239291 11.462465710937975 8.1393435429781658 23.108016029000282 75.565544718876481
leaf_count=340 112 380 75 200 177 299 1247
internal_value=0.0013273 -0.00110254 0.00820191 -0.00370435 0.00670231 0.0108739 -0.00703909
internal_weight=164.439 135.465 24.5798 110.885 23.8574 28.9741 87.028
internal_count=2830 2419 415 2004 557 411 1447
is_linear=0
shrinkage=0.03


Tree=95
num_leaves=8
num_cat=0
split_feature=2 26 5 28 16 17 2
split_gain=9.93858 4.16289 3.87065 5.13865 2.99533 3.71552 2.51132
threshold=0.051032832670821766 2.5000000000000004 1.0000000180025095e-35 2.5000000000000004 -0.14662109787415925 0.082259583180692444 0.19536932756630784
decision_type=8 2 10 2 2 8 10
left_child=1 -1 3 -2 5 6 -4
right_child=2 -3 4 -5 -6 -7 -8
leaf_value=-0.013739209490435283 0.020080396829770121 0.001673387665857733 -0.002340621924277672 -0.0011517661116545459 0.0083656296802867292 -0.0083832782510950745 0.01465226758859111
leaf_weight=38.012872798368335 21.535131707787514 19.163832867518067 10.222141504287722 12.510065894573925 26.33601338416338 31.654450433328748 6.7402556985616675
leaf_count=1065 293 519 206 162 193 372 52
internal_value=0.000550393 -0.00877192 0.00583419 0.0131871 0.00136385 -0.00281025 0.00634262
internal_weight=166.175 57.1767 108.998 34.0452 74.9529 48.6168 16.9624
internal_count=2862 1584 1278 455 823 630 258
is_linear=0
shrinkage=0.03


Tree=96
num_leaves=8
num_cat=0
split_feature=2 4 6 30 0 21 22
split_gain=7.76481 4.118 3.45845 3.20866 2.65258 2.33327 3.28567
threshold=0.17262979966188222 -0.12263693616826953 0.089790361204009336 10.768579810257661 -0.43996071735844605 0.76805000000000012 185.50000000000003
decision_type=8 8 8 10 10 2 2
left_child=1 3 -2 -1 -3 -6 -7
right_child=2 4 -4 -5 5 6 -8
leaf_value=0.012973722696846218 0.01286886844453123 0.0068882570078259093 -0.0012045669770381954 -0.0046563201726925463 -0.010894051843070759 -0.0071942654661538022 0.011567826178292927
leaf_weight=14.859233986586334 54.557903002947569 5.1733785402029744 16.785716101527214 8.6539389714598638 51.603256272152066 11.636189589276912 6.5445112865418187
leaf_count=359 354 118 138 208 1284 290 153
internal_value=0.00251734 -0.00279491 0.00958103 0.00647422 -0.00622728 -0.00800089 0.000457605
internal_weight=169.814 98.4705 71.3436 23.5132 74.9573 69.784 18.1807
internal_count=2904 2412 492 567 1845 1727 443
is_linear=0
shrinkage=0.03


Tree=97
num_leaves=8
num_cat=0
split_feature=2 30 1 5 5 5 28
split_gain=5.86588 6.26136 4.9401 4.25359 3.76373 3.23215 3.21751
threshold=0.10025519697754799 12.169960721319162 0.10382377478270928 0.078383042637919162 0.3604443141148192 -0.30991265230219295 2.5000000000000004
decision_type=8 10 10 10 10 8 2
left_child=5 2 3 -2 -5 -1 -4
right_child=1 -3 6 4 -6 -7 -8
leaf_value=0.0045984335037234265 0.016685238090227469 0.019863954809045698 0.00037857642812208091 -0.0078594191492603015 0.010988970878184385 -0.0085623122444937073 -0.014883600334986879
leaf_weight=15.101998349651693 16.512825317680836 13.095926390960811 26.990211559459567 16.866273187100891 7.3656472191214553 59.186308203265071 12.061106998473404
leaf_count=318 172 124 261 170 51 1640 130
internal_value=0.000354474 0.00526438 0.00110581 0.00784537 -0.000359327 -0.00551764 -0.00574554
internal_weight=167.18 92.892 79.7961 40.7447 24.2319 74.2883 39.0513
internal_count=2866 908 784 393 221 1958 391
is_linear=0
shrinkage=0.03


Tree=98
num_leaves=8
num_cat=0
split_feature=27 21 6 2 27 27 2
split_gain=3.76914 7.98497 4.24297 3.60025 4.15529 3.45573 2.51343
threshold=0.58900000000000008 0.85325000000000017 0.069691968037604607 0.027988556129148027 0.76330000000000009 0.29775000000000007 0.33211559179233546
decision_type=2 2 10 10 2 2 10
left_child=2 3 5 -2 -5 -1 -4
right_child=1 -3 6 4 -6 -7 -8
leaf_value=0.011040404828776577 0 -0.011956487441024326 -0.010885209786979167 0.021963702049715161 -0.00066537284641465788 -0.0015645569165606684 0.0047511212389672198
leaf_weight=21.272466842085123 12.883910626173018 7.9024230167269698 38.317263500764966 23.747286895290021 7.2585124038159838 49.814332067966461 5.23716066032648
leaf_count=371 330 149 763 257 92 846 28
internal_value=0.00140009 0.00757255 -0.00157823 0.0126791 0.0172317 0.002753 -0.00826858
internal_weight=166.433 51.7921 114.641 43.8897 31.0058 71.0868 43.5544
internal_count=2836 828 2008 679 349 1217 791
is_linear=0
shrinkage=0.03


Tree=99
num_leaves=8
num_cat=0
split_feature=2 30 6 28 6 1 30
split_gain=4.53701 4.28765 3.087 4.07969 3.26288 4.4294 4.02536
threshold=0.26392974877385356 11.121038825438236 0.085798286060302931 4.5000000000000009 0.046650734569235998 -1.3617152947239801 10.82656194483952
decision_type=10 8 8 2 10 10 8
left_child=2 -2 4 -4 -1 -6 -7
right_child=1 -3 3 -5 5 6 -8
leaf_value=-0.0054783924526500445 0 0.019327158369160262 -0.013402441706429844 0.0073326181043468905 -0.0060943434509619998 0.016126344422842002 -0.0002439853035384765
leaf_weight=36.854895684868097 22.869809925556183 12.017485857009886 26.806085607036952 4.653759714215993 16.091669442132115 24.127326717600226 19.902820575982332
leaf_count=776 122 57 546 74 348 496 411
internal_value=0.000636024 0.00918534 -0.00197871 -0.00909029 0.000702373 0.00490982 0.00953848
internal_weight=163.324 34.8873 128.437 31.4598 96.9767 60.1218 44.0301
internal_count=2830 179 2651 620 2031 1255 907
is_linear=0
shrinkage=0.03


Tree=100
num_leaves=8
num_cat=1
split_feature=27 21 7 27 6 24 29
split_gain=4.02023 4.40497 4.21622 4.00534 3.80118 3.30541 3.97763
threshold=0.54730000000000012 0.86685000000000012 0.016188784901416637 0.32880000000000004 0.070842741664735018 0 34.500000000000007
decision_type=2 2 10 2 10 1 2
left_child=2 -2 3 4 5 6 -1
right_child=1 -3 -4 -5 -6 -7 -8
leaf_value=0.018663582384053003 0.0088875082799827684 -0.0092118722094922112 0.010076610143433713 -0.010467924596426061 -0.0088462373813665736 -0.0057587077002959385 -0.0049214844361219062
leaf_weight=14.610226335003974 58.833264276385307 7.192640194669365 10.24298571795225 51.198849806562066 11.036073287948964 5.4352094102650907 3.8850704450160256
leaf_count=238 948 138 133 963 238 106 74
internal_value=0.000533317 0.00593074 -0.00319067 -0.00564921 0.00169268 0.00802136 0.0131531
internal_weight=162.434 66.0259 96.4084 86.1654 34.9666 23.9305 18.4953
internal_count=2838 1086 1752 1619 656 418 312
cat_boundaries=0 1
cat_threshold=2
is_linear=0
shrinkage=0.03


Tree=101
num_leaves=8
num_cat=0
split_feature=2 4 3 25 3 18 4
split_gain=6.71171 5.41263 3.82742 3.33451 3.06501 2.86103 2.86237
threshold=0.051032832670821766 -0.050000244207981652 0.50966488437186064 31.500000000000004 0.011584509848837559 0.61845663725261657 -0.34545437731407996
decision_type=8 8 8 2 8 8 8
left_child=5 -2 3 -3 -5 -1 -7
right_child=1 2 -4 4 -6 6 -8
leaf_value=0.0026799401739676073 0.02039121578763518 -0.00463888502912428 0.011034337887068315 -0.0048516442797851634 0.015039051858585555 0.0039246013765414775 -0.013372776151807689
leaf_weight=15.72256802767515 11.030638337135313 58.080066164955497 24.104890413582325 4.8933766782283765 10.313551021739839 5.4487157370895147 33.846927188336849
leaf_count=428 148 717 221 68 114 120 1005
internal_value=0.0012855 0.00557144 0.00233019 -0.00115238 0.00852609 -0.00655769 -0.010399
internal_weight=163.441 108.423 97.3919 73.287 15.2069 55.0182 39.2956
internal_count=2821 1268 1120 899 182 1553 1125
is_linear=0
shrinkage=0.03


Tree=102
num_leaves=8
num_cat=0
split_feature=2 22 6 0 27 4 21
split_gain=6.82181 4.73675 4.23481 3.74767 3.63247 3.36183 3.36171
threshold=0.10025519697754799 185.50000000000003 0.066269824278548564 -0.39047699183162204 0.76330000000000009 0.24714943459493596 0.71270000000000011
decision_type=8 2 8 10 2 8 2
left_child=1 3 5 -1 -2 -3 -4
right_child=4 2 6 -5 -6 -7 -8
leaf_value=0.0052997116875778561 0.0091035351714069939 0.013965626838909033 -0.014371325058091067 -0.015891466075331599 -0.0074391319074865554 -0.0052029745260673129 0.0055844669539304639
leaf_weight=4.1544136963784721 82.514365008100867 19.00053022429347 11.229087689891459 26.89377143420279 6.651948779821395 5.5728435628116157 5.6842367481440297
leaf_count=106 818 465 308 771 67 137 145
internal_value=0.00186467 -0.00457648 0.00184963 -0.012167 0.00720417 0.0089478 -0.00742287
internal_weight=161.701 72.5349 41.4867 31.0482 89.1663 24.5734 16.9133
internal_count=2817 1932 1055 877 885 602 453
is_linear=0
shrinkage=0.03


Tree=103
num_leaves=8
num_cat=0
split_feature=27 21 16 3 22 22 27
split_gain=5.26922 6.14952 4.1789 6.18521 3.43896 3.38848 3.10285
threshold=0.54730000000000012 0.84100000000000008 -0.59133190601236685 -0.47053662675759106 185.50000000000003 62.500000000000007 0.44050000000000006
decision_type=2 2 2 10 2 2 2
left_child=2 5 3 6 -4 -2 -1
right_child=1 -3 4 -5 -6 -7 -8
leaf_value=0.011774837662866433 -0.0039670185304516116 -0.0085264404595007098 -0.0043869201763932731 -0.013450395420650857 0.01047194116120875 0.013984122815566219 -0.0075494748057818905
leaf_weight=12.343474159017207 6.2376444693654767 10.427569180727003 18.057088915258646 40.145661316812038 22.338281998410821 49.784660186618567 4.1482905074954024
leaf_count=255 101 204 213 966 247 775 82
internal_value=0.00147598 0.00758182 -0.00282159 -0.00773159 0.00389273 0.0115052 0.00542337
internal_weight=163.483 66.4499 97.0328 56.6374 40.3954 56.0223 16.4918
internal_count=2843 1080 1763 1303 460 876 337
is_linear=0
shrinkage=0.03


Tree=104
num_leaves=8
num_cat=0
split_feature=21 27 30 5 2 2 1
split_gain=4.58358 3.59345 5.61661 4.86622 5.16369 4.30418 4.25556
threshold=0.85325000000000017 0.57160000000000022 10.768579810257661 0.050390116924214856 0.17262979966188222 0.33211559179233546 0.049970971763623979
decision_type=2 2 8 8 10 8 10
left_child=1 2 6 -3 -5 -4 -1
right_child=-2 3 5 4 -6 -7 -8
leaf_value=0.010908678235238516 -0.012792550296155116 0.017457267743240693 -0.011878162208549191 -0.010680259135230763 0.0099931979125438865 0.0080907122639020303 -0.0032847011225277042
leaf_weight=35.602765211835504 11.116873690858482 20.770944381132722 36.950410889461637 13.287119727581741 14.221689790487288 5.4056019559502593 26.351748732849956
leaf_count=604 218 396 758 286 83 28 474
internal_value=0.00101783 0.00270453 -0.000424307 0.00883046 0 -0.00815131 0.00497199
internal_weight=163.707 152.59 104.311 48.2798 27.5088 42.356 61.9545
internal_count=2847 2629 1864 765 369 786 1078
is_linear=0
shrinkage=0.03


Tree=105
num_leaves=8
num_cat=0
split_feature=7 6 27 27 28 29 6
split_gain=3.2227 2.60056 2.44637 3.69657 6.28055 4.42545 2.78617
threshold=-1.0000000180025095e-35 0.096694690662783869 0.72745000000000004 0.54730000000000012 3.5000000000000004 27.000000000000004 0.053638216502319036
decision_type=8 8 2 2 2 2 8
left_child=-1 2 3 4 -2 -5 -4
right_child=1 -3 6 5 -6 -7 -8
leaf_value=-0.011308960113383358 0.0050971215262238983 -0.0051657047196940597 -0.01333843251069102 0.01842085024062207 -0.014922916950782053 -0.0010320996167339023 0.0044776868567640762
leaf_weight=9.6642419658601266 64.999184584245086 26.584273159503937 7.4339202307164642 24.312301941215992 9.3855767510831338 12.343059858307241 8.5297201797366142
leaf_count=260 1220 432 137 340 125 174 147
internal_value=0.00076846 0.0021435 0.00400001 0.00564403 0.0011852 0.0125231 -0.00487611
internal_weight=163.252 153.588 127.004 111.04 74.3848 36.6554 15.9636
internal_count=2835 2575 2143 1859 1345 514 284
is_linear=0
shrinkage=0.03


Tree=106
num_leaves=8
num_cat=0
split_feature=22 0 6 6 6 4 3
split_gain=3.17951 4.10636 4.63838 3.22003 3.07817 3.28993 3.09564
threshold=262.50000000000006 0.0094889155959529421 0.061083277684425945 0.083940559053202177 0.060035806120608846 -0.49105828435951399 0.22214969482535352
decision_type=2 10 8 10 8 10 10
left_child=4 -2 -3 -4 5 -1 -7
right_child=1 2 3 -5 -6 6 -8
leaf_value=-0.0088561659945168916 -0.0039552601406612747 0 0.02499212513950657 0.00011627778837258962 -0.0076674827755288969 0.011361611065188324 -0.0042705641406478919
leaf_weight=9.6227300595492107 23.896900195628405 20.97315233014524 10.981841037049891 7.9570606853812924 57.060759713873267 24.919277336448431 10.543885471299289
leaf_count=186 523 256 132 104 998 522 144
internal_value=-0.000129391 0.00470123 0.00999229 0.0182358 -0.00340545 0.00204863 0.00643817
internal_weight=165.956 63.809 39.9121 18.9389 102.147 45.0859 35.4632
internal_count=2865 1015 492 236 1850 852 666
is_linear=0
shrinkage=0.03


Tree=107
num_leaves=8
num_cat=0
split_feature=2 5 18 25 30 4 0
split_gain=5.4763 4.9408 3.86995 3.30466 3.26132 2.73676 4.47458
threshold=0.26392974877385356 -0.30991265230219295 0.87521673598542249 12.500000000000002 11.351183139248489 -0.0065613759531327745 -0.11614706061906298
decision_type=8 8 10 2 8 10 10
left_child=1 2 -1 5 -2 6 -3
right_child=4 3 -4 -5 -6 -7 -8
leaf_value=-0.0021228263964290441 0.0012512278857983573 -0.0058005044779414119 0.019361349995180174 -0.0086682256696326322 0.018673212116236036 -0.0051198152409216435 0.016539269841913347
leaf_weight=10.117968382313849 25.148329861462116 7.0402866322547224 7.1409504301846018 70.402384538203478 12.045017540454863 18.782252890989184 11.724229587242005
leaf_count=206 136 179 123 1518 57 326 261
internal_value=0.000456113 -0.00253782 0.00948924 -0.00511213 0.00953196 0.00157778 0.00836866
internal_weight=162.401 125.208 17.2589 107.949 37.1933 37.5468 18.7645
internal_count=2806 2613 329 2284 193 766 440
is_linear=0
shrinkage=0.03


Tree=108
num_leaves=8
num_cat=0
split_feature=4 2 6 6 21 22 25
split_gain=4.20298 3.38979 3.27989 3.34669 4.08073 2.52527 2.47405
threshold=-0.68887828097197568 0.24048475746439688 0.066269824278548564 0.050283274886461761 0.79895000000000016 351.50000000000006 3.5000000000000004
decision_type=10 10 8 10 2 2 2
left_child=5 2 3 -2 -5 6 -1
right_child=1 -3 -4 4 -6 -7 -8
leaf_value=0.0027161793467527285 -0.0016042502056080497 0.0094939257780515558 -0.0061634187368827262 0.017147019692146877 -0.0061078127198191997 0.0047695033700051433 -0.014824117352510878
leaf_weight=4.7867188639938858 33.309967637062073 34.724827289581299 43.419634243473411 16.377679271623496 3.6487903054803601 4.7785840332508078 24.180104626342654
leaf_count=83 719 180 932 342 84 83 434
internal_value=0 0.00243252 -0.000490056 0.00408541 0.0118408 -0.00841681 -0.0115593
internal_weight=165.226 131.481 96.7561 53.3364 20.0265 33.7454 28.9668
internal_count=2857 2257 2077 1145 426 600 517
is_linear=0
shrinkage=0.03


Tree=109
num_leaves=8
num_cat=0
split_feature=21 21 7 22 22 18 17
split_gain=3.45562 5.20569 4.96162 4.17251 2.91915 4.11216 3.045
threshold=0.84100000000000008 0.76805000000000012 0.071855924164225968 72.500000000000014 238.50000000000003 0.76549101973456668 0.31857034228637143
decision_type=2 2 8 2 2 10 8
left_child=1 4 -3 -4 -1 -6 -7
right_child=-2 2 3 -5 5 6 -8
leaf_value=-0.0048149537278471804 -0.010520152251000508 -0.0068256897530329262 0 0.024609427050467748 -0.0029994528537095216 0.015023630146156838 -0.0030570324516773478
leaf_weight=60.694268127903342 13.049574254080651 4.0311757680028677 7.8664672151207986 13.828834120184181 32.155912715941668 22.988264804705977 6.565495632588866
leaf_count=1101 261 100 132 218 525 403 82
internal_value=0.000806294 0.00238809 0.0128395 0.017853 -0.000346435 0.00388157 0.0108119
internal_weight=161.18 148.13 25.7265 21.6953 122.404 61.7097 29.5538
internal_count=2822 2561 450 350 2111 1010 485
is_linear=0
shrinkage=0.03


Tree=110
num_leaves=8
num_cat=0
split_feature=2 4 30 30 1 18 2
split_gain=4.88044 4.7525 4.25531 5.44949 4.03852 3.62966 3.52271
threshold=0.051032832670821766 -0.050000244207981652 9.8448600845764549 12.254596493540776 -0.99080786844196311 1.0021913925092709 0.33211559179233546
decision_type=8 8 10 10 10 8 10
left_child=-1 -2 5 6 -5 -3 -4
right_child=1 2 3 4 -6 -7 -8
leaf_value=-0.0051491801834150233 0.019108947018431029 0.013686332468278621 -0.011198151739118698 -0.0047153531888309251 0.01919407271769798 -0.0032613356434838367 0.0056651396770059856
leaf_weight=55.069903349503875 10.937893424183128 28.764743095263839 38.261535679921508 5.1814602464437485 7.2155016362667066 10.87299397960305 7.9441292434930793
leaf_count=1572 148 307 511 69 73 134 41
internal_value=0.00154383 0.00516888 0.00215358 -0.00274502 0.0105355 0.00895558 -0.00761393
internal_weight=164.248 109.178 98.2404 58.6026 12.397 39.6377 46.2057
internal_count=2855 1283 1135 694 142 441 552
is_linear=0
shrinkage=0.03


Tree=111
num_leaves=8
num_cat=0
split_feature=2 25 5 0 26 18 18
split_gain=4.64052 3.77113 3.52959 3.87559 2.3019 2.02553 2.69475
threshold=0.26392974877385356 14.500000000000002 -0.30991265230219295 -0.070814431954184007 2.5000000000000004 0.56715768025392188 0.51304006919499978
decision_type=10 2 10 10 2 8 10
left_child=2 -2 3 4 -1 6 -4
right_child=1 -3 5 -5 -6 -7 -8
leaf_value=-0.008108940580235393 -0.0025019671917276796 0.014793315253423037 -0.005715174307613962 0.016027035281126364 0.0072609382341017612 -0.0067114650710469927 0.010597721284617915
leaf_weight=13.401583198457962 12.315245553851126 24.390326328575611 10.007813116535546 10.426497235894201 6.5197317879647008 79.310457648709416 10.077030858024953
leaf_count=284 67 120 209 156 123 1726 201
internal_value=0.000820949 0.00924565 -0.00185213 0.00592484 -0.00190239 -0.00463078 0.00262268
internal_weight=166.449 36.7056 129.743 30.3478 19.9213 99.3953 20.0848
internal_count=2886 187 2699 563 407 2136 410
is_linear=0
shrinkage=0.03


Tree=112
num_leaves=8
num_cat=0
split_feature=2 30 22 29 22 30 29
split_gain=6.58974 3.11628 2.5525 2.50151 2.40718 4.0166 2.42278
threshold=0.20933129878517096 11.207375904300799 238.50000000000003 27.000000000000004 281.50000000000006 9.4052107756448216 35.500000000000007
decision_type=8 8 2 2 2 10 2
left_child=2 3 -1 -2 6 -6 -4
right_child=1 -3 4 -5 5 -7 -8
leaf_value=-0.0092080767554182444 0.0067176354006766737 0.014194228362981197 0.013708152571587197 -0.0060287529088691692 0.0075428880077170026 -0.010042608758825169 -0.0049631225727222797
leaf_weight=58.896828940138221 21.071029659360647 19.479288347065449 9.7111196108162385 18.147356111556292 10.163563771173356 24.970657307654619 3.1684569865465155
leaf_count=1469 124 109 206 118 199 565 76
internal_value=-0.00103705 0.00641252 -0.00541935 0.000479742 0 -0.00415229 0.00825478
internal_weight=165.608 58.6977 106.911 39.2184 48.0138 35.1342 12.8796
internal_count=2866 351 2515 242 1046 764 282
is_linear=0
shrinkage=0.03


Tree=113
num_leaves=8
num_cat=0
split_feature=2 30 4 0 30 2 1
split_gain=5.32714 4.93673 4.7418 2.65138 4.58364 2.52263 3.54831
threshold=0.26392974877385356 11.207375904300799 -0.12263693616826953 0.061938564435557127 10.14500820531264 0.069493927640535705 0.10382377478270928
decision_type=8 8 8 10 10 10 10
left_child=2 -2 -1 4 5 -4 -7
right_child=1 -3 3 -5 -6 6 -8
leaf_value=0.0073537914511337017 0 0.019390993812626277 -0.0072730199068142733 -0.00040714612849001176 -0.016782120232754133 0.016529429344141755 -0.0063284307017233343
leaf_weight=23.444791188463569 26.303182415664196 13.622022554278372 10.598653614521028 49.604202544316649 28.144599221646786 6.6853646636009199 3.6880852598696947
leaf_count=558 141 65 319 838 726 95 69
internal_value=0.000147378 0.00877118 -0.00292161 -0.00587075 -0.0102961 0.000120981 0.00836933
internal_weight=162.091 39.9252 122.166 98.7209 49.1167 20.9721 10.3734
internal_count=2811 206 2605 2047 1209 483 164
is_linear=0
shrinkage=0.03


Tree=114
num_leaves=8
num_cat=0
split_feature=2 4 7 16 30 7 30
split_gain=4.44321 4.8013 4.02994 4.79812 3.92953 3.64324 3.13244
threshold=0.24048475746439688 -0.0065613759531327745 0.22420837354962356 -0.55349149772306638 11.649843905410041 0.11909677700076886 10.079384137535186
decision_type=8 8 8 2 8 8 8
left_child=1 5 3 -3 -2 -1 -4
right_child=4 2 6 -5 -6 -7 -8
leaf_value=-0.0088765830071802412 0.00015425974654892914 -0.0074478231840233878 -5.1846232143860604e-05 0.017830693678262639 0.017284075091781592 0.0078826519098959356 -0.0150304383826979
leaf_weight=7.7802197393029928 34.016398280858994 6.8356161154806614 19.79496013186872 4.5720566362142545 12.518585577607153 36.67950907535851 40.398399943485856
leaf_count=206 190 178 390 78 60 890 830
internal_value=-0.000158093 -0.00337009 -0.00791717 0.00508435 0.00689697 0.00375752 -0.0109085
internal_weight=162.596 116.061 71.601 11.4077 46.535 44.4597 60.1934
internal_count=2822 2572 1476 256 250 1096 1220
is_linear=0
shrinkage=0.03


Tree=115
num_leaves=8
num_cat=0
split_feature=2 21 1 30 4 30 16
split_gain=4.22098 3.06727 5.08522 4.89488 4.69724 3.48055 2.29314
threshold=0.051032832670821766 0.64095000000000013 0.10382377478270928 10.341116928401819 -0.050000244207981652 11.44995051986016 -0.55349149772306638
decision_type=8 2 8 10 8 10 2
left_child=-1 2 3 -2 -3 -6 -7
right_child=1 4 -4 -5 5 6 -8
leaf_value=-0.0052961034432236122 0.026628236063068762 0.015113389034390589 -0.00091862901720609052 -0.00072568449930643288 -0.0067581181767162038 -0.0036638962650002191 0.012767965703247119
leaf_weight=54.281630666926503 11.610481567680838 8.1785488650202733 16.622312922030687 6.347757462412118 48.17672648653388 6.4188988283276585 10.283589322119949
leaf_count=1571 126 111 191 78 572 109 88
internal_value=0.000940387 0.00436396 0.0107834 0.0191377 0.000376011 -0.00273101 0.00670438
internal_weight=161.92 107.638 34.5806 17.9582 73.0578 64.8792 16.7025
internal_count=2846 1275 395 204 880 769 197
is_linear=0
shrinkage=0.03


Tree=116
num_leaves=8
num_cat=0
split_feature=27 6 30 2 28 4 16
split_gain=5.21219 5.0646 4.17941 5.2215 3.3119 3.03 5.44218
threshold=0.71520000000000017 0.056104277765816765 9.9395512583258512 0.051032832670821766 4.5000000000000009 0.029097825799776936 -1.3748736927192662
decision_type=2 8 10 8 2 10 2
left_child=1 4 3 -3 -1 6 -4
right_child=-2 2 5 -5 -6 -7 -8
leaf_value=0.012954132078640971 -0.0090127192514922825 -0.0072850974720610941 -0.012576010922043241 0.013485865541324341 -0.0055499554339733838 -0.012080185633656633 0.0099443184501669286
leaf_weight=55.415467651560903 21.046230686828494 9.3425560034811479 7.5045818258076933 23.910355759784579 4.3303892239928237 22.23669490031898 17.255954340100288
leaf_count=963 401 275 192 265 45 297 374
internal_value=0.00260984 0.0048512 -5.78001e-05 0.00700548 0.0108945 -0.00562024 0.00125662
internal_weight=161.042 139.996 80.2501 33.2529 59.7459 46.9972 24.7605
internal_count=2812 2411 1403 540 1008 863 566
is_linear=0
shrinkage=0.03


Tree=117
num_leaves=8
num_cat=0
split_feature=6 7 27 27 30 28 27
split_gain=3.33627 3.35824 2.51532 2.34829 4.28435 5.95418 3.8379
threshold=0.1063127971192401 -1.0000000180025095e-35 0.60845000000000016 0.54730000000000012 10.768579810257661 2.5000000000000004 0.71520000000000017
decision_type=8 8 2 2 10 2 2
left_child=1 -1 -2 4 5 -3 -5
right_child=2 3 -4 6 -6 -7 -8
leaf_value=-0.010495255573932001 -0.013490564782270837 0.0096277294902211465 0.0043610511031595359 0.013182501099533764 -0.0080470005060591654 -0.010876711538099952 -0.0016891569131527429
leaf_weight=7.6461786311119795 14.388251803815367 46.486312095075846 4.2784430067986241 37.399065168574452 25.819748824462295 8.8343402557075006 18.802254777401686
leaf_count=222 241 816 77 531 539 116 329
internal_value=0.000960276 0.00270165 -0.00875561 0.0040768 0.00044121 0.00515594 0.00838301
internal_weight=163.655 144.988 18.6667 137.342 81.1404 55.3207 56.2013
internal_count=2871 2553 318 2331 1471 932 860
is_linear=0
shrinkage=0.03


Tree=118
num_leaves=8
num_cat=0
split_feature=5 30 5 29 17 5 7
split_gain=3.77058 5.09195 3.1146 7.00405 3.44291 3.0233 2.66119
threshold=-0.30991265230219295 11.951378335098926 0.20093875383498563 21.500000000000004 0.4303689649174916 -0.095582142205157233 -0.26748583609200388
decision_type=8 10 8 2 8 10 10
left_child=-1 2 -2 -4 6 -3 -5
right_child=1 5 3 4 -6 -7 -8
leaf_value=0.010085981015731837 -0.0092039127834280948 -0.0058927874315604836 -0.010363237767714794 0.016256444379438149 -0.0058453862936399884 0.012289478860740562 -0.0022309551252942079
leaf_weight=18.209018582478166 61.973185505717993 4.6750087458640364 23.641313012689352 21.752395074814562 5.7865795511752358 21.705697413533926 5.1360646020621052
leaf_count=345 1358 113 281 264 62 353 57
internal_value=-0.000341991 -0.0022125 -0.00497396 1.34935e-05 0.00845173 0.00800962 0.0125933
internal_weight=162.879 144.67 118.29 56.3164 32.675 26.3807 26.8885
internal_count=2833 2488 2022 664 383 466 321
is_linear=0
shrinkage=0.03


Tree=119
num_leaves=8
num_cat=0
split_feature=2 22 17 30 3 0 0
split_gain=4.88024 2.6111 2.66035 3.06951 2.46332 3.55622 2.16024
threshold=0.26392974877385356 257.50000000000006 -0.23277914815067322 9.8448600845764549 -0.1283380288152407 -0.070814431954184007 -0.053436397809689666
decision_type=8 2 8 8 10 10 10
left_child=1 2 3 -1 5 -4 -3
right_child=-2 6 4 -5 -6 -7 -8
leaf_value=0.014874044063791217 0.0097422057434632461 -0.0037045792150087026 -0.010398892340536803 -0.0046988766640363097 -0.011478245418305581 0.0084703675151397116 0.0074214133429147443
leaf_weight=4.8262144736945602 37.97423155605793 17.512990590184927 7.451279770582917 8.6537143681198359 39.312675947323442 13.333533735945819 32.070886323228478
leaf_count=112 194 406 196 218 867 281 552
internal_value=0.00133173 -0.00158315 -0.00503222 0.00454024 -0.00768075 0.000174629 0.00326251
internal_weight=161.136 123.161 73.5774 13.4799 60.0975 20.7848 49.5839
internal_count=2826 2632 1674 330 1344 477 958
is_linear=0
shrinkage=0.03


Tree=120
num_leaves=8
num_cat=0
split_feature=18 4 30 1 27 29 21
split_gain=3.62952 4.02256 3.75983 2.71526 3.11557 3.98585 2.80395
threshold=0.55743386058810096 0.1231859328481812 10.079384137535186 0.049970971763623979 0.38760000000000006 28.500000000000004 0.68625000000000014
decision_type=8 8 10 8 2 2 2
left_child=1 -1 3 4 6 -6 -2
right_child=2 -3 -4 -5 5 -7 -8
leaf_value=-0.0013174905669086899 0.0053717639597638586 0.018275614702699332 -0.0070511157034144692 -0.0039887673214956494 0.019650265361545051 -0.001935653946954313 -0.012496901144293122
leaf_weight=15.288105212152002 11.180888261646034 9.7770838271826523 70.844355393201113 26.878442160785198 14.105320448055865 8.0124887693673355 5.1901958864182225
leaf_count=330 180 83 1337 465 207 114 88
internal_value=-0.000438796 0.00844409 -0.00255516 0.0023506 0.00702489 0.0128954 -0.00192036
internal_weight=161.277 25.0652 136.212 65.3673 38.4889 22.1178 16.3711
internal_count=2804 413 2391 1054 589 321 268
is_linear=0
shrinkage=0.03


Tree=121
num_leaves=8
num_cat=0
split_feature=2 7 27 27 28 3 5
split_gain=4.40328 3.64234 3.48987 4.6138 2.86237 3.98459 2.78733
threshold=0.17262979966188222 1.0000000180025095e-35 0.58900000000000008 0.71520000000000017 2.5000000000000004 0.17052406051197103 0.031394836121750432
decision_type=8 10 2 2 2 10 8
left_child=1 2 -1 6 5 -2 -4
right_child=4 -3 3 -5 -6 -7 -8
leaf_value=-0.0092053129163141238 0.017935180007179086 0.0094104842506576858 0.018971767748750586 -0.0073493884853903704 -0.0013615406905005511 0.00062729254443145272 -0.0019434563581241092
leaf_weight=59.339283719658852 20.20553919300437 9.4374865442514402 7.9164045397192258 12.998687865212558 24.597133778035641 25.141069702804089 5.0239058248698711
leaf_count=1568 141 208 173 324 182 153 107
internal_value=0.000775038 -0.00324644 -0.00549491 0.00272028 0.00618752 0.0101536 0.0124951
internal_weight=164.66 94.7158 85.2783 25.939 69.9437 45.3466 12.9403
internal_count=2856 2380 2172 604 476 294 280
is_linear=0
shrinkage=0.03


Tree=122
num_leaves=8
num_cat=0
split_feature=6 27 4 6 3 3 25
split_gain=4.42166 5.18771 3.2243 2.84216 3.56856 5.49532 3.08831
threshold=0.083940559053202177 0.21170000000000003 -0.031670119541428059 0.047747460872056259 0.27382945986278423 -0.14682481940509409 25.500000000000004
decision_type=10 2 10 10 10 10 2
left_child=1 2 -1 -3 5 -5 -7
right_child=-2 3 -4 4 -6 6 -8
leaf_value=0 -0.0080122681003055741 -0.0051059275233355491 0.022470467595982396 -0.002204384624649901 -0.0057056594989468605 0.022125477523791029 0.00011933310029239978
leaf_weight=6.6800329685211191 35.793994955718517 44.910774061456323 9.3156254794448579 21.746412761509418 16.283489719033241 14.838442351669075 9.6480444949120265
leaf_count=130 686 795 135 423 168 276 175
internal_value=0.000159236 0.00298667 0.0156021 2.71427e-05 0.00408829 0.00814717 0.0160811
internal_weight=159.217 123.423 15.9957 107.427 62.5164 46.2329 24.4865
internal_count=2788 2102 265 1837 1042 874 451
is_linear=0
shrinkage=0.03


Tree=123
num_leaves=8
num_cat=0
split_feature=4 6 6 4 21 3 4
split_gain=3.32681 3.40013 7.519 5.07816 3.56263 2.95146 3.90162
threshold=0.30710162705722266 0.054927473288722876 0.047747460872056259 0.27590573644831889 0.62285000000000013 0.074850753686358518 0.05138984211368109
decision_type=10 10 8 8 2 8 10
left_child=1 2 5 -4 -3 6 -1
right_child=-2 4 3 -5 -6 -7 -8
leaf_value=-0.0042385757684308082 0.010538263595333415 0.0041161868493336242 0.022912612428044151 -0.0032665096197846341 -0.0085045806413194605 -0.0099370738590480803 0.015657094664333217
leaf_weight=15.958464594557883 16.825639178976417 20.757024791091681 13.959359232336281 5.7097840551286962 62.648740127682686 21.244808681309223 6.0048724710941306
leaf_count=393 112 382 218 81 1212 347 90
internal_value=0.000290059 -0.00127679 0.00360456 0.0160237 -0.00511421 -0.00337606 0.00342838
internal_weight=163.109 146.283 62.8773 19.6691 83.4058 43.2081 21.9633
internal_count=2835 2723 1129 299 1594 830 483
is_linear=0
shrinkage=0.03


Tree=124
num_leaves=8
num_cat=0
split_feature=4 27 2 6 22 6 6
split_gain=5.04526 4.7786 6.94087 4.76746 4.22144 6.39754 3.83026
threshold=-0.090536385868056221 0.21170000000000003 0.18318745029476627 0.060035806120608846 250.50000000000003 0.061083277684425945 0.061083277684425945
decision_type=8 2 10 8 2 10 8
left_child=3 -2 -3 -1 6 -6 -4
right_child=1 2 4 -5 5 -7 -8
leaf_value=0.020252356677988942 0.01136203416585419 -0.0095058813547391728 0.0069093379098905906 -0.00042534044461070211 -0.0023332898097834808 0.022205384934675446 -0.010742250145826056
leaf_weight=14.865387670695783 16.407983442768455 62.347768925130367 11.77197800204158 14.87154617346823 13.443493962287905 12.657255508005617 16.832152936607599
leaf_count=317 274 1547 76 360 79 79 126
internal_value=0.00190121 -0.00069183 -0.00312021 0.0116159 0.00420265 0.0115443 -0.0031456
internal_weight=163.198 133.461 117.053 29.7369 54.7049 26.1007 28.6041
internal_count=2858 2181 1907 677 360 158 202
is_linear=0
shrinkage=0.03


Tree=125
num_leaves=8
num_cat=0
split_feature=17 27 3 3 27 30 27
split_gain=4.2477 3.56953 4.90283 3.02712 2.56861 2.49856 3.09706
threshold=0.10959723962624247 0.58900000000000008 -0.47053662675759106 -0.32885611491408334 0.44050000000000006 11.743312752950009 0.42240000000000005
decision_type=10 2 8 8 2 8 2
left_child=1 2 4 -3 -1 6 -2
right_child=5 3 -4 -5 -6 -7 -8
leaf_value=0.015537600481886278 -0.0042653154113288898 -0.0062845202034928762 -0.0098665821013652049 0.011090837908860717 -0.0043513707183105137 0.015067377482129314 0.0081960978870095017
leaf_weight=5.8722226433455926 23.075131902471185 6.0087596904486418 47.784686733037233 19.722507357597355 3.7931808345019817 20.191822912544012 33.818081490695477
leaf_count=127 315 126 1153 395 76 240 395
internal_value=0.00269349 -0.0018288 -0.00590037 0.00606048 0.00844728 0.00746285 0.00300802
internal_weight=160.266 83.1814 57.4501 25.7313 9.6654 77.085 56.8932
internal_count=2827 1877 1356 521 203 950 710
is_linear=0
shrinkage=0.03


Tree=126
num_leaves=8
num_cat=0
split_feature=18 4 4 30 29 18 18
split_gain=2.77521 4.35279 3.15181 3.83957 5.70881 4.76419 3.44263
threshold=0.55743386058810096 0.11082581929922704 -0.0065613759531327745 9.8448600845764549 28.500000000000004 0.83520410871480544 0.7875059397929004
decision_type=8 8 8 10 2 8 10
left_child=1 -1 6 4 5 -4 -2
right_child=2 -3 3 -5 -6 -7 -8
leaf_value=-0.0016884860833523833 -0.0022229625642264479 0.018696909069263225 0.017754249019501147 -0.0089638454118689346 -0.0096715277559865573 -0.0022312243110794833 0.012950265115499116
leaf_weight=14.731211658567188 21.14577810280025 10.099971830844881 15.464270537719132 51.659383973106742 15.046937271952627 14.743057640269397 17.892641438171268
leaf_count=331 545 90 190 833 213 229 387
internal_value=0.000792305 0.00868175 -0.000946873 -0.00387777 0.00212089 0.00918268 0.0054323
internal_weight=160.783 24.8312 135.952 96.9136 45.2543 30.2073 39.0384
internal_count=2818 421 2397 1465 632 419 932
is_linear=0
shrinkage=0.03


Tree=127
num_leaves=8
num_cat=0
split_feature=22 5 5 18 6 17 5
split_gain=6.17773 6.31443 3.76018 2.66888 2.36452 1.82891 1.77677
threshold=238.50000000000003 -0.30991265230219295 0.14791991857320722 0.55743386058810096 0.037038406241968115 -0.37643491886012731 -0.0097672724554301819
decision_type=2 10 10 8 10 10 10
left_child=3 5 -3 -1 -4 -2 -5
right_child=1 2 4 6 -6 -7 -8
leaf_value=0.0040003984606164777 0 -0.0058889486127874403 -0.0042853900966609293 -0.0014085855050126543 0.011315929458439693 0.023673936532416218 -0.011562724773893517
leaf_weight=14.736997328698633 4.2959832474589339 31.298037787899375 5.7433281820267466 32.191659089177847 22.504801198840141 9.9163711052387935 39.886639285832644
leaf_count=271 77 637 58 698 253 152 661
internal_value=-0.000193702 0.00576947 0.0003682 -0.00547756 0.00748438 0.0194411 -0.00780878
internal_weight=160.574 73.7585 59.5462 86.8153 28.2481 14.2124 72.0783
internal_count=2807 1177 948 1630 311 229 1359
is_linear=0
shrinkage=0.03


Tree=128
num_leaves=8
num_cat=0
split_feature=18 5 6 29 22 29 5
split_gain=3.49032 4.06557 3.60632 3.60082 3.52527 3.81309 4.17673
threshold=0.55743386058810096 -0.30991265230219295 0.047747460872056259 10.500000000000002 351.50000000000006 12.500000000000002 0.3604443141148192
decision_type=8 8 8 2 2 2 10
left_child=2 -2 -1 -4 5 -3 -7
right_child=1 4 3 -5 -6 6 -8
leaf_value=-0.0048251753064972374 0.0071930488344268762 0.0028368144939751989 -0.0039544535234958588 0.019632022543030064 0.004934300288016836 -0.013390091682876696 0.0022051415923816258
leaf_weight=8.8979806192219275 17.012325208634138 18.224456787109375 3.7168754786252967 11.312323350459335 15.486546771600841 70.768758468329906 14.728183824568985
leaf_count=144 311 317 74 206 262 1349 154
internal_value=-0.00201093 -0.00398282 0.00693047 0.0138001 -0.00604772 -0.00805762 -0.0105843
internal_weight=160.147 136.22 23.9272 15.0292 119.208 103.721 85.4969
internal_count=2817 2393 424 280 2082 1820 1503
is_linear=0
shrinkage=0.03


Tree=129
num_leaves=8
num_cat=0
split_feature=2 30 6 3 28 16 30
split_gain=2.55662 3.26255 2.31058 4.17126 3.25452 3.84219 4.56004
threshold=0.26392974877385356 11.351183139248489 0.044196585280297795 0.04428919833163715 1.5000000000000002 -0.085314161576326653 9.5474005577648828
decision_type=8 8 10 8 2 2 8
left_child=2 -2 -1 -4 5 6 -5
right_child=1 -3 3 4 -6 -7 -8
leaf_value=-0.0080254806826218807 -0.00013872166102507153 0.015400205122725753 -0.0058147736252894683 -0.002389031181278672 -0.0048337535079104503 -0.0052963374190414855 0.019559005215169744
leaf_weight=32.707567134872079 26.57119844853878 11.717631243169306 41.330090619623661 8.0499940644949657 11.409043537452815 6.1721637975424555 22.459638681262732
leaf_count=705 142 55 991 161 195 88 481
internal_value=0 0.00613236 -0.0020749 0.000427977 0.00612466 0.0101239 0.0140852
internal_weight=160.417 38.2888 122.128 89.4209 48.0908 36.6818 30.5096
internal_count=2818 197 2621 1916 925 730 642
is_linear=0
shrinkage=0.03


Tree=130
num_leaves=8
num_cat=0
split_feature=18 5 1 3 27 28 18
split_gain=3.60007 6.09487 3.30034 2.62487 4.71238 2.25466 3.58731
threshold=0.55743386058810096 -0.12153552059407646 -6.9671685148573284 -0.39401227958194901 0.56475000000000009 -1.4999999999999998 0.72925976406714155
decision_type=8 10 8 8 2 2 8
left_child=1 -1 -2 4 -4 -5 -7
right_child=2 -3 3 5 -6 6 -8
leaf_value=-0.009369505891670878 0.012085822988992013 0.016177160124346213 0.015504434954966145 0.0037403884270851688 -0.0081548670876079397 0.0002513320641577214 -0.010715367325845796
leaf_weight=5.229126105085018 5.9369482677429914 19.218059688806534 9.441954577341674 16.017364919185638 5.844451328739523 39.519541503861547 59.850569907575846
leaf_count=124 110 291 195 293 120 669 1037
internal_value=0.000189649 0.00928772 -0.0017585 -0.0031566 0.00612065 -0.00482437 -0.00652044
internal_weight=161.058 24.4472 136.611 130.674 15.2864 115.387 99.3701
internal_count=2839 415 2424 2314 315 1999 1706
is_linear=0
shrinkage=0.03


Tree=131
num_leaves=8
num_cat=0
split_feature=2 1 30 5 30 25 22
split_gain=4.89913 3.03432 7.07105 5.34376 5.17299 2.73315 1.84363
threshold=0.051032832670821766 0.10382377478270928 10.768579810257661 0.078383042637919162 12.254596493540776 20.500000000000004 96.500000000000014
decision_type=8 8 10 10 10 2 2
left_child=6 2 3 -2 -3 -4 -1
right_child=1 4 5 -5 -6 -7 -8
leaf_value=-0.013875786318704208 0.025268780185385645 -0.0050004752235077686 -0.012511916484563937 0.0023436254400917202 0.014721016296964685 0.0047145580331160557 -0.0016379475757567206
leaf_weight=10.828977551311253 16.497066361829638 44.834126425907016 8.8918902557343262 20.080247266218066 7.4249444436281911 8.5258952490985376 42.487421210855246
leaf_count=358 188 542 124 210 80 120 1226
internal_value=0.000926747 0.00463229 0.00913593 0.015699 -0.000367163 -0.00465964 -0.00585427
internal_weight=159.571 106.254 53.9951 36.5773 52.2591 17.4178 53.3164
internal_count=2848 1264 642 398 622 244 1584
is_linear=0
shrinkage=0.03


Tree=132
num_leaves=8
num_cat=0
split_feature=2 16 16 18 28 1 25
split_gain=6.15838 6.6607 3.92813 2.79393 2.46369 5.10729 2.35325
threshold=0.051032832670821766 -0.67729002088516055 -0.44050977781618134 0.58544815853788246 2.5000000000000004 -1.0000000180025095e-35 16.500000000000004
decision_type=10 2 2 8 2 8 2
left_child=1 3 -3 -1 -2 6 -6
right_child=4 2 -4 -5 5 -7 -8
leaf_value=0.00090898258723567948 0.0079121348658074686 0.019460629414653631 -0.0036787227035581867 -0.015068853550044239 -0.0024627105604994037 -0.011493721234537587 0.014494858466646388
leaf_weight=9.473488897085188 74.576524613425136 4.8656549528241158 7.5978653710335475 34.349073363468051 7.157661575824025 15.075082793831827 9.3292669337242824
leaf_count=259 907 123 169 1062 77 173 93
internal_value=0.000925447 -0.00644425 0.00869809 -0.0117182 0.00514282 -0.00129827 0.00812092
internal_weight=162.425 56.2861 12.4635 43.8226 106.139 31.562 16.4869
internal_count=2863 1613 292 1321 1250 343 170
is_linear=0
shrinkage=0.03


Tree=133
num_leaves=8
num_cat=0
split_feature=5 16 0 17 6 16 5
split_gain=3.15719 4.51259 3.2336 3.07054 3.34573 2.51269 3.78434
threshold=1.0000000180025095e-35 -0.39657576485266982 -0.018124759238594908 0.31857034228637143 0.041767449754145938 -1.5182606464231454 -0.095582142205157233
decision_type=10 2 10 8 8 2 8
left_child=2 -2 5 4 -4 -1 -7
right_child=1 -3 3 -5 -6 6 -8
leaf_value=0.0056354355870485585 -0.0094873675012944574 0.0028741475067945222 -0.0021341782509617445 -0.0041928295246795068 0.019929305967289344 -0.014492834616785721 0.0046010368924450894
leaf_weight=20.614924853667617 47.054198954254389 43.274085415527225 4.7975953053683069 4.3781033568084267 16.966235972940922 12.92534123547375 9.9567676577717084
leaf_count=473 934 417 87 51 279 339 240
internal_value=-5.90709e-06 -0.0036607 0.00443022 0.0113745 0.0152953 -0.000570716 -0.00665912
internal_weight=159.967 90.3283 69.639 26.1419 21.7638 43.497 22.8821
internal_count=2820 1351 1469 417 366 1052 579
is_linear=0
shrinkage=0.03


Tree=134
num_leaves=8
num_cat=0
split_feature=2 22 4 16 5 4 21
split_gain=3.57083 3.54841 3.23785 3.2046 3.13768 2.5397 3.13702
threshold=0.10025519697754799 219.50000000000003 -0.050000244207981652 -1.5921343429729971 -0.0097672724554301819 0.35013106303184444 0.63575000000000015
decision_type=10 2 8 2 10 10 2
left_child=1 -1 -2 -3 -5 6 -4
right_child=2 3 5 4 -6 -7 -8
leaf_value=-0.0090759114163633577 0.018277837037214983 -0.008625307238636637 0.0075077828708215123 0.014097783872774912 -0.0023616816002122588 0.012108219534646813 -0.004353608641564379
leaf_weight=36.859313264489174 7.0916115064173937 7.611270720139145 23.058823244646192 16.133196389302615 12.548976317048071 11.201235853135584 48.591661021113396
leaf_count=1052 82 194 235 392 339 58 510
internal_value=0.00134453 -0.00326664 0.00520852 0.0028682 0.00754302 0.0024138 0
internal_weight=163.096 73.1528 89.9433 36.2934 28.6822 82.8517 71.6505
internal_count=2862 1977 885 925 731 803 745
is_linear=0
shrinkage=0.03


Tree=135
num_leaves=8
num_cat=0
split_feature=2 0 27 27 30 29 4
split_gain=4.34846 3.63893 3.12387 4.74248 4.33705 4.43669 3.44516
threshold=0.051032832670821766 -0.070814431954184007 0.71520000000000017 0.67005000000000015 9.8448600845764549 29.500000000000004 0.029097825799776936
decision_type=10 10 2 2 8 2 8
left_child=1 -1 3 4 5 -2 -6
right_child=2 -3 -4 -5 6 -7 -8
leaf_value=-0.011246601288427617 0.016809485491391919 0.0024627059199009904 -0.0059273259336030896 0.023357364643085819 0.0099051638417179348 -0.0039005059099095117 -0.0051740366172623046
leaf_weight=27.62526280619204 23.429724939167503 26.785339007154107 12.606594899669288 6.452250611037015 10.141597284004094 8.1080775745213014 45.134524906054139
leaf_count=825 242 746 165 53 153 105 518
internal_value=0.00151941 -0.00480683 0.00501163 0.0069898 0.00374695 0.0113939 -0.00126785
internal_weight=160.283 54.4106 105.873 93.2662 86.8139 31.5378 55.2761
internal_count=2807 1571 1236 1071 1018 347 671
is_linear=0
shrinkage=0.03


Tree=136
num_leaves=8
num_cat=0
split_feature=18 4 27 27 7 4 3
split_gain=3.39879 3.69287 2.46025 4.09793 4.80797 4.02207 3.21331
threshold=0.55743386058810096 0.080538474481775216 0.71520000000000017 0.54225000000000012 inf -0.050000244207981652 -0.39401227958194901
decision_type=8 8 2 2 8 10 8
left_child=1 -1 3 6 -5 -6 -2
right_child=2 -3 -4 4 5 -7 -8
leaf_value=-0.0012227629098503718 0.0078077645224863259 0.017954677949579445 -0.010482290102971364 -0.0085852951497753221 0.020685940196285044 0.00060596982712289007 -0.0063288098491374924
leaf_weight=13.473065987229345 9.7608933262526971 10.176966883242132 16.618131309747696 6.8044212218374014 13.512268017977474 19.048078615218401 70.345351986587048
leaf_count=312 201 103 327 122 222 236 1314
internal_value=2.4933e-05 0.00900805 -0.00184554 0 0.00705781 0.0117453 -0.00388349
internal_weight=159.739 23.65 136.089 119.471 39.3648 32.5603 80.1062
internal_count=2837 415 2422 2095 580 458 1515
is_linear=0
shrinkage=0.03


Tree=137
num_leaves=8
num_cat=0
split_feature=5 5 5 18 16 22 5
split_gain=2.89811 5.01879 4.48103 4.26546 2.86248 3.05025 4.06224
threshold=-1.0000000180025095e-35 -0.12153552059407646 -0.30991265230219295 0.83520410871480544 -0.30519294580255102 262.50000000000006 0.16201966518367525
decision_type=8 10 10 8 2 2 8
left_child=1 2 -1 -3 5 -2 -7
right_child=4 3 -4 -5 -6 6 -8
leaf_value=0.0075357142854840459 -0.010179934539603138 0.020884709391439972 -0.010230615690775852 -0.0030516010064396502 0.0038319980086737155 -0.0081310298024889847 0.010731071811594089
leaf_weight=18.292646678164601 38.334321541711688 16.56890571303666 16.596626764163375 5.3212620820850125 41.18918907828629 11.174440063536165 13.779438756406309
leaf_count=345 764 369 445 118 390 217 189
internal_value=0.00117325 0.00623591 -0.000897771 0.0153048 -0.0016926 -0.00552506 0.00190596
internal_weight=161.257 56.7794 34.8893 21.8902 104.477 63.2882 24.9539
internal_count=2837 1277 790 487 1560 1170 406
is_linear=0
shrinkage=0.03


Tree=138
num_leaves=8
num_cat=0
split_feature=30 1 30 2 1 28 5
split_gain=3.49832 4.55269 5.12785 4.16727 5.68135 3.69086 3.08752
threshold=12.254596493540776 0.10382377478270928 10.768579810257661 0.039029113772402875 -1.3617152947239801 1.5000000000000002 0.078383042637919162
decision_type=10 8 10 8 10 2 10
left_child=1 2 6 -2 -5 -3 -1
right_child=3 5 -4 4 -6 -7 -8
leaf_value=0.011969259142945284 -0.0056576412014085753 -0.0020934012886126736 -0.0084422792251044858 -0.0047150518032557263 0.023176942106621155 -0.017452503043587541 -0.00093486180909287131
leaf_weight=32.714157836511731 7.0387391373515129 44.92793220281601 19.8078653216362 5.2957599349319961 11.374737510457637 16.927667083218694 23.059180095791817
leaf_count=626 202 813 436 75 113 251 307
internal_value=-0.000390526 -0.00242256 0.00231536 0.00855502 0.0150527 -0.0080287 0.0069509
internal_weight=161.146 137.437 75.5812 23.7092 16.6705 61.8556 55.7733
internal_count=2823 2433 1369 390 188 1064 933
is_linear=0
shrinkage=0.03


Tree=139
num_leaves=8
num_cat=0
split_feature=27 27 6 3 27 29 18
split_gain=3.60092 6.65189 2.89423 4.73913 3.0397 2.41731 3.2401
threshold=0.71520000000000017 0.67005000000000015 0.083940559053202177 0.22214969482535352 0.21170000000000003 17.500000000000004 0.83520410871480544
decision_type=2 2 10 10 2 2 8
left_child=1 2 4 -4 -1 -6 -7
right_child=-2 -3 3 -5 5 6 -8
leaf_value=0.011324996815060946 -0.0097336327504822483 0.018868207304930579 -0.013850859627910741 0.0067920803181767417 -0.0080022481997303694 0.0072641231492259458 -0.0048275639616895388
leaf_weight=16.150738408789039 21.77728958055377 9.9026670698076469 22.106916796416048 8.0437253639101964 20.715262526646256 39.158812066540122 26.006971986964345
leaf_count=259 414 128 476 107 367 668 439
internal_value=-0.00013365 0.00167819 -0.000505908 -0.00768103 0.00188234 -0.000547396 0.00223324
internal_weight=163.862 142.085 132.182 30.1506 102.032 85.881 65.1658
internal_count=2858 2444 2316 583 1733 1474 1107
is_linear=0
shrinkage=0.03


Tree=140
num_leaves=8
num_cat=0
split_feature=28 6 3 7 5 22 5
split_gain=3.10039 3.87075 3.61501 3.17412 2.42732 3.12475 3.54729
threshold=2.5000000000000004 0.1063127971192401 -0.26986194174730138 -1.0000000180025095e-35 0.050390116924214856 72.500000000000014 0.14791991857320722
decision_type=2 8 8 8 10 2 10
left_child=1 3 -2 -1 -5 -6 -7
right_child=2 -3 -4 4 5 6 -8
leaf_value=-0.0068072151139414033 0.0099448585569087197 -0.0079066061641786776 -0.0082392360922719822 0.012905710380616785 -0.0086075003526660185 -0.0042982587387961667 0.0109419123933229
leaf_weight=6.4981377385556698 5.2951570469886065 9.920259911566971 29.717673867940903 52.289127133786678 8.1429043523967248 13.511991724371908 33.995269358158112
leaf_count=201 87 196 362 1158 158 277 415
internal_value=0.00323977 0.00544576 -0.00380227 0.00716673 0.00854903 0.00311224 0.00634231
internal_weight=159.371 124.358 35.0128 114.437 107.939 55.6502 47.5073
internal_count=2854 2405 449 2209 2008 850 692
is_linear=0
shrinkage=0.03


Tree=141
num_leaves=8
num_cat=0
split_feature=5 2 17 26 1 29 5
split_gain=2.75503 4.86802 4.43267 3.58313 2.96356 2.39748 2.33555
threshold=-1.0000000180025095e-35 0.26392974877385356 0.071731858591453104 3.5000000000000004 0.85913981076322277 13.500000000000002 0.098305579535958962
decision_type=8 10 10 2 10 2 8
left_child=2 5 3 -1 -4 6 -2
right_child=1 -3 4 -5 -6 -7 -8
leaf_value=-0.0036501877848723321 -0.0068339260378091739 0.0070357596796042409 0.024983592520603073 0.012658268641075894 0 -0.0083743864441091272 0.0092921712841517769
leaf_weight=35.417660567909479 5.6825552396476269 34.952821552753448 7.2952256351709348 8.6861741151660663 6.2357886414974928 53.746976898983121 11.237048856914045
leaf_count=867 112 172 109 196 124 1091 208
internal_value=0.00179833 -0.00100897 0.00666734 0.000724236 0.0178754 -0.00548956 0.002819
internal_weight=163.254 105.619 57.6348 44.1038 13.531 70.6666 16.9196
internal_count=2879 1583 1296 1063 233 1411 320
is_linear=0
shrinkage=0.03


Tree=142
num_leaves=8
num_cat=0
split_feature=21 27 19 0 1 3 25
split_gain=4.25089 7.0054 4.61372 2.91343 3.11825 5.48528 4.16031
threshold=0.85325000000000017 0.58900000000000008 1.0000000180025095e-35 -0.018124759238594908 0.85913981076322277 0.0860600061250619 32.500000000000007
decision_type=2 2 2 10 8 10 2
left_child=1 3 -3 -1 5 6 -5
right_child=-2 2 -4 4 -6 -7 -8
leaf_value=-0.0070261209422802749 -0.012406807004657653 0.016245990329857324 -0.0049625027364977098 0.019603644928662674 -0.0086379051408102918 -0.0016349959351819874 -0.0046433972649374692
leaf_weight=37.723013065755367 9.4678202960640174 35.72641172260046 6.475262973457574 18.657696900889281 10.007111366838215 37.700326403602958 3.7388328947126857
leaf_count=967 207 605 48 302 164 462 64
internal_value=0.00157249 0.00313302 0.0124208 -0.000979383 0.00246871 0.00533593 0.0149056
internal_weight=159.496 150.029 42.2017 107.827 70.104 60.0969 22.3965
internal_count=2819 2612 653 1959 992 828 366
is_linear=0
shrinkage=0.03


Tree=143
num_leaves=8
num_cat=0
split_feature=21 21 23 25 21 27 27
split_gain=4.17219 3.5523 2.89281 2.86002 2.27768 2.62566 4.67966
threshold=0.80720000000000014 0.76805000000000012 1.0000000180025095e-35 16.500000000000004 0.7541500000000001 0.52355000000000007 0.29775000000000007
decision_type=2 2 2 2 2 2 2
left_child=1 4 -3 -2 5 6 -1
right_child=3 2 -4 -5 -6 -7 -8
leaf_value=0.0073448751676226352 -0.015159241203769956 -0.0024415051158518095 0.019300766328780448 0.0018735930574718365 -0.0090565543572665077 0.008306820500226627 -0.0063248677537790891
leaf_weight=31.280565164983273 11.951259329915048 3.7699259594082841 12.496403086930513 10.720455160364507 7.788673620671033 41.972038872539997 44.559730159118772
leaf_count=569 239 62 216 215 136 625 805
internal_value=0.00181225 0.00387046 0.0144999 -0.00822815 0.00159576 0.00295032 -0.000344971
internal_weight=164.539 141.867 16.2663 22.6717 125.601 117.812 75.8403
internal_count=2867 2413 278 454 2135 1999 1374
is_linear=0
shrinkage=0.03


Tree=144
num_leaves=8
num_cat=0
split_feature=2 5 28 30 29 3 25
split_gain=3.4079 3.74288 3.91724 2.81593 2.8997 3.06513 2.32028
threshold=0.012591624500559397 -1.0000000180025095e-35 2.5000000000000004 10.001499986472195 12.500000000000002 0.50966488437186064 33.500000000000007
decision_type=10 8 2 8 2 10 2
left_child=-1 2 -2 -3 -5 6 -6
right_child=1 3 -4 4 5 -7 -8
leaf_value=-0.0040754043423626507 0.019101869365639221 0.0075961543179285428 -0.0010133318358101127 0.0064125722013976712 -0.012176983081094335 0.0072215169481945471 0.0035811218442128325
leaf_weight=45.007405420765281 18.85393883287907 32.42201397754252 9.7625720892101508 15.157085215672849 32.646044705063105 5.2656810991466036 5.0554400943219653
leaf_count=1291 330 358 144 186 450 49 58
internal_value=0.00230637 0.00493945 0.0131078 0.00135118 -0.00240303 -0.00632554 -0.00947875
internal_weight=164.17 119.163 28.6165 90.5463 58.1243 42.9672 37.7015
internal_count=2866 1575 474 1101 743 557 508
is_linear=0
shrinkage=0.03


Tree=145
num_leaves=8
num_cat=0
split_feature=2 5 3 18 3 5 25
split_gain=2.96232 2.69214 2.93976 2.79348 3.74168 2.38144 1.85781
threshold=0.051032832670821766 1.0000000180025095e-35 0.58983932791917493 0.55743386058810096 0.15961638205981565 0.041875185948576539 19.500000000000004
decision_type=8 10 8 10 10 8 2
left_child=5 -2 3 -3 6 -1 -5
right_child=1 2 -4 4 -6 -7 -8
leaf_value=-7.0472792868741065e-05 0.0085780122003767372 0.0068458062373559512 0.010051954026463424 0.0083564828649032724 -0.0118415432017037 -0.012575252318029239 -0.0049812766514730263
leaf_weight=35.107222449034452 34.92287733592093 10.753451045602558 10.061230197548864 12.490155197679998 32.503552762791514 17.571108451113105 8.8716367222368699
leaf_count=1023 445 107 90 163 322 558 134
internal_value=-0.000140451 0.00255678 -0.000635076 -0.00342967 -0.00634347 -0.00559674 0.00245841
internal_weight=162.281 109.603 74.68 64.6188 53.8653 52.6783 21.3618
internal_count=2842 1261 816 726 619 1581 297
is_linear=0
shrinkage=0.03


Tree=146
num_leaves=8
num_cat=0
split_feature=2 25 4 0 27 27 3
split_gain=3.19837 4.53819 3.13186 5.99751 2.85412 1.69934 1.47652
threshold=0.26392974877385356 12.500000000000002 0.029097825799776936 -0.10683492232872115 0.51285000000000014 0.48235 -0.47053662675759106
decision_type=8 2 10 10 2 2 8
left_child=1 2 3 -1 -5 -4 -3
right_child=-2 6 5 4 -6 -7 -8
leaf_value=-0.0043674277593356171 0.0068508316908979785 0.0025093594184073128 0.004250678193234882 0.0004014077019812341 0.026385526657421474 -0.009488162477869452 -0.0077983686902379163
leaf_weight=10.617118787020447 39.511977054178715 8.529452580958603 6.751042282208803 6.8751217108219853 8.240826675668357 9.7736209537833911 70.007503220811486
leaf_count=269 200 185 127 175 156 162 1553
internal_value=0.000124127 -0.00224858 0.0049196 0.01047 0.0194452 -0.00370798 -0.00637708
internal_weight=160.307 120.795 42.2577 25.7331 15.1159 16.5247 78.537
internal_count=2827 2627 889 600 331 289 1738
is_linear=0
shrinkage=0.03


Tree=147
num_leaves=8
num_cat=0
split_feature=22 2 5 18 5 4 5
split_gain=4.43041 3.66584 3.14224 4.16749 5.29452 4.7146 3.09341
threshold=351.50000000000006 0.40741020987060855 -0.49138392644306683 0.72925976406714155 -0.12153552059407646 -0.27983439623801259 1.0000000180025095e-35
decision_type=2 8 10 8 10 8 10
left_child=1 2 -1 4 -4 -5 -6
right_child=-2 -3 3 5 6 -7 -8
leaf_value=0.0049824587681762565 0.010279892676880488 0.0094091027933071326 -0.014241646547300743 0.0073681259835025551 0.014142961862620103 -0.014946333612112849 -0.00041360432830181133
leaf_weight=19.446133516728878 20.592659564688802 11.937765717506407 10.928465723991392 4.1796825844794512 10.558926114812492 45.73245482519269 37.33918677829206
leaf_count=325 331 62 294 93 231 916 564
internal_value=-0.000450068 -0.00259827 -0.00431369 -0.00633216 -0.000386775 -0.012059 0.00409183
internal_weight=160.715 140.123 128.185 108.739 58.8266 49.9121 47.8981
internal_count=2816 2485 2423 2098 1089 1009 795
is_linear=0
shrinkage=0.03


Tree=148
num_leaves=8
num_cat=0
split_feature=21 21 22 23 28 3 2
split_gain=3.83839 3.12063 4.10787 3.27991 2.43448 2.66796 2.44674
threshold=0.84100000000000008 0.76805000000000012 72.500000000000014 1.0000000180025095e-35 -1.4999999999999998 -0.082815736074856552 0.26392974877385356
decision_type=2 2 2 2 2 8 8
left_child=1 4 -3 -4 5 -1 -6
right_child=-2 2 3 -5 6 -7 -8
leaf_value=-0.0037138435125125078 -0.010340091184562477 -0.0029694724519950025 0 0.024841238318769474 -0.0036593098471016674 0.015132493082568381 0.005675402717843738
leaf_weight=4.7258927710354328 12.526736466214059 8.4145980365574378 8.0645384415984154 9.8278254140168428 77.245896882377565 11.42845810391009 27.451762497425079
leaf_count=116 264 147 133 175 1667 197 138
internal_value=0.00179823 0.00340803 0.0114492 0.0176318 0.000939069 0.00959409 -0.000849513
internal_weight=159.686 147.159 26.307 17.8924 120.852 16.1544 104.698
internal_count=2837 2573 455 308 2118 313 1805
is_linear=0
shrinkage=0.03


Tree=149
num_leaves=8
num_cat=0
split_feature=0 4 1 2 27 2 30
split_gain=3.7257 3.89767 3.80346 4.81094 3.10508 4.03009 2.86013
threshold=-0.070814431954184007 -0.13135790052793536 0.049970971763623979 0.039029113772402875 0.21170000000000003 0.18318745029476627 9.1053797757080925
decision_type=10 8 8 10 2 10 10
left_child=2 -2 3 -1 -3 -6 -7
right_child=1 4 -4 -5 5 6 -8
leaf_value=-0.0072100223504442812 0.01873376459078201 0.01231780344741497 -0.014393646929974835 0.013024355006109805 -0.0062187563820372575 -0.0056095739705924932 0.0084046146066259052
leaf_weight=16.752971898764375 6.5993950460106134 12.892387613654135 15.954683436080812 10.272677097469566 47.137810653075576 10.205122370272873 41.596940334886312
leaf_count=509 121 185 429 153 1132 62 261
internal_value=0.00119476 0.00397592 -0.00559578 0.00127108 0.00178733 -0.000263404 0.00501187
internal_weight=161.412 118.432 42.9803 27.0256 111.832 98.9399 51.8021
internal_count=2852 1761 1091 662 1640 1455 323
is_linear=0
shrinkage=0.03


Tree=150
num_leaves=8
num_cat=0
split_feature=0 25 1 18 26 25 5
split_gain=3.77367 4.72139 4.56493 6.10405 4.44616 4.71969 6.28871
threshold=-0.053436397809689666 23.500000000000004 -0.44466678729942216 0.87521673598542249 3.5000000000000004 26.500000000000004 0.050390116924214856
decision_type=10 2 10 10 2 2 10
left_child=1 -1 -2 4 5 -4 -7
right_child=2 -3 3 -5 -6 6 -8
leaf_value=-0.012358684809180571 -0.0037914172207814721 0.0045889476413735761 0.022279577815926842 -0.004768483343651108 -0.0030363563360429227 0.017200704889901594 -0.010009611430227772
leaf_weight=29.809429056942463 42.699446534737945 17.23248559422791 27.612889343872666 19.52789955586195 9.2736905757337791 4.8918157443404189 10.600385650992392
leaf_count=732 645 442 403 296 118 76 130
internal_value=0.000333534 -0.00611324 0.00332828 0.00770011 0.012613 0.0162216 0.000875426
internal_weight=161.648 47.0419 114.606 71.9067 52.3788 43.1051 15.4922
internal_count=2842 1174 1668 1023 727 609 206
is_linear=0
shrinkage=0.03


Tree=151
num_leaves=8
num_cat=0
split_feature=16 5 22 6 0 6 6
split_gain=3.25658 3.36364 4.29078 4.89462 4.77901 3.87193 2.31157
threshold=0.45294816116875875 -0.49138392644306683 262.50000000000006 0.061083277684425945 0.017117935888965378 0.053638216502319036 0.042928030333116964
decision_type=2 8 2 10 8 8 8
left_child=1 -1 5 6 -5 -3 -4
right_child=-2 2 3 4 -6 -7 -8
leaf_value=0.009260343644106956 0.010251739261640674 0 0.0019175063490813446 -0.0043540978625275168 0.017089053735614618 -0.012936861007000366 -0.011962447046865204
leaf_weight=9.9457961134612543 10.403954669833182 32.265394378453493 14.05316391028464 9.1898894887417537 17.067832067608837 52.248550292104483 14.700771680101751
leaf_count=175 75 635 224 233 214 1025 228
internal_value=-0.00162141 -0.00302193 -0.00445381 0.00173411 0.00988212 -0.00844544 -0.00582984
internal_weight=159.875 149.471 139.526 55.0117 26.2577 84.5139 28.7539
internal_count=2809 2734 2559 899 447 1660 452
is_linear=0
shrinkage=0.03


Tree=152
num_leaves=8
num_cat=0
split_feature=22 4 0 6 16 6 2
split_gain=4.18241 6.13314 3.79461 3.45445 2.97547 3.46229 5.31607
threshold=268.50000000000006 0.30710162705722266 0.0094889155959529421 0.060035806120608846 -1.1920982788519781 0.061083277684425945 0.14463588240879624
decision_type=2 10 8 8 2 8 8
left_child=1 2 3 -1 -2 -6 -7
right_child=4 -3 -4 -5 5 6 -8
leaf_value=0.0085869814174178837 -0.0035107683557958095 0.012203076317042054 -0.011112917614528367 -0.0065011735694204082 0.00034910643615992715 -0.00098316811224415774 0.02453379292621205
leaf_weight=18.381082532927394 14.154848290607331 11.703921215608714 48.696594271808863 19.982411097735167 23.276629431173205 8.5713105760514718 13.72804748080671
leaf_count=461 330 73 820 522 309 206 100
internal_value=0.000540056 -0.00309094 -0.00615873 0.000638765 0.00642126 0.00984952 0.0165607
internal_weight=158.495 98.764 87.0601 38.3635 59.7308 45.576 22.2994
internal_count=2821 1876 1803 983 945 615 306
is_linear=0
shrinkage=0.03


Tree=153
num_leaves=8
num_cat=0
split_feature=18 2 3 18 6 6 4
split_gain=3.82849 3.23759 4.22606 2.97633 2.92687 4.02231 2.14691
threshold=1.0021913925092709 0.17262979966188222 0.065902584153307922 0.72925976406714155 0.060035806120608846 0.046650734569235998 -0.31016277697836619
decision_type=8 8 10 10 10 10 10
left_child=1 4 -3 -4 5 -1 -7
right_child=-2 2 3 -5 -6 6 -8
leaf_value=-0.0030947071233214636 -0.0071128408038786013 0.017421774224555937 0.0070119125552785136 -0.0074502773059749901 -0.0063902135268193491 -0.0013931885117347503 0.017827051102811433
leaf_weight=22.445998132228851 32.217371120117605 19.001581728458405 23.410776525735855 13.307217348366974 34.980854811146855 3.8239869344979516 11.365738807246087
leaf_count=578 561 137 134 91 972 92 278
internal_value=0.000953663 0.00338724 0.00834783 0.00103996 -0.000683697 0.004482 0.0135302
internal_weight=160.554 128.336 55.7196 36.718 72.6166 37.6357 15.1897
internal_count=2843 2282 362 225 1920 948 370
is_linear=0
shrinkage=0.03


Tree=154
num_leaves=8
num_cat=0
split_feature=1 5 28 1 2 4 28
split_gain=3.17399 3.52538 2.58165 3.86147 3.44123 4.14055 5.12854
threshold=-1.9786373756666737 0.3604443141148192 2.5000000000000004 1.0000000180025095e-35 -0.096410913961529329 0.17286388292331559 -1.0000000180025095e-35
decision_type=10 8 2 10 10 8 2
left_child=1 -1 4 -4 -2 6 -6
right_child=2 -3 3 -5 5 -7 -8
leaf_value=-0.012606391199948228 -0.0070002378380074129 0.0058354352904999634 0.0056904347950295104 -0.012748734265715931 0 0 0.019832526046816276
leaf_weight=24.149595120921731 13.64636719226837 6.4334383942186859 10.378247075714173 15.815496042370794 19.25312358699739 48.261954260058701 22.894821107387543
leaf_count=528 373 79 121 211 441 558 536
internal_value=-0.000262598 -0.00793263 0.00178466 -0.00538219 0.00397806 0.0062219 0.0122588
internal_weight=160.833 30.583 130.25 26.1937 104.056 90.4099 42.1479
internal_count=2847 607 2240 332 1908 1535 977
is_linear=0
shrinkage=0.03


Tree=155
num_leaves=8
num_cat=0
split_feature=6 2 30 2 25 30 25
split_gain=2.48395 2.54458 2.97061 4.24401 2.94157 3.5312 2.98029
threshold=0.096694690662783869 0.20933129878517096 10.768579810257661 -0.10590893416477341 20.500000000000004 8.8102555435881253 29.500000000000004
decision_type=8 10 8 10 2 10 2
left_child=1 2 3 -1 5 -5 -6
right_child=-2 -3 -4 4 6 -7 -8
leaf_value=-0.0079733693606060096 -0.0045937723393955476 0.0095544969921306493 -0.0044644095076829052 -0.0040377369198119446 -0.0092360707112577375 0.020084130867977834 0.0084721130317297281
leaf_weight=8.5289825405925495 27.28513468336314 44.114449180662632 40.355699067004025 2.7701854128390577 7.8679270073771503 17.284015242010355 10.510835232213138
leaf_count=244 475 246 1012 61 186 391 237
internal_value=0.00250576 0.0042662 0.000859417 0.00569116 0.0098979 0.0160162 0
internal_weight=158.717 131.432 87.3176 46.9619 38.433 20.0542 18.3788
internal_count=2852 2377 2131 1119 875 452 423
is_linear=0
shrinkage=0.03


Tree=156
num_leaves=8
num_cat=0
split_feature=29 4 21 4 16 18 4
split_gain=1.85936 1.8873 1.60486 1.59026 3.18321 3.48054 3.53575
threshold=57.500000000000007 0.17286388292331559 0.59975000000000012 -0.0065613759531327745 -0.55349149772306638 0.72925976406714155 0.27590573644831889
decision_type=2 8 2 8 2 10 8
left_child=2 -2 -1 -4 -5 6 -6
right_child=1 -3 3 4 5 -7 -8
leaf_value=0.0042378844479812397 -0.0023258222130746343 0.016485274223709902 0.0018274130927895093 -0.010920165448025666 0.012661643808670979 -0.0078305760161361607 -0.0054896602507688288
leaf_weight=32.731183807365596 3.2195873726159325 3.7600286453962326 39.781415164470673 33.601816294714808 18.482076980173588 17.870537057518959 8.1459866259247082
leaf_count=548 97 48 980 702 207 198 42
internal_value=1.50592e-05 0.0101987 -0.000852886 -0.00256505 -0.00493853 0.000268377 0.00669026
internal_weight=157.593 6.97962 150.613 117.882 78.1004 44.4986 26.6281
internal_count=2822 145 2677 2129 1149 447 249
is_linear=0
shrinkage=0.03


Tree=157
num_leaves=8
num_cat=0
split_feature=5 0 1 2 29 30 1
split_gain=3.45424 5.33436 4.12095 3.96796 3.42297 3.34398 2.27191
threshold=-1.0000000180025095e-35 -0.10683492232872115 -0.70071747366740322 0.20933129878517096 36.500000000000007 9.9395512583258512 -1.6417636932737176
decision_type=8 10 8 8 2 10 10
left_child=1 2 6 4 -2 -3 -1
right_child=3 5 -4 -5 -6 -7 -8
leaf_value=-0.0026596409979841858 -0.012503350459123963 -0.0016222693981172381 -0.012285908779354288 0.0020001784151928831 0.0032732301643993537 0.01709997716567329 0.015064279979618881
leaf_weight=7.4907017461955547 42.796042554080486 8.3496162481606024 15.030128309503199 47.53308454528451 10.823863049037753 21.600327116437256 4.1087343972176296
leaf_count=197 991 157 396 272 289 433 93
internal_value=-0.000660853 0.00476784 -0.00409293 -0.00396169 -0.00906373 0.0122435 0.00643945
internal_weight=157.732 56.5795 26.6296 101.153 53.6199 29.9499 11.5994
internal_count=2828 1276 686 1552 1280 590 290
is_linear=0
shrinkage=0.03


Tree=158
num_leaves=8
num_cat=0
split_feature=5 17 18 7 27 3 5
split_gain=2.38166 5.25511 2.76209 2.61052 4.57243 2.77369 2.58157
threshold=0.2664675650152189 0.10959723962624247 0.849131989594337 0.16896802668429706 0.57160000000000022 -0.32885611491408334 -0.38529363583507981
decision_type=10 10 10 8 2 8 8
left_child=1 3 -3 6 -5 -6 -1
right_child=-2 2 -4 4 5 -7 -8
leaf_value=0.004268631333481771 -0.0043238744085641887 0.014631532557876678 0 -0.0042676980380322157 -0.0031642014294681036 0.015142797485012854 -0.016154126788061631
leaf_weight=2.7568649277091026 36.381964961066842 33.328981705009937 14.177423449233173 40.406853803433478 5.5202013216912746 17.003362078219656 9.0956222694367153
leaf_count=57 389 436 233 985 118 351 255
internal_value=0.00162805 0.00367068 0.0107059 -0.00121998 0.00139932 0.0105112 -0.0108424
internal_weight=158.671 122.289 47.5064 74.7829 62.9304 22.5236 11.8525
internal_count=2824 2435 669 1766 1454 469 312
is_linear=0
shrinkage=0.03


Tree=159
num_leaves=8
num_cat=0
split_feature=5 1 0 30 6 2 25
split_gain=2.45281 2.77727 3.03482 2.93817 2.83628 2.49655 2.46794
threshold=1.0000000180025095e-35 0.10382377478270928 -0.061576090697828649 10.447697515627381 0.032175999070441309 0.20933129878517096 7.5000000000000009
decision_type=10 8 10 10 10 8 2
left_child=1 4 -3 -4 -1 -2 -6
right_child=5 2 3 -5 6 -7 -8
leaf_value=-0.0039252670382637269 -0.0060774396432145012 -0.0096761069974969638 -0.0043162321618966252 0.013412830145499152 0 0.0031617382847561213 0.016666079705991484
leaf_weight=5.658865548670291 44.333508351817727 12.283621696755292 8.7328136954456586 9.7273129932582361 8.5117685087025148 43.701211608946323 26.391043619252741
leaf_count=116 1101 347 145 158 167 254 554
internal_value=0.00174442 0.00563014 -0.000792793 0.00568972 0.0101359 -0.00145352 0.0130721
internal_weight=159.34 71.3054 30.7437 18.4601 40.5617 88.0347 34.9028
internal_count=2842 1487 650 303 837 1355 721
is_linear=0
shrinkage=0.03


Tree=160
num_leaves=8
num_cat=0
split_feature=29 1 6 21 0 2 2
split_gain=1.57671 3.61617 3.17692 3.14447 2.89905 2.37296 2.23931
threshold=20.500000000000004 -1.0000000180025095e-35 0.032175999070441309 0.79895000000000016 -0.10683492232872115 -0.11601064236226032 0.088411318656538576
decision_type=2 8 10 2 10 10 10
left_child=4 2 -2 5 -1 -4 -6
right_child=1 -3 3 -5 6 -7 -8
leaf_value=-0.011513376813377512 -0.0048906003321201328 -0.0029287919067506529 -0.0021407739400097375 -0.0032332402832969875 0.0074639994084064604 0.017406778824764695 -0.0033843839122675414
leaf_weight=16.815280838869512 7.3934705611318341 43.719856994226575 3.161654349416497 6.1543036876246324 19.06713654845953 27.616778725758195 37.710237726569176
leaf_count=425 114 780 89 120 469 492 364
internal_value=5.99801e-05 0.00274404 0.00821828 0.0115799 -0.00292158 0.0149846 0.000499065
internal_weight=161.639 88.0461 44.3262 36.9327 73.5927 30.7784 56.7774
internal_count=2853 1595 815 701 1258 581 833
is_linear=0
shrinkage=0.03


Tree=161
num_leaves=8
num_cat=0
split_feature=3 4 30 6 6 1 6
split_gain=2.29382 3.38919 3.11452 3.28413 3.00857 3.00397 3.19888
threshold=0.58983932791917493 -0.090536385868056221 11.743312752950009 0.064870592930269019 0.066269824278548564 1.0000000180025095e-35 0.063505301825833416
decision_type=8 8 10 10 8 10 10
left_child=1 4 5 -4 -1 6 -3
right_child=-2 2 3 -5 -6 -7 -8
leaf_value=0.014613241366337619 0.0084531678369520573 -0.0060940720327811232 0.012700999979744179 -0.0045667556864599996 -0.0021559990358244389 -0.010764049733917522 0.0080230613414467491
leaf_weight=15.131896033883097 28.692433910444379 24.116846548393369 13.757353853434326 10.79705591406673 11.098604768514631 37.65665115788579 18.196290962398052
leaf_count=344 406 401 237 216 280 645 285
internal_value=0.00182459 0 -0.00254612 0.00539093 0.00823404 -0.0054223 0
internal_weight=159.447 130.755 104.524 24.5544 26.2305 79.9698 42.3131
internal_count=2814 2408 1784 453 624 1331 686
is_linear=0
shrinkage=0.03


Tree=162
num_leaves=8
num_cat=0
split_feature=18 3 30 5 27 5 18
split_gain=4.15188 2.77269 2.57589 2.31136 1.97351 1.88548 1.8682
threshold=0.55743386058810096 0.58983932791917493 13.091365300095182 -0.12153552059407646 0.62550000000000006 0.44865618018720121 0.47667537840536461
decision_type=8 8 10 10 2 10 10
left_child=3 2 -2 -1 5 -3 -5
right_child=1 4 -4 6 -6 -7 -8
leaf_value=-0.0031527027307586132 -0.0065934766687631013 -0.0060324639132727951 0.0073341249729284011 -0.00024848048009246072 0.012873659065292021 0.0078201713954492002 0.016539664882591773
leaf_weight=6.2127641551196602 101.57654478866607 15.675664817914372 5.7883763555437318 5.4860637225210693 6.5512114502489558 5.8675107304006806 14.36658971570432
leaf_count=142 1902 261 110 88 77 51 206
internal_value=-0.000776509 -0.00305601 -0.00525606 0.00856517 0.00423753 -0.000655863 0.012623
internal_weight=161.525 135.459 107.365 26.0654 28.0944 21.5432 19.8527
internal_count=2837 2401 2012 436 389 312 294
is_linear=0
shrinkage=0.03


Tree=163
num_leaves=8
num_cat=0
split_feature=29 27 22 22 6 27 22
split_gain=2.42096 2.26148 2.38083 2.16962 3.90087 3.57786 3.53272
threshold=44.500000000000007 0.61830000000000018 311.50000000000006 286.50000000000006 0.060035806120608846 0.71520000000000017 47.500000000000007
decision_type=2 2 2 2 8 2 2
left_child=3 2 -2 4 5 6 -1
right_child=1 -3 -4 -5 -6 -7 -8
leaf_value=-0.0031818313028207168 -0.014483835722320993 0.0048813832568827317 0.0032582866365464818 -0.0021597433282381034 -0.00029643497063987407 -0.0048917132752500925 0.017574012417799847
leaf_weight=4.946859596297144 15.420994535088544 5.9241058547049752 4.3631187975406638 42.348787182942033 48.180180735886097 5.235847443342208 32.119733178056777
leaf_count=99 309 98 83 659 869 116 566
internal_value=0.00118744 -0.00596218 -0.0102196 0.00293777 0.00545751 0.011314 0.014398
internal_weight=158.54 25.7082 19.7841 132.831 90.4826 42.3024 37.0666
internal_count=2799 490 392 2309 1650 781 665
is_linear=0
shrinkage=0.03


Tree=164
num_leaves=8
num_cat=0
split_feature=30 6 1 29 3 25 2
split_gain=3.06024 5.01768 4.9427 4.42075 3.51318 2.59471 2.47627
threshold=10.1906799100543 0.066269824278548564 0.049970971763623979 31.500000000000004 -0.47053662675759106 6.5000000000000009 0.012591624500559397
decision_type=10 8 8 2 10 2 10
left_child=2 6 3 5 -4 -1 -2
right_child=1 -3 4 -5 -6 -7 -8
leaf_value=-0.00092591679292304628 -0.0044270636094453433 -0.0093837110980456977 0.008312230307745163 -0.0021174636963196369 -0.0086435741943425362 0.01943428628052889 0.0079545214056198424
leaf_weight=4.2432560455054071 14.187611069530247 37.64738826546818 9.1642508544027823 11.673185748979447 21.954613917507231 27.01231437176466 34.276082992553711
leaf_count=73 421 721 157 190 386 408 475
internal_value=0.00164084 -0.00202189 0.00586494 0.011731 -0.00258805 0.0166627 0.0039505
internal_weight=160.159 86.1111 74.0476 42.9288 31.1189 31.2556 48.4637
internal_count=2831 1617 1214 671 543 481 896
is_linear=0
shrinkage=0.03


Tree=165
num_leaves=8
num_cat=0
split_feature=6 2 7 30 6 26 30
split_gain=3.89721 3.03143 3.09739 3.53149 3.22714 2.95616 2.62491
threshold=0.096694690662783869 0.051032832670821766 0.22420837354962356 8.7022880238878546 0.032175999070441309 2.5000000000000004 10.1906799100543
decision_type=8 10 10 8 10 2 10
left_child=1 5 3 -3 -5 -1 -7
right_child=-2 2 -4 4 -6 6 -8
leaf_value=-0.0075853112681033277 -0.0077330253615243549 -0.0067678509066663008 -0.0070703658286263458 -0.0026267520510630197 0.012201693879838629 0.01412487121015556 -0.0033170659089274837
leaf_weight=28.611533754505217 24.951787972822785 6.1931301262229672 6.4092230126261702 10.950368609279392 71.026564601808786 7.0765517335385111 8.9974408596754056
leaf_count=878 460 73 40 124 828 196 269
internal_value=0.00154219 0.00363568 0.00654659 0.00819822 0.00999678 -0.00229925 0.00588073
internal_weight=164.217 139.265 94.5793 88.1701 81.9769 44.6855 16.074
internal_count=2868 2408 1065 1025 952 1343 465
is_linear=0
shrinkage=0.03


Tree=166
num_leaves=8
num_cat=0
split_feature=2 30 3 5 25 4 2
split_gain=3.02409 3.68184 3.99559 3.29753 3.21614 2.8083 2.77776
threshold=0.17262979966188222 11.279188329632326 0.065902584153307922 -0.0097672724554301819 1.5000000000000002 -0.12263693616826953 -0.10590893416477341
decision_type=10 8 10 8 2 8 8
left_child=3 2 -2 5 -5 6 -1
right_child=1 -3 -4 4 -6 -7 -8
leaf_value=-0.0014577219432421198 0.0095997544675984377 0.012381599887411292 -0.0066454793353481357 0.0081330218099410299 -0.010906749463049974 -0.003600067024159573 0.016915293781466782
leaf_weight=8.9077608101069909 12.864987112581728 22.464707847684622 30.645380577072501 2.5198140991851679 45.132559531368315 27.097960420884192 8.4948513377457875
leaf_count=235 97 149 201 70 1160 714 184
internal_value=-0.000182081 0.00433502 -0.000806019 -0.00365373 -0.00860602 0.0018669 0.00942299
internal_weight=158.128 65.9751 43.5104 92.1529 47.6524 44.5006 17.4026
internal_count=2810 447 298 2363 1230 1133 419
is_linear=0
shrinkage=0.03


Tree=167
num_leaves=8
num_cat=0
split_feature=5 18 5 5 17 2 0
split_gain=3.48371 4.55318 2.98219 3.83973 4.10749 3.5449 3.05973
threshold=-0.30991265230219295 0.87521673598542249 -0.12153552059407646 1.0000000180025095e-35 0.19968174303262662 0.18318745029476627 -0.14171106602665692
decision_type=8 8 8 10 10 10 10
left_child=-1 2 -2 6 5 -5 -4
right_child=1 -3 3 4 -6 -7 -8
leaf_value=0.011057842435419766 -0.0075101360830893242 -0.0082154789905703827 -0.0034395878537815576 -0.012373521879582993 0.0074169533518347788 0.0041000283027601914 0.017925795394675186
leaf_weight=19.400692088529468 12.839817621745167 40.667165284976363 3.5031888019293573 19.986659195274115 33.379158420488238 13.191096507012842 18.162685441784561
leaf_count=354 356 748 92 562 288 90 334
internal_value=0.00123323 -0.000530391 0.00280031 0.0049564 0.000637068 -0.00593547 0.0139696
internal_weight=161.13 141.73 101.063 88.2228 66.5569 33.1778 21.6659
internal_count=2824 2470 1722 1366 940 652 426
is_linear=0
shrinkage=0.03


Tree=168
num_leaves=8
num_cat=0
split_feature=3 27 27 22 18 6 27
split_gain=2.83982 6.88484 2.32173 2.80412 2.25491 3.61782 2.43702
threshold=-0.47053662675759106 0.39990000000000003 0.38760000000000006 47.500000000000007 0.63610170895159723 0.042928030333116964 0.68525000000000003
decision_type=10 2 2 2 10 8 2
left_child=1 -1 -2 -4 5 -5 -7
right_child=2 -3 3 4 -6 6 -8
leaf_value=0.020403460236796452 -0.0063502600162264351 -0.0021731278951686948 -0.0094201943384096404 0.0097703797890677513 0.0074048373850803158 -0.013990554568723128 0.0027180271252609089
leaf_weight=13.016581479459999 39.45769258774817 23.27441930398345 8.6684498358517867 6.7597241811454323 50.058787938207388 12.990380674600603 6.967233730480074
leaf_count=232 780 391 157 116 837 218 107
internal_value=0.00123289 0.00780853 -0.000919852 0.00175632 0.00396501 -0.00226911 -0.00851238
internal_weight=161.193 36.291 124.902 85.4446 76.7761 26.7173 19.9576
internal_count=2838 623 2215 1435 1278 441 325
is_linear=0
shrinkage=0.03


Tree=169
num_leaves=8
num_cat=0
split_feature=5 2 21 21 2 28 21
split_gain=2.50714 2.66211 1.86578 3.1477 2.01431 3.87763 2.46278
threshold=-0.49138392644306683 -0.15733340370713453 0.79895000000000016 0.76805000000000012 0.33211559179233546 2.5000000000000004 0.66435000000000011
decision_type=8 8 2 2 8 2 2
left_child=1 -1 3 4 5 6 -2
right_child=2 -3 -4 -5 -6 -7 -8
leaf_value=-0.0032671888745178842 -0.0043890756432766499 0.01793209720727721 -0.007140749899213308 0.011423454268955444 0.0066584018279084931 -0.012465396121031289 0.0052141247712431853
leaf_weight=3.5600816085934639 38.397357877343893 6.2193399779498559 23.041323961690068 14.045558264479039 17.415704824030399 19.316827949136496 41.265306609682739
leaf_count=75 797 99 450 222 89 293 843
internal_value=0.000667626 0.0113735 -0.000451289 0.000966358 -0.000828434 -0.00268539 0.000436149
internal_weight=163.262 9.77942 153.482 130.441 116.395 98.9795 79.6627
internal_count=2868 174 2694 2244 2022 1933 1640
is_linear=0
shrinkage=0.03


Tree=170
num_leaves=8
num_cat=0
split_feature=2 5 27 29 29 2 1
split_gain=2.27864 4.06619 3.65322 2.85472 2.69678 3.66911 2.50808
threshold=0.18318745029476627 -0.0097672724554301819 0.62550000000000006 36.500000000000007 14.500000000000002 -0.17626064340892197 0.48965201648588325
decision_type=10 8 2 2 2 8 10
left_child=1 4 3 -2 -1 -6 -3
right_child=2 6 -4 -5 5 -7 -8
leaf_value=-0.0064794800123399252 0.0031130715793350602 -0.012632877225775066 0.013342091305308463 -0.011000940723717864 -0.0074619265503799376 0.011182075116748276 0.00011881806438266664
leaf_weight=11.820780248381196 36.127857586368918 34.119777848944068 15.318538740277289 10.016642788425086 5.6324993744492531 28.222164305858314 17.077492055483162
leaf_count=272 244 877 87 71 147 715 410
internal_value=-0.000534685 -0.0033777 0.00360323 -0.00084638 0.0026993 0.00688846 -0.00868476
internal_weight=158.336 96.8727 61.463 46.1445 45.6754 33.8547 51.1973
internal_count=2823 2421 402 315 1134 862 1287
is_linear=0
shrinkage=0.03


Tree=171
num_leaves=8
num_cat=0
split_feature=27 27 5 27 2 1 26
split_gain=2.68602 2.96036 2.61707 2.73044 3.64786 2.34581 2.92479
threshold=0.21170000000000003 0.14570000000000002 -1.0000000180025095e-35 0.67005000000000015 -0.060299891811462662 -1.1100673658308329 3.5000000000000004
decision_type=2 2 8 2 10 10 2
left_child=1 -1 3 -2 -5 -4 -7
right_child=2 -3 5 4 -6 6 -8
leaf_value=-0.0017941401166913671 0 0.016775239295769979 -0.0099705169849924457 -0.0037705015253654424 0.020604763051793099 0.0030195715503593202 -0.010466735537966589
leaf_weight=8.5256456742063182 37.532241817563772 10.859941751696168 24.046928994357586 3.8044281620532265 8.1647869050502759 55.308187372051179 10.758847285062073
leaf_count=140 844 193 412 99 145 804 151
internal_value=0.00131378 0.0099224 -0.000252877 0.00473686 0.0136992 -0.00330947 0
internal_weight=159.001 19.3856 139.615 49.5015 11.9692 90.114 66.067
internal_count=2788 333 2455 1088 244 1367 955
is_linear=0
shrinkage=0.03


Tree=172
num_leaves=8
num_cat=0
split_feature=1 22 21 21 1 1 17
split_gain=3.60814 3.13773 2.34164 5.24165 2.8897 4.50179 4.13709
threshold=0.90894899748892743 335.50000000000006 0.76805000000000012 0.85325000000000017 0.10382377478270928 0.45738864630883097 0.10959723962624247
decision_type=8 2 2 2 10 10 10
left_child=2 -2 4 -4 -1 -6 -7
right_child=1 -3 3 -5 5 6 -8
leaf_value=0.0042594513619215483 -0.013438672818317784 0.0064426861634944528 0.01482191807285955 -0.0064664268976616307 -0.01511204206819778 -0.0091709422416790046 0.0099656361889031118
leaf_weight=65.117189885117114 16.811661011539403 3.3882221467792979 25.806309273466468 8.5113520603626949 14.639935698360203 8.9970786664634961 16.849669601768255
leaf_count=1151 319 57 432 193 242 232 198
internal_value=0.00107248 -0.00869029 0.00297706 0.00896328 0.000405505 -0.00516373 0.00226797
internal_weight=160.121 20.1999 139.922 34.3177 105.604 40.4867 25.8467
internal_count=2824 376 2448 625 1823 672 430
is_linear=0
shrinkage=0.03


Tree=173
num_leaves=8
num_cat=0
split_feature=7 21 7 7 17 2 3
split_gain=2.16958 2.03225 5.52183 3.41777 2.77222 2.48465 1.61727
threshold=0.22420837354962356 0.76805000000000012 0.16896802668429706 0.027497093839756299 0.2271843322843338 0.40741020987060855 0.3938142358143133
decision_type=10 2 8 10 10 10 10
left_child=1 3 -3 5 -4 6 -1
right_child=-2 2 4 -5 -6 -7 -8
leaf_value=-0.0023239855058766684 -0.011268613236507524 -0.0066696293495135568 0.018267175783254645 0.012779871329121551 -0.0018626561016908644 0.0087649620528295075 -0.012333448242148623
leaf_weight=94.961232173256576 7.6349253244698039 12.132682455703614 16.355897344648842 5.5865942388772956 4.7155103720724574 6.3859723657369605 12.633774733170865
leaf_count=1842 53 314 320 68 50 30 167
internal_value=-0.000583535 0.000391317 0.00623606 -0.00140348 0.0139735 -0.00301419 -0.00440128
internal_weight=160.407 152.772 33.2041 119.568 21.0714 113.981 107.595
internal_count=2844 2791 684 2107 370 2039 2009
is_linear=0
shrinkage=0.03


Tree=174
num_leaves=8
num_cat=0
split_feature=7 30 26 16 18 18 27
split_gain=2.36926 2.40046 4.62031 4.27893 3.3366 2.6527 3.68861
threshold=0.016188784901416637 10.1906799100543 1.5000000000000002 -0.95480603108376638 0.849131989594337 0.55743386058810096 0.51285000000000014
decision_type=8 10 2 2 10 10 2
left_child=-1 2 -2 -4 -5 -3 -7
right_child=1 5 3 4 -6 6 -8
leaf_value=-0.00960246002344824 -0.0040893085375963197 0.0062694109717254549 0.020152158700033115 0.0088686972899374421 -0.00721515883703656 -0.011613856609564221 0.0018292208254200143
leaf_weight=9.6300631342455727 22.509414387866855 19.5258769672364 16.369296655058861 19.064385102130476 11.998383540660141 26.711002981290221 31.791804473847151
leaf_count=291 360 314 341 214 178 571 528
internal_value=0.000724663 0.00195099 0.00573592 0.0105864 0.00206678 -0.0014852 -0.00474176
internal_weight=157.6 147.97 69.9415 47.4321 31.0628 78.0287 58.5028
internal_count=2797 2506 1093 733 392 1413 1099
is_linear=0
shrinkage=0.03


Tree=175
num_leaves=8
num_cat=0
split_feature=4 27 0 0 27 18 27
split_gain=1.82478 2.9456 3.30366 2.60492 2.58636 3.49737 2.87543
threshold=-0.12263693616826953 0.21170000000000003 0.11030438606532579 -0.11614706061906298 0.41270000000000001 0.65208747908116382 0.55510000000000004
decision_type=8 2 10 10 2 10 2
left_child=3 -2 -3 -1 5 -4 -6
right_child=1 2 4 -5 6 -7 -8
leaf_value=-0.00071111555538186995 0.0086737730932114048 -0.0076714959538599931 0.0067036407782952367 0.015209451714166348 0.012009164586903428 -0.013448941459170773 -0.0010203631143481942
leaf_weight=15.208878811448814 16.227358601056039 54.58591452986002 5.5161298159509924 9.0114686451852304 20.616395737975836 11.386113069951532 26.187720315530896
leaf_count=385 275 1253 64 183 206 149 289
internal_value=0.000575181 -0.000816205 -0.00270379 0.0070524 0.00172453 -0.00622897 0.00536046
internal_weight=158.74 134.52 118.292 24.2203 63.7064 16.9022 46.8041
internal_count=2804 2236 1961 568 708 213 495
is_linear=0
shrinkage=0.03


Tree=176
num_leaves=8
num_cat=0
split_feature=5 18 5 5 30 1 30
split_gain=2.17297 3.91941 3.30008 2.28669 2.27511 2.37531 3.31505
threshold=-0.30991265230219295 0.83520410871480544 0.50748599015435258 -0.12153552059407646 10.82656194483952 -1.6417636932737176 8.5409702629822188
decision_type=10 8 10 10 10 10 10
left_child=4 3 -3 -2 5 -1 -7
right_child=1 2 -4 -5 -6 6 -8
leaf_value=-0.0022340730652830538 -0.0076686001928644078 -0.013593217337346943 0.0043378253067983463 0.0033998693158330791 -0.0043272287856704009 0 0.021929537701157215
leaf_weight=6.7715142406523254 12.579082320444284 28.032445735298097 6.6443142127245656 77.745204346254468 7.931382104754447 9.3553471546620148 9.003207026049493
leaf_count=118 341 606 73 1249 149 138 157
internal_value=-0.000147629 -0.00208692 -0.00963692 0.00120733 0.00579733 0.00971884 0.0140367
internal_weight=158.062 125.001 34.6768 90.3243 33.0615 25.1301 18.3586
internal_count=2831 2269 679 1590 562 413 295
is_linear=0
shrinkage=0.03


Tree=177
num_leaves=8
num_cat=0
split_feature=27 27 6 6 2 27 21
split_gain=3.3554 3.90755 3.2007 3.17879 2.97627 2.9381 2.88456
threshold=0.21170000000000003 0.14570000000000002 0.047747460872056259 0.052487756333730519 -0.052966528516034554 0.51285000000000014 0.84100000000000008
decision_type=2 2 10 10 10 2 2
left_child=1 -1 -2 5 -5 -4 -6
right_child=2 -3 3 4 6 -7 -8
leaf_value=-0.0026468892807730449 -0.0073167750856277716 0.01833222999885066 0.020431588458427883 -0.010860981002782556 0.0044174594740067847 -0.0017848824188281705 -0.010236229078417484
leaf_weight=9.1445284951478261 45.164713430218399 10.360238709487019 5.7448023315519077 12.379503396339713 63.55836309120059 5.0255843847990036 6.359248897060751
leaf_count=145 819 195 91 387 1003 77 121
internal_value=0.000377522 0.0100421 -0.00135835 0.00173507 -0.000578311 0.0129235 0.00197801
internal_weight=157.737 19.5048 138.232 93.0675 82.2971 10.7704 69.9176
internal_count=2838 340 2498 1679 1511 168 1124
is_linear=0
shrinkage=0.03


Tree=178
num_leaves=8
num_cat=0
split_feature=2 30 4 2 28 1 25
split_gain=3.40141 2.61278 2.36993 3.93176 2.67364 3.96684 2.55262
threshold=0.26392974877385356 11.058424494145921 -0.0065613759531327745 -0.15733340370713453 1.5000000000000002 0.8868002640992606 32.500000000000007
decision_type=8 10 8 10 2 8 2
left_child=2 -2 3 -1 5 6 -5
right_child=1 -3 -4 4 -6 -7 -8
leaf_value=-0.0093129064420532995 0.0010860261536188194 0.016362741614473295 -0.0044539830001972423 0.020338275161779096 -0.002381977227788322 -0.0051852364140997651 -0.0010441556402500227
leaf_weight=8.1366359498351795 27.435782875865698 12.157203286886213 75.690897108986974 17.737214415334172 11.039425023831425 4.4347708160057655 3.7116121593862763
leaf_count=215 143 56 1522 459 230 120 103
internal_value=0.00119795 0.00805395 -0.00129431 0.00360187 0.00793342 0.0122993 0.0168503
internal_weight=160.344 39.593 120.751 45.0597 36.923 25.8836 21.4488
internal_count=2848 199 2649 1127 912 682 562
is_linear=0
shrinkage=0.03


Tree=179
num_leaves=8
num_cat=0
split_feature=4 30 30 5 30 6 27
split_gain=3.07442 4.18268 2.86728 3.68858 3.08976 2.77025 2.49671
threshold=-0.12263693616826953 10.768579810257661 11.743312752950009 -0.039952449170574215 10.1906799100543 0.068540063138674681 0.29775000000000007
decision_type=8 10 10 10 10 10 2
left_child=1 -1 4 -4 5 6 -2
right_child=2 -3 3 -5 -6 -7 -8
leaf_value=0.016304441512361698 0.0061572524862036461 -0.0039842345575030746 -0.0061041882474926852 0.012220705277525062 -0.00858410685573977 0.0076482832989522541 -0.0076307627915461994
leaf_weight=16.066003415733579 9.0838555321097356 8.9816650263965112 7.8931337287649539 20.657637751661241 43.774819568730891 25.40295354090631 29.931253123097122
leaf_count=358 136 210 185 334 795 399 452
internal_value=0.00111729 0.00937203 -0.000725546 0.00651701 -0.00308298 0.000983463 -0.00360001
internal_weight=161.791 25.0477 136.744 28.5508 108.193 64.4181 39.0151
internal_count=2869 568 2301 519 1782 987 588
is_linear=0
shrinkage=0.03


Tree=180
num_leaves=8
num_cat=0
split_feature=1 3 27 27 16 0 7
split_gain=2.15566 1.93861 4.15451 2.1552 2.36831 2.80331 1.98412
threshold=0.96640183223857956 -0.47053662675759106 0.44050000000000006 0.38760000000000006 -0.67729002088516055 0.19464148588575189 0.166547824097529
decision_type=8 10 2 2 2 8 8
left_child=1 2 -1 4 -3 -6 -5
right_child=-2 3 -4 6 5 -7 -8
leaf_value=0.017119508133214074 -0.0083569114494228026 -0.010712930687973181 -0.00075773215003712986 -0.0062447361007739004 0.011822157673109845 -0.0049617744106900284 0.0051479280096109444
leaf_weight=14.418586179614065 9.500396676361559 18.307321326807141 20.008268096484244 8.44745583552867 6.8585421480238438 13.925220329314472 72.697820510715246
leaf_count=263 158 491 333 233 106 144 1127
internal_value=0.00156295 0.00264554 0.00819227 0.0005284 -0.0045647 0.00180213 0.00333968
internal_weight=164.164 154.663 34.4269 120.236 39.0911 20.7838 81.1453
internal_count=2855 2697 596 2101 741 250 1360
is_linear=0
shrinkage=0.03


Tree=181
num_leaves=8
num_cat=0
split_feature=7 4 17 6 17 18 30
split_gain=3.31691 2.42075 4.10712 3.67777 2.23077 2.14262 1.92701
threshold=-1.0000000180025095e-35 -0.090536385868056221 -0.042663946313760907 0.060035806120608846 -0.46770078644983587 0.7875059397929004 13.55935372566803
decision_type=8 8 10 8 8 10 8
left_child=-1 3 4 -2 -3 -5 -6
right_child=1 2 -4 5 6 -7 -8
leaf_value=-0.013028125407030428 0.016093286473151152 0.0035171897699529226 0.0022803001375361958 -0.010479760790223613 -0.015744880165937197 0.0059703414490805025 0.0018524498784656524
leaf_weight=8.1023030532523972 13.591321278363468 4.4159528482705355 101.35085044894367 6.0453576724976283 19.069920660927899 6.0663357693701982 3.3014223761856547
leaf_count=257 275 79 1380 163 476 129 66
internal_value=0 0.00124819 -0.000494023 0.00843438 -0.00953245 -0.00239717 -0.0128502
internal_weight=161.943 153.841 128.138 25.703 26.7873 12.1117 22.3713
internal_count=2825 2568 2001 567 621 292 542
is_linear=0
shrinkage=0.03


Tree=182
num_leaves=8
num_cat=0
split_feature=27 6 22 21 27 6 6
split_gain=2.51718 3.86215 2.92232 3.05302 4.18937 2.9214 2.70847
threshold=0.21170000000000003 0.076418567070213925 54.500000000000007 0.73605000000000009 0.52355000000000007 0.066269824278548564 0.061083277684425945
decision_type=2 10 2 2 2 8 10
left_child=1 -1 -2 4 5 -4 -6
right_child=2 -3 3 -5 6 -7 -8
leaf_value=0.015294097732668994 -0.010205678328819754 -0.0062769325638989655 0 0.0072916138277691585 -0.0020520202984595877 -0.01370537626397148 0.012111039063805477
leaf_weight=15.640645980834963 14.834423597902058 4.5317034982144824 27.838037953712046 42.670267911627889 17.704817410558462 21.382442434318364 16.014356564730406
leaf_count=236 297 103 518 771 262 431 237
internal_value=0.00130934 0.00950938 -0.000216408 0.00139149 -0.00185345 -0.00710661 0.00534747
internal_weight=160.617 20.1723 140.444 125.61 82.9397 49.2205 33.7192
internal_count=2855 339 2516 2219 1448 949 499
is_linear=0
shrinkage=0.03


Tree=183
num_leaves=8
num_cat=0
split_feature=27 27 6 6 4 6 18
split_gain=3.25719 4.27612 2.46385 3.52221 3.41496 3.94751 3.29083
threshold=0.71520000000000017 0.65790000000000015 0.044196585280297795 0.056104277765816765 0.13625789180823913 0.047747460872056259 0.65208747908116382
decision_type=2 2 8 8 8 10 8
left_child=1 2 6 4 5 -4 -1
right_child=-2 -3 3 -5 -6 -7 -8
leaf_value=0.0048470170498073504 -0.0092219179873187923 0.014230341904914144 -0.002828737184748362 -0.0013834610819052013 -0.00056938389417647485 0.024408094254126347 -0.012220939448723434
leaf_weight=8.7095991335809249 21.669807244092226 12.972804766148327 3.3356566466391078 71.730884263291955 12.502149655483665 8.7286083940416557 21.309877568855882
leaf_count=164 423 176 76 1300 137 164 390
internal_value=-7.75049e-05 0.0016669 -0.000282413 0.00200647 0.0102736 0.0180045 -0.00689653
internal_weight=160.959 139.29 126.317 96.2973 24.5664 12.0643 30.0195
internal_count=2830 2407 2231 1677 377 240 554
is_linear=0
shrinkage=0.03


Tree=184
num_leaves=8
num_cat=0
split_feature=4 3 18 6 6 22 22
split_gain=3.56055 3.90694 4.66831 3.6372 3.1948 3.39973 2.53589
threshold=-0.050000244207981652 0.58983932791917493 0.55743386058810096 0.096694690662783869 0.060035806120608846 104.50000000000001 262.50000000000006
decision_type=8 8 8 8 8 2 2
left_child=4 2 -2 -3 5 -1 -4
right_child=1 3 6 -5 -6 -7 -8
leaf_value=-0.0037684912238411358 0.0067939840295636947 0.012195486238812857 -0.011935376200870963 -0.007025646676832766 -0.0010198319866166336 0.018911114775259048 -0.00092596975644529812
leaf_weight=3.5489401910454061 17.207065245136619 19.8254589419812 47.208798470906913 5.7556767752394071 17.891449727118015 15.345644636079667 35.580828954465687
leaf_count=87 250 258 887 88 448 313 524
internal_value=0.000242022 -0.00213608 -0.00488937 0.00678067 0.0076266 0.0142397 -0.00786755
internal_weight=162.364 125.578 99.9967 25.5811 36.786 18.8946 82.7896
internal_count=2855 2007 1661 346 848 400 1411
is_linear=0
shrinkage=0.03


Tree=185
num_leaves=8
num_cat=0
split_feature=2 21 18 4 17 6 4
split_gain=2.59332 3.868 4.24954 3.4473 5.8087 3.38718 3.15895
threshold=0.051032832670821766 0.63575000000000015 0.64393195805166104 -0.012423423904370899 0.15177522206890451 0.057305815443651854 -0.34545437731407996
decision_type=10 2 10 8 10 8 8
left_child=6 2 -2 5 -5 -3 -1
right_child=1 3 -4 4 -6 -7 -8
leaf_value=0.0080301237805627656 -0.0057327267048000782 0.018539409212673916 0.015163474827563986 -0.014421924528421521 0.0025624749335969922 -0.00334613272251004 -0.0079450261426698716
leaf_weight=6.1974874809384346 5.9849929083138731 5.810257121920583 24.53409874998033 22.222974790260196 37.702923865988851 6.2845651693642148 47.665389924310148
leaf_count=129 79 68 272 365 345 106 1455
internal_value=-6.46124e-05 0.00260208 0.0103366 -0.00119375 -0.00447194 0.00961621 -0.00506371
internal_weight=156.403 102.54 30.5191 72.0207 59.9259 12.0948 53.8629
internal_count=2819 1235 351 884 710 174 1584
is_linear=0
shrinkage=0.03


Tree=186
num_leaves=8
num_cat=0
split_feature=3 16 0 16 25 18 3
split_gain=2.55703 2.75669 2.1205 2.34766 3.50835 2.52749 2.35491
threshold=0.33433443384468842 0.24636888680455588 0.44151056853118315 -1.2453160064778206 30.500000000000004 0.92141701807170506 0.18493415582122316
decision_type=10 2 8 2 2 10 8
left_child=2 -2 3 4 5 6 -1
right_child=1 -3 -4 -5 -6 -7 -8
leaf_value=-0.014688160291583013 -0.011005392442783726 0.0045801448575325142 -0.0083554609150189602 0.0066839275097551644 0.0096699636120866107 0.0043806918699272179 0.0039496089949309443
leaf_weight=18.301526358351115 19.43532206770033 9.0110898446291667 5.18686419725418 89.386475849896669 8.5653165057301504 6.7831325307488433 2.7504469994455603
leaf_count=488 255 69 84 1522 211 156 53
internal_value=0.00127108 -0.00573508 0.00314324 0.00420078 -0.00166473 -0.0069513 -0.0113197
internal_weight=159.42 28.4464 130.974 125.787 36.4004 27.8351 21.052
internal_count=2838 324 2514 2430 908 697 541
is_linear=0
shrinkage=0.03


Tree=187
num_leaves=8
num_cat=0
split_feature=30 6 18 6 0 18 7
split_gain=2.38071 3.50917 3.86406 3.35442 3.01367 3.70805 2.86882
threshold=10.1906799100543 0.066269824278548564 0.65208747908116382 0.061083277684425945 0.14635404537030486 0.80052562100525149 inf
decision_type=10 10 10 10 8 8 8
left_child=4 2 -2 -4 6 -6 -1
right_child=1 -3 3 -5 5 -7 -8
leaf_value=-0.0036306557717728366 0.0092034447611697504 -0.0090210578886340317 -0.0097902063620188464 0.009087992445518344 0.0057367615267599039 -0.010475971937239524 0.012465749191011481
leaf_weight=7.3999856784939766 26.181370190344751 35.252920371480286 22.114012942649428 3.9814976528286925 19.174738522619009 15.456801269203423 33.996250885538757
leaf_count=152 446 714 436 65 157 207 701
internal_value=0.000590061 -0.00258072 0.00213435 -0.00501341 0.0043172 -0.00175546 0.0091627
internal_weight=163.558 87.5298 52.2769 26.0955 76.0278 34.6315 41.3962
internal_count=2878 1661 947 501 1217 364 853
is_linear=0
shrinkage=0.03


Tree=188
num_leaves=8
num_cat=0
split_feature=30 27 7 6 18 3 3
split_gain=2.77689 3.31439 3.41903 4.01761 4.84703 3.26088 2.78021
threshold=11.951378335098926 0.42240000000000005 0.35777235299619309 0.046650734569235998 0.63610170895159723 -0.53614634806867123 0.42772917347433087
decision_type=8 2 8 10 10 10 10
left_child=1 5 -3 -4 -5 -1 -6
right_child=-2 2 3 4 6 -7 -8
leaf_value=0.0046715827474270019 0.0064962385098869856 -0.0087508303951920087 -0.0044941913727511596 -0.0040961516036169448 0.019066941315400748 -0.011216227420113261 -0.0012106737524267561
leaf_weight=9.0955353006720525 40.140203663147986 12.170103102922438 18.366997919976711 10.487898455932735 23.52881999779493 37.455615106038749 4.7485986389219752
leaf_count=160 683 227 305 164 435 758 57
internal_value=0.000321622 -0.00197803 0.002005 0.00531988 0.0102639 -0.00760712 0.0157322
internal_weight=155.994 115.854 69.3024 57.1323 38.7653 46.5512 28.2774
internal_count=2789 2106 1188 961 656 918 492
is_linear=0
shrinkage=0.03


Tree=189
num_leaves=8
num_cat=0
split_feature=30 3 3 18 1 0 2
split_gain=2.46945 2.46855 2.41611 2.05334 2.01435 2.19406 1.27519
threshold=11.951378335098926 0.58983932791917493 -0.81575266317193784 0.54484786810660368 0.72336505465846079 -0.22958589145399175 0.24048475746439688
decision_type=8 10 8 8 8 10 8
left_child=1 2 -1 -4 5 -2 -6
right_child=4 -3 3 -5 6 -7 -8
leaf_value=0.0079751945078992276 -0.0039098915030474522 0.0096843439873470147 0.0044456424588001954 -0.0063909128948994821 -0.0071317330328566813 0.012630226896193201 0.0054160536556251415
leaf_weight=6.7988732689991593 3.6565353367477682 6.0871898150071493 11.068327400833367 94.418405836448073 9.7078563161194307 24.295315090566874 3.8908253461122504
leaf_count=122 87 68 195 1764 198 389 17
internal_value=6.42872e-07 -0.00213912 -0.00350626 -0.00488847 0.00576048 0.00966074 -0.0021708
internal_weight=159.923 118.373 112.286 105.487 41.5505 27.9519 13.5987
internal_count=2840 2149 2081 1959 691 476 215
is_linear=0
shrinkage=0.03


Tree=190
num_leaves=8
num_cat=0
split_feature=2 1 30 1 18 22 1
split_gain=2.88904 3.6797 3.84663 2.80284 3.17654 2.52629 3.39366
threshold=0.10025519697754799 0.22248920455378104 12.254596493540776 -10.577012419508245 0.58544815853788246 96.500000000000014 0.85913981076322277
decision_type=8 8 10 8 8 2 8
left_child=3 -2 -3 -1 5 -5 -7
right_child=1 2 -4 4 -6 6 -8
leaf_value=0.010559229553842395 0.0084436533702530216 -0.0070918986824834752 0.010978758935485099 -0.0079424812141154766 -0.009362024467683484 0.016015768336935465 -0.006528248421246865
leaf_weight=2.6233668867498636 52.331322425976396 33.995062014088035 6.052175259217619 3.3601673217490307 50.374244285747409 9.5892964936792833 2.6866727545857421
leaf_count=68 500 355 49 94 1486 234 65
internal_value=0.000226338 0.00364488 -0.00267548 -0.00407932 -0.00594225 0.0038802 0.00971302
internal_weight=161.012 92.3786 40.0472 68.6337 66.0104 15.6361 12.276
internal_count=2851 904 404 1947 1879 393 299
is_linear=0
shrinkage=0.03


Tree=191
num_leaves=8
num_cat=0
split_feature=22 1 25 25 4 25 29
split_gain=2.61534 3.35522 4.72977 2.97103 2.9929 2.39982 1.91252
threshold=212.50000000000003 0.049970971763623979 5.5000000000000009 3.5000000000000004 0.30710162705722266 34.500000000000007 27.000000000000004
decision_type=2 8 2 2 10 2 2
left_child=3 2 -2 -1 5 -5 -3
right_child=1 6 -4 4 -6 -7 -8
leaf_value=0.007687545711865377 -0.0073324516201871727 -0.0076917726900636949 0.012136234698386466 -0.011277795806754949 0.0051592087059711238 0.0033018856150927437 0.0033299377882460967
leaf_weight=7.3895590119063845 8.0293523576110584 24.380444989539683 36.619955211877823 53.646330501884222 9.1362318340688926 6.6833103159442535 16.72971129976213
leaf_count=160 126 388 594 1128 58 136 276
internal_value=-0.000807465 0.00258394 0.00776808 -0.00465539 -0.00682033 -0.00924565 -0.00308927
internal_weight=162.615 85.7595 44.6493 76.8554 69.4659 60.3296 41.1102
internal_count=2866 1384 720 1482 1322 1264 664
is_linear=0
shrinkage=0.03


Tree=192
num_leaves=8
num_cat=0
split_feature=2 18 16 1 0 1 18
split_gain=4.07425 3.55297 3.06275 2.68502 2.55092 4.24101 3.14906
threshold=0.051032832670821766 0.61845663725261657 -0.67729002088516055 0.61048637519437998 0.053705612819939304 0.22248920455378104 0.54484786810660368
decision_type=8 8 2 8 8 8 8
left_child=1 3 -3 -1 5 -2 -6
right_child=4 2 -4 -5 6 -7 -8
leaf_value=0.010179470428607186 0.016278773054330953 -0.014726178178286435 0.0030254365904167427 -0.0076291826085272884 0.011230378756532228 -0.0030489508457580924 -0.0025759647290019253
leaf_weight=11.401299115270374 19.435245137661695 28.117515829391774 6.7069296333938864 4.4701144248247138 10.580864107236264 11.018772935494782 65.96894234791398
leaf_count=319 272 931 188 123 90 193 687
internal_value=4.06377e-05 -0.00630402 -0.0110306 0.00365953 0.00340644 0.00971615 3.70049e-05
internal_weight=157.7 50.6959 34.8244 15.8714 107.004 30.454 76.5498
internal_count=2803 1561 1119 442 1242 465 777
is_linear=0
shrinkage=0.03


Tree=193
num_leaves=8
num_cat=0
split_feature=4 2 17 16 1 4 20
split_gain=2.10902 1.87403 2.49276 2.98605 2.63943 2.27355 2.19948
threshold=-0.22291260397017207 0.12095862311524731 0.10959723962624247 -0.21201285889609758 -6.9671685148573284 0.014807623601174937 6.5000000000000009
decision_type=8 8 10 2 8 10 2
left_child=-1 2 4 5 -2 -4 -3
right_child=1 6 3 -5 -6 -7 -8
leaf_value=0.0088879070688274112 0.0061544080495225233 0.0086624302000863317 -0.0013224006959395966 -0.0084717364083139769 -0.011156621042103826 0.016025322973224482 -0.0012033480679743151
leaf_weight=13.182321115396915 3.0726215802133083 20.039656307548285 7.780864283442499 6.1247217617928973 37.892735837958753 7.048347182571888 62.428857062011957
leaf_count=295 84 171 198 134 1187 170 568
internal_value=0 -0.00121464 -0.00490905 0.00243922 -0.00875849 0.00899225 0.00158222
internal_weight=157.57 144.388 61.9193 20.9539 40.9654 14.8292 82.4685
internal_count=2807 2512 1773 502 1271 368 739
is_linear=0
shrinkage=0.03


Tree=194
num_leaves=8
num_cat=0
split_feature=6 6 4 6 22 22 16
split_gain=2.42493 3.69445 5.26517 2.52718 2.01495 2.46614 2.00574
threshold=0.056104277765816765 0.047747460872056259 0.27590573644831889 0.080031832214799745 143.50000000000003 299.50000000000006 -0.39657576485266982
decision_type=8 10 8 10 2 2 2
left_child=1 4 -3 -2 6 -6 -1
right_child=3 2 -4 -5 5 -7 -8
leaf_value=-0.012422305746693705 -0.0066069195341237532 0.021335630230146646 -0.0037279618966995129 0.0026882527293549184 0.0092757895914431249 -0.0038739562292263822 0.0034796552010235371
leaf_weight=10.507587768137453 48.727434768341482 13.04431638214737 7.1615235302597311 40.072121581062675 20.787583424709737 15.064050350338219 5.1444624308496705
leaf_count=285 865 228 90 766 336 241 58
internal_value=0.000744282 0.00465417 0.0133828 -0.00238187 0 0.00370975 -0.00715239
internal_weight=160.509 71.7095 20.2058 88.7996 51.5037 35.8516 15.6521
internal_count=2869 1238 318 1631 920 577 343
is_linear=0
shrinkage=0.03


Tree=195
num_leaves=8
num_cat=0
split_feature=2 3 3 5 3 6 21
split_gain=2.81416 2.10524 3.92304 2.80911 2.00273 3.07638 2.42547
threshold=0.26392974877385356 0.33433443384468842 0.23636605156723639 1.0000000180025095e-35 -0.082815736074856552 0.087853757904858429 0.74035000000000006
decision_type=8 10 10 10 10 10 2
left_child=1 2 3 4 -1 6 -6
right_child=-2 -3 -4 -5 5 -7 -8
leaf_value=-0.001145639235459061 0.0075702081198281449 -0.009187207375773462 0.01412247829423645 -0.0073611305148346623 0.020183493088233175 -0.0058434013373868136 0
leaf_weight=41.985957901924849 41.363033749163151 14.656603146344422 9.1152676781639439 34.928818193264306 8.4042544858530182 3.5547920260578385 5.9632719699293366
leaf_count=959 210 255 166 834 172 96 133
internal_value=0.00151042 -0.000829169 0.000787573 -0.00134717 0.00239242 0.00905518 0.0141835
internal_weight=159.972 118.609 103.952 94.8371 59.9083 17.9223 14.3675
internal_count=2825 2615 2360 2194 1360 401 305
is_linear=0
shrinkage=0.03


Tree=196
num_leaves=8
num_cat=0
split_feature=21 21 2 30 22 22 26
split_gain=2.24575 2.9977 2.62309 2.92427 2.14567 2.13891 1.9499
threshold=0.85325000000000017 0.76805000000000012 0.33211559179233546 10.82656194483952 54.500000000000007 281.50000000000006 1.5000000000000002
decision_type=2 2 8 10 2 2 2
left_child=1 2 3 6 -3 -6 -1
right_child=-2 4 -4 -5 5 -7 -8
leaf_value=-0.0043721436294918642 -0.0090812397057258628 -0.0020924088938259746 0.0088522817655116368 -0.0082571799536527296 0.016895863981309663 -0.00057217566877892966 0.00484549860792707
leaf_weight=24.498501198366284 10.087131084874271 6.750446209684017 15.699705399572847 35.904823844321072 16.987202452495698 5.614520836621522 46.416802833788097
leaf_count=448 231 114 79 762 304 88 859
internal_value=0.000842131 0.0020165 -0.000123699 -0.00209843 0.00946468 0.0130512 0.00135067
internal_weight=161.959 151.872 122.52 106.82 29.3522 22.6017 70.9153
internal_count=2885 2654 2148 2069 506 392 1307
is_linear=0
shrinkage=0.03


Tree=197
num_leaves=8
num_cat=0
split_feature=22 2 30 4 18 18 4
split_gain=2.00191 3.14589 3.68484 3.56116 2.96794 2.11528 2.08904
threshold=238.50000000000003 -0.060299891811462662 8.9747889095080371 0.27590573644831889 0.76549101973456668 0.51304006919499978 -0.066333398519908368
decision_type=2 10 10 8 10 10 8
left_child=6 2 -2 5 -5 -3 -1
right_child=1 3 -4 4 -6 -7 -8
leaf_value=0.0052582273965493731 0.0090961580876503245 -0.0029341482829247762 -0.014070875318950739 -0.012399432578611279 0.0046888032419761484 0.013488646018293797 -0.0046247014055194784
leaf_weight=17.46454516146332 2.2438643220812073 3.6866598650813094 8.9068844793364388 6.6954300105571773 15.565947055816649 37.995592063292861 66.31965359672904
leaf_count=432 53 54 236 68 186 598 1203
internal_value=0.000868214 0.00426857 -0.00677336 0.00694167 -0.0018743 0.0114956 -0.00212246
internal_weight=158.879 75.0944 11.1507 63.9436 22.2614 41.6823 83.7842
internal_count=2830 1195 289 906 254 652 1635
is_linear=0
shrinkage=0.03


Tree=198
num_leaves=8
num_cat=0
split_feature=21 5 5 18 18 25 5
split_gain=2.79229 2.47153 2.97923 6.42248 3.76761 2.95505 3.1435
threshold=0.84100000000000008 1.0000000180025095e-35 -0.12153552059407646 0.83520410871480544 0.7875059397929004 24.500000000000004 0.16201966518367525
decision_type=2 10 8 8 10 2 10
left_child=1 2 4 -4 -1 6 -3
right_child=-2 5 3 -5 -6 -7 -8
leaf_value=-0.0082699679220300092 -0.0092816719189376586 -0.0047012852390364047 0.021000010068311533 -0.0017709499368234189 0.0087910153062837892 -0.0074159253934504652 0.0084558344793959628
leaf_weight=17.05043540708721 12.33749172836542 19.493306631222367 18.081220239400864 15.525074341334401 13.708012198098002 30.225667187012732 31.775449744425714
leaf_count=415 268 409 335 285 281 462 373
internal_value=0.00108034 0.00249134 0.00656001 0.0118022 -3.43365e-05 -0.000853662 0.00324084
internal_weight=158.197 145.859 64.3647 33.6063 30.7584 81.4944 51.2688
internal_count=2828 2560 1316 620 696 1244 782
is_linear=0
shrinkage=0.03


Tree=199
num_leaves=8
num_cat=0
split_feature=1 16 21 25 30 30 4
split_gain=2.91967 4.08119 2.19571 2.36246 3.24169 4.44902 3.46827
threshold=0.8868002640992606 0.24636888680455588 0.85325000000000017 33.500000000000007 11.951378335098926 10.82656194483952 0.094181235280523426
decision_type=8 2 2 2 8 10 10
left_child=2 -2 3 4 5 6 -1
right_child=1 -3 -4 -5 -6 -7 -8
leaf_value=0.011143872504979576 -0.013178761257311284 0.0085304971196343161 -0.0083255283848452689 -0.0049379155454479786 0.013149073087840272 -0.0078419116792328956 -0.001339126935165045
leaf_weight=36.116501373238862 18.900293908081952 3.8024969808757296 7.450240731239318 17.155441453680396 25.879814087413251 22.542181061580777 30.405048770830035
leaf_count=791 402 31 182 296 406 445 300
internal_value=0.000555061 -0.00777882 0.00236078 0.00351154 0.00513389 0.00175854 0.00570572
internal_weight=162.252 22.7028 139.549 132.099 114.944 89.0637 66.5216
internal_count=2853 433 2420 2238 1942 1536 1091
is_linear=0
shrinkage=0.03


Tree=200
num_leaves=8
num_cat=0
split_feature=17 18 25 4 26 27 17
split_gain=2.66699 3.21272 3.20129 4.58587 2.60288 2.25626 1.81894
threshold=-0.042663946313760907 0.87521673598542249 10.500000000000002 0.074296922397296197 2.5000000000000004 0.65790000000000015 -0.41774042988745524
decision_type=10 10 2 10 2 2 8
left_child=6 2 4 -4 -2 -3 -1
right_child=1 5 3 -5 -6 -7 -8
leaf_value=0.0035446197579219619 0.019573434993790682 -0.0078358771153192591 -0.0069532756619583563 0.0079652971319648068 0 0.0064412601156456301 -0.0075643250475287025
leaf_weight=11.116210852749644 14.322028375230731 25.463234989903871 23.383122123777866 36.582818205468357 6.7960742805153123 6.1849746080115429 37.552438225597143
leaf_count=232 212 405 488 349 95 89 947
internal_value=0.000675644 0.00324079 0.00630992 0.00179354 0.0146031 -0.00393069 -0.00462008
internal_weight=161.401 112.732 81.084 59.9659 21.1181 31.6482 48.6686
internal_count=2817 1638 1144 837 307 494 1179
is_linear=0
shrinkage=0.03


Tree=201
num_leaves=8
num_cat=0
split_feature=27 30 27 4 16 26 21
split_gain=2.8687 2.81897 6.18827 3.27531 2.93919 2.12432 3.13509
threshold=0.71520000000000017 10.768579810257661 0.58900000000000008 0.17286388292331559 -1.1418574493586764 1.5000000000000002 0.47645000000000004
decision_type=2 10 2 10 2 2 2
left_child=1 5 3 -3 -4 -1 -7
right_child=-2 2 4 -5 -6 6 -8
leaf_value=0 -0.0068660920061765496 -0.012993793708173116 -0.0036455937303487471 0.0037642902281633472 0.016549128866690421 -0.0055920808416352616 0.011778476527796861
leaf_weight=29.671499629504979 21.590802360326052 26.751758422702551 4.6546437609940758 9.0796613590791804 10.59343448653817 4.9484037486836305 51.5864626057446
leaf_count=500 429 674 95 83 120 85 858
internal_value=0.00158932 0.00332719 -0.00187363 -0.00849309 0.0106061 0.00646545 0.00952089
internal_weight=158.877 137.286 51.0795 35.8314 15.2481 86.2064 56.5349
internal_count=2844 2415 972 757 215 1443 943
is_linear=0
shrinkage=0.03


Tree=202
num_leaves=8
num_cat=0
split_feature=6 1 27 3 1 2 26
split_gain=3.28642 3.13656 2.5083 3.97 3.06635 3.21704 3.99777
threshold=0.096694690662783869 -1.219129986944413 0.71520000000000017 0.10578348132296272 0.8868002640992606 0.006654564552746268 2.5000000000000004
decision_type=8 10 2 10 10 10 2
left_child=1 -1 3 4 5 -3 -7
right_child=-2 2 -4 -5 -6 6 -8
leaf_value=-0.0055045967872834108 -0.0093733467534853308 0 -0.0051421861552239162 -0.0012473652317374305 -0.0016372320702878762 0.025176025710648694 4.6263995161893762e-05
leaf_weight=37.516000934876502 25.46007115021348 12.084848429076372 15.015771681442855 35.862521084025502 10.113617859780787 17.169382300227884 8.9688667720183712
leaf_count=709 464 370 270 455 208 247 131
internal_value=-0.000885125 0.00102253 0.00385711 0.00593162 0.010945 0.0143058 0.0190241
internal_weight=162.191 136.731 99.215 84.1992 48.3367 38.2231 26.1382
internal_count=2854 2390 1681 1411 956 748 378
is_linear=0
shrinkage=0.03


Tree=203
num_leaves=8
num_cat=0
split_feature=18 5 29 5 6 28 5
split_gain=2.76046 2.86133 2.73988 1.96391 1.89706 1.89217 1.8905
threshold=0.55743386058810096 -0.38529363583507981 8.5000000000000018 -0.13522359635874662 0.047747460872056259 -1.4999999999999998 0.1767271155417818
decision_type=8 8 2 10 10 2 10
left_child=2 -2 -1 -4 -5 6 -3
right_child=1 5 3 4 -6 -7 -8
leaf_value=-0.0037752723894909643 0.0092864180770340851 0.010805263351835164 -0.00081645491896273792 0 0.022027601240310668 -0.0041687828950142565 -0.0038721354119729285
leaf_weight=6.2773248367011574 13.446559466421602 9.9253784986212867 4.3947223611176076 5.7412624992430166 9.1620806381106359 101.06412952952087 6.5759789366275063
leaf_count=98 240 228 103 88 134 1839 87
internal_value=0.00107607 -0.000742775 0.00879699 0.0133439 0.0170011 -0.0025279 0.00498945
internal_weight=156.587 131.012 25.5754 19.2981 14.9033 117.565 16.5014
internal_count=2817 2394 423 325 222 2154 315
is_linear=0
shrinkage=0.03


Tree=204
num_leaves=8
num_cat=0
split_feature=22 27 27 1 1 21 4
split_gain=2.81832 3.06513 3.95238 5.12144 4.84027 3.96115 3.68128
threshold=40.500000000000007 0.71520000000000017 0.65790000000000015 0.049970971763623979 -0.14009640959949773 0.47645000000000004 -0.12263693616826953
decision_type=2 2 2 8 8 2 10
left_child=-1 2 3 4 5 -2 -7
right_child=1 -3 -4 -5 -6 6 -8
leaf_value=-0.0086554998086903617 -0.012007184804716206 -0.0056900645522624874 0.017146658758290727 -0.0039600410858162561 0.023850631943479958 0.014989896701729975 0
leaf_weight=12.05706599075347 4.9327939916402093 20.791399452835321 13.289646927267311 51.787240660749376 6.3669672403484574 16.946190094575279 32.211015459150083
leaf_count=247 101 390 164 927 94 343 552
internal_value=0.00186433 0.00323211 0.00507452 0.00247475 0.00802452 0.00308702 0.0063327
internal_weight=158.382 146.325 125.534 112.244 60.457 54.09 49.1572
internal_count=2818 2571 2181 2017 1090 996 895
is_linear=0
shrinkage=0.03


Tree=205
num_leaves=8
num_cat=0
split_feature=21 21 1 1 1 29 25
split_gain=2.41063 3.0136 2.13802 4.65813 3.37257 3.34061 3.27179
threshold=0.85325000000000017 0.76805000000000012 0.049970971763623979 -0.14009640959949773 0.45738864630883097 29.500000000000004 30.500000000000004
decision_type=2 2 8 8 10 2 2
left_child=1 2 3 5 -4 -1 -7
right_child=-2 -3 4 -5 -6 6 -8
leaf_value=0.0056438522180192229 -0.0076983301951284739 0.011493847836562961 -0.011786467900054321 0.020088016203423858 0.0020401956810725038 -0.013005662969329332 0.0067260389960965752
leaf_weight=40.159712783060968 9.4892317336052638 29.591889267787337 15.345760078169404 6.7088463753461829 40.370755151845515 15.100800568237903 4.2019831426441661
leaf_count=656 223 504 282 100 710 296 90
internal_value=0.00286956 0.00397859 0.00144301 0.00490631 -0.00253432 0.000792086 -0.0074487
internal_weight=160.969 151.48 121.888 66.1713 55.7165 59.4625 19.3028
internal_count=2861 2638 2134 1142 992 1042 386
is_linear=0
shrinkage=0.03


Tree=206
num_leaves=8
num_cat=0
split_feature=1 1 30 3 2 0 1
split_gain=2.58103 3.88644 4.56003 3.43399 2.99018 5.19622 3.15652
threshold=-1.6417636932737176 0.22248920455378104 10.82656194483952 0.22214969482535352 0.082610328435517147 -0.053436397809689666 0.85913981076322277
decision_type=10 10 8 8 10 8 8
left_child=-1 2 3 -2 5 -3 -7
right_child=1 4 -4 -5 -6 6 -8
leaf_value=-0.0070184037856864754 0.017801808054600365 -0.0092871524930499758 -0.003302775692729827 0 -0.0081235283202838685 0.019235908973463507 -0.0013600213268870939
leaf_weight=35.240604367107153 22.919266362674534 9.459859495982526 21.483737747184932 15.524878577329217 38.920494240708649 9.3161980351433176 7.2749099694192436
leaf_count=687 413 299 399 176 451 226 170
internal_value=-0.000616709 0.00139043 0.00656255 0.0120178 -0.0033711 0.00352901 0.0120905
internal_weight=160.14 124.899 59.9279 38.4441 64.9715 26.051 16.5911
internal_count=2821 2134 988 589 1146 695 396
is_linear=0
shrinkage=0.03


Tree=207
num_leaves=8
num_cat=0
split_feature=2 30 1 22 4 1 16
split_gain=2.82667 4.67685 4.60575 3.43866 4.28652 3.1737 2.5631
threshold=0.10025519697754799 11.279188329632326 0.22248920455378104 238.50000000000003 -0.031670119541428059 -1.1100673658308329 -1.7840054557967366
decision_type=8 8 10 2 10 10 2
left_child=3 2 5 6 -5 -2 -1
right_child=1 -3 -4 4 -6 -7 -8
leaf_value=0.0036102736332649867 -0.0044347787598445626 0.01196307825509158 -0.010050265920945718 -0.0042875812192230472 0.01430931857913661 0.010454495986578324 -0.012161029249230595
leaf_weight=6.4341645697131744 13.737655501812695 32.93318397551775 22.257281012833118 20.467465910129253 10.212963178753851 24.651679622009397 30.986023100093007
leaf_count=176 132 309 252 537 260 210 981
internal_value=0.000778569 0.00409086 -0.000861493 -0.00352744 0.00319434 0.00495707 -0.00896075
internal_weight=161.68 93.5798 60.6466 68.1006 30.6804 38.3893 37.4202
internal_count=2857 903 594 1954 797 342 1157
is_linear=0
shrinkage=0.03


Tree=208
num_leaves=8
num_cat=0
split_feature=2 4 3 3 25 2 20
split_gain=2.52782 3.62882 2.81208 2.85346 2.65209 2.5964 2.51516
threshold=0.26392974877385356 -0.12263693616826953 -0.26986194174730138 -0.056486903377808505 18.500000000000004 -0.17626064340892197 6.5000000000000009
decision_type=8 8 8 10 2 10 2
left_child=1 2 5 -4 -5 -1 -3
right_child=-2 6 3 4 -6 -7 -8
leaf_value=-0.0013362274294339432 0.0065824263793962494 0.0031479419178522092 -0.011069985937192906 0.015693862787431075 -0.0052126535600653823 0.02102313091196573 -0.0069910369755006819
leaf_weight=3.8251526281237602 39.08351494371891 22.852908512577415 6.393335179425776 3.9008452882990259 3.2174051469191909 6.6356281852349621 70.867260380648077
leaf_count=90 195 491 166 80 77 134 1552
internal_value=0.000616184 -0.00153861 0.00722028 -0.00144277 0.00749411 0.0149986 -0.00431813
internal_weight=156.776 117.693 23.9724 13.5116 7.11825 10.4608 93.7202
internal_count=2785 2590 547 323 157 224 2043
is_linear=0
shrinkage=0.03


Tree=209
num_leaves=8
num_cat=0
split_feature=18 28 22 6 2 6 4
split_gain=2.77545 3.82058 2.93433 2.91918 2.45445 3.84718 4.62878
threshold=0.55743386058810096 -1.0000000180025095e-35 257.50000000000006 0.060035806120608846 -0.016358495129792702 0.068540063138674681 0.1231859328481812
decision_type=8 2 2 8 8 10 8
left_child=1 -1 3 -2 -4 6 -6
right_child=2 -3 4 -5 5 -7 -8
leaf_value=-0.0047586479278385989 0.00082083656311397854 0.014369351079673277 -0.0061766947244621638 -0.0098832758579829663 0.010916960756777045 0.014720757393864359 -0.0086757417127856212
leaf_weight=8.416252866387369 36.25865189358592 17.596797725185752 10.889223483391104 41.423416507430375 10.072281017899515 18.053926000371575 18.890121448785067
leaf_count=156 711 263 313 816 172 238 186
internal_value=0.000314959 0.00807602 -0.00143656 -0.00510184 0.00327534 0.00631696 -0.000568074
internal_weight=161.601 26.0131 135.588 77.6821 57.9056 47.0163 28.9624
internal_count=2855 419 2436 1527 909 596 358
is_linear=0
shrinkage=0.03


Tree=210
num_leaves=8
num_cat=0
split_feature=28 3 2 2 25 3 27
split_gain=2.406 3.22244 3.12401 2.46568 2.27543 2.74724 2.21067
threshold=2.5000000000000004 -0.26986194174730138 0.051032832670821766 -0.28366565734840871 2.5000000000000004 -0.81575266317193784 0.71520000000000017
decision_type=2 8 10 8 2 8 2
left_child=2 -2 3 -1 -5 -6 -4
right_child=1 -3 6 4 5 -7 -8
leaf_value=0.0091730168433625057 0.0072190912172596022 -0.010259675697977626 0.0075381218238918949 0.0061633517557853311 0.0069704528900476712 -0.010712475763629735 -0.0040885136380689998
leaf_weight=3.7167552337050438 5.3711555479094386 29.314583508297801 66.054599538445473 4.685866209678351 2.7105167554691434 39.63454622682184 11.13353296741843
leaf_count=88 92 357 770 138 61 1247 147
internal_value=-6.60196e-05 -0.00635594 0.00180264 -0.00348884 -0.0059501 -0.00835488 0.00545856
internal_weight=162.622 34.6857 127.936 50.7477 47.0309 42.3451 77.1881
internal_count=2900 449 2451 1534 1446 1308 917
is_linear=0
shrinkage=0.03


Tree=211
num_leaves=8
num_cat=0
split_feature=27 27 0 16 3 26 2
split_gain=2.26712 3.1352 3.33381 3.03982 2.90516 2.11017 1.71262
threshold=0.58900000000000008 0.71520000000000017 0.13533386446392284 0.45294816116875875 -0.53614634806867123 3.5000000000000004 0.012591624500559397
decision_type=2 2 8 2 8 2 10
left_child=3 2 6 4 -1 -3 -2
right_child=1 5 -4 -5 -6 -7 -8
leaf_value=0.0059533940474101521 0 -0.0085899597742995146 -0.0029261248792134854 0.0086028318072448404 -0.0074613432830329066 0.0067421694828374654 0.018843411512507222
leaf_weight=9.6550876572728139 6.4275096263736513 17.687905007041994 9.8708411194384116 7.3371436502784482 90.634755995124578 3.8541863271966568 12.430487278848885
leaf_count=189 160 348 87 52 1795 69 151
internal_value=-0.00162878 0.00315227 0.00883286 -0.00405526 -0.00568696 -0.00425614 0.0145846
internal_weight=157.898 50.2709 28.7288 107.627 100.29 21.5421 18.858
internal_count=2851 815 398 2036 1984 417 311
is_linear=0
shrinkage=0.03


Tree=212
num_leaves=8
num_cat=0
split_feature=17 5 17 16 1 18 5
split_gain=2.97274 4.60371 5.26048 3.50458 2.89954 4.20125 3.34785
threshold=0.10959723962624247 1.0000000180025095e-35 0.29719014469083438 -0.39657576485266982 -0.70071747366740322 0.57710702385588897 -0.070917792533194926
decision_type=10 10 8 2 8 8 10
left_child=4 2 -2 -3 -1 6 -6
right_child=1 3 -4 -5 5 -7 -8
leaf_value=0.0017474410055618192 0.021943730808532978 -0.0097280588801593182 -0.0044427800061470806 0.0040819560693915761 -0.0071965383692509507 -0.01337536862471864 0.014894610813404182
leaf_weight=39.134709710255265 12.990127443335949 16.315423804335296 5.4289676081389215 43.323346214368939 4.1709725353866816 30.970001643523574 4.8001095671206695
leaf_count=862 181 283 73 424 110 807 79
internal_value=0.000139816 0.00417042 0.0146084 -0.000178037 -0.00368425 -0.00872267 0.00518905
internal_weight=157.134 78.0579 18.4191 59.6388 79.0758 39.9411 8.97108
internal_count=2819 961 254 707 1858 996 189
is_linear=0
shrinkage=0.03


Tree=213
num_leaves=8
num_cat=0
split_feature=5 5 30 29 6 30 22
split_gain=2.35623 4.05317 2.63391 3.07647 2.43306 2.3668 2.64768
threshold=-0.30991265230219295 -0.13522359635874662 11.951378335098926 10.500000000000002 0.042928030333116964 10.768579810257661 54.500000000000007
decision_type=8 8 10 2 10 10 2
left_child=-1 -2 5 4 -4 6 -3
right_child=1 2 3 -5 -6 -7 -8
leaf_value=0.0077143057830350954 -0.013859765647944392 -0.010395744244657579 0.0088582825383241651 0.015493757998101374 -0.0088268354589618857 -0.0088390341551966064 0.0030473173597664496
leaf_weight=19.900368387810886 13.39973064791411 7.7811413928866378 3.5305277090519693 11.403357881121336 9.2563894065096957 24.247201900929213 68.796428371220827
leaf_count=350 387 145 55 188 168 459 1075
internal_value=-0.000186265 -0.00178405 0.00015325 0.00778037 -0.00169235 -0.00197628 0.000649893
internal_weight=158.315 138.415 125.015 24.1903 12.7869 100.825 76.5776
internal_count=2827 2477 2090 411 223 1679 1220
is_linear=0
shrinkage=0.03


Tree=214
num_leaves=8
num_cat=0
split_feature=5 18 16 5 5 4 6
split_gain=2.80357 3.01843 2.06752 1.35678 3.81461 2.13056 2.31598
threshold=-0.30991265230219295 0.7875059397929004 0.45294816116875875 -1.0000000180025095e-35 -0.12153552059407646 -0.20611811202792948 0.041767449754145938
decision_type=8 10 2 8 10 10 8
left_child=1 -1 3 4 -2 -6 -7
right_child=2 -3 -4 -5 5 6 -8
leaf_value=-0.0037989482160578785 -0.0089971417119247433 0.013872473849958471 0.0060742777141743788 -0.0064500283802563568 -0.004686920929323604 -0.0027266627482091851 0.015456426598462421
leaf_weight=8.8794021178036946 14.996904794126747 11.718451634049414 10.408554529771207 90.752507546916604 4.1275439942255643 4.1493839574977782 13.836387547664343
leaf_count=185 430 180 80 1493 108 79 281
internal_value=-0.00173837 0.0067984 -0.00341489 -0.00460994 0 0.00722419 0.0111363
internal_weight=158.869 20.5979 138.271 127.863 37.1102 22.1133 17.9858
internal_count=2836 365 2471 2391 898 468 360
is_linear=0
shrinkage=0.03


Tree=215
num_leaves=8
num_cat=0
split_feature=29 1 1 7 1 27 3
split_gain=2.49379 2.58169 2.96013 2.3468 2.26081 2.26825 2.18254
threshold=30.500000000000004 0.95803377119004363 -6.9671685148573284 0.016188784901416637 0.90894899748892743 0.71520000000000017 0.33433443384468842
decision_type=2 10 8 8 8 2 10
left_child=3 2 -2 -1 5 6 -5
right_child=1 -3 -4 4 -6 -7 -8
leaf_value=-0.0085326623426776275 0.0073838468766984945 0.0084385720889392467 -0.0093816600980942532 0.010041982928423544 -0.0053564818533964591 -0.0039972633905146033 -0.00079800814992259767
leaf_weight=6.193495400249958 4.3068036623299122 4.169329371303319 45.144133918918669 64.359411261044443 10.925222892314194 10.817746069282292 17.075079609639943
leaf_count=193 83 72 864 1084 204 195 173
internal_value=0.000344489 -0.00446309 -0.00683555 0.00297281 0.00436266 0.00599889 0.00773328
internal_weight=162.991 53.6203 49.4509 109.371 103.177 92.2522 81.4345
internal_count=2868 1019 947 1849 1656 1452 1257
is_linear=0
shrinkage=0.03


Tree=216
num_leaves=8
num_cat=0
split_feature=27 27 17 2 6 27 27
split_gain=2.63171 2.65175 2.33618 2.21484 1.99893 1.98075 2.99667
threshold=0.71520000000000017 0.58900000000000008 0.24258145553960583 0.012591624500559397 0.1063127971192401 0.21170000000000003 0.14570000000000002
decision_type=2 2 8 10 10 2 2
left_child=1 4 3 -3 5 6 -1
right_child=-2 2 -4 -5 -6 -7 -8
leaf_value=-0.002275868464892002 -0.006289806768180398 0 -0.0023157197225573988 0.018387055280881488 -0.0082335556797599688 0 0.01612373101601822
leaf_weight=8.4525202540680784 22.103490189649165 6.8605874255299595 5.931042296811941 15.696274159476159 10.143811870366333 81.650560332462192 11.443772310391067
leaf_count=125 440 173 52 177 208 1531 193
internal_value=0.00174303 0.00338208 0.0104573 0.0140337 0.00087382 0.00245535 0.00935832
internal_weight=162.282 140.179 28.4879 22.5569 111.691 101.547 19.8963
internal_count=2899 2459 402 350 2057 1849 318
is_linear=0
shrinkage=0.03


Tree=217
num_leaves=8
num_cat=0
split_feature=5 17 17 16 2 4 28
split_gain=3.03183 3.36397 2.91979 2.48227 2.4736 2.35683 2.28184
threshold=-0.019168490549296074 0.10959723962624247 0.31857034228637143 0.45294816116875875 0.11331514022884982 -0.082124389746455292 2.5000000000000004
decision_type=10 10 8 2 8 8 2
left_child=1 4 -3 -2 5 -1 -6
right_child=3 2 -4 -5 6 -7 -8
leaf_value=0.0029745095194054364 -0.004544894361805267 0.01951012540629073 -0.0019532624504516182 0.0078147036265138262 0.015539109595150315 -0.0098268792961821814 -0.0018059579476731253
leaf_weight=18.6756880460307 79.638520502485335 12.52856672555208 4.4100485071539905 9.3215039372444135 7.4507827833294851 16.882685694843531 7.1802137158811092
leaf_count=459 1358 185 57 62 73 525 89
internal_value=0.000888754 0.00544111 0.0144866 -0.00255719 0.000558599 -0.0034476 0.00873477
internal_weight=156.088 67.128 16.9386 88.96 50.1894 35.5584 14.631
internal_count=2808 1388 242 1420 1146 984 162
is_linear=0
shrinkage=0.03


Tree=218
num_leaves=8
num_cat=0
split_feature=4 4 1 2 29 1 3
split_gain=2.81509 3.16593 3.99326 3.12256 2.32081 2.22841 3.0941
threshold=-0.090536385868056221 0.065854585077607011 -3.3830200013441067 -0.15733340370713453 18.500000000000004 -2.235303652665904 0.0860600061250619
decision_type=8 10 8 10 2 10 10
left_child=3 2 -2 -1 -5 -3 -7
right_child=1 5 -4 4 -6 6 -8
leaf_value=-0.0034456125107643122 0.008599328261474028 -0.0060427988417127128 -0.0083830518073838324 0 0.018094655379897472 0.013793247349135236 6.162612396424998e-05
leaf_weight=8.7387905344367045 7.9127379832789302 9.4172474127262813 53.614898112602532 6.8337900126352933 14.96523988060653 19.002828327007592 37.732928751036525
leaf_count=207 177 130 1215 160 324 242 400
internal_value=0.00141345 -0.000587084 -0.00524514 0.00855255 0.0134995 0.00364147 0.00602874
internal_weight=158.218 127.681 61.5276 30.5378 21.799 66.153 56.7358
internal_count=2855 2164 1392 691 484 772 642
is_linear=0
shrinkage=0.03


Tree=219
num_leaves=8
num_cat=0
split_feature=6 29 7 21 3 22 21
split_gain=2.25852 3.39516 3.24609 4.81472 5.0852 4.98265 4.06539
threshold=0.046650734569235998 9.5000000000000018 0.22420837354962356 0.73605000000000009 0.096291650363639666 136.50000000000003 0.79895000000000016
decision_type=10 2 10 2 8 2 2
left_child=1 -1 3 -2 5 6 -5
right_child=2 -3 -4 4 -6 -7 -8
leaf_value=0.0086964688133587455 -6.2347085833223495e-05 -0.0074299388109533631 -0.011259827039381862 0.020764204670496493 0.021231107005571848 -0.010544691520375873 -0.0055733402047027265
leaf_weight=7.2707276307046405 66.997753894887865 43.173594965599477 4.5926182344555846 5.4146283958107251 17.374714433215559 10.125209217891095 3.0787462992593646
leaf_count=102 1215 795 36 112 259 223 90
internal_value=0.000756048 -0.0039767 0.00322658 0.00477274 0.0124884 0 0.0122351
internal_weight=158.028 50.4443 107.584 102.991 35.9933 18.6186 8.49337
internal_count=2832 897 1935 1899 684 425 202
is_linear=0
shrinkage=0.03


Tree=220
num_leaves=8
num_cat=0
split_feature=5 2 1 18 5 7 5
split_gain=3.10373 3.23623 2.90711 2.78415 2.32211 1.51114 1.6159
threshold=-0.30991265230219295 0.26392974877385356 -3.0222268080423986 0.7875059397929004 1.0000000180025095e-35 0.080312247106518062 0.087382652736386138
decision_type=8 10 8 10 10 10 10
left_child=3 2 4 -1 -2 6 -4
right_child=1 -3 5 -5 -6 -7 -8
leaf_value=-0.0017837228382973015 0.013100939942359852 0.0051896554073232069 -0.010734804364894716 0.01595942042661308 -0.0041176155251979726 0.0032024809012472814 -0.0013210519947468849
leaf_weight=8.7371401684358734 7.200273326598106 37.917485367506742 47.769147625193 11.458451047539709 5.9837639974430203 6.9385162023827425 32.494267031550407
leaf_count=178 164 188 1204 176 150 113 680
internal_value=0.000247567 -0.00143176 -0.00426963 0.00942315 0.00597422 -0.00634783 -0.0075588
internal_weight=158.499 138.303 100.386 20.1956 13.184 87.2019 80.2634
internal_count=2853 2499 2311 354 314 1997 1884
is_linear=0
shrinkage=0.03


Tree=221
num_leaves=8
num_cat=1
split_feature=21 21 6 27 27 6 24
split_gain=2.19261 4.79485 2.96766 1.78122 2.72806 2.64914 3.84333
threshold=0.79895000000000016 0.76805000000000012 0.051485790889295745 0.54225000000000012 0.32880000000000004 0.069691968037604607 0
decision_type=2 2 10 2 2 10 1
left_child=1 3 -3 4 5 6 -1
right_child=-2 2 -4 -5 -6 -7 -8
leaf_value=0.012678064694875779 -0.0062012517915600003 -0.0010581077578053514 0.020919337060778052 0.0045448037250677654 -0.0073733322678302647 -0.0062438431889400353 -0.0075469063260947189
leaf_weight=21.351982597261667 23.900106243789196 5.1608250178396693 9.9005425320938212 42.139955745078623 41.157339389435947 11.152442729100583 4.7979526678100255
leaf_count=322 484 86 142 637 810 254 89
internal_value=0.000830149 0.00244966 0.0149836 0 -0.00256185 0.00278035 0.00762934
internal_weight=159.561 135.661 15.0614 120.6 78.4597 37.3024 26.1499
internal_count=2824 2340 228 2112 1475 665 411
cat_boundaries=0 1
cat_threshold=2
is_linear=0
shrinkage=0.03


Tree=222
num_leaves=8
num_cat=0
split_feature=18 18 22 29 30 30 22
split_gain=2.40045 3.22375 2.50536 3.14251 2.79615 2.77214 2.34111
threshold=0.55743386058810096 0.63610170895159723 238.50000000000003 22.500000000000004 10.82656194483952 9.7754325134627251 157.50000000000003
decision_type=8 10 2 2 10 8 2
left_child=-1 -2 6 -4 5 -5 -3
right_child=1 2 3 4 -6 -7 -8
leaf_value=0.0073768608437836019 -0.010156444609839265 0.0011169418828160279 -0.0017440427114326466 0.00077265081840875607 -0.0033969527690756165 0.022054558616501858 -0.0096684811917417679
leaf_weight=25.392996143549681 22.974804177880287 38.029344641603529 26.306831990368664 10.806302958168095 4.9184269150719038 10.852098272182046 21.522085641510785
leaf_count=413 424 788 418 160 97 170 401
internal_value=5.51502e-05 -0.00154819 0.000644064 0.00511779 0.0111758 0.0150145 -0.00324229
internal_weight=160.803 135.41 112.435 52.8837 26.5768 21.6584 59.5514
internal_count=2871 2458 2034 845 427 330 1189
is_linear=0
shrinkage=0.03


Tree=223
num_leaves=8
num_cat=0
split_feature=28 6 5 1 22 22 27
split_gain=3.53035 3.17769 3.41676 3.94089 3.06283 2.99318 1.91055
threshold=2.5000000000000004 0.1063127971192401 -0.0097672724554301819 0.68698340599661178 286.50000000000006 340.50000000000006 0.67005000000000015
decision_type=2 8 10 8 2 2 2
left_child=1 2 3 4 -1 6 -2
right_child=5 -3 -4 -5 -6 -7 -8
leaf_value=0.018619863008615373 -0.013768023073265197 -0.0089825114722791762 0 -0.002633489704883557 7.9030047017739888e-05 0.0061176253096758256 0.001759430245773971
leaf_weight=26.613601153716445 22.691106474027041 9.2243725722655636 63.477991410531104 12.663456551730631 12.670478594489394 5.779081509448587 5.0488094007596365
leaf_count=582 310 190 1104 281 245 60 63
internal_value=0.000687359 0.00312492 0.00473353 0.00987058 0.0139822 -0.0068716 -0.010761
internal_weight=158.169 124.65 115.426 51.9475 39.2841 33.519 27.7399
internal_count=2835 2402 2212 1108 827 433 373
is_linear=0
shrinkage=0.03


Tree=224
num_leaves=8
num_cat=0
split_feature=22 29 1 1 26 22 4
split_gain=2.25065 1.95088 1.86128 1.86602 2.38837 2.07408 1.72129
threshold=351.50000000000006 17.500000000000004 -6.9671685148573284 -1.9786373756666737 3.5000000000000004 304.50000000000006 0.029097825799776936
decision_type=2 2 8 10 2 2 10
left_child=2 -2 -1 4 5 -4 -3
right_child=1 6 3 -5 -6 -7 -8
leaf_value=0.009173766318481236 -0.0023878413717360247 0.017610842539167809 -0.016896294663999428 0 0.0047715302534550568 0.0021192558146103653 0
leaf_weight=7.4134308015927672 6.0738378502428558 9.115707158111034 12.401798129081728 115.5084716361016 3.2725594695657483 3.0200888868421307 6.2058003414422265
leaf_count=129 100 170 294 2022 69 46 69
internal_value=0.000819786 0.00841912 -0.000616844 -0.00174883 -0.00889972 -0.0130801 0.012696
internal_weight=163.012 21.3953 141.616 134.203 18.6944 15.4219 15.3215
internal_count=2899 339 2560 2431 409 340 239
is_linear=0
shrinkage=0.03


Tree=225
num_leaves=8
num_cat=0
split_feature=6 28 5 18 21 16 5
split_gain=4.11864 4.39733 2.15151 2.83528 6.06547 4.92051 3.63351
threshold=0.096694690662783869 2.5000000000000004 0.050390116924214856 0.73803711762163215 0.64095000000000013 -0.62565881863668171 0.14791991857320722
decision_type=8 2 8 8 2 2 8
left_child=1 2 -1 5 -5 -4 -7
right_child=-2 -3 3 4 -6 6 -8
leaf_value=0.01008987702416334 -0.0088797287006886268 -0.0072074768027535216 -0.007762920722496184 0.0080491866014588236 -0.013043653484549443 -0.0025221771542301395 0.018411859477861139
leaf_weight=46.732608494348824 23.160729655064642 21.919774104841053 7.6026125531643656 14.21346374042332 19.413517559878528 6.4363024011254284 17.76071776449681
leaf_count=1087 451 277 198 210 339 104 167
internal_value=0.000925312 0.00312922 0.00561957 0.00147083 -0.00393428 0.00720534 0.0131345
internal_weight=157.24 134.079 112.159 65.4266 33.627 31.7996 24.197
internal_count=2833 2382 2105 1018 549 469 271
is_linear=0
shrinkage=0.03


Tree=226
num_leaves=8
num_cat=0
split_feature=22 4 16 27 3 5 25
split_gain=2.30252 2.50559 3.15321 2.74822 2.47723 2.33838 2.38943
threshold=54.500000000000007 0.029097825799776936 0.24636888680455588 0.17970000000000003 0.3938142358143133 0.14791991857320722 18.500000000000004
decision_type=2 8 2 2 10 8 2
left_child=-1 3 4 -2 5 -3 -7
right_child=1 2 -4 -5 -6 6 -8
leaf_value=-0.0069796122523175571 -0.006154899548696525 -0.0052164303155949315 0.010306680211746773 0.01016838059381533 -0.012277236051722666 0.01034564105379351 -0.0025222446117485536
leaf_weight=16.779240535572171 4.4785430263727894 32.849719661287963 12.872296264395116 44.788776175118983 10.910357517190276 19.891084184870124 16.869883662089705
leaf_count=344 94 636 86 1075 128 250 227
internal_value=0.00141969 0.00282531 -4.25012e-05 0.00777009 -0.00264834 0 0.00470998
internal_weight=159.44 142.661 93.3933 49.2673 80.521 69.6107 36.761
internal_count=2840 2496 1327 1169 1241 1113 477
is_linear=0
shrinkage=0.03


Tree=227
num_leaves=8
num_cat=0
split_feature=6 21 7 18 25 25 30
split_gain=2.51366 1.99821 3.53919 2.05691 3.23528 2.89228 2.45716
threshold=0.096694690662783869 0.76805000000000012 -0.024811380108601861 0.71122387980636959 21.500000000000004 30.500000000000004 8.7022880238878546
decision_type=8 2 8 10 2 2 10
left_child=1 3 -3 5 6 -1 -5
right_child=-2 2 -4 4 -6 -7 -8
leaf_value=-0.0089947592863696014 -0.0068143820748972801 -0.0074882944768034244 0.011599152192343273 -0.0030070175407685158 -0.0041305205891307636 0.0051983525355047289 0.012021826753825014
leaf_weight=30.379515818320215 24.911810104735196 4.3778420481830835 29.756246906705201 7.724083485081791 22.82195190154016 11.719510775990782 28.474357301369309
leaf_count=535 460 143 491 117 432 203 478
internal_value=0.000577809 0.00234857 0.00783811 0 0.00348991 -0.00454511 0.00851174
internal_weight=160.165 135.254 34.1341 101.119 59.0204 42.099 36.1984
internal_count=2859 2399 634 1765 1027 738 595
is_linear=0
shrinkage=0.03


Tree=228
num_leaves=8
num_cat=1
split_feature=4 30 17 24 22 1 28
split_gain=1.81842 2.23311 1.94726 2.47471 2.85253 2.1281 1.93543
threshold=-0.12263693616826953 10.768579810257661 0.062265139174702673 0 40.500000000000007 -1.219129986944413 2.5000000000000004
decision_type=8 10 10 1 2 10 2
left_child=1 -1 -2 -4 -5 -6 -7
right_child=2 -3 3 4 5 6 -8
leaf_value=0.012042323075292927 -0.0051945832814077808 -0.0025715587786131113 -0.0025005779464821244 -0.0062720766972350255 -0.0024211380682699689 0.015630421710737367 -0.00018776644189941939
leaf_weight=16.844271700829271 46.089790441095829 9.0326557187363488 46.709652568213642 5.6677186647430053 5.9858851060271254 24.056927927769724 6.3069705441594115
leaf_count=356 1141 203 571 85 65 345 55
internal_value=0.000838162 0.00709575 -0.000588092 0.00188142 0.00667347 0.00979746 0.0125998
internal_weight=160.694 25.8769 134.817 88.7272 42.0175 36.3498 30.3639
internal_count=2821 559 2262 1121 550 465 400
cat_boundaries=0 1
cat_threshold=2
is_linear=0
shrinkage=0.03


Tree=229
num_leaves=8
num_cat=0
split_feature=2 4 18 18 1 6 3
split_gain=2.30942 2.64127 3.5905 3.2745 3.72018 2.89059 2.74941
threshold=0.33211559179233546 0.029097825799776936 0.7875059397929004 0.73803711762163215 -0.14009640959949773 0.089790361204009336 0.074850753686358518
decision_type=10 8 10 8 10 8 10
left_child=1 2 6 4 -3 -6 -1
right_child=-2 3 -4 -5 5 -7 -8
leaf_value=-0.0075701921684730982 0.007310506653126647 -0.0081675027798531301 0.01054697401464439 -0.010687196537030931 0.011933870387138695 -0.0056310686745029382 0.0077187678673318579
leaf_weight=27.140425442717969 17.736138943582773 17.018423305824399 20.330809077247977 42.782851900905371 19.122048296965662 5.3169573480263344 7.0080715827643862
leaf_count=689 87 271 435 818 259 74 173
internal_value=-0.000891483 -0.00238382 0.00237884 -0.0055657 0.000290033 0.00720374 -0.00320714
internal_weight=156.456 138.72 54.4793 84.2403 41.4574 24.439 34.1485
internal_count=2806 2719 1297 1422 604 333 862
is_linear=0
shrinkage=0.03


Tree=230
num_leaves=8
num_cat=0
split_feature=3 7 27 0 4 0 21
split_gain=4.06705 2.49813 2.75418 3.42605 5.34045 3.39334 4.02965
threshold=-0.18015937636820931 0.22420837354962356 0.57160000000000022 -1.0000000180025095e-35 0.1231859328481812 -0.018124759238594908 0.72065000000000012
decision_type=8 10 2 8 10 8 2
left_child=-1 2 5 -4 -5 -2 -7
right_child=1 -3 3 4 -6 6 -8
leaf_value=-0.0095575724055984492 -0.010223939461911771 -0.010895876168733476 0.017586608611601311 -0.0082008168645398508 0.01244644175137625 -0.0021489383954518479 0.012723103668928565
leaf_weight=31.924049070104957 16.871452566236258 5.3458861783146849 12.68597376346588 17.198568639345471 12.24536602757871 42.693438320420682 16.010109578259289
leaf_count=721 506 39 272 303 100 618 266
internal_value=-0.00116951 0.00134281 0.00267604 0.0081614 0.000810116 -0.000690855 0.00272168
internal_weight=154.975 123.051 117.705 42.1299 29.4439 75.575 58.7035
internal_count=2825 2104 2065 675 403 1390 884
is_linear=0
shrinkage=0.03


Tree=231
num_leaves=8
num_cat=1
split_feature=4 18 18 21 29 24 18
split_gain=2.42668 2.53264 4.34052 3.27046 3.10819 2.36561 2.13913
threshold=-0.0065613759531327745 0.73803711762163215 0.63610170895159723 0.63575000000000015 31.500000000000004 0 0.95698269905156141
decision_type=8 8 10 2 2 1 10
left_child=-1 2 -2 4 5 -3 -5
right_child=1 3 -4 6 -6 -7 -8
leaf_value=0.0055149741035559604 -0.0044985363536518604 0.013221189264960454 0.010474114422573353 -0.016618288494093962 -0.0092498300628734292 -0.003877603189605098 -0.000328152878070829
leaf_weight=47.750553134828806 30.720100689679384 12.153541286475956 23.286047584377229 18.321174067445103 6.9190929085016242 5.1258270451799079 13.147608162835239
leaf_count=1127 443 176 312 301 135 94 225
internal_value=0.000297286 -0.00206746 0.00223381 -0.00623232 0.00147703 0.00793363 -0.0116384
internal_weight=157.424 109.673 54.0061 55.6672 24.1985 17.2794 31.4688
internal_count=2813 1686 755 931 405 270 526
cat_boundaries=0 1
cat_threshold=2
is_linear=0
shrinkage=0.03


Tree=232
num_leaves=8
num_cat=0
split_feature=21 7 21 21 16 2 3
split_gain=2.66052 2.19587 3.36496 2.12604 2.68046 2.81952 3.1792
threshold=0.84100000000000008 0.027497093839756299 0.76805000000000012 0.73185000000000011 -0.5149999322124188 -0.016358495129792702 0.18493415582122316
decision_type=2 8 2 2 2 8 8
left_child=1 -1 3 4 5 -3 -7
right_child=-2 2 -4 -5 -6 6 -8
leaf_value=-0.007945018238472136 -0.0081607112163670208 -0.0016735151033596416 0.013262811880654188 -0.0054718979467164022 -0.001964500492696693 0.016114596168872439 0
leaf_weight=5.8543793084099889 11.452932569198309 17.158546924591064 24.050254285335541 19.684765085577965 37.599372438155115 27.002372216433287 15.897829868830739
leaf_count=172 262 548 370 343 378 507 247
internal_value=0.00225627 0.0035419 0.00451791 0.00187381 0.00379864 0.00743382 0.0110616
internal_weight=158.7 147.248 141.393 117.343 97.6581 60.0587 42.9002
internal_count=2827 2565 2393 2023 1680 1302 754
is_linear=0
shrinkage=0.03


Tree=233
num_leaves=8
num_cat=0
split_feature=30 1 25 29 22 1 3
split_gain=2.06162 3.14107 2.81128 2.63662 2.91648 2.29844 3.17374
threshold=10.1906799100543 0.049970971763623979 9.5000000000000018 31.500000000000004 316.50000000000006 -0.78642411837171111 0.011584509848837559
decision_type=10 8 2 2 2 10 8
left_child=1 2 -1 4 -4 -2 -7
right_child=5 -3 3 -5 -6 6 -8
leaf_value=-0.002690465680519618 -0.0070558317013856234 -0.0011491289994550299 0.021302520286532855 0 -9.2959148592367847e-06 -0.0050780057300842613 0.0074989350321353976
leaf_weight=7.7766362680122247 27.525172878056765 31.76562934089452 20.180819649249319 9.9797273464500886 5.513646386563777 22.446055376902223 35.384662600234151
leaf_count=140 604 552 288 150 78 509 519
internal_value=0.00219632 0.00558982 0.0102207 0.0133559 0.0173677 -0.000856144 0.00236567
internal_weight=160.572 75.2165 43.4508 35.6742 25.6945 85.3559 57.8307
internal_count=2840 1208 656 516 366 1632 1028
is_linear=0
shrinkage=0.03


Tree=234
num_leaves=8
num_cat=0
split_feature=5 21 18 1 22 1 6
split_gain=1.54956 2.51825 2.45363 2.33907 3.72747 4.27183 2.85603
threshold=0.32430055286355458 0.64095000000000013 0.861487265795012 -1.9786373756666737 281.50000000000006 0.90894899748892743 0.061083277684425945
decision_type=8 2 8 10 2 10 8
left_child=3 2 -2 -1 5 -5 -6
right_child=1 -3 -4 4 6 -7 -8
leaf_value=-0.0038699116570940126 0.013978283124557785 -0.0083189090284313209 -0.0029645697164432079 0.012418697905674245 -0.0092511228077180804 -0.0051652706355144471 0.0054809831075113766
leaf_weight=22.490553544834256 5.0020363889634636 22.842107134871185 11.154000708833335 55.175077540799975 16.479119310155514 9.4121581213548762 14.479777466505764
leaf_count=496 42 271 153 1074 265 213 284
internal_value=0.00179817 -0.00280032 0.00455219 0.00351778 0.00556627 0.00936272 -0.00226516
internal_weight=157.035 38.9981 16.156 118.037 95.5461 64.5872 30.9589
internal_count=2798 466 195 2332 1836 1287 549
is_linear=0
shrinkage=0.03


Tree=235
num_leaves=8
num_cat=0
split_feature=2 4 0 1 16 6 20
split_gain=2.30936 3.4493 2.89037 2.41174 3.05344 2.39683 2.54216
threshold=0.051032832670821766 -0.050000244207981652 -0.018124759238594908 -0.20287975038426762 -0.44050977781618134 0.096694690662783869 6.5000000000000009
decision_type=8 8 10 10 2 10 2
left_child=2 -2 -1 -4 -5 6 -3
right_child=1 5 3 4 -6 -7 -8
leaf_value=-0.0097610952038691585 0.013698314187714332 0.0093900247153468498 -0.006095382403888132 0.017354331606687808 -0.0038020746304673683 -0.0093086668626365561 -0.00096493824857613031
leaf_weight=32.162672698497772 11.761989112943409 21.433378400281072 7.3111495403572944 6.6537355845794091 4.8975127786397907 12.550860532559453 66.229107520543039
leaf_count=1028 139 218 235 185 128 182 739
internal_value=-6.39299e-05 0.00224345 -0.00499941 0.0030504 0.00973178 0 0.00198357
internal_weight=163 111.975 51.0251 18.8624 11.5512 100.213 87.6625
internal_count=2854 1278 1576 548 313 1139 957
is_linear=0
shrinkage=0.03


Tree=236
num_leaves=8
num_cat=0
split_feature=3 6 18 6 6 6 28
split_gain=2.15836 2.20505 2.04357 2.32543 2.41823 2.03036 1.77464
threshold=0.58983932791917493 0.039591175891329711 0.55743386058810096 0.047747460872056259 0.087853757904858429 0.028363477976601621 -1.4999999999999998
decision_type=8 10 8 8 10 8 2
left_child=2 -2 3 -1 -5 -4 -7
right_child=1 -3 5 4 -6 6 -8
leaf_value=-0.0048044173369407922 -0.004314396732726304 0.010115710419726294 0.0062303853749159548 0.01481516085798548 -0.0034672306559828687 0.003127872636431371 -0.0068148437192593484
leaf_weight=8.2463698182255047 6.8701252052560475 22.163695394061506 7.8990747155621639 12.14605310931802 4.1824324764311305 12.38865223713219 85.594951763749123
leaf_count=144 104 301 162 183 75 261 1575
internal_value=-0.00024395 0.00610176 -0.00203551 0.0045487 0.00991544 -0.00390757 -0.00527498
internal_weight=159.491 29.0338 130.458 24.5749 16.3285 105.883 97.9836
internal_count=2805 405 2400 402 258 1998 1836
is_linear=0
shrinkage=0.03


Tree=237
num_leaves=8
num_cat=0
split_feature=5 0 30 30 25 5 25
split_gain=2.18815 2.96898 3.25906 2.84853 2.52347 2.22934 2.50016
threshold=1.0000000180025095e-35 -0.14171106602665692 9.9395512583258512 9.4052107756448216 32.500000000000007 0.14791991857320722 18.500000000000004
decision_type=10 10 10 8 2 10 2
left_child=1 3 -3 -1 -4 -2 -7
right_child=5 2 4 -5 -6 6 -8
leaf_value=0.0072214487652549697 -0.0097043371055206083 -0.0011321900988506082 0.01644584722972409 -0.008789376459015329 -0.0025237841249996481 0.0053778030182680698 -0.0057250781483391038
leaf_weight=7.1289638392627266 26.517203442752361 19.850581540726125 21.715260197408501 21.253759516403079 3.9561213022097936 29.437938438728452 27.617273151874542
leaf_count=159 620 304 416 522 84 347 353
internal_value=-0.000443734 0.00304154 0.00741725 -0.00365199 0.013172 -0.00368609 0
internal_weight=157.477 73.9047 45.522 28.3827 25.6714 83.5724 57.0552
internal_count=2805 1485 804 681 500 1320 700
is_linear=0
shrinkage=0.03


end of trees

feature_importances:
raw_s3=204
raw_s6=135
f_s3_bom_coverage=130
raw_s2=122
raw_s5=119
interval_width_rel=117
raw_s7=114
log_production=104
f_data_freshness_days=84
raw_s4=82
interval_position_z=70
f_data_quality_score=70
f_firm_age_years=65
raw_s1=58
interval_rel_gap=52
f_s2_peer_n_prev=44
raw_s8=35
f_s7_matrix_age_years=35
f_s6_quarter=16
f_data_confidence_level=4
f_active_signal_count=3
f_missing_field_count=2
interval_below_lower=1

parameters:
[boosting: gbdt]
[objective: binary]
[metric: average_precision]
[tree_learner: serial]
[device_type: cpu]
[data_sample_strategy: bagging]
[data: ]
[valid: ]
[num_iterations: 1200]
[learning_rate: 0.03]
[num_leaves: 8]
[num_threads: 4]
[seed: 20261205]
[deterministic: 1]
[force_col_wise: 0]
[force_row_wise: 1]
[histogram_pool_size: -1]
[max_depth: -1]
[min_data_in_leaf: 60]
[min_sum_hessian_in_leaf: 0.001]
[bagging_fraction: 0.8]
[pos_bagging_fraction: 1]
[neg_bagging_fraction: 1]
[bagging_freq: 1]
[bagging_seed: 20261535]
[bagging_by_query: 0]
[feature_fraction: 0.7]
[feature_fraction_bynode: 1]
[feature_fraction_seed: 20261823]
[extra_trees: 0]
[extra_seed: 12731]
[early_stopping_round: 0]
[early_stopping_min_delta: 0]
[first_metric_only: 0]
[max_delta_step: 0]
[lambda_l1: 0.5]
[lambda_l2: 8]
[linear_lambda: 0]
[min_gain_to_split: 0]
[drop_rate: 0.1]
[max_drop: 50]
[skip_drop: 0.5]
[xgboost_dart_mode: 0]
[uniform_drop: 0]
[drop_seed: 2269]
[top_rate: 0.2]
[other_rate: 0.1]
[min_data_per_group: 100]
[max_cat_threshold: 32]
[cat_l2: 10]
[cat_smooth: 10]
[max_cat_to_onehot: 4]
[top_k: 20]
[monotone_constraints: ]
[monotone_constraints_method: basic]
[monotone_penalty: 0]
[feature_contri: ]
[forcedsplits_filename: ]
[refit_decay_rate: 0.9]
[cegb_tradeoff: 1]
[cegb_penalty_split: 0]
[cegb_penalty_feature_lazy: ]
[cegb_penalty_feature_coupled: ]
[path_smooth: 0]
[interaction_constraints: ]
[verbosity: -1]
[saved_feature_importance_type: 0]
[use_quantized_grad: 0]
[num_grad_quant_bins: 4]
[quant_train_renew_leaf: 0]
[stochastic_rounding: 1]
[linear_tree: 0]
[max_bin: 63]
[max_bin_by_feature: ]
[min_data_in_bin: 3]
[bin_construct_sample_cnt: 200000]
[data_random_seed: 6016]
[is_enable_sparse: 1]
[enable_bundle: 1]
[use_missing: 1]
[zero_as_missing: 0]
[feature_pre_filter: 1]
[pre_partition: 0]
[two_round: 0]
[header: 0]
[label_column: ]
[weight_column: ]
[group_column: ]
[ignore_column: ]
[categorical_feature: 24]
[forcedbins_filename: ]
[precise_float_parser: 0]
[parser_config_file: ]
[objective_seed: 29592]
[num_class: 1]
[is_unbalance: 0]
[scale_pos_weight: 1]
[sigmoid: 1]
[boost_from_average: 1]
[reg_sqrt: 0]
[alpha: 0.9]
[fair_c: 1]
[poisson_max_delta_step: 0.7]
[tweedie_variance_power: 1.5]
[lambdarank_truncation_level: 30]
[lambdarank_norm: 1]
[label_gain: ]
[lambdarank_position_bias_regularization: 0]
[eval_at: ]
[multi_error_top_k: 1]
[auc_mu_weights: ]
[num_machines: 1]
[local_listen_port: 12400]
[time_out: 120]
[machine_list_filename: ]
[machines: ]
[gpu_platform_id: -1]
[gpu_device_id: -1]
[gpu_device_id_list: ]
[gpu_use_dp: 0]
[num_gpu: 1]

end of parameters

pandas_categorical:[["dusuk", "orta", "yuksek"]]
