tree
version=v4
num_class=1
num_tree_per_iteration=1
label_index=0
max_feature_idx=30
objective=binary sigmoid:1
feature_names=raw_s1 raw_s2 raw_s3 raw_s4 raw_s5 raw_s6 raw_s7 raw_s8 avail_s1 avail_s2 avail_s3 avail_s4 avail_s5 avail_s6 avail_s7 avail_s8 interval_position_z interval_rel_gap interval_width_rel interval_below_lower f_active_signal_count f_data_quality_score f_data_freshness_days f_missing_field_count f_data_confidence_level f_firm_age_years f_s6_quarter f_s3_bom_coverage f_s7_matrix_age_years f_s2_peer_n_prev log_production
feature_infos=[-208.60777113911226:1] [-100.24405333971055:1] [-1.0260069143966963:0.62800434300908492] [-18.195565291938621:1.214954902093536] [-174.21415603222258:13.130288369385079] [-2.1314628631121586:1] [0.00050778214690254961:2] [-1.07584610203738:0.58862491509519155] [0:1] none none [0:1] [0:1] [0:1] none [0:1] [-5.348070338019844:5.6804262484476462] [-39.874239411428682:1] [0.29734522879857556:36.712268368229061] [0:1] [3:8] [0.1346:1] [5:399] [0:4] -1:1:2:0 [0:40] [1:4] [0.0068999999999999999:1] [-2:6] [2:61] [7.145401161296455:14.564719245148021]
tree_sizes=967 995 989 987 1002 994 977 995 979 980 991 977 999 1004 1004 979 1000 988 994 994 991 992 987 1000 995 996 998 997 985 997 993 1002 999 995 996 991 996 994 976 964 991 994 1003 1002 1008 990 977 995 1004 1003 1000 1001 1000 1001 986 994 1000 985 1000 999 995 997 987 975 984 977 1007 964 1007 1003 988 997 1003 998 988 1001 998 993 1006 997 1003 1006 1009 995 1006 1005 1008 1005 982 984 984 998 1003 1000 978 999 976 990 985 1007 1005 1004 979 1006 992 1000 1008 978 988 1005 999 1010 1015 1005 1001 1008 977 978

Tree=0
num_leaves=8
num_cat=0
split_feature=2 6 2 5 30 21 1
split_gain=185.612 12.1556 10.087 4.03497 3.97541 4.91995 4.82021
threshold=0.20933129878517096 0.096694690662783869 0.051032832670821766 -0.33709876098531549 10.768579810257661 0.76805000000000012 0.049970971763623979
decision_type=8 10 10 8 10 2 8
left_child=2 -2 3 -1 6 -6 -4
right_child=1 -3 4 -5 5 -7 -8
leaf_value=-2.5983186924622559 -2.5187089783380086 -2.5916511422475126 -2.5836067851280444 -2.6162866601126886 -2.6127201504027031 -2.5902444390793553 -2.602151783056172
leaf_weight=16.389989838004112 17.551485180854801 4.065233699977397 18.390342928469181 82.917861975729465 17.680540218949321 6.7108619809150687 16.519044876098633
leaf_count=254 272 63 285 1285 274 104 256
internal_value=-2.59602 -2.52678 -2.60828 -2.61378 -2.59794 -2.60594 -2.59207
internal_weight=180.225 21.6167 158.609 99.3079 59.3008 24.3914 34.9094
internal_count=2793 335 2458 1539 919 378 541
is_linear=0
shrinkage=1


Tree=1
num_leaves=8
num_cat=0
split_feature=4 16 5 0 6 18 4
split_gain=73.3239 24.5532 4.06699 6.44187 2.36407 2.26905 3.42005
threshold=0.14668392030419972 -0.39657576485266982 -0.30991265230219295 -0.070814431954184007 0.050283274886461761 0.89292124520309846 -0.49105828435951399
decision_type=10 2 10 10 8 10 10
left_child=2 4 3 5 -2 -1 -7
right_child=1 -3 -4 -5 -6 6 -8
leaf_value=-0.013910447315690697 0.012146604220136121 0.057025402465086049 -0.011731448236178299 0.014236812255960069 -0.0047041900452449558 -0.007850608913179364 0.013263025127326272
leaf_weight=13.445610210299494 5.5780004486441621 14.873460814356802 116.60712543874979 10.136764273047445 8.4380569607019424 8.1133121326565725 3.93214277178049
leaf_count=209 85 224 1820 157 129 126 61
internal_value=-0.000334204 0.0377334 -0.00917511 0 0.00329754 -0.00795917 0.00083595
internal_weight=181.124 28.8895 152.235 35.6278 14.0161 25.4911 12.0455
internal_count=2811 438 2373 553 214 396 187
is_linear=0
shrinkage=0.03


Tree=2
num_leaves=8
num_cat=0
split_feature=2 2 3 22 2 17 0
split_gain=159.226 15.4736 4.47593 3.32873 4.47717 2.79824 2.66894
threshold=0.24048475746439688 0.12095862311524731 -0.69906759826268838 268.50000000000006 0.17262979966188222 0.10959723962624247 -0.036956786480355823
decision_type=8 10 10 2 10 10 8
left_child=1 5 -3 6 -5 -1 -4
right_child=-2 2 3 4 -6 -7 -8
leaf_value=-0.017625124586867952 0.071262094096713857 0.020928272278474627 0.0057342334862310503 -0.0052561161667030367 0.020569627072779383 -0.0052514951542986105 -0.012516936756609698
leaf_weight=99.307518348097801 16.343292184174061 5.0298374816775313 3.9279403910040855 5.4532512128353101 4.5448515936732292 34.395783357322216 13.418004021048551
leaf_count=1569 235 77 61 85 68 540 205
internal_value=-0.000545439 -0.0106482 0.00644805 0 0.00957496 -0.015024 -0.00728678
internal_weight=182.42 166.077 32.3739 27.344 9.9981 133.703 17.3459
internal_count=2840 2605 496 419 153 2109 266
is_linear=0
shrinkage=0.03


Tree=3
num_leaves=8
num_cat=0
split_feature=2 2 5 18 2 3 1
split_gain=152.196 11.5185 4.95732 4.13907 3.89159 3.54877 2.95168
threshold=0.17262979966188222 0.26392974877385356 -0.30991265230219295 0.92141701807170506 -0.15733340370713453 -0.26986194174730138 -10.577012419508245
decision_type=8 8 8 10 10 10 8
left_child=2 3 4 -2 -1 -6 -4
right_child=1 -3 6 -5 5 -7 -8
leaf_value=-0.011307834766657266 0.026303841762700661 0.069198288029654012 0.0026346300977153603 -0.0003144032578054829 0.01631001009875566 -0.0052285525997640241 -0.016477124387318381
leaf_weight=7.930550359189513 14.053897581994535 14.449305012822149 4.1361264288425446 5.2245575040578833 8.1333724930882454 5.4463374726474258 122.19210863858461
leaf_count=126 208 195 66 77 128 86 1948
internal_value=7.31726e-05 0.0510307 -0.0134789 0.0205636 0 0.00824064 -0.0156201
internal_weight=181.566 33.7278 147.838 19.2785 21.5103 13.5797 126.328
internal_count=2834 480 2354 285 340 214 2014
is_linear=0
shrinkage=0.03


Tree=4
num_leaves=8
num_cat=0
split_feature=2 18 2 17 17 30 2
split_gain=144.613 16.2833 7.67826 4.43277 4.92309 4.48131 2.67861
threshold=0.20933129878517096 0.92141701807170506 0.051032832670821766 -0.14873236878967475 0.10959723962624247 10.341116928401819 -0.28366565734840871
decision_type=8 8 10 10 10 10 10
left_child=2 -2 6 5 -5 -4 -1
right_child=1 -3 3 4 -6 -7 -8
leaf_value=0.00041313307334867305 0.068527124604459089 0.0074703990381530371 0.022017544709591049 -0.014388718965366996 0.0022838707829252853 -0.0051216863259238533 -0.017616538612395035
leaf_weight=5.8896941654384127 18.141424693167213 7.8521651402115813 4.2200946360826475 22.502269737422466 26.861955493688583 4.2864700444042683 89.353631585836411
leaf_count=95 239 105 66 358 420 68 1450
internal_value=0.00033341 0.056623 -0.0114666 -0.00209713 -0.00600145 0.011579 -0.0164107
internal_weight=179.108 25.9936 153.114 57.8708 49.3642 8.50656 95.2433
internal_count=2801 344 2457 912 778 134 1545
is_linear=0
shrinkage=0.03


Tree=5
num_leaves=8
num_cat=0
split_feature=2 2 5 1 2 30 2
split_gain=141.19 7.21308 5.42326 5.32405 3.50612 3.43989 3.12708
threshold=0.20933129878517096 0.16293400269933614 -0.30991265230219295 -10.577012419508245 0.01727381671925721 9.9395512583258512 0.26392974877385356
decision_type=8 10 8 8 10 10 8
left_child=1 2 4 -4 -1 -3 -2
right_child=6 5 3 -5 -6 -7 -8
leaf_value=-0.0057311000083437912 0.017013345763157644 0.017569810426963085 0.0068704324175503338 -0.016354328744371316 0.013686033847089983 -0.0041279875622893198 0.064606669765814376
leaf_weight=17.067712854593996 10.247047476470469 4.7003646716475469 4.357984509319067 117.8461393751204 4.4773645848035803 7.0378569737076759 17.299209125339988
leaf_count=274 138 71 70 1927 70 108 211
internal_value=0.000915459 -0.0108269 -0.0127258 -0.0150396 0.000409546 0.00740021 0.0551378
internal_weight=183.034 155.487 143.749 122.204 21.5451 11.7382 27.5463
internal_count=2869 2520 2341 1997 344 179 349
is_linear=0
shrinkage=0.03


Tree=6
num_leaves=8
num_cat=0
split_feature=4 16 0 3 30 25 5
split_gain=55.1727 20.9769 7.17453 4.99741 3.71102 4.35893 3.06067
threshold=0.18572957414461641 -0.39657576485266982 0.15562261050103524 -0.47053662675759106 10.14500820531264 27.500000000000004 0.2664675650152189
decision_type=10 2 10 10 8 2 10
left_child=2 -2 3 4 -1 -6 -4
right_child=1 -3 6 -5 5 -7 -8
leaf_value=0.01112367195796001 0 0.051490736072304234 0.011984294988141781 -0.012931478710160321 -0.013126064455594905 0.0081001628181531175 -0.0046619169405536284
leaf_weight=10.075118407607077 9.6380764357745665 14.839445300400255 16.457130733877424 98.425351452082396 15.766226261854174 6.2057693116366854 9.4903983958065492
leaf_count=162 142 186 251 1607 254 98 146
internal_value=1.53428e-05 0.0358217 -0.00696692 -0.00980024 0.00010422 -0.0060686 0.00579019
internal_weight=180.898 24.4775 156.42 130.472 32.0471 21.972 25.9475
internal_count=2846 328 2518 2121 514 352 397
is_linear=0
shrinkage=0.03


Tree=7
num_leaves=8
num_cat=0
split_feature=0 18 27 27 17 22 7
split_gain=31.5108 8.32335 7.5219 8.03286 6.55247 4.40924 3.52598
threshold=0.15562261050103524 0.87521673598542249 0.54730000000000012 0.71520000000000017 0.16199566028301846 62.500000000000007 0.2187211557792513
decision_type=10 10 2 2 10 2 8
left_child=2 4 -1 5 -2 -4 -7
right_child=1 -3 3 -5 -6 6 -8
leaf_value=-0.011525224354041599 -0.00067599465375926078 0.0010733812359908291 -0.007245576603667531 -0.010198747065694893 0.034075099395049262 -0.0024296566305298624 0.019093645559641308
leaf_weight=83.829808931797743 4.4398161135613945 15.383877310901878 4.1348109692335155 19.483942154794931 23.091259483247995 5.2082841172814369 22.481395881623033
leaf_count=1366 68 223 67 321 314 86 363
internal_value=0.000830155 0.0211358 -0.00633426 0.00230463 0.0291584 0.0108472 0.0149878
internal_weight=178.053 42.915 135.138 51.3084 27.5311 31.8245 27.6897
internal_count=2808 605 2203 837 382 516 449
is_linear=0
shrinkage=0.03


Tree=8
num_leaves=8
num_cat=0
split_feature=2 2 2 17 5 1 0
split_gain=127.391 8.68385 5.19602 5.88383 2.90625 2.62144 2.08592
threshold=0.17262979966188222 0.26392974877385356 0.051032832670821766 -0.13418255515090546 -0.33709876098531549 0.68698340599661178 0.0094889155959529421
decision_type=8 8 10 10 8 10 10
left_child=2 6 4 -4 -1 -5 -2
right_child=1 -3 3 5 -6 -7 -8
leaf_value=-0.0020680201857449917 0 0.058977968405848714 0.012769536082567064 -0.012262058669804779 -0.018370191602640643 0.0021009970286918057 0.021478116240706467
leaf_weight=16.02329620718956 4.7040341421961811 18.45359954982996 8.0753657370805723 28.348796226084232 77.805383089929819 11.333295609802006 14.28891286998987
leaf_count=260 69 207 129 460 1318 182 195
internal_value=0.00112669 0.0451407 -0.0122054 -0.00304564 -0.0161147 -0.0081811 0.0176456
internal_weight=179.033 37.4465 141.586 47.7575 93.8287 39.6821 18.9929
internal_count=2820 471 2349 771 1578 642 264
is_linear=0
shrinkage=0.03


Tree=9
num_leaves=8
num_cat=0
split_feature=2 0 5 2 26 1 4
split_gain=115.364 9.54154 5.43249 3.71234 2.01745 1.7218 0.527901
threshold=0.17262979966188222 -0.027382449646057402 -0.30991265230219295 0.01727381671925721 2.5000000000000004 -6.9671685148573284 0.21343005710966814
decision_type=8 10 8 10 2 8 10
left_child=2 -2 3 4 -1 -4 -7
right_child=1 -3 5 -5 -6 6 -8
leaf_value=-0.011075961733179297 0.00095933484099001488 0.047157502638639368 0 0.014787166371427693 0.0041459548543430385 -0.015606385579734993 -0.00090116049713714137
leaf_weight=10.635237999260431 5.5797820240259162 32.860781833529472 6.3715113773941994 4.1834265813231459 6.1195450350642195 109.03666488453746 5.5028553493320933
leaf_count=174 77 396 106 65 100 1847 87
internal_value=0.000739426 0.0420951 -0.0120167 0.00111597 -0.00536721 -0.0143354 -0.0151273
internal_weight=180.29 38.4406 141.849 20.9382 16.7548 120.911 114.54
internal_count=2852 473 2379 339 274 2040 1934
is_linear=0
shrinkage=0.03


Tree=10
num_leaves=8
num_cat=0
split_feature=2 2 18 1 0 17 17
split_gain=101.906 10.6132 6.33747 3.47164 3.62833 3.35544 3.28291
threshold=0.20933129878517096 0.10025519697754799 0.92141701807170506 0.16930329773742922 -0.061576090697828649 0.15177522206890451 0.10959723962624247
decision_type=8 10 8 8 8 10 10
left_child=1 6 -2 4 -3 -6 -1
right_child=2 3 -4 -5 5 -7 -8
leaf_value=-0.017044585707150298 0.05235576344129405 0.022340324349408684 0.0089229230513032318 -0.0051338322847195184 -0.0077988391174732396 0.012486818239126616 -0.0034516757286315717
leaf_weight=84.450087059289217 21.49690613150597 4.6986884325742722 8.6412968039512617 15.358456727117298 10.580089449882509 4.1203919425606719 28.751420572400093
leaf_count=1456 232 74 102 241 172 60 479
internal_value=0.000781371 -0.0099219 0.0447798 0.00363015 0.0105892 0 -0.0141717
internal_weight=178.097 147.959 30.1382 34.7576 19.3992 14.7005 113.202
internal_count=2816 2482 334 547 306 232 1935
is_linear=0
shrinkage=0.03


Tree=11
num_leaves=8
num_cat=0
split_feature=2 2 1 22 16 16 6
split_gain=109.037 9.61348 5.24698 5.08747 4.72462 4.4395 3.25962
threshold=0.24048475746439688 0.10025519697754799 0.16930329773742922 212.50000000000003 -0.67729002088516055 -0.44050977781618134 0.057305815443651854
decision_type=8 10 8 2 2 2 8
left_child=1 3 -3 -1 6 -6 -5
right_child=-2 2 -4 4 5 -7 -8
leaf_value=-0.018382597606820397 0.052439727376720792 0.011533469180384188 -0.0066792817148502688 0 0.018855020360963027 -0.0050755109639346483 -0.015374187611722379
leaf_weight=56.065793212503195 24.197500914335251 23.538400925695896 17.865128714591265 19.530768096446991 5.5862879268825054 7.6135865747928602 22.800241492688656
leaf_count=970 248 357 271 340 95 126 398
internal_value=0.00205684 -0.00802798 0.00356223 -0.0124041 -0.00457725 0.00763791 -0.00929287
internal_weight=177.198 153 41.4035 111.597 55.5309 13.1999 42.331
internal_count=2805 2557 628 1929 959 221 738
is_linear=0
shrinkage=0.03


Tree=12
num_leaves=8
num_cat=0
split_feature=2 6 1 17 25 3 3
split_gain=96.5432 9.29958 4.45431 3.73813 3.22541 4.07221 1.79393
threshold=0.17262979966188222 0.087853757904858429 -10.577012419508245 0.10959723962624247 7.5000000000000009 0.29059863029896799 -1.0320828604422865
decision_type=8 10 8 10 2 8 10
left_child=2 -2 -1 6 5 -5 -4
right_child=1 -3 3 4 -6 -7 -8
leaf_value=0.0076423201327094452 0.044683594920989354 0.0058615112658654787 -0.0024405887776084551 0.018403605596442912 -0.0075525378714237342 -0.0067350037465610064 -0.016998743955765446
leaf_weight=4.8812391050159931 30.901686705648899 10.718629755079744 14.356872543692587 4.5153090134263021 31.209097731858492 3.8980891443789005 78.401286862790585
leaf_count=81 340 129 245 76 517 64 1381
internal_value=0.00140311 0.0375448 -0.0109166 -0.0121043 -0.00306441 0.00823675 -0.015267
internal_weight=178.882 41.6203 137.262 132.381 39.6225 8.4134 92.7582
internal_count=2833 469 2364 2283 657 140 1626
is_linear=0
shrinkage=0.03


Tree=13
num_leaves=8
num_cat=0
split_feature=2 2 4 23 5 4 16
split_gain=86.3981 14.744 6.68375 5.51523 4.20402 2.8759 3.08286
threshold=0.26392974877385356 0.051032832670821766 -0.066333398519908368 2.5000000000000004 0.20093875383498563 -0.34545437731407996 -0.65268017360935204
decision_type=8 10 8 2 10 8 2
left_child=1 5 -3 4 -4 -1 -7
right_child=-2 2 3 -5 -6 6 -8
leaf_value=4.1395189747640485e-05 0.047986648191205482 0.02055672548370276 -0.01019831255014645 0.014945163455854022 0.0053417700378703926 -0.01959839980575584 -0.0021571410386871386
leaf_weight=7.9560899063944817 21.431431293487549 6.8410351723432541 39.656958885490894 6.6760283671319476 15.899480413645504 65.282594088464975 15.157561890780924
leaf_count=138 201 111 616 103 230 1178 260
internal_value=0.000577119 -0.00779267 0.00234923 -0.00155226 -0.00540236 -0.0154105 -0.0169739
internal_weight=178.901 157.47 69.0735 62.2325 55.5564 88.3962 80.4402
internal_count=2837 2636 1060 949 846 1576 1438
is_linear=0
shrinkage=0.03


Tree=14
num_leaves=8
num_cat=0
split_feature=2 18 17 22 1 3 18
split_gain=83.4056 11.7976 5.26699 5.99765 3.46035 2.18853 1.63538
threshold=0.20933129878517096 0.87521673598542249 0.10959723962624247 321.50000000000006 -18.739314444860344 -0.47053662675759106 0.56715768025392188
decision_type=8 8 10 2 10 8 8
left_child=2 -2 4 -4 -1 -6 -7
right_child=1 -3 3 -5 5 6 -8
leaf_value=0.0042405582819444168 0.046278562038198245 0.0046408335521182943 -0.0077684346722041641 0.013343578937979737 -0.0028937019246444325 -0.0044268492872516904 -0.020253268465301198
leaf_weight=3.6166622377932063 22.431816555559635 11.174162335693834 36.413038447499275 8.5329922363162023 15.752523716539143 14.946945000439881 66.665751785039902
leaf_count=62 214 119 594 138 273 270 1192
internal_value=-0.00130838 0.0363487 -0.0115164 -0.00206645 -0.0151243 -0.0162534 -0.0181761
internal_weight=179.534 33.606 145.928 44.946 100.982 97.3652 81.6127
internal_count=2862 333 2529 732 1797 1735 1462
is_linear=0
shrinkage=0.03


Tree=15
num_leaves=8
num_cat=0
split_feature=2 6 5 2 2 2 7
split_gain=63.5872 9.52955 6.26443 4.22279 3.95518 3.39041 1.45344
threshold=0.20933129878517096 0.1063127971192401 -0.30991265230219295 0.17262979966188222 0.01727381671925721 0.26392974877385356 0.10883183659255806
decision_type=8 8 8 10 10 10 10
left_child=2 5 4 6 -1 -2 -4
right_child=1 -3 3 -5 -6 -7 -8
leaf_value=-0.0037653598824097783 0.0096028569852396519 0 -0.014303632831703361 0.0035445706899578295 0.016939255704886903 0.045502845663409529 0.00023363179225928757
leaf_weight=15.430550049990417 9.7296308800578135 6.470550410449504 109.59458963945508 9.6025984436273557 4.8707372583448878 17.728007465600967 4.1345109157264224
leaf_count=268 109 66 1959 134 76 154 72
internal_value=-0.000511748 0.0321274 -0.00960876 -0.0120824 0.00405622 0.0382415 -0.0136713
internal_weight=177.561 33.9282 143.633 123.332 20.3013 27.4576 113.729
internal_count=2838 329 2509 2165 344 263 2031
is_linear=0
shrinkage=0.03


Tree=16
num_leaves=8
num_cat=0
split_feature=2 2 30 4 2 30 18
split_gain=79.8186 12.3595 5.21781 4.92389 3.55681 3.19003 2.39428
threshold=0.20933129878517096 0.051032832670821766 9.8448600845764549 -0.050000244207981652 -0.28366565734840871 12.254596493540776 1.0351901730208921
decision_type=8 10 10 8 10 10 10
left_child=1 4 6 -4 -1 -5 -3
right_child=-2 2 3 5 -6 -7 -8
leaf_value=0.0021851899097599633 0.035847896538193404 0.014943128847270525 0.010602139246418224 -0.01473023011823585 -0.018291350754649903 0.0035968501340751559 -0.0021602470315378606
leaf_weight=5.2006441578268996 35.923904076218605 15.613141220062973 5.3907840140163898 24.901839856058363 80.598536975681782 6.3425537906587115 6.077182848006486
leaf_count=91 342 253 89 411 1491 106 98
internal_value=0.000155225 -0.0100601 0.000472689 -0.00584948 -0.0168098 -0.0106528 0.010355
internal_weight=180.049 144.125 58.3255 36.6352 85.7992 31.2444 21.6903
internal_count=2881 2539 957 606 1582 517 351
is_linear=0
shrinkage=0.03


Tree=17
num_leaves=8
num_cat=0
split_feature=2 2 30 16 2 22 16
split_gain=70.7715 8.15019 4.69612 3.57579 3.95845 3.35934 3.27685
threshold=0.24048475746439688 0.051032832670821766 9.8448600845764549 -0.67729002088516055 -0.28366565734840871 212.50000000000003 -0.67729002088516055
decision_type=8 10 10 2 10 2 2
left_child=1 3 -3 4 -1 -4 -7
right_child=-2 2 5 -5 -6 6 -8
leaf_value=0.0030959896017117867 0.039401293455593268 0.0099460054011196973 -0.011884259063082506 0 -0.017473528228355458 -0.0059065699255478245 0.011838014039879318
leaf_weight=5.713692493736743 28.323761127889156 23.325213260948658 20.175433069467545 14.703908961266277 63.282612882554531 11.539704374969007 9.7133838571608049
leaf_count=100 245 362 325 262 1205 193 145
internal_value=0.00167712 -0.00707114 0.000769655 -0.0128386 -0.0154306 -0.00486694 0.0027101
internal_weight=176.778 148.454 64.7537 83.7002 68.9963 41.4285 21.2531
internal_count=2837 2592 1025 1567 1305 663 338
is_linear=0
shrinkage=0.03


Tree=18
num_leaves=8
num_cat=0
split_feature=2 29 5 2 1 25 30
split_gain=48.815 12.0023 9.01357 3.84334 3.42654 3.53898 2.43848
threshold=0.20933129878517096 41.000000000000007 -0.33709876098531549 0.11331514022884982 -10.577012419508245 1.5000000000000002 10.635461495788791
decision_type=8 2 10 10 8 2 8
left_child=2 -2 3 6 -4 -6 -1
right_child=1 -3 4 -5 5 -7 -8
leaf_value=0.005611827594668533 0.032125129463526317 -0.0041509457065989994 0.0046569815634469975 0.017366783776162659 0.0031963074549597481 -0.016688309414961473 -0.0092318445271930005
leaf_weight=10.385866172611719 29.237522460520267 7.4883561432361594 3.4852433763444424 4.1448697596788397 4.8337848186492911 102.48428519442677 13.181347444653509
leaf_count=182 268 67 60 62 89 1860 236
internal_value=-0.00247634 0.0249737 -0.010823 0.00331968 -0.0144717 -0.015503 -0.00245079
internal_weight=175.241 36.7259 138.515 27.7121 110.803 107.318 23.5672
internal_count=2824 335 2489 480 2009 1949 418
is_linear=0
shrinkage=0.03


Tree=19
num_leaves=8
num_cat=0
split_feature=2 5 2 2 18 25 18
split_gain=49.9266 6.26128 5.37372 4.75043 3.62941 3.55402 2.8165
threshold=0.17262979966188222 -0.30991265230219295 0.24048475746439688 -0.15733340370713453 0.7875059397929004 1.5000000000000002 0.849131989594337
decision_type=8 8 10 10 10 2 8
left_child=1 3 6 -1 -5 -3 -2
right_child=2 5 -4 4 -6 -7 -8
leaf_value=-0.0084351555478349802 0.013648358798782222 0.0048882316767420537 0.032865431277857134 -0.0017613548351244515 0.022137933650112754 -0.0127937435097963 -0.0039900816768765014
leaf_weight=7.3430048562586334 13.359476190060379 5.8789653629064551 27.268037743866444 5.9307394921779615 6.42207171022892 102.29303847625852 6.7991744615137568
leaf_count=130 162 109 225 104 109 1903 86
internal_value=0.00108389 -0.00866946 0.0251065 0.00488584 0.0137444 -0.0114332 0.00772309
internal_weight=175.295 127.868 47.4267 19.6958 12.3528 108.172 20.1587
internal_count=2828 2355 473 343 213 2012 248
is_linear=0
shrinkage=0.03


Tree=20
num_leaves=8
num_cat=0
split_feature=2 18 1 5 3 17 25
split_gain=45.8509 11.7399 3.33963 3.25132 3.59785 2.65915 2.61913
threshold=0.17262979966188222 0.861487265795012 0.049970971763623979 -0.33709876098531549 -0.81575266317193784 0.052595957808671996 1.5000000000000002
decision_type=8 8 8 8 10 10 2
left_child=3 5 -3 4 -1 -2 -5
right_child=1 2 -4 6 -6 -7 -8
leaf_value=0.013290392064882285 0.0040857255251603476 0.010540687418108208 -0.0087248198742014612 0.0029438275072596978 -0.0067383834096720035 0.034230254265633302 -0.012835841266413784
leaf_weight=5.2624132372438934 6.7159912325441828 7.1977053880691528 9.3024624548852461 5.7878007888793936 12.252040654420851 26.688629232347012 104.24001566693187
leaf_count=88 78 73 97 106 215 243 1960
internal_value=-0.000315723 0.0219629 0 -0.00992539 0.000971867 0.0304924 -0.0117354
internal_weight=177.447 49.9048 16.5002 127.542 17.5145 33.4046 110.028
internal_count=2860 491 170 2369 303 321 2066
is_linear=0
shrinkage=0.03


Tree=21
num_leaves=8
num_cat=0
split_feature=2 2 5 18 6 5 2
split_gain=42.6742 5.82536 4.82836 4.78525 3.57873 2.32829 2.14633
threshold=0.18318745029476627 0.051032832670821766 -0.28170156685490211 0.861487265795012 0.078082745607998646 -0.49138392644306683 0.069493927640535705
decision_type=8 10 10 10 8 8 8
left_child=1 5 -3 -2 -5 -1 -4
right_child=3 2 6 4 -6 -7 -8
leaf_value=6.2420119419417852e-05 0.028997198397652683 0.015294824623082971 0.0060460171577848294 0.013097100101242255 -0.0071542740702343057 -0.014488956405134177 -0.0075002300774757542
leaf_weight=8.888883985579012 30.900072067975998 6.5812633521854869 6.2395125664770612 10.135360557585956 6.0926760621368876 72.059682596474886 33.698555666953325
leaf_count=156 276 104 113 98 65 1419 586
internal_value=0.000641445 -0.0083604 0 0.0229409 0.00502301 -0.0128605 -0.00441521
internal_weight=174.596 127.468 46.5193 47.1281 16.228 80.9486 39.9381
internal_count=2817 2378 803 439 163 1575 699
is_linear=0
shrinkage=0.03


Tree=22
num_leaves=8
num_cat=0
split_feature=2 2 18 17 17 22 1
split_gain=49.9556 5.89673 5.69189 5.28069 4.00301 5.28865 3.79375
threshold=0.18318745029476627 0.056261836239381031 0.861487265795012 -0.13418255515090546 0.090327376986495969 262.50000000000006 0.22248920455378104
decision_type=8 10 8 10 10 2 8
left_child=1 4 -2 -3 -1 -6 -4
right_child=2 3 6 -5 5 -7 -8
leaf_value=-0.01579911445630508 0.032384849933653717 0.015122293981412606 0.01513181396238294 -0.0046623846760794211 -0.01020018049846886 0.012987327031155351 -0.0059665550557040543
leaf_weight=61.755910709500313 31.545715175569057 8.5504187569022161 7.5810052603483182 37.065243199467659 12.806156028062107 7.3852027952671042 7.5604477636516094
leaf_count=1230 276 140 74 647 241 136 76
internal_value=0.00183419 -0.00792493 0.0260319 0.00046943 -0.0123905 0 0.00552803
internal_weight=174.25 127.563 46.6872 45.6157 81.9473 20.1914 15.1415
internal_count=2820 2394 426 787 1607 377 150
is_linear=0
shrinkage=0.03


Tree=23
num_leaves=8
num_cat=0
split_feature=2 2 5 16 2 18 16
split_gain=63.2538 8.4193 4.80299 3.31289 4.06438 2.82823 2.63293
threshold=0.26392974877385356 0.051032832670821766 -0.21941524106294316 -0.65268017360935204 -0.28366565734840871 0.87521673598542249 -0.44050977781618134
decision_type=8 10 8 2 10 8 2
left_child=1 3 -3 4 -1 -2 -5
right_child=5 2 -4 6 -6 -7 -8
leaf_value=0.0047200282308147642 0.045727491857566513 0.018279425463370108 -0.00079131893515791893 0.011039580923422315 -0.015769530794715419 0.0094397843513169891 -0.006762935290528984
leaf_weight=5.114142443984746 18.781194634735588 6.2857778072357178 60.407274667173624 5.2903897725045672 61.799716003239155 8.7938335314393026 8.7367089912295324
leaf_count=92 133 95 943 99 1259 74 161
internal_value=0.00327436 -0.0050328 0.00257057 -0.0111341 -0.0136665 0.0393019 0.000841284
internal_weight=175.209 147.634 66.6931 80.941 66.9139 27.575 14.0271
internal_count=2856 2649 1038 1611 1351 207 260
is_linear=0
shrinkage=0.03


Tree=24
num_leaves=8
num_cat=0
split_feature=2 1 18 4 7 16 5
split_gain=51.3654 6.26952 5.5909 6.39806 2.72259 1.50658 1.41427
threshold=0.17262979966188222 0.22248920455378104 0.87521673598542249 0.19660283353900024 0.016188784901416637 -0.67729002088516055 -0.30991265230219295
decision_type=8 8 8 8 10 2 8
left_child=4 -2 3 -3 6 -6 -1
right_child=1 2 -4 -5 5 -7 -8
leaf_value=-0.0018207621344220198 0.031773023093740638 -0.003310889923641288 -0.0079763847810425687 0.026133880700853773 -0.0043238654778030945 0.010173081781113022 -0.013060958086912043
leaf_weight=17.913762770593166 27.931516617536545 7.1271960623562345 7.6806926392018786 8.4708182513713837 6.1777735948562622 3.4092582464218122 94.727566380053759
leaf_count=318 255 71 82 65 119 60 1848
internal_value=9.81097e-05 0.0233395 0.00720256 0.0154827 -0.0103598 0.00226101 -0.011637
internal_weight=173.439 51.2102 23.2787 15.598 122.228 9.58703 112.641
internal_count=2818 473 218 136 2345 179 2166
is_linear=0
shrinkage=0.03


Tree=25
num_leaves=8
num_cat=0
split_feature=2 6 5 18 2 1 3
split_gain=41.9417 11.1082 4.84349 3.63094 3.28696 2.62656 2.74258
threshold=0.17262979966188222 0.082131649865770415 -0.49138392644306683 0.861487265795012 -0.14403779086184063 -10.577012419508245 -0.39401227958194901
decision_type=8 8 8 8 10 8 8
left_child=2 -2 4 -3 -1 -4 -7
right_child=1 3 5 -5 -6 6 -8
leaf_value=-0.0055313806390835047 0.030456429023830483 0.0095924403395759045 0.0050608914350214387 -0.010008167966546978 0.016517163151166303 0.00055589961372535439 -0.01257128080184953
leaf_weight=4.5223896279931068 34.469982724636793 12.166579864919187 4.1817973144352436 6.5118666775524607 4.9973722584545595 13.327976070344446 96.844227202236652
leaf_count=81 304 115 76 69 84 260 1899
internal_value=0.0013922 0.0219416 -0.00810704 0.00124481 0.0074438 -0.00992627 -0.0109262
internal_weight=177.022 53.1484 123.874 18.6784 9.51976 114.354 110.172
internal_count=2888 488 2400 184 165 2235 2159
is_linear=0
shrinkage=0.03


Tree=26
num_leaves=8
num_cat=0
split_feature=2 2 18 4 4 1 2
split_gain=40.3224 5.61257 5.20485 4.11524 3.81313 2.97209 2.72277
threshold=0.17262979966188222 0.051032832670821766 0.87521673598542249 -0.066333398519908368 0.094181235280523426 0.22248920455378104 -0.28366565734840871
decision_type=8 10 8 8 8 8 10
left_child=1 6 4 -3 -2 -4 -1
right_child=2 3 5 -5 -6 -7 -8
leaf_value=0.0023135419118684372 0.0012624625387296388 0.014092356931488661 0.011706912303035055 -0.0046213627467633521 0.029513843635984745 -0.0065070923473405417 -0.015142432095571336
leaf_weight=5.1600588634610167 6.9546886533498782 5.6857495345175266 8.0709308609366399 38.186125304549932 30.2194714769721 7.918388318270444 71.947309955954552
leaf_count=93 74 97 78 686 247 84 1484
internal_value=0.000250974 -0.00919317 0.0203789 -0.000107541 0.0257201 0.00289956 -0.0136904
internal_weight=174.143 120.979 53.1635 43.8719 37.1742 15.9893 77.1074
internal_count=2843 2360 483 783 321 162 1577
is_linear=0
shrinkage=0.03


Tree=27
num_leaves=8
num_cat=0
split_feature=4 30 5 0 5 25 6
split_gain=14.0589 6.11376 5.21672 6.12695 2.4859 3.63369 2.35943
threshold=0.14668392030419972 11.207375904300799 -0.30991265230219295 -0.070814431954184007 0.16201966518367525 12.500000000000002 0.062091782180464884
decision_type=10 10 10 10 10 2 8
left_child=2 -2 3 -1 6 -6 -4
right_child=1 -3 4 -5 5 -7 -8
leaf_value=-0.0045087775046714958 0.0038350626056429644 0.027891179761196903 -0.0037557075863759249 0.017479672785864511 0.011308234489303858 -0.0072149890180205544 -0.015605895212377756
leaf_weight=21.501404665410519 30.755712997168303 10.090983506292103 38.906383275985718 10.680321536958216 7.8674128986895111 15.844541653990744 37.639722965657711
leaf_count=382 329 112 759 166 130 262 704
internal_value=-0.000106467 0.0136797 -0.00500222 0.00444258 -0.00827671 0 -0.0106855
internal_weight=173.286 40.8467 132.44 32.1817 100.258 23.712 76.5461
internal_count=2844 441 2403 548 1855 392 1463
is_linear=0
shrinkage=0.03


Tree=28
num_leaves=8
num_cat=0
split_feature=2 30 30 2 29 2 5
split_gain=29.171 5.68055 6.24774 5.55832 4.37678 3.28227 3.16508
threshold=0.18318745029476627 11.207375904300799 10.293916315996503 0.051032832670821766 29.500000000000004 0.26392974877385356 -0.28170156685490211
decision_type=8 8 10 10 2 8 10
left_child=3 2 4 -1 -2 -3 -5
right_child=1 5 -4 6 -6 -7 -8
leaf_value=-0.012452778112844265 0.021485435868292383 0.003753433182968629 -0.0073838769879438137 0.011990478226862514 -0.0018920608035255309 0.036866908604045373 -0.0035423353148034812
leaf_weight=76.430848050862551 14.604151651263239 6.8456679880619049 11.240674789994953 7.6620498932898036 7.2073266357183448 9.6906735971570033 39.588047716766596
leaf_count=1591 120 77 96 119 62 69 712
internal_value=0 0.0177594 0.00693791 -0.00783846 0.0148227 0.0294633 7.64279e-05
internal_weight=173.269 49.5885 33.0522 123.681 21.8115 16.5363 47.2501
internal_count=2846 424 278 2422 182 146 831
is_linear=0
shrinkage=0.03


Tree=29
num_leaves=8
num_cat=0
split_feature=2 5 2 5 22 0 2
split_gain=41.2818 8.84892 6.00743 4.54641 3.03604 2.43019 2.3777
threshold=0.26392974877385356 -0.30991265230219295 0.10025519697754799 0.16201966518367525 268.50000000000006 -0.070814431954184007 0.20933129878517096
decision_type=8 10 10 10 2 10 10
left_child=1 2 5 6 -5 -1 -3
right_child=-2 3 -4 4 -6 -7 -8
leaf_value=-0.0072096783408906653 0.029067453708150906 -0.014936771970171544 0.021584630928680237 -0.0062034674745997977 0.0091678861919004921 0.0081524141752949992 0.0005992059766691336
leaf_weight=17.597310338169343 29.132704526185989 74.292614582926035 7.0304121747612944 21.869378320872784 10.833643496036528 6.2398048676550379 7.2079991623759261
leaf_count=334 203 1510 95 360 173 114 70
internal_value=0.000645525 -0.00618494 0.00658561 -0.00996453 0 -0.00167916 -0.0134644
internal_weight=174.204 145.071 30.8675 114.204 32.703 23.8371 81.5006
internal_count=2859 2656 543 2113 533 448 1580
is_linear=0
shrinkage=0.03


Tree=30
num_leaves=8
num_cat=0
split_feature=2 29 2 4 16 2 22
split_gain=28.3379 7.55729 4.87955 4.56502 3.99743 3.92359 5.31836
threshold=0.17262979966188222 41.000000000000007 0.051032832670821766 -0.066333398519908368 -0.67729002088516055 0.26392974877385356 268.50000000000006
decision_type=8 2 10 8 2 10 2
left_child=2 5 4 -4 -1 6 -2
right_child=1 -3 3 -5 -6 -7 -8
leaf_value=-0.015294711158281604 -0.0031506906014998034 -0.0029275271811062668 0.015093582307175049 -0.0045055944249684154 0.00087671858620428993 0.030800845436334611 0.019888166168755675
leaf_weight=60.126644987612963 13.950628265738489 10.439869899302719 6.0305437929928303 36.931935522705317 14.048221509903668 19.158612042665482 8.4809644445776922
leaf_count=1299 146 90 103 673 275 128 89
internal_value=7.23628e-05 0.0170938 -0.0079778 0 -0.0122622 0.0220835 0.00800538
internal_weight=169.167 52.0301 117.137 42.9625 74.1749 41.5902 22.4316
internal_count=2803 453 2350 776 1574 363 235
is_linear=0
shrinkage=0.03


Tree=31
num_leaves=8
num_cat=0
split_feature=2 2 4 16 30 22 4
split_gain=35.7738 4.63816 3.83572 6.22673 3.40497 2.91722 5.37793
threshold=0.26392974877385356 0.10025519697754799 -0.050000244207981652 -0.39657576485266982 11.207375904300799 185.50000000000003 0.11082581929922704
decision_type=8 10 10 2 8 2 10
left_child=1 5 -3 -4 -2 -1 -7
right_child=4 2 3 -5 -6 6 -8
leaf_value=-0.014559094421034225 0.011197605400024286 0.011256419100565419 -0.012541849980115555 0.0092762374797324774 0.038783114593474902 -0.0071948594483741491 0.014205229720408422
leaf_weight=42.937093812972307 20.904612660408024 15.38477350771427 20.704073045402762 11.958817180246117 9.9605874866247159 47.167965903878212 5.0253957472741595
leaf_count=908 141 225 314 147 67 979 94
internal_value=0.000934417 -0.00562334 0.00157668 -0.00393134 0.0266364 -0.00924552 -0.00327108
internal_weight=174.043 143.178 48.0477 32.6629 30.8652 95.1305 52.1934
internal_count=2875 2667 686 461 208 1981 1073
is_linear=0
shrinkage=0.03


Tree=32
num_leaves=8
num_cat=0
split_feature=2 2 3 1 4 16 25
split_gain=27.8208 6.93083 5.83463 2.96333 2.95663 3.98221 2.8585
threshold=0.10025519697754799 0.26392974877385356 -0.69906759826268838 -18.739314444860344 -0.050000244207981652 -0.30519294580255102 15.500000000000002
decision_type=8 10 10 10 8 2 2
left_child=3 2 -2 -1 -4 -6 -3
right_child=1 6 4 -5 5 -7 -8
leaf_value=0.0065540948422918004 0.020395085818644059 0.0036121351097612984 0.012013627001954123 -0.011331101485362356 -0.0099762386330971113 0.0069971633911649397 0.029261421818116074
leaf_weight=2.9406789615750304 7.9107726514339438 9.2873464077711123 4.8614187054336071 88.077741906046867 26.626280874013901 11.49178598821163 17.910514697432518
leaf_count=58 106 63 67 1855 401 132 117
internal_value=0.000669785 0.0131909 0.00483885 -0.0101189 -0.000481381 -0.00420774 0.0237407
internal_weight=169.107 78.0881 50.8903 91.0184 42.9795 38.1181 27.1979
internal_count=2799 886 706 1913 600 533 180
is_linear=0
shrinkage=0.03


Tree=33
num_leaves=8
num_cat=0
split_feature=2 29 5 2 1 1 29
split_gain=28.0336 6.89581 5.03063 5.15371 3.35863 3.32788 2.61709
threshold=0.17262979966188222 41.000000000000007 -0.30991265230219295 -0.15733340370713453 -6.9671685148573284 0.10382377478270928 19.500000000000004
decision_type=8 2 8 10 8 8 2
left_child=2 5 3 -1 -4 -2 -5
right_child=1 -3 4 6 -6 -7 -8
leaf_value=-0.0088546787736089108 0.030527028380714333 -0.0015171436037439937 0.0064244613335457772 -0.0014803054322273235 -0.010516031661132193 0.0086922898974512025 0.020517010371538611
leaf_weight=6.3733267597854164 21.965361606329679 10.523108538240193 5.3338633440434933 3.8483789898455134 91.416762560606003 22.391116164624691 8.0175726599991304
leaf_count=124 189 90 105 72 1917 191 143
internal_value=0.00202303 0.018302 -0.00630934 0.00586229 -0.00901958 0.0228037 0.0149046
internal_weight=169.869 54.8796 114.99 18.2393 96.7506 44.3565 11.866
internal_count=2831 470 2361 339 2022 380 215
is_linear=0
shrinkage=0.03


Tree=34
num_leaves=8
num_cat=0
split_feature=2 30 5 5 1 2 6
split_gain=29.7231 7.48715 5.34967 3.64174 3.37498 3.18772 2.94292
threshold=0.17262979966188222 11.207375904300799 -0.30991265230219295 0.1767271155417818 -6.9671685148573284 -0.15733340370713453 0.099815222299651396
decision_type=8 8 8 10 8 10 8
left_child=2 6 5 4 -4 -1 -2
right_child=1 -3 3 -5 -6 -7 -8
leaf_value=-0.0063893152669022759 0.01077974717394305 0.030573392009485223 0.0044315705407740975 0.00015432933954331326 -0.014708004979643073 0.012439226344326926 -0.0050671162520613058
leaf_weight=6.1631577685475376 28.65970266610384 18.690781332552433 4.4132439754903316 21.11666239798069 70.172291908413172 11.611067291349171 7.8640785552561274
leaf_count=121 233 159 88 411 1517 208 70
internal_value=0.00118299 0.0178887 -0.00746483 -0.010224 -0.0130743 0.00537179 0.00673342
internal_weight=168.691 55.2146 113.476 95.7022 74.5855 17.7742 36.5238
internal_count=2807 462 2345 2016 1605 329 303
is_linear=0
shrinkage=0.03


Tree=35
num_leaves=8
num_cat=0
split_feature=2 5 22 18 1 1 0
split_gain=36.5705 3.82437 3.22938 2.68632 3.67645 2.49003 1.99071
threshold=0.17262979966188222 -0.38529363583507981 293.50000000000006 0.861487265795012 0.22248920455378104 -1.6417636932737176 -0.49046425900321594
decision_type=8 8 2 8 8 8 10
left_child=1 2 5 -2 -5 -1 -3
right_child=3 6 -4 4 -6 -7 -8
leaf_value=-0.0028134645299220966 0.02459554639696258 0.0033347705061044369 -0.0078866983980852984 0.014862061135484265 -0.0056365361193693852 0.018137452007531737 -0.01057599522262432
leaf_weight=3.3527777679264545 39.358400166034698 4.8104080259799948 4.5068679936230174 7.5335108488798124 8.3415400758385641 6.3849578686058504 94.62909334525466
leaf_count=62 311 100 83 66 82 114 2007
internal_value=0.00212641 -0.00749775 0.00451022 0.020615 0.00518325 0.0120627 -0.00956524
internal_weight=168.918 113.684 14.2446 55.2335 15.8751 9.73774 99.4395
internal_count=2825 2366 259 459 148 176 2107
is_linear=0
shrinkage=0.03


Tree=36
num_leaves=8
num_cat=0
split_feature=2 6 17 22 2 22 4
split_gain=25.3715 7.43811 5.0646 4.04993 3.83346 3.02925 2.40723
threshold=0.11331514022884982 0.087853757904858429 0.10959723962624247 243.50000000000003 0.26392974877385356 238.50000000000003 -0.39648743316028817
decision_type=8 10 10 2 8 2 8
left_child=2 4 6 -4 -2 -3 -1
right_child=1 5 3 -5 -6 -7 -8
leaf_value=0.0016937729792345746 0.0066960815935767836 -0.010158335445658946 -0.006995504396134904 0.011762887119495547 0.024599580645776588 0.008048523219672964 -0.014808831430920284
leaf_weight=5.431013535708189 31.379773266613483 11.632239907979967 15.027512159198524 10.587841536849735 28.323615789413452 5.9523863643407813 63.686284441500902
leaf_count=108 420 138 302 204 177 68 1423
internal_value=0.000576699 0.0127228 -0.00940581 0.00126602 0.0173143 -0.00281946 -0.0132764
internal_weight=172.021 77.288 94.7327 25.6154 59.7034 17.5846 69.1173
internal_count=2840 803 2037 506 597 206 1531
is_linear=0
shrinkage=0.03


Tree=37
num_leaves=8
num_cat=0
split_feature=2 2 4 30 0 18 3
split_gain=24.7146 6.25686 6.41623 6.13032 4.72592 3.39942 3.06857
threshold=0.24048475746439688 0.051032832670821766 -0.050000244207981652 11.279188329632326 0.16962795691237395 0.58544815853788246 0.31273396891951782
decision_type=8 10 10 8 10 8 8
left_child=1 5 -3 -2 -4 -1 -6
right_child=3 2 4 -5 6 -7 -8
leaf_value=0.00136193094500113 0.0080798917997850963 0.013437470710595711 -0.01105106321694713 0.035411979082438719 0.014696940029962439 -0.01313085150912423 -0.0045305373624163359
leaf_weight=14.752184193581341 26.710965871810913 20.915109504014254 26.275301344692707 10.686798542737959 7.9273928478360158 55.524894502013922 7.0782938376069069
leaf_count=338 178 336 466 69 112 1243 98
internal_value=0.00185296 -0.00436105 0.002287 0.0210847 -0.0043223 -0.0100687 0.00655365
internal_weight=169.871 132.473 62.1961 37.3978 41.281 70.2771 15.0057
internal_count=2840 2593 1012 247 676 1581 210
is_linear=0
shrinkage=0.03


Tree=38
num_leaves=8
num_cat=0
split_feature=2 5 27 6 1 2 6
split_gain=29.351 6.93893 5.35874 4.24278 4.22685 3.47975 3.37744
threshold=0.18318745029476627 -0.0097672724554301819 0.54730000000000012 0.056104277765816765 0.22248920455378104 0.012591624500559397 0.047747460872056259
decision_type=8 10 2 8 10 10 10
left_child=1 3 4 6 -2 -5 -1
right_child=2 -3 -4 5 -6 -7 -8
leaf_value=0 0.015482073231248672 -0.014113740711467758 0.028602412920749037 -0.012322095179151974 -0.0023447565352734488 0.0032814880824071926 0.018356733377299244
leaf_weight=19.240399815142158 17.040640287101269 51.769273426383734 21.051754418760538 21.581333920359612 17.112373676151037 15.883859518915413 7.5543061681091777
leaf_count=407 132 1081 157 488 142 299 156
internal_value=0.00171188 -0.00675584 0.0183491 0 0.00744427 -0.00596345 0.00795455
internal_weight=171.234 116.029 55.2048 64.2599 34.153 37.4652 26.7947
internal_count=2862 2431 431 1350 274 787 563
is_linear=0
shrinkage=0.03


Tree=39
num_leaves=8
num_cat=0
split_feature=2 5 6 2 5 6 17
split_gain=24.3856 5.21366 4.50105 4.40537 2.60591 2.59224 2.35423
threshold=0.24048475746439688 -0.30991265230219295 0.096694690662783869 -0.15733340370713453 0.20093875383498563 0.039591175891329711 0.10959723962624247
decision_type=8 8 8 10 8 10 10
left_child=1 3 -2 -1 5 -3 -7
right_child=2 4 -4 -5 -6 6 -8
leaf_value=-0.006861941588811365 0.024824750292582853 0 4.2572629971896655e-05 0.015088882162865956 0 -0.015687307723585429 -0.0014912605391423717
leaf_weight=6.4452859796583679 29.992287419736385 16.567503105849028 9.495176896452902 13.020328395068644 35.604739338159561 44.671812191605568 18.484995935112238
leaf_count=130 186 346 69 226 616 997 334
internal_value=0.00156805 -0.00460848 0.0201926 0.0073929 -0.0071039 -0.00988347 -0.0123779
internal_weight=174.282 134.795 39.4875 19.4656 115.329 79.7243 63.1568
internal_count=2904 2649 255 356 2293 1677 1331
is_linear=0
shrinkage=0.03


Tree=40
num_leaves=8
num_cat=0
split_feature=2 22 18 1 2 17 4
split_gain=29.8059 5.23012 4.99097 6.25886 3.99084 4.6911 2.14431
threshold=0.18318745029476627 250.50000000000003 0.68629043443673432 0.049970971763623979 0.051032832670821766 -0.13418255515090546 -0.066333398519908368
decision_type=8 2 10 8 10 10 8
left_child=4 2 -2 -4 -1 -6 -7
right_child=1 -3 3 -5 5 6 -8
leaf_value=-0.011408055134028818 0.017655108531578752 0.027748877204395121 0.010651344751180541 -0.014393005322298178 0.013571520591369686 0.0067902264251242196 -0.0080104584143498251
leaf_weight=69.633085988461971 11.855310920625927 22.466125104576349 9.3752439916133845 10.406989503651861 8.4463974274694902 3.6287714652717113 32.308607306331396
leaf_count=1601 83 173 72 91 139 64 618
internal_value=0.00127593 0.0182129 0.00682902 -0.00233466 -0.00730529 0 -0.00521033
internal_weight=168.121 54.1037 31.6375 19.7822 114.017 44.3838 35.9374
internal_count=2841 419 246 163 2422 821 682
is_linear=0
shrinkage=0.03


Tree=41
num_leaves=8
num_cat=0
split_feature=2 6 27 2 5 7 16
split_gain=20.9372 7.15602 3.38148 3.99625 3.06966 2.97282 2.76589
threshold=0.17262979966188222 0.085798286060302931 0.53670000000000007 0.051032832670821766 -1.0000000180025095e-35 0.16896802668429706 -0.62565881863668171
decision_type=8 8 2 10 8 8 2
left_child=2 -2 3 6 5 -4 -1
right_child=1 -3 4 -5 -6 -7 -8
leaf_value=-0.018407116261094442 0.020961380499899276 -0.00042321206472335429 -0.0063871260647729014 -0.00012648010294620207 -0.0068459316633946487 0.01150110802181066 0.00057770481020850398
leaf_weight=33.272326283156872 38.923103529959917 17.749814514070749 4.995134599506855 25.096241135150194 22.200373630970716 18.40469761937857 5.919404797255992
leaf_count=794 296 160 106 473 472 400 125
internal_value=0.00106414 0.014808 -0.00642064 -0.0104561 0 0.00655041 -0.01561
internal_weight=166.561 56.6729 109.888 64.288 45.6002 23.3998 39.1917
internal_count=2826 456 2370 1392 978 506 919
is_linear=0
shrinkage=0.03


Tree=42
num_leaves=8
num_cat=0
split_feature=4 18 3 22 17 22 27
split_gain=9.96772 10.6397 4.45041 4.84087 4.23526 4.36683 3.77024
threshold=0.11082581929922704 0.56715768025392188 -0.47053662675759106 231.50000000000003 0.24258145553960583 136.50000000000003 0.42965000000000003
decision_type=10 10 10 2 10 2 2
left_child=2 -2 3 -1 -3 -6 -4
right_child=1 4 6 -5 5 -7 -8
leaf_value=-0.0046068857804570703 0.032874525443419199 -0.0052640562484196646 -0.013316093301502175 0.014687893529093856 -0.0042649064791073048 0.017870783916735529 -0.00077586413928457706
leaf_weight=16.957527402788404 7.6282003447413436 21.705335400998592 36.461648732423782 14.412561409175394 7.1399746090173748 14.06655068323016 49.351508311927319
leaf_count=304 77 286 725 263 66 115 985
internal_value=0.00125105 0.0114823 -0.00349356 0.00506011 0.00281674 0.0107776 -0.00694521
internal_weight=167.723 50.5401 117.183 31.3701 42.9119 21.2065 85.8132
internal_count=2821 544 2277 567 467 181 1710
is_linear=0
shrinkage=0.03


Tree=43
num_leaves=8
num_cat=0
split_feature=4 16 3 6 27 27 25
split_gain=10.2718 7.82628 5.63271 5.48791 5.42956 3.9772 3.66314
threshold=0.14668392030419972 -0.65268017360935204 -0.47053662675759106 0.069691968037604607 0.52355000000000007 0.71520000000000017 27.500000000000004
decision_type=10 2 10 10 2 2 2
left_child=2 -2 -1 -3 -4 6 -6
right_child=1 3 4 -5 5 -7 -8
leaf_value=0.0069082318523510473 -0.0056258974736312613 0.026360072411859121 -0.012347724046839263 0.00074812946047099504 0.01305704309960481 -0.0085072055081683914 -0.0063173785773509399
leaf_weight=31.005177602171898 10.558872714638708 20.972653321921825 51.05939931049943 12.498103648424147 20.404668513685468 13.779445972293614 5.8713414333760729
leaf_count=557 146 175 1023 118 386 286 109
internal_value=0.00171015 0.0129666 -0.00278069 0.0191474 -0.00652053 0.00141437 0.00782619
internal_weight=166.15 44.0296 122.12 33.4708 91.1149 40.0555 26.276
internal_count=2800 439 2361 293 1804 781 495
is_linear=0
shrinkage=0.03


Tree=44
num_leaves=8
num_cat=0
split_feature=2 5 18 2 2 17 4
split_gain=23.3463 6.14117 4.4378 3.83672 3.70738 2.40539 2.72748
threshold=0.20933129878517096 -0.30991265230219295 0.7875059397929004 0.051032832670821766 -0.085325144930928451 -0.19213862089957609 0.065854585077607011
decision_type=8 8 10 10 10 10 10
left_child=1 2 -1 -3 -4 -5 -7
right_child=-2 3 4 5 -6 6 -8
leaf_value=-0.0037669017006462303 0.019197288890460257 -0.011752951836722092 -0.00075166312929189334 0.011453250650163673 0.026568688428569957 -0.0091339606051232883 0.0034124085918036335
leaf_weight=9.0917291305959242 49.969540856778622 53.008738789707422 4.5546007752418518 4.4377916865050784 5.3120383061468583 23.609535947442055 22.366535238921642
leaf_count=175 342 1298 90 75 86 438 380
internal_value=0.00342691 -0.00368009 0.0092685 -0.00668336 0.018428 -0.000216457 -0.00315135
internal_weight=172.351 122.381 18.9584 103.423 9.86664 50.4139 45.9761
internal_count=2884 2542 351 2191 176 893 818
is_linear=0
shrinkage=0.03


Tree=45
num_leaves=8
num_cat=0
split_feature=2 5 2 17 28 29 27
split_gain=18.58 4.67814 6.11785 3.11277 3.42967 2.88764 2.72778
threshold=0.20933129878517096 -0.30991265230219295 -0.085325144930928451 0.10959723962624247 -1.0000000180025095e-35 41.000000000000007 0.57555000000000012
decision_type=8 8 10 10 2 2 2
left_child=1 2 -1 6 -5 -2 -3
right_child=5 3 -4 4 -6 -7 -8
leaf_value=-0.007673221241359638 0.017585293543097066 -0.015658041247227007 0.017590011769423413 -0.0099537447617115363 0.0054073073466776398 0 -0.0012944386796278099
leaf_weight=9.4425267875194567 41.750581592321396 42.975896812975407 9.5188918299972993 13.891153980046509 24.043001890182495 9.7706824615597707 20.672558322548866
leaf_count=193 282 1004 156 264 433 68 467
internal_value=0.000759539 -0.00560596 0.00590908 -0.00816672 -0.00064511 0.0146566 -0.0118676
internal_weight=172.065 120.544 18.9614 101.583 37.9342 51.5213 63.6485
internal_count=2867 2517 349 2168 697 350 1471
is_linear=0
shrinkage=0.03


Tree=46
num_leaves=8
num_cat=0
split_feature=2 16 16 6 27 25 1
split_gain=17.0536 3.47497 4.91009 3.47495 3.21899 2.22166 2.04565
threshold=0.24048475746439688 -1.5182606464231454 -0.26051993546248775 0.096694690662783869 0.54730000000000012 14.500000000000002 -0.70071747366740322
decision_type=8 2 2 8 2 2 8
left_child=1 4 -3 5 -1 -2 -6
right_child=3 2 -4 -5 6 -7 -8
leaf_value=-0.0033332860630880729 0.003279049424599089 -0.0094710391578184828 0.0057076851597483618 0 0.019111625918090795 0.02456364037901208 -0.00098032083963335635
leaf_weight=15.225610483437778 10.472118571400641 84.379900489002466 17.141825549304485 9.776503272354601 6.128061156719923 22.517583459615707 3.6831941492855531
leaf_count=332 63 1728 267 69 127 129 79
internal_value=0.00147811 -0.00408961 -0.00654146 0.0162982 0.00457487 0.0201317 0.0136743
internal_weight=169.325 126.559 101.522 42.7662 25.0369 32.9897 9.81126
internal_count=2794 2533 1995 261 538 192 206
is_linear=0
shrinkage=0.03


Tree=47
num_leaves=8
num_cat=0
split_feature=2 30 2 28 3 16 2
split_gain=11.2126 3.77692 3.41142 7.6773 6.79621 3.68583 4.05918
threshold=0.26392974877385356 11.207375904300799 0.051032832670821766 2.5000000000000004 0.33433443384468842 -0.67729002088516055 -0.28366565734840871
decision_type=8 8 10 2 10 2 10
left_child=2 -2 5 4 -4 6 -1
right_child=1 -3 3 -5 -6 -7 -8
leaf_value=0.0071529390312448102 0.004288362366295183 0.02527259075271043 0.012775046284549377 -0.011693804766100721 -0.0096307988174799582 0.0046134292883227169 -0.013110429056690851
leaf_weight=4.3248419128358355 23.314059212803841 11.485955908894537 42.27560205757618 17.873496830463409 8.8682797029614431 12.659007571637629 47.717986214905977
leaf_count=89 140 66 678 262 120 271 1189
internal_value=0.00154083 0.0149941 -0.00250326 0.00191202 0.00785911 -0.0071115 -0.010448
internal_weight=168.519 34.8 133.719 69.0174 51.1439 64.7018 52.0428
internal_count=2815 206 2609 1060 798 1549 1278
is_linear=0
shrinkage=0.03


Tree=48
num_leaves=8
num_cat=0
split_feature=2 1 30 17 4 28 18
split_gain=15.151 5.29742 9.31911 3.23558 3.97838 4.1662 3.90313
threshold=0.17262979966188222 0.22248920455378104 11.207375904300799 0.10959723962624247 -0.49105828435951399 -1.0000000180025095e-35 0.861487265795012
decision_type=8 8 10 10 10 2 10
left_child=3 -2 -3 6 -5 -6 -1
right_child=1 2 -4 4 5 -7 -8
leaf_value=-0.012655163490007591 0.019662994695459325 -0.0091047251508273794 0.018392937603834217 -0.010478014505170996 -0.0046158364976681106 0.015156282984808518 0.00089986360521262317
leaf_weight=49.306872166693211 32.865802381187677 19.677825752645735 10.407659336924551 7.463363926857709 9.6614105664193648 15.651082549244164 24.234041232615709
leaf_count=1169 244 159 75 146 193 311 532
internal_value=0.00165743 0.0125455 0.00187924 -0.00508505 0.00208248 0.00786313 -0.00835435
internal_weight=169.268 62.9513 30.0855 106.317 32.7759 25.3125 73.5409
internal_count=2829 478 234 2351 650 504 1701
is_linear=0
shrinkage=0.03


Tree=49
num_leaves=8
num_cat=0
split_feature=2 6 5 27 0 2 18
split_gain=17.1044 7.89557 3.35944 3.10046 2.95664 2.55355 1.81569
threshold=0.17262979966188222 0.085798286060302931 -0.30991265230219295 0.21170000000000003 -0.070814431954184007 -0.011392213894737767 0.87521673598542249
decision_type=8 8 10 2 10 10 10
left_child=2 6 4 5 -1 -4 -2
right_child=1 -3 3 -5 -6 -7 -8
leaf_value=-0.0034922339128674582 0.022910088434506194 -0.0023028409682976981 -0.0075312771716944038 -0.01075308237535565 0.01283530548057712 0.011509619203867647 0.004305824834794008
leaf_weight=19.541868094354871 30.143584832549095 18.131027393043041 3.1680361106991768 71.496822267770767 7.4190720468759528 6.5670129619538766 12.890280172228811
leaf_count=386 207 159 82 1660 135 144 104
internal_value=0.00123529 0.0130651 -0.00576248 -0.0086436 0.00248065 0.0038653 0.0191799
internal_weight=169.358 61.1649 108.193 81.2319 26.9609 9.73505 43.0339
internal_count=2877 470 2407 1886 521 226 311
is_linear=0
shrinkage=0.03


Tree=50
num_leaves=8
num_cat=0
split_feature=2 2 5 0 5 2 5
split_gain=16.4662 4.13796 3.87535 2.91312 5.45789 2.66633 2.26511
threshold=0.26392974877385356 0.051032832670821766 -0.21941524106294316 -0.061576090697828649 -0.0097672724554301819 -0.28366565734840871 -0.12153552059407646
decision_type=8 10 10 10 10 10 8
left_child=1 3 -3 5 6 -1 -5
right_child=-2 2 -4 4 -6 -7 -8
leaf_value=0.0037720538073277832 0.019128976511710541 0.014290115495975015 -0.00061422098916963104 -0.0010295339469278135 -0.0091323688721036914 -0.01455399651942757 0.017815489541246728
leaf_weight=3.8087506145238867 36.662293761968613 12.527208089828489 57.343138001859188 5.6749651059508324 17.453482363373041 31.073283199220896 7.1654279381036776
leaf_count=79 212 176 903 127 428 780 174
internal_value=0.00329459 -0.00172866 0.00305894 -0.0068394 0 -0.0118728 0.0115689
internal_weight=171.709 135.046 69.8703 65.1759 30.2939 34.882 12.8404
internal_count=2879 2667 1079 1588 729 859 301
is_linear=0
shrinkage=0.03


Tree=51
num_leaves=8
num_cat=0
split_feature=2 18 6 7 6 18 5
split_gain=19.2917 5.5734 3.29571 2.48701 2.14052 4.2279 3.10844
threshold=0.17262979966188222 0.87521673598542249 0.082131649865770415 -0.15996023812331814 0.056104277765816765 0.61845663725261657 -0.49138392644306683
decision_type=8 8 8 10 8 8 10
left_child=4 3 -3 -2 5 -1 -7
right_child=1 2 -4 -5 -6 6 -8
leaf_value=0.0095433144559565839 0.020207026872561477 0.0072783108943542786 -0.011468302443775766 0.00051913577111099504 -0.010729109836586481 0.0058774601303860502 -0.011152064648957745
leaf_weight=12.399220313876866 37.631853502243757 10.7700775526464 7.1336120329797259 8.9251485206186754 59.614161141216755 6.3063137680292121 27.233919974416494
leaf_count=286 266 87 67 64 1344 121 623
internal_value=0.000389398 0.0125437 -0.000847075 0.0173373 -0.00726185 -0.00156045 -0.00707377
internal_weight=170.014 64.4607 17.9037 46.557 105.554 45.9395 33.5402
internal_count=2858 484 154 330 2374 1030 744
is_linear=0
shrinkage=0.03


Tree=52
num_leaves=8
num_cat=0
split_feature=0 27 27 4 25 3 17
split_gain=8.0829 5.93798 4.54047 3.4192 4.88466 3.14342 3.08687
threshold=-0.018124759238594908 0.65790000000000015 0.71520000000000017 0.11082581929922704 9.5000000000000018 -0.69906759826268838 -0.53170048353498878
decision_type=10 2 2 10 2 10 8
left_child=1 6 -3 4 -2 -6 -1
right_child=3 2 -4 -5 5 -7 -8
leaf_value=0.0042642750640794862 0.012802011928871102 0.020696586001623361 -0.0040553161807242721 0.012494553002951627 0.0079763280809892027 -0.0078229051164430095 -0.01279941508728254
leaf_weight=6.0712808072566986 15.148405831307171 4.4672133512794963 8.2079789489507657 46.881364446133375 7.5044298879802218 34.047771748155355 45.371655147522688
leaf_count=115 267 84 182 453 115 622 991
internal_value=0.0020545 -0.00576584 0.00857551 0.0070961 0.0014077 -0.00383973 -0.0102304
internal_weight=167.7 64.1181 12.6752 103.582 56.7006 41.5522 51.4429
internal_count=2829 1372 266 1457 1004 737 1106
is_linear=0
shrinkage=0.03


Tree=53
num_leaves=8
num_cat=0
split_feature=2 30 30 27 17 22 26
split_gain=14.8117 5.2784 3.50321 5.06923 5.02068 4.24845 3.46547
threshold=0.26392974877385356 11.207375904300799 10.82656194483952 0.58900000000000008 -0.042663946313760907 219.50000000000003 2.5000000000000004
decision_type=8 8 10 2 10 2 2
left_child=2 -2 5 -4 -5 -1 -7
right_child=1 -3 3 4 -6 6 -8
leaf_value=-0.0067661377422353246 0.0029716447674117937 0.026405758640737513 -0.016467714728816158 -0.011297719783121397 0.011133689712461323 -0.00073428104893795974 0.014922968172755883
leaf_weight=41.537391267716885 21.766019307076931 12.74143125861883 32.655763488262892 8.1121631786227244 12.060373224318026 26.30505395680666 13.018559411168097
leaf_count=815 125 69 686 177 223 494 247
internal_value=-0.000134804 0.0153184 -0.0048691 -0.0103273 0.000934075 -0.000525619 0.00577872
internal_weight=168.197 34.5075 133.689 52.8283 20.1725 80.861 39.3236
internal_count=2836 194 2642 1086 400 1556 741
is_linear=0
shrinkage=0.03


Tree=54
num_leaves=8
num_cat=0
split_feature=16 27 21 7 2 0 6
split_gain=5.46465 5.9096 8.78121 6.43428 4.52658 4.21907 4.18906
threshold=0.45294816116875875 0.54730000000000012 0.84100000000000008 0.016188784901416637 0.18318745029476627 0.072219307083571674 0.056104277765816765
decision_type=2 2 2 10 10 10 8
left_child=1 3 4 6 5 -3 -1
right_child=-2 2 -4 -5 -6 -7 -8
leaf_value=0 0.016587974192195345 0.0093652790930873926 -0.012301776100988262 0.011720840532812799 0.021727604942328956 -0.0086798421054091069 -0.013187087422890809
leaf_weight=35.51214275509119 9.7888935282826406 24.191177252680063 11.051025405526159 9.3196675516664964 15.463147804141043 10.142473828047512 50.955328419804573
leaf_count=663 80 544 197 131 108 202 915
internal_value=0.000773954 -0.000881256 0.00587444 -0.00543928 0.0113121 0.00304735 -0.00828358
internal_weight=166.424 156.635 60.8478 95.7871 49.7968 34.3337 86.4675
internal_count=2840 2760 1051 1709 854 746 1578
is_linear=0
shrinkage=0.03


Tree=55
num_leaves=8
num_cat=0
split_feature=2 30 1 4 28 2 29
split_gain=17.6012 6.72828 5.09955 4.33807 3.96315 6.34185 3.67855
threshold=0.11331514022884982 11.649843905410041 0.16930329773742922 -0.27983439623801259 1.5000000000000002 0.24048475746439688 30.500000000000004
decision_type=8 8 10 8 2 10 2
left_child=3 2 6 -1 5 -4 -2
right_child=1 -3 4 -5 -6 -7 -8
leaf_value=0.0070710373142240058 0.017437094682615291 0.023494787322050702 -0.0087048599715478289 -0.009578004554424235 -0.013798103586552889 0.017553715063341895 -0.0010458182419563582
leaf_weight=9.792774882167576 21.034002590924501 21.518318384885788 9.5007955953478866 76.915779428556561 11.033086251467465 7.750503607094287 11.077686846256254
leaf_count=218 198 210 127 1830 104 44 112
internal_value=0.0019185 0.0114149 0.00464697 -0.00710084 -0.00381659 0.00432207 0.0117501
internal_weight=168.623 81.9144 60.3961 86.7086 28.2844 17.2513 32.1117
internal_count=2843 795 585 2048 275 171 310
is_linear=0
shrinkage=0.03


Tree=56
num_leaves=8
num_cat=0
split_feature=2 4 2 27 29 2 27
split_gain=16.719 5.86278 4.51781 4.21631 3.99635 3.38583 3.35647
threshold=0.17262979966188222 -0.12263693616826953 -0.085325144930928451 0.62550000000000006 41.000000000000007 0.24048475746439688 0.21170000000000003
decision_type=8 8 10 2 2 8 2
left_child=1 2 -1 4 5 -2 -3
right_child=3 6 -4 -5 -6 -7 -8
leaf_value=-0.0051767373449702198 -0.0011968354696686842 0.0032677247414270461 0.015062142127554069 0.023249704851827462 -0.0076546574380436582 0.014650923934243198 -0.012582283064752727
leaf_weight=13.579873930662872 14.483117979019882 9.1598501130938512 10.596484567970036 14.740179259330032 8.8271596394479257 26.366026401519772 69.398998303338885
leaf_count=324 150 208 238 102 71 153 1575
internal_value=0.000639953 -0.00663197 0.00476715 0.0118962 0.0055097 0.0094492 -0.0104297
internal_weight=167.152 102.735 24.1764 64.4165 49.6763 40.8491 78.5588
internal_count=2821 2345 562 476 374 303 1783
is_linear=0
shrinkage=0.03


Tree=57
num_leaves=8
num_cat=0
split_feature=16 30 4 6 30 22 6
split_gain=4.97911 5.29333 3.75486 3.14573 2.77973 2.25977 2.08329
threshold=-0.39657576485266982 11.279188329632326 -0.12263693616826953 0.066269824278548564 11.743312752950009 111.50000000000001 0.023834466720603111
decision_type=2 10 8 8 8 2 8
left_child=2 -2 3 5 6 -1 -4
right_child=1 -3 4 -5 -6 -7 -8
leaf_value=-0.0024263756105279391 0 0.019103519629348052 0.004178514945132189 -0.0041979294730763407 0.00097816202326399021 0.017358246483525977 -0.010966982503522469
leaf_weight=3.1825778186321285 35.985632427036762 12.505564037710426 3.5533593446016303 11.430794958025215 26.825596759095788 9.7175524868071061 62.052925912663341
leaf_count=71 365 145 69 250 524 220 1170
internal_value=-0.000375973 0.00693818 -0.00378386 0.00522235 -0.00653108 0.0126991 -0.0095779
internal_weight=165.254 48.4912 116.763 24.3309 92.4319 12.9001 65.6063
internal_count=2814 510 2304 541 1763 291 1239
is_linear=0
shrinkage=0.03


Tree=58
num_leaves=8
num_cat=0
split_feature=4 16 30 1 27 27 7
split_gain=7.70157 6.05759 5.09136 5.69997 4.71895 4.69562 4.21273
threshold=0.18572957414461641 -0.39657576485266982 10.768579810257661 0.10382377478270928 0.58900000000000008 0.71520000000000017 -1.0000000180025095e-35
decision_type=10 2 10 8 2 2 8
left_child=2 -2 3 6 -4 -6 -1
right_child=1 -3 4 -5 5 -7 -8
leaf_value=-0.008192708116738303 -0.0029582056432051508 0.019477083773825933 -0.01359736879859485 -0.0048056001242253732 0.013167688886144393 -0.0084157612313774926 0.013217998842204657
leaf_weight=3.4798837248235941 11.473583690822123 26.676632631570101 33.382204344496131 33.135561967268586 10.31047820299864 9.7813356481492502 39.67482765391469
leaf_count=88 145 186 682 619 183 206 741
internal_value=0.00250122 0.0130615 -0.00107279 0.00365918 -0.00766545 0.0027219 0.010187
internal_weight=167.915 38.1502 129.764 76.2903 53.474 20.0918 43.1547
internal_count=2850 331 2519 1448 1071 389 829
is_linear=0
shrinkage=0.03


Tree=59
num_leaves=8
num_cat=0
split_feature=2 17 18 22 26 1 25
split_gain=9.23279 5.1493 4.69883 7.76444 3.49411 4.12419 3.40719
threshold=0.12095862311524731 0.10959723962624247 0.55743386058810096 250.50000000000003 3.5000000000000004 -0.88149761050799758 14.500000000000002
decision_type=8 10 10 2 2 8 2
left_child=1 4 -2 6 -1 -6 -4
right_child=2 -3 3 -5 5 -7 -8
leaf_value=-0.012540890788010146 0.022779690291331794 0.0048014076915712106 -0.012121391882605314 0.014264236169998267 0.015100903389979185 -0.0087897178456498963 0.0026842967361775483
leaf_weight=50.767145285382867 9.4774513468146306 25.695262759923935 16.366969354450703 29.226014412939548 4.8072598073631525 5.11707587353885 24.850333858281374
leaf_count=1275 83 535 168 271 113 131 232
internal_value=0.00137601 -0.00510773 0.00838198 0.00412807 -0.00959197 0.00352068 -0.00390476
internal_weight=166.308 86.3867 79.9208 70.4433 60.6915 9.92434 41.2173
internal_count=2808 2054 754 671 1519 244 400
is_linear=0
shrinkage=0.03


Tree=60
num_leaves=8
num_cat=0
split_feature=2 18 5 2 30 27 26
split_gain=8.71429 5.51592 5.53405 5.43066 3.03972 2.5785 3.1813
threshold=0.051032832670821766 0.55743386058810096 -0.28170156685490211 0.26392974877385356 10.635461495788791 0.55510000000000004 3.5000000000000004
decision_type=8 8 10 10 10 2 2
left_child=-1 -2 -3 4 5 6 -4
right_child=1 2 3 -5 -6 -7 -8
leaf_value=-0.0067149066550918077 0.020577594543301381 0.016215557415292098 0.010198095857375295 0.0087363304600303997 -0.013628731791160463 -0.0094477120025441147 -0.0082370096464094329
leaf_weight=62.505487522110343 13.582205381244419 14.334641028195618 19.223759252578024 26.994850143790245 18.782341282814741 8.9088176600635034 4.4285204298794261
leaf_count=1588 164 163 288 148 302 136 67
internal_value=0.00155049 0.00667368 0.00301365 -0.000507026 -0.00614225 0 0.00506304
internal_weight=168.761 106.255 92.6729 78.3383 51.3434 32.5611 23.6523
internal_count=2856 1268 1104 941 793 491 355
is_linear=0
shrinkage=0.03


Tree=61
num_leaves=8
num_cat=0
split_feature=2 1 6 1 29 25 0
split_gain=9.04342 4.72072 5.86266 4.13729 3.00143 3.71747 2.99079
threshold=0.051032832670821766 -1.0000000180025095e-35 0.087853757904858429 0.68698340599661178 29.500000000000004 6.5000000000000009 -0.0097751738381945934
decision_type=8 8 10 10 2 2 10
left_child=6 4 3 -3 5 -2 -1
right_child=1 2 -4 -5 -6 -7 -8
leaf_value=-0.011486797813332708 -0.0017435457332888303 -0.0026512489351068454 -0.013262138987622119 0.013365851622373828 0.00045295984065846592 0.02044186471911788 0.0010438735685332462
leaf_weight=40.269705520942807 5.4533674716949454 22.507127992808819 12.823768798261879 20.67649856582284 16.571151673793793 27.702385775744915 21.487142970785499
leaf_count=1062 65 259 160 239 218 326 528
internal_value=0.00116843 0.00640733 0 0.00561515 0.0124292 0.0167988 -0.00729224
internal_weight=167.491 105.734 56.0074 43.1836 49.7269 33.1558 61.7568
internal_count=2857 1267 658 498 609 391 1590
is_linear=0
shrinkage=0.03


Tree=62
num_leaves=8
num_cat=0
split_feature=27 7 3 22 6 6 3
split_gain=5.41631 6.57474 5.03642 5.85185 4.83714 6.40611 4.13463
threshold=0.54730000000000012 inf -0.39401227958194901 104.50000000000001 0.056104277765816765 0.047747460872056259 0.50966488437186064
decision_type=2 8 10 2 10 8 10
left_child=4 -2 -3 -4 5 -1 -6
right_child=1 2 3 -5 6 -7 -8
leaf_value=-0.0045577274648236051 -0.0071006467450670328 -0.0025646824937392639 -0.0022780491841458438 0.022175722418226712 -0.011572068556825256 0.015076276687829087 0.0078758938018809749
leaf_weight=30.426077861338854 15.103400789201258 12.066948451101778 8.3854000829160196 28.57702174410224 51.693939918652177 16.38160159997642 5.0111463014036408
leaf_count=547 258 214 137 449 941 231 54
internal_value=0.000668511 0.00711578 0.0121399 0.0168762 -0.00341539 0.00323765 -0.00886032
internal_weight=167.646 64.1328 49.0294 36.9624 103.513 46.8077 56.7051
internal_count=2831 1058 800 586 1773 778 995
is_linear=0
shrinkage=0.03


Tree=63
num_leaves=8
num_cat=0
split_feature=2 22 6 18 6 29 26
split_gain=11.349 4.85323 9.20768 7.54829 3.99114 4.46934 4.00602
threshold=0.11331514022884982 262.50000000000006 0.061083277684425945 0.55743386058810096 0.064870592930269019 17.500000000000004 1.5000000000000002
decision_type=8 2 10 10 8 2 2
left_child=-1 3 -3 -2 6 -6 -5
right_child=1 2 -4 4 5 -7 -8
leaf_value=-0.0056287439188295717 0.020645906606138201 0 0.030071330399315723 -0.0069204743159423186 0.0056466469450843406 -0.016177464019641541 0.013416125969115773
leaf_weight=83.723566588014364 7.8659191839396945 15.363461557775738 14.219437230378388 7.5240024402737644 6.4418521299958256 17.859734620898962 12.547497704625128
leaf_count=2028 64 139 138 76 63 180 127
internal_value=0.00177948 0.00935305 0.0177236 0.00263955 -0.00293209 -0.00996226 0.00545872
internal_weight=165.545 81.8219 29.5829 52.239 44.3731 24.3016 20.0715
internal_count=2815 787 277 510 446 243 203
is_linear=0
shrinkage=0.03


Tree=64
num_leaves=8
num_cat=0
split_feature=2 5 2 25 2 3 1
split_gain=12.3204 6.27933 4.17208 3.96973 2.38719 4.29922 4.46136
threshold=0.26392974877385356 -0.30991265230219295 -0.14403779086184063 14.500000000000002 0.051032832670821766 0.33433443384468842 -0.07137202281186715
decision_type=10 8 8 2 10 10 8
left_child=1 2 -1 -2 -3 6 -6
right_child=3 4 -4 -5 5 -7 -8
leaf_value=-0.0049596174969246528 0 -0.010679516877118749 0.016933195246905345 0.020336671342621314 0.0098988655423543591 -0.014039398260201091 -0.0053160146850619776
leaf_weight=6.571948479861021 11.983983285725115 50.791439233347774 12.739181786775591 23.709044866263866 25.772023804485798 11.227178715169428 27.160485439002514
leaf_count=144 68 1329 217 122 402 157 437
internal_value=0.000810164 -0.00341975 0.00966307 0.0147775 -0.00622533 -0.00169827 0.00217275
internal_weight=169.955 134.262 19.3111 35.693 114.951 64.1597 52.9325
internal_count=2876 2686 361 190 2325 996 839
is_linear=0
shrinkage=0.03


Tree=65
num_leaves=8
num_cat=0
split_feature=2 3 6 17 28 3 5
split_gain=9.61052 4.98182 5.2953 4.48768 3.91796 5.39755 4.18728
threshold=0.10025519697754799 0.15961638205981565 0.096694690662783869 0.10959723962624247 3.5000000000000004 -0.1283380288152407 0.098305579535958962
decision_type=8 10 8 10 2 8 10
left_child=3 2 4 -1 5 -2 -7
right_child=1 -3 -4 -5 -6 6 -8
leaf_value=-0.0096335999579183363 -0.00028615400726177777 0.00016706149331039151 -0.0016024860280671549 0.0045428693840424547 0 0.036484227436642154 0.0041394032153922247
leaf_weight=56.851059176027775 5.729694951325655 42.801936898380518 11.639147885143755 21.822678316384554 8.1970406621694547 12.795996628701692 8.5096395164728147
leaf_count=1488 71 370 126 467 89 141 98
internal_value=0.0017838 0.00822984 0.0142214 -0.00547188 0.0191251 0.0234945 0.0287339
internal_weight=168.347 89.6735 46.8715 78.6737 35.2324 27.0353 21.3056
internal_count=2850 895 525 1955 399 310 239
is_linear=0
shrinkage=0.03


Tree=66
num_leaves=8
num_cat=0
split_feature=22 6 27 29 16 6 4
split_gain=5.26595 4.59892 4.76685 4.30423 4.19326 10.3673 2.53742
threshold=250.50000000000003 0.060035806120608846 0.42965000000000003 12.500000000000002 -0.67729002088516055 0.061083277684425945 -0.012423423904370899
decision_type=2 10 2 2 2 10 8
left_child=1 3 -3 -1 -2 -6 -5
right_child=4 2 -4 6 5 -7 -8
leaf_value=0.013998337412745629 -0.00073628586277820905 -0.018444166941160741 -0.0007431946830664622 0.0059271867883410392 -0.003133681995679643 0.026350392683264046 -0.0075904580932997078
leaf_weight=10.586363261565564 38.201880151405931 22.514727545902133 29.517664520069957 11.077940020710228 16.341684632003311 14.206282459199427 27.368232864886522
leaf_count=162 770 396 520 263 182 168 437
internal_value=-0.00014655 -0.0044552 -0.0100896 0.00183747 0.00579607 0.0128117 -0.00302248
internal_weight=169.815 101.065 52.0324 49.0325 68.7498 30.548 38.4462
internal_count=2898 1778 916 862 1120 350 700
is_linear=0
shrinkage=0.03


Tree=67
num_leaves=8
num_cat=0
split_feature=2 25 4 27 3 27 6
split_gain=6.86555 3.16068 2.79801 4.8962 3.19112 2.81599 2.64863
threshold=0.20933129878517096 12.500000000000002 -0.090536385868056221 0.21170000000000003 inf 0.42965000000000003 0.060035806120608846
decision_type=10 2 8 2 8 2 8
left_child=2 -2 6 -4 5 -5 -1
right_child=1 -3 3 4 -6 -7 -8
leaf_value=0.012129699122687309 0 0.014814273961289308 0.0087060881522006278 -0.017715206823711745 0.004067513053350038 -0.0039198163317978171 -0.0025811711781667558
leaf_weight=13.238983614370229 17.486787118017673 33.660831019282341 12.400111695751546 21.70956989005208 11.155127460137008 42.578004714101553 15.563083892688153
leaf_count=312 117 201 240 479 218 927 363
internal_value=0.00192334 0.0103192 -0.00206384 -0.00473743 -0.00774968 -0.0102309 0.00494
internal_weight=167.792 51.1476 116.645 87.8428 75.4427 64.2876 28.8021
internal_count=2857 318 2539 1864 1624 1406 675
is_linear=0
shrinkage=0.03


Tree=68
num_leaves=8
num_cat=0
split_feature=2 5 0 18 5 0 22
split_gain=11.4456 4.11265 5.13196 3.05692 2.51542 2.13562 2.79918
threshold=0.26392974877385356 -0.30991265230219295 -0.22958589145399175 0.55743386058810096 -0.12153552059407646 -0.31562112598791919 268.50000000000006
decision_type=8 10 10 8 10 10 2
left_child=1 2 -1 4 -3 -5 -7
right_child=-2 3 -4 5 -6 6 -8
leaf_value=-0.004047196693820772 0.015939114775388379 -0.0067894799936708862 0.016617612662561187 0.0048734169006300135 0.0105584041666956 -0.012120116330349505 -4.6860276577790564e-06
leaf_weight=14.558975506573917 36.937489360570908 3.9624395519495037 14.143803924322127 5.9407798256725064 13.078897247090934 48.945860844105482 28.161754265427589
leaf_count=283 198 99 252 151 266 1040 548
internal_value=0.00285996 -0.00149426 0.00712961 -0.00445075 0.00504529 -0.00683615 -0.00828786
internal_weight=165.73 128.793 28.7028 100.09 17.0413 83.0484 77.1076
internal_count=2837 2639 535 2104 365 1739 1588
is_linear=0
shrinkage=0.03


Tree=69
num_leaves=8
num_cat=0
split_feature=4 4 0 22 5 22 1
split_gain=7.05531 5.27428 4.54286 4.32131 4.07341 4.18625 2.62086
threshold=0.11082581929922704 -0.12263693616826953 -0.11614706061906298 78.500000000000014 -0.49138392644306683 351.50000000000006 -0.70071747366740322
decision_type=10 8 10 2 10 2 10
left_child=1 2 6 -2 -3 -6 -1
right_child=3 4 -4 -5 5 -7 -8
leaf_value=0.0067381166389155599 -0.0051067387289200168 0.0048716214752256449 0.018667324870288351 0.012802555727647364 -0.012237921228111634 0.005347862478253345 -0.010253828628907542
leaf_weight=7.591213624924424 9.5011157337576133 15.791434068232773 8.5294103659689409 46.590054284781218 61.846361014991999 8.6982233226299268 8.7436185143888014
leaf_count=177 108 244 179 441 1312 173 209
internal_value=0.00123723 -0.0030423 0.00736147 0.00927614 -0.00656771 -0.00955476 -0.00212168
internal_weight=167.291 111.2 24.8642 56.0912 86.336 70.5446 16.3348
internal_count=2843 2294 565 549 1729 1485 386
is_linear=0
shrinkage=0.03


Tree=70
num_leaves=8
num_cat=0
split_feature=2 30 1 25 2 25 30
split_gain=11.3841 4.66296 5.29322 5.4442 2.57207 2.35209 2.6406
threshold=0.12095862311524731 11.279188329632326 0.16930329773742922 16.500000000000004 0.24048475746439688 1.5000000000000002 10.079384137535186
decision_type=8 8 10 2 10 2 8
left_child=5 2 3 -2 -3 -1 -7
right_child=1 4 -4 -5 -6 6 -8
leaf_value=0.0057061221532306678 -0.0040146805228041078 0.0034169673149320105 -0.0073336445784925172 0.017514156499497217 0.023715130144964531 -0.00022923498533776988 -0.012067368700087891
leaf_weight=4.8202842362225047 12.326049074530603 14.987580683082344 23.964010529220104 17.33687873929739 12.261820383369921 27.424285074695945 53.890410309657454
leaf_count=114 109 190 228 157 63 659 1345
internal_value=0 0.00772757 0.00158597 0.00921733 0.0162857 -0.00724301 -0.00862092
internal_weight=167.011 80.8763 53.6269 29.6629 27.2494 86.135 81.3147
internal_count=2865 747 494 266 253 2118 2004
is_linear=0
shrinkage=0.03


Tree=71
num_leaves=8
num_cat=0
split_feature=2 22 4 30 22 29 2
split_gain=11.8323 5.56604 3.96202 3.64696 3.59124 5.16379 5.04489
threshold=0.26392974877385356 238.50000000000003 -0.12263693616826953 11.207375904300799 286.50000000000006 35.500000000000007 0.051032832670821766
decision_type=8 2 8 8 2 2 10
left_child=1 2 -1 -2 5 -3 -6
right_child=3 4 -4 -5 6 -7 -8
leaf_value=0.0035033759855847965 0.0036532918554459601 0.018275005893475464 -0.012352913928661315 0.022972267536742461 -0.01194004905795994 -0.0074020082017194309 0.0061849059371257044
leaf_weight=12.475482096895574 25.396156318485737 13.979612408205869 58.766510155051947 13.261654846370218 18.071620885282755 4.1814246885478488 21.061946164816618
leaf_count=301 138 266 1231 66 462 82 300
internal_value=0.000298903 -0.00408732 -0.00931359 0.0134047 0.00252639 0.0113341 -0.00247278
internal_weight=167.194 128.537 71.242 38.6578 57.2946 18.161 39.1336
internal_count=2846 2642 1532 204 1110 348 762
is_linear=0
shrinkage=0.03


Tree=72
num_leaves=8
num_cat=0
split_feature=2 4 2 1 18 16 18
split_gain=6.31387 6.42666 4.52011 4.66014 6.99322 5.16282 4.19442
threshold=0.051032832670821766 -0.050000244207981652 0.26392974877385356 -0.20287975038426762 0.76549101973456668 -0.35894308085084375 0.80052562100525149
decision_type=8 8 8 8 10 2 8
left_child=-1 -2 3 4 -3 -5 -4
right_child=1 2 6 5 -6 -7 -8
leaf_value=-0.0060753144258381348 0.022153788322969194 -0.0063559034122814759 0.01679037055453422 -0.01753632980802327 0.01723590016271043 0.0029956868892562429 -0.0018122350206064676
leaf_weight=58.476835250854492 9.9740313775837404 16.749053880572323 19.517149671912193 18.484890863299366 13.055749401450155 13.604989718645813 13.546477198600767
leaf_count=1560 139 248 96 328 190 175 79
internal_value=0.00121456 0.00555248 0.00207717 -0.00256262 0.00504201 -0.00959659 0.00993521
internal_weight=163.409 104.932 94.9583 61.8947 29.8048 32.0899 33.0636
internal_count=2815 1255 1116 941 438 503 175
is_linear=0
shrinkage=0.03


Tree=73
num_leaves=8
num_cat=0
split_feature=2 27 27 1 1 27 30
split_gain=9.80564 3.32613 4.7826 6.84117 5.97915 4.32028 4.17894
threshold=0.051032832670821766 0.76330000000000009 0.60845000000000016 0.22248920455378104 -2.235303652665904 0.55510000000000004 10.768579810257661
decision_type=8 2 2 8 10 2 8
left_child=-1 2 3 4 -2 6 -6
right_child=1 -3 -4 -5 5 -7 -8
leaf_value=-0.0063448073660465239 -0.0047060667415395807 -0.0049570789216972742 0.021285854333029292 -0.0039293789462166526 0.026492073672892514 -0.0023140975374085341 3.2804352060501675e-05
leaf_weight=58.007862102240324 9.7287031449377519 9.4127567559480649 18.767256911844015 35.230324301868677 21.132245067507032 5.5188640914857379 8.0175963379442674
leaf_count=1555 136 110 200 428 228 66 102
internal_value=0.00291892 0.00812693 0.00979819 0.0052234 0.0122636 0.0173667 0.0211925
internal_weight=165.816 107.808 98.395 79.6277 44.3974 34.6687 29.1498
internal_count=2825 1270 1160 960 532 396 330
is_linear=0
shrinkage=0.03


Tree=74
num_leaves=8
num_cat=0
split_feature=2 1 2 6 21 21 5
split_gain=12.3903 4.64156 4.11799 2.33263 5.43872 6.92467 2.96686
threshold=0.11331514022884982 0.22248920455378104 0.26392974877385356 0.047747460872056259 0.70335000000000014 0.79895000000000016 0.2664675650152189
decision_type=8 8 8 10 2 2 8
left_child=3 -2 -3 -1 -5 6 -6
right_child=1 2 -4 4 5 -7 -8
leaf_value=-0.013498359768496953 0.013810901247255002 -0.0079563243890454632 0.00859250594312304 -0.011044192927734857 0.018965238998537134 -0.0095186176744889509 -0.0035528435623351923
leaf_weight=27.002513758838177 48.427844598889351 19.51008727774024 18.610953435301781 25.735746426507831 15.172848178073764 9.6735564880073053 2.6209685392677828
leaf_count=677 443 262 100 657 395 247 58
internal_value=0.000758495 0.00834589 0 -0.00727328 -0.00251732 0.00573812 0.0149937
internal_weight=166.755 86.5489 38.121 80.2056 53.2031 27.4674 17.7938
internal_count=2839 805 362 2034 1357 700 453
is_linear=0
shrinkage=0.03


Tree=75
num_leaves=8
num_cat=0
split_feature=27 21 7 29 2 25 6
split_gain=6.05878 10.0614 5.52253 5.22245 4.55705 3.35255 3.11193
threshold=0.54730000000000012 0.84100000000000008 0.016188784901416637 22.500000000000004 0.33211559179233546 29.500000000000004 0.066269824278548564
decision_type=2 2 10 2 8 2 10
left_child=2 -2 4 -4 5 -1 -7
right_child=1 -3 3 -5 -6 6 -8
leaf_value=-0.012695320174237718 0.01281525916272711 -0.012026102846504683 0.022370349053611915 -0.0055972469241316819 0.0069699905195801113 0.0085891512174040389 -0.0086540559359160295
leaf_weight=56.462039485573769 53.310915483161807 11.806354254484175 5.2954070605337602 5.1458053197711706 11.803701333701609 12.15998391993344 9.55541133135557
leaf_count=1129 865 210 62 76 65 232 194
internal_value=0.000560458 0.00728312 -0.00387614 0.0113248 -0.00657374 -0.00924992 0.000209711
internal_weight=165.54 65.1173 100.422 10.4412 89.9811 78.1774 21.7154
internal_count=2833 1075 1758 138 1620 1555 426
is_linear=0
shrinkage=0.03


Tree=76
num_leaves=8
num_cat=0
split_feature=22 5 4 4 16 1 22
split_gain=5.27074 6.22223 4.73043 6.77026 4.01074 3.43962 3.33999
threshold=238.50000000000003 -0.30991265230219295 -0.082124389746455292 0.30710162705722266 -0.67729002088516055 0.22248920455378104 78.500000000000014
decision_type=2 10 8 10 2 8 2
left_child=2 -2 5 -4 -3 6 -1
right_child=1 4 3 -5 -6 -7 -8
leaf_value=-0.0041442691758992074 0.018692848108835956 -0.0069302848544237289 -0.011811439328652732 0.0098331753337873289 0.0069644835241349798 -0.0060486109385968923 0.020022732065716448
leaf_weight=2.8345198053866616 14.161015961319206 29.319491827860475 65.743606327101588 8.6867627874016744 29.466056816279888 5.9672627132385996 8.1919564791023713
leaf_count=69 234 622 1187 62 320 139 192
internal_value=-0.000467372 0.00514598 -0.00515077 -0.00839417 0 0.00659459 0.0138915
internal_weight=164.371 72.9466 91.4241 74.4304 58.7855 16.9937 11.0265
internal_count=2825 1176 1649 1249 942 400 261
is_linear=0
shrinkage=0.03


Tree=77
num_leaves=8
num_cat=0
split_feature=2 6 28 2 3 3 2
split_gain=10.0737 3.96341 3.29806 3.77419 3.35083 4.02402 3.72615
threshold=0.051032832670821766 0.096694690662783869 2.5000000000000004 0.26392974877385356 -0.26986194174730138 0.15961638205981565 0.10025519697754799
decision_type=8 8 2 8 8 10 10
left_child=-1 2 4 -4 -2 6 -6
right_child=1 -3 3 -5 5 -7 -8
leaf_value=-0.0079431069554035897 -0.0030915734610562967 -0.003722440784201871 -0.0096988254895932872 0.00915231013173122 0.000464394110165872 0.0044423189922371091 0.026349978541992964
leaf_weight=58.703197682276368 7.0089323185384274 20.462704125791788 11.651626491919158 10.49839322268963 7.8335985764861134 31.22652480751276 21.358760513365269
leaf_count=1595 94 238 173 53 169 315 244
internal_value=0.00133943 0.00662116 0.0092492 -0.000208778 0.0122476 0.0143997 0.0214011
internal_weight=168.744 110.041 89.5778 22.15 67.4278 60.4189 29.1924
internal_count=2881 1286 1048 226 822 728 413
is_linear=0
shrinkage=0.03


Tree=78
num_leaves=8
num_cat=0
split_feature=18 5 22 30 27 0 18
split_gain=5.65385 5.2224 4.36992 5.016 5.32742 4.25915 6.35323
threshold=0.55743386058810096 -0.095582142205157233 250.50000000000003 10.14500820531264 0.38760000000000006 -0.0097751738381945934 0.69508744468646266
decision_type=8 10 2 10 2 10 10
left_child=1 -1 3 4 -2 -4 -7
right_child=2 -3 5 -5 -6 6 -8
leaf_value=-0.0052627060718018438 -0.0090832966125040781 0.01882998406441971 -0.0052209009105962396 -0.012908187024285823 0.0091565580801464003 -0.0051609534278125521 0.016572313069048397
leaf_weight=6.5247637368738678 18.025017026811838 16.947740525007248 22.057023225352168 40.106419844552875 23.98721150867641 12.899155331775544 25.286905849352479
leaf_count=153 313 263 482 776 387 168 325
internal_value=0.000406801 0.0120208 -0.00194604 -0.0062636 0.000829793 0.00376385 0.00928378
internal_weight=165.834 23.4725 142.362 82.1186 42.0122 60.2431 38.1861
internal_count=2867 416 2451 1476 700 975 493
is_linear=0
shrinkage=0.03


Tree=79
num_leaves=8
num_cat=0
split_feature=2 27 27 1 1 30 21
split_gain=4.02434 4.11661 6.04669 5.6079 7.32649 4.0651 4.04582
threshold=0.051032832670821766 0.72745000000000004 0.65790000000000015 0.22248920455378104 -1.219129986944413 12.367204682890444 0.64095000000000013
decision_type=8 2 2 8 10 8 2
left_child=-1 2 3 4 6 -5 -2
right_child=1 -3 -4 5 -6 -7 -8
leaf_value=-0.0056435445363906163 0.0078271855984692329 -0.0088948567460545944 0.022057412743437987 -0.010212427789005411 0.01664804636165243 0.0085083505057496189 -0.012354047417706775
leaf_weight=57.425999633967876 7.8330424614250651 12.094078265130518 9.7370438389480096 30.750703603029251 28.824454240500931 6.6556205451488486 12.555249489843844
leaf_count=1575 92 150 94 381 315 77 156
internal_value=0.000231567 0.00364532 0.00592426 0.00224056 0.00844292 -0.00563894 -0.0040514
internal_weight=165.876 108.45 96.3561 86.6191 49.2127 37.4063 20.3883
internal_count=2840 1265 1115 1021 563 458 248
is_linear=0
shrinkage=0.03


Tree=80
num_leaves=8
num_cat=0
split_feature=2 22 6 6 0 6 22
split_gain=8.04714 3.94639 4.31648 4.18245 5.71245 2.95716 2.63533
threshold=0.10025519697754799 185.50000000000003 0.066269824278548564 0.044196585280297795 -0.093111541399980888 0.087853757904858429 268.50000000000006
decision_type=8 2 8 10 10 8 2
left_child=1 -1 3 -3 -5 -2 -7
right_child=5 2 -4 4 -6 6 -8
leaf_value=-0.011223831863972541 0.011163854448273227 -0.003054360647477754 -0.0078733974236065447 -0.0025063606082511673 0.026778413997303328 -0.0063292755497129129 0.009639666440210316
leaf_weight=32.18798665702343 67.328082229942083 11.973934799432756 17.391617877408862 6.3906238377094269 7.3895501103252155 17.662831705063585 6.4814508594572535
leaf_count=880 634 298 456 155 174 193 62
internal_value=0.00250089 -0.00439137 0.00137086 0.00844437 0.0165765 0.00822461 -0.000243613
internal_weight=166.806 75.3337 43.1457 25.7541 13.7802 91.4724 24.1443
internal_count=2852 1963 1083 627 329 889 255
is_linear=0
shrinkage=0.03


Tree=81
num_leaves=8
num_cat=0
split_feature=2 5 3 18 17 17 0
split_gain=6.69393 5.26656 4.61917 5.97209 4.98363 3.63165 2.94784
threshold=0.11331514022884982 0.041875185948576539 -0.69906759826268838 0.55743386058810096 0.2271843322843338 -0.084367654004209522 -0.053436397809689666
decision_type=8 8 10 8 10 8 8
left_child=1 6 -2 -4 5 -5 -1
right_child=2 -3 3 4 -6 -7 -8
leaf_value=-0.0043574543996976389 0.017981763815331404 -0.013559429428130234 0.016617132707880313 0.0053282104779716075 0.0056582025548997184 -0.013648698144175372 0.0089740211486454575
leaf_weight=29.678257763385773 13.568712327629326 33.869365127757192 10.867641896009443 6.1007598079741001 29.12787501886487 27.161629352718592 16.42807156778872
leaf_count=794 121 854 85 74 214 305 418
internal_value=5.13725e-05 -0.00582761 0.00565947 0.00164691 -0.00233984 -0.00944634 0.000739964
internal_weight=166.802 79.9757 86.8266 73.2579 62.3903 33.2624 46.1063
internal_count=2865 2066 799 678 593 379 1212
is_linear=0
shrinkage=0.03


Tree=82
num_leaves=8
num_cat=0
split_feature=2 4 16 4 16 3 4
split_gain=5.11198 5.37768 4.94879 3.91712 4.35532 2.42552 2.60934
threshold=0.051032832670821766 -0.050000244207981652 0.45294816116875875 -0.34545437731407996 -0.65268017360935204 0.3938142358143133 0.11082581929922704
decision_type=8 8 2 8 2 10 8
left_child=3 -2 5 -1 -5 6 -3
right_child=1 2 -4 4 -6 -7 -8
leaf_value=0.0092185657298926409 0.020025798214608342 -0.0058647509559607274 0.016655689846829795 -0.012893109590388549 0.0047501995098690412 -0.0095160803029273027 0.0049081047567903959
leaf_weight=5.9249120205640793 10.098516337573527 21.170342588797219 9.1341640613973123 39.410276830196381 10.964225336909292 14.640149105340241 55.643678538501256
leaf_count=136 142 374 57 1179 256 131 582
internal_value=0.00111924 0.00483344 0.00180709 -0.00564258 -0.00867129 -0.000745594 0.00148906
internal_weight=166.986 110.687 100.588 56.2994 50.3745 91.4542 76.814
internal_count=2857 1286 1144 1571 1435 1087 956
is_linear=0
shrinkage=0.03


Tree=83
num_leaves=8
num_cat=0
split_feature=2 30 21 21 1 3 18
split_gain=6.64846 3.81365 3.58719 6.689 2.40114 2.07949 2.11854
threshold=0.24048475746439688 11.279188329632326 0.76805000000000012 0.85325000000000017 0.85913981076322277 -0.47053662675759106 0.55743386058810096
decision_type=10 8 2 2 8 8 8
left_child=2 -2 5 4 -4 -1 -7
right_child=1 -3 3 -5 -6 6 -8
leaf_value=0.002632554067065673 0.00029605386250047019 0.017658275934911052 0.015543822315460637 -0.01199549870684718 -0.0031266364758881534 0.0011187066628815592 -0.010892448052430847
leaf_weight=10.181179376319049 28.739989548921585 13.482921563088892 17.249320829287171 8.6554769016802293 3.5220989864319625 11.55924319475889 70.979402650147676
leaf_count=214 160 67 374 203 83 228 1512
internal_value=-0.00115248 0.0080686 -0.00475525 0.00338406 0.0118675 -0.007551 -0.00909444
internal_weight=164.37 42.2229 122.147 29.4269 20.7714 92.7198 82.5386
internal_count=2841 227 2614 660 457 1954 1740
is_linear=0
shrinkage=0.03


Tree=84
num_leaves=8
num_cat=0
split_feature=18 22 5 2 6 22 6
split_gain=4.63698 5.16763 3.81489 4.03934 5.66088 3.4396 3.36506
threshold=0.55743386058810096 238.50000000000003 -0.30991265230219295 0.17262979966188222 0.061083277684425945 316.50000000000006 0.076418567070213925
decision_type=8 2 10 10 10 2 10
left_child=6 -2 5 -4 -5 -3 -1
right_child=1 2 3 4 -6 -7 -8
leaf_value=0.015314154828429726 -0.0073701112968996268 0.021960247754570967 -0.0081341994419890703 -0.0052647131432183971 0.017448806892317061 -0.0010663765561384996 -0.0046256790399707799
leaf_weight=17.809515129774812 77.211171427741647 7.3080687038600427 25.268397834151983 12.852861583232881 11.627810742706059 6.4220627676695585 5.1047494243830434
leaf_count=311 1380 111 631 82 81 116 108
internal_value=-0.000148643 -0.00242208 0.00353775 -0.000656534 0.00670237 0.0140721 0.0103393
internal_weight=163.605 140.69 63.4792 49.7491 24.4807 13.7301 22.9143
internal_count=2820 2401 1021 794 163 227 419
is_linear=0
shrinkage=0.03


Tree=85
num_leaves=8
num_cat=0
split_feature=1 4 16 29 2 5 29
split_gain=4.20283 4.06568 5.73815 4.77875 4.47347 4.19995 3.48428
threshold=0.90894899748892743 -0.12263693616826953 -0.65268017360935204 30.500000000000004 -0.10590893416477341 0.078383042637919162 18.500000000000004
decision_type=8 8 2 2 10 8 2
left_child=1 4 3 -3 -1 -4 -6
right_child=-2 2 5 -5 6 -7 -8
leaf_value=-0.00099442329640711579 -0.0094467476467096217 0.00082004731868784344 0.020257250098895625 -0.014198044358001247 -0.00058438464077744442 0.0018128092439727989 0.027401654894857221
leaf_weight=10.434621267020704 21.081927761435509 42.708753973245621 8.4845828004181367 23.167917715385556 3.5375548228621474 47.185813970863819 8.1381959132850152
leaf_count=253 381 872 112 510 83 484 179
internal_value=0.000928817 0.00296835 0.000370782 -0.00522411 0.0128573 0.00705153 0.02137
internal_weight=164.739 143.657 121.547 65.8767 22.1104 55.6704 11.6758
internal_count=2874 2493 1978 1382 515 596 262
is_linear=0
shrinkage=0.03


Tree=86
num_leaves=8
num_cat=0
split_feature=2 5 18 18 17 1 18
split_gain=7.00688 3.55597 3.50254 3.07097 4.20862 3.56549 3.29053
threshold=0.26392974877385356 -0.30991265230219295 0.7875059397929004 0.83520410871480544 0.19968174303262662 -3.3830200013441067 0.80052562100525149
decision_type=10 8 10 8 10 8 10
left_child=1 2 -1 4 6 -5 -3
right_child=-2 3 -4 5 -6 -7 -8
leaf_value=-0.0037631351672900949 0.011334497287237259 -0.0074923883311490301 0.015843219909101966 0.0061295926842910705 0.009545319097921473 -0.01397518362000718 0.0096799921566119405
leaf_weight=9.0332492999732512 35.659613616764545 50.449868151918054 9.4763270542025548 3.8719308972358704 17.679355397820473 33.210122540593147 4.2965259402990332
leaf_count=186 180 1177 171 93 238 692 105
internal_value=0.00084876 -0.00245665 0.00746081 -0.00465442 -0.000544368 -0.010828 -0.00484329
internal_weight=163.677 128.017 18.5096 109.508 72.4257 37.0821 54.7464
internal_count=2842 2662 357 2305 1520 785 1282
is_linear=0
shrinkage=0.03


Tree=87
num_leaves=8
num_cat=0
split_feature=0 30 2 1 1 18 6
split_gain=5.9056 4.41242 3.86685 4.18537 3.79391 4.77606 4.26256
threshold=-0.053436397809689666 10.768579810257661 0.051032832670821766 -0.28340039582469229 -1.1100673658308329 0.87521673598542249 0.096694690662783869
decision_type=10 8 10 10 10 10 10
left_child=1 2 -1 -4 -2 6 -6
right_child=4 -3 3 -5 5 -7 -8
leaf_value=-0.0058271682095629345 -0.0036706192879987294 -0.014557966818158215 0.022107896267090917 -0.0045134108405484813 0.014846675160055939 -0.002738707973167504 -0.0032715629704853587
leaf_weight=17.734773170202974 27.870059723034501 22.929857537150383 4.664504162967205 3.9988492392003518 53.336059246212244 22.809540068730712 9.7277795337140542
leaf_count=500 445 543 65 73 737 337 132
internal_value=0.00109421 -0.00679261 0.00133347 0.0126523 0.00485936 0.00786443 0.0117871
internal_weight=163.071 49.328 26.3981 8.66335 113.743 85.8734 63.0638
internal_count=2832 1181 638 138 1651 1206 869
is_linear=0
shrinkage=0.03


Tree=88
num_leaves=8
num_cat=0
split_feature=27 7 27 7 22 0 25
split_gain=4.35286 7.77868 3.84776 3.13745 3.03204 2.2797 1.69813
threshold=0.52355000000000007 0.35777235299619309 0.71520000000000017 0.016188784901416637 40.500000000000007 0.16962795691237395 28.500000000000004
decision_type=2 8 2 10 2 10 2
left_child=3 -2 4 6 -3 -5 -1
right_child=1 2 -4 5 -6 -7 -8
leaf_value=-0.0095252167554538639 -0.010856340263468918 -0.0028934986138903275 -0.0015897369546743064 -0.0039251468909716732 0.016441475769281986 0.014569561850979551 0
leaf_weight=56.403090462088585 14.75731618888676 4.6651279609650365 16.288987511768937 4.5607799943536502 36.277975227683783 4.8194299563765526 23.66210058145225
leaf_count=1058 272 69 298 83 562 42 453
internal_value=-0.000609643 0.00450903 0.00954646 -0.00491526 0.0138191 0.00704655 -0.00699981
internal_weight=161.435 71.9894 57.2321 89.4454 40.9431 9.38021 80.0652
internal_count=2837 1201 929 1636 631 125 1511
is_linear=0
shrinkage=0.03


Tree=89
num_leaves=8
num_cat=0
split_feature=2 21 30 2 30 25 28
split_gain=4.87918 4.99195 3.93697 2.86387 2.52329 3.75934 2.08733
threshold=0.12095862311524731 0.62285000000000013 11.207375904300799 0.24048475746439688 10.1906799100543 1.5000000000000002 1.0000000180025095e-35
decision_type=8 2 10 10 8 2 2
left_child=4 -2 -3 -4 6 -6 -1
right_child=1 2 3 -5 5 -7 -8
leaf_value=-0.0038370187871849507 0.015101334297990994 -0.0047900110223188901 -0.0016104576246168435 0.017260376939887911 0.0087707945587620888 -0.011187298038901075 0.0092864841890223232
leaf_weight=18.003703234717253 21.490023408085108 42.690291032195091 8.3869914319366234 8.498382091522215 3.1005891375243655 46.930048212409019 10.323363291099666
leaf_count=472 197 386 109 40 77 1256 254
internal_value=0 0.00500652 0 0.00977995 -0.00499984 -0.00865332 0.00152456
internal_weight=159.423 81.0657 59.5757 16.8854 78.3577 50.0306 28.3271
internal_count=2791 732 535 149 2059 1333 726
is_linear=0
shrinkage=0.03


Tree=90
num_leaves=8
num_cat=0
split_feature=16 27 21 3 25 22 18
split_gain=4.90179 4.39497 4.62318 4.29146 4.29746 3.78673 3.60217
threshold=-0.39657576485266982 0.54730000000000012 0.85325000000000017 -0.39401227958194901 21.500000000000004 104.50000000000001 0.87521673598542249
decision_type=2 2 2 8 2 2 10
left_child=1 -1 3 -3 5 -5 -2
right_child=6 2 -4 4 -6 -7 -8
leaf_value=-0.0054459883147977024 0.013699600140440055 -0.0058899608161126354 -0.010191217119969604 -0.00075059987162532456 0 0.025649308993835832 -0.0020752819168213224
leaf_weight=66.837698576971889 39.516727702692151 6.8953822944313288 5.7773310244083396 4.282302305102351 13.789188321679829 15.007412184029816 13.229855392128227
leaf_count=1448 382 140 138 85 247 278 151
internal_value=0.00285394 -0.000681754 0.00577383 0.00970855 0.0138391 0.0207369 0.00974379
internal_weight=165.336 112.589 45.7516 39.9743 33.0789 19.2897 52.7466
internal_count=2869 2336 888 750 610 363 533
is_linear=0
shrinkage=0.03


Tree=91
num_leaves=8
num_cat=0
split_feature=16 5 1 30 16 26 1
split_gain=5.31088 5.37972 3.33605 4.00879 2.8246 3.47175 2.62459
threshold=0.24636888680455588 -0.30991265230219295 0.85913981076322277 11.951378335098926 -1.0649945261371605 2.5000000000000004 0.65691755962764864
decision_type=2 10 8 10 2 2 10
left_child=1 4 3 6 5 -1 -3
right_child=-2 2 -4 -5 -6 -7 -8
leaf_value=-0.0080184703247273715 0.014386988287720788 -0.0063966166097156971 -0.013603107384375422 0.0090763573064102498 0.016329387834971312 0.011284622188328233 0.0066133509535675986
leaf_weight=11.964719718322163 15.268019452691076 71.292458711192012 18.301560269668698 17.927280485630035 12.631357382982968 6.4564649313688269 9.0653321947902423
leaf_count=248 119 1287 362 357 187 117 148
internal_value=0.00101167 -0.000943564 -0.00402774 -0.0012139 0.00870485 0 -0.00429328
internal_weight=162.907 147.639 116.587 98.2851 31.0525 18.4212 80.3578
internal_count=2825 2706 2154 1792 552 365 1435
is_linear=0
shrinkage=0.03


Tree=92
num_leaves=8
num_cat=0
split_feature=6 3 25 30 29 29 29
split_gain=4.85783 3.39233 4.48134 3.92958 2.59666 2.32926 4.72758
threshold=0.096694690662783869 0.58983932791917493 30.500000000000004 11.951378335098926 13.500000000000002 30.500000000000004 21.500000000000004
decision_type=8 8 2 10 2 2 2
left_child=1 2 3 5 -4 6 -1
right_child=-2 -3 4 -5 -6 -7 -8
leaf_value=-0.0068794568885591637 -0.0089540692740700239 0.012298543187733024 -0.0042241477657924305 0.0081587633255713627 0.013012210069261348 -0.011262671600130536 0.010951946638771725
leaf_weight=30.45564466714859 29.315757622942328 21.405113877728581 4.5954914763569858 15.421169973909853 24.570566369220614 29.43025984801352 12.410532837733625
leaf_count=545 460 310 93 298 407 540 240
internal_value=0.000635668 0.00314962 0.000673539 -0.00267971 0.00956813 -0.00576095 -0.000511516
internal_weight=167.605 138.289 116.884 87.7176 29.1661 72.2964 42.8662
internal_count=2893 2433 2123 1623 500 1325 785
is_linear=0
shrinkage=0.03


Tree=93
num_leaves=8
num_cat=0
split_feature=2 30 3 3 30 28 3
split_gain=3.35257 3.84264 3.47351 3.45216 4.23351 2.83443 2.71001
threshold=0.10025519697754799 11.279188329632326 0.58983932791917493 0.0860600061250619 9.4052107756448216 3.5000000000000004 -0.35922926953658929
decision_type=10 8 8 10 10 2 8
left_child=6 2 3 -2 -5 -3 -1
right_child=1 5 -4 4 -6 -7 -8
leaf_value=0.0050534289738775684 0.0049643051033458523 0.01695519496616316 0.012190331586305612 0.0039104200431375313 -0.015010775447176355 -0.0002947053671576704 -0.0068956931669686789
leaf_weight=14.786495752632616 17.908532366156578 18.37434604391456 7.2533148415386668 10.523616034537552 22.465072460472584 9.8421410359442216 61.271172923967242
leaf_count=361 215 180 62 101 193 101 1625
internal_value=0.000141369 0.00409694 -0.000382588 -0.00384146 -0.00902369 0.0117881 -0.00413434
internal_weight=162.425 86.367 58.1505 50.8972 32.9887 28.2165 76.0577
internal_count=2838 852 571 509 294 281 1986
is_linear=0
shrinkage=0.03


Tree=94
num_leaves=8
num_cat=0
split_feature=2 30 22 16 29 18 29
split_gain=4.86788 5.79765 3.46056 3.63319 3.46069 2.79806 2.63629
threshold=0.26392974877385356 11.207375904300799 212.50000000000003 -1.5571966200996077 28.500000000000004 0.70385075483981574 35.500000000000007
decision_type=8 10 2 2 2 10 2
left_child=2 -2 3 4 5 -1 -5
right_child=1 -3 -4 6 -6 -7 -8
leaf_value=-0.0025851808508695734 0 0.020724930054127962 0.0018526951887977748 -0.014027433776473067 -0.0084560241451129732 0.020813224448978901 0.00053824169327734727
leaf_weight=3.3356507588177902 28.367531932890415 12.030499592423437 64.590827500447631 38.036432115361094 3.5722629297524691 3.9403962790966034 11.464412873610852
leaf_count=93 151 56 1294 815 93 87 274
internal_value=0.000146226 0.0083639 -0.00274146 -0.00751931 0.00484702 0.0133682 -0.0107876
internal_weight=165.338 40.398 124.94 60.3492 10.8483 7.27605 49.5008
internal_count=2863 207 2656 1362 273 180 1089
is_linear=0
shrinkage=0.03


Tree=95
num_leaves=8
num_cat=0
split_feature=2 6 6 1 29 1 30
split_gain=5.16867 4.24122 3.59931 4.01984 3.49662 3.32677 3.89575
threshold=0.26392974877385356 0.066269824278548564 0.046650734569235998 -1.1100673658308329 8.5000000000000018 0.8868002640992606 10.82656194483952
decision_type=8 8 10 10 2 8 8
left_child=1 2 4 -4 -1 6 -5
right_child=-2 -3 3 5 -6 -7 -8
leaf_value=0.011412625728604428 0.0096813726849673699 -0.0077123092536120963 -0.0042372654056659059 0.02684090951416529 -0.0071223813133525537 -0.0022785007157952973 0.00020014952397142275
leaf_weight=3.7350724712014189 39.684146396815777 53.201647032052279 9.3028755430132133 10.240312688052656 32.762081479653716 5.1638236362487104 8.5314584597945196
leaf_count=81 203 1145 207 205 707 107 170
internal_value=0.00121809 -0.0018239 0.00280682 0.00908338 -0.00317762 0.0144948 0.0189713
internal_weight=162.621 122.937 69.7356 33.2385 36.4972 23.9356 18.7718
internal_count=2825 2622 1477 689 788 482 375
is_linear=0
shrinkage=0.03


Tree=96
num_leaves=8
num_cat=0
split_feature=22 27 21 6 27 21 16
split_gain=3.46222 3.16249 3.8943 2.99199 3.78731 2.50198 2.45093
threshold=257.50000000000006 0.52355000000000007 0.77365000000000006 0.060035806120608846 0.32880000000000004 0.64095000000000013 -0.35894308085084375
decision_type=2 2 2 10 2 2 2
left_child=3 -2 -3 4 -1 -6 -7
right_child=1 2 -4 -5 5 6 -8
leaf_value=0.013066427497689414 0 0.016791197051706338 -0.0037610588809974424 -0.0067740942874900322 -0.01313537232559446 -0.0033146308236134347 0.01123174111521302
leaf_weight=13.417285030707715 35.419708920642734 24.816730087623004 6.2825597114861003 49.004267869517207 5.7378568183630696 21.411321427673101 7.8328336030244854
leaf_count=213 602 349 99 903 99 469 75
internal_value=0.00150931 0.00645337 0.0123356 -0.00195832 0.00292093 -0.0023291 0.00175444
internal_weight=163.923 66.519 31.0993 97.4036 48.3993 34.982 29.2442
internal_count=2809 1050 448 1759 856 643 544
is_linear=0
shrinkage=0.03


Tree=97
num_leaves=8
num_cat=0
split_feature=0 21 27 27 6 3 5
split_gain=6.07156 6.5289 4.36039 6.00508 4.42103 3.39624 2.52405
threshold=-0.14171106602665692 0.85325000000000017 0.45170000000000005 0.28475 0.076418567070213925 -1.0320828604422865 1.0000000180025095e-35
decision_type=10 2 2 2 10 8 10
left_child=5 2 3 4 -2 -1 -5
right_child=1 -3 -4 6 -6 -7 -8
leaf_value=0.0078113234454261198 0.016570779338900304 -0.013257646068193612 0.011640613570681186 0.0028748471263304589 -0.0054239515840547401 -0.011559455387989203 -0.011986173125481727
leaf_weight=3.3330313060432673 16.717076713219289 8.4898456241935474 65.316434524953365 9.5989987086504716 6.3463646117597809 31.26998726464808 21.94191625341773
leaf_count=67 281 158 963 190 120 744 312
internal_value=0.00162496 0.00471594 0.00685519 0.000135337 0.0101974 -0.00822509 -0.0074175
internal_weight=163.014 128.411 119.921 54.6044 23.0634 34.603 31.5409
internal_count=2835 2024 1866 903 401 811 502
is_linear=0
shrinkage=0.03


Tree=98
num_leaves=8
num_cat=0
split_feature=6 27 28 0 30 16 30
split_gain=5.15758 2.76719 3.37338 2.67504 2.63971 2.43831 3.09125
threshold=0.066269824278548564 0.71520000000000017 4.5000000000000009 -0.10683492232872115 12.051687750503712 0.45294816116875875 10.1906799100543
decision_type=8 2 2 10 10 2 10
left_child=1 2 3 -1 -3 6 -2
right_child=5 4 -4 -5 -6 -7 -8
leaf_value=-0.00016779774516480984 0 -0.011778417445069769 -0.0071462310439517635 0.012266804943129223 0.0067141071724464568 0.0072203762041013328 -0.012017735447751409
leaf_weight=17.452652364969254 31.126554666087031 9.0229183584451658 6.0322800353169432 53.225077927112579 3.9777633566409341 5.1164964064955702 36.573262605816126
leaf_count=424 527 169 64 847 69 38 706
internal_value=0.000381607 0.00508035 0.00727762 0.00930079 -0.00500379 -0.00515156 -0.00694897
internal_weight=162.527 89.7107 76.71 70.6777 13.0007 72.8163 67.6998
internal_count=2844 1573 1335 1271 238 1271 1233
is_linear=0
shrinkage=0.03


Tree=99
num_leaves=8
num_cat=0
split_feature=27 27 16 23 6 6 27
split_gain=3.49077 6.15674 5.59269 4.51367 5.19786 3.58772 3.40836
threshold=0.54730000000000012 0.21170000000000003 0.24636888680455588 1.0000000180025095e-35 0.053638216502319036 0.076418567070213925 0.71520000000000017
decision_type=2 2 2 2 10 10 2
left_child=1 5 -3 -2 6 -1 -5
right_child=3 2 -4 4 -6 -7 -8
leaf_value=0.015426866853764602 -0.007542376471141486 -0.0094040511985746464 0.010194672222698318 0.0058095443876398012 0.015844697326757619 -0.0052103908167127882 -0.012556820728010279
leaf_weight=15.079132663086058 10.703856209293006 70.794214051216841 8.1892541460692865 14.851245913654568 32.582891887053847 5.1966728791594496 6.89173231832683
leaf_count=245 197 1370 65 219 523 109 136
internal_value=0.000836112 -0.0025514 -0.00644882 0.00592518 0.0094469 0.00962939 -0.00131922
internal_weight=164.289 99.2593 78.9835 65.0297 54.3259 20.2758 21.743
internal_count=2864 1789 1435 1075 878 354 355
is_linear=0
shrinkage=0.03


Tree=100
num_leaves=8
num_cat=0
split_feature=17 18 4 27 1 1 21
split_gain=3.89585 5.22409 4.54907 3.50411 3.44943 3.68069 3.09337
threshold=0.10959723962624247 0.87521673598542249 -0.12263693616826953 0.76330000000000009 0.22248920455378104 -3.8184625296717147 0.65350000000000008
decision_type=10 10 8 2 8 10 2
left_child=2 3 4 -2 5 -1 -4
right_child=1 -3 6 -5 -6 -7 -8
leaf_value=-0.0048580198894367073 0.012408667292847337 -0.0049072218448890752 0.00061502855876194762 -0.0056050398736578379 -0.0061407844218853719 0.019200888654610108 -0.012000640944738844
leaf_weight=3.151413058862091 50.902149872854352 24.569266073405743 23.258789712563157 5.6024115532636634 6.0564865767955807 10.72415302507579 38.931004799902439
leaf_count=77 576 331 488 65 157 261 882
internal_value=0.00072947 0.00521849 -0.00360566 0.00991643 0.00676745 0.0132726 -0.00753638
internal_weight=163.196 81.0738 82.1218 56.5046 19.9321 13.8756 62.1898
internal_count=2837 972 1865 641 495 338 1370
is_linear=0
shrinkage=0.03


Tree=101
num_leaves=8
num_cat=0
split_feature=5 18 3 1 22 17 6
split_gain=4.10747 8.27996 7.81729 6.79117 4.4438 4.64541 4.2217
threshold=-0.30991265230219295 0.72925976406714155 0.033337714193067365 0.049970971763623979 238.50000000000003 -0.37643491886012731 0.053638216502319036
decision_type=10 8 10 8 2 10 10
left_child=4 2 6 -3 -1 -6 -2
right_child=1 3 -4 -5 5 -7 -8
leaf_value=-0.00052206676725827857 0.0052840912162935901 0.00057015614538656514 0.01304742181088929 -0.01789857777164509 -0.0026584041518201125 0.025614920265078639 -0.013109588382735316
leaf_weight=17.933685939759016 13.009144172072412 31.544945225119591 40.043001998215914 28.221964381635189 4.1923044584691516 9.8952826317399722 16.787664521485567
leaf_count=321 279 558 532 507 78 151 390
internal_value=0.001088 -0.001329 0.00530443 -0.00901288 0.00955579 0.0186066 -0.00526346
internal_weight=161.628 129.607 69.8398 59.7669 32.0213 14.0876 29.7968
internal_count=2816 2266 1201 1065 550 229 669
is_linear=0
shrinkage=0.03


Tree=102
num_leaves=8
num_cat=0
split_feature=2 4 27 29 26 29 30
split_gain=4.0607 3.54733 3.5467 5.22386 2.82575 3.64756 3.37389
threshold=0.051032832670821766 -0.050000244207981652 0.21170000000000003 56.500000000000007 1.5000000000000002 28.500000000000004 9.7754325134627251
decision_type=8 8 2 2 2 2 10
left_child=-1 -2 -3 4 -4 6 -6
right_child=1 2 3 -5 5 -7 -8
leaf_value=-0.0062916750406458635 0.01508488034046843 0.012157346957033171 -0.010891988905382005 0.01558874741206167 0.013308141681247009 -0.0089741185236399488 -0.0018531764597213641
leaf_weight=53.208318026736379 11.171980835497378 12.434862239286302 26.759550027549267 5.8031799290329209 15.099354747682808 18.313412237912416 23.76920435577631
leaf_count=1545 150 148 303 68 153 221 262
internal_value=0 0.00318587 0.000747899 -0.00154515 -0.00414617 0 0.00498278
internal_weight=166.56 113.352 102.18 89.7447 83.9415 57.182 38.8686
internal_count=2850 1305 1155 1007 939 636 415
is_linear=0
shrinkage=0.03


Tree=103
num_leaves=8
num_cat=0
split_feature=22 17 5 27 2 25 30
split_gain=7.00279 3.9933 3.42601 4.95914 2.88424 2.37452 2.4217
threshold=351.50000000000006 -0.19213862089957609 -0.30991265230219295 0.58900000000000008 0.40741020987060855 34.500000000000007 11.743312752950009
decision_type=2 10 10 2 8 2 10
left_child=2 -2 3 -1 5 6 -4
right_child=1 -3 4 -5 -6 -7 -8
leaf_value=-0.0034537783006526397 -0.0054205261340083992 0.018262671548663088 -0.010595907553381431 0.01731254631900531 0.0063031061372838277 0.0033744777661802016 0.00023771660805978301
leaf_weight=18.560542510822419 3.3944466523826149 17.053641529753804 74.165305566042662 9.2820346355438215 10.123688794672487 12.030996508896349 20.103563195094466
leaf_count=335 87 263 1351 142 53 218 409
internal_value=-0.000196054 0.0133852 -0.00282166 0.00536964 -0.00512046 -0.00670465 -0.00830101
internal_weight=164.714 20.4481 144.266 27.8426 116.424 106.3 94.2689
internal_count=2858 350 2508 477 2031 1978 1760
is_linear=0
shrinkage=0.03


Tree=104
num_leaves=8
num_cat=0
split_feature=2 1 1 6 22 18 2
split_gain=6.38973 4.89495 4.13545 3.59473 3.4303 3.14009 3.03588
threshold=0.10025519697754799 0.22248920455378104 0.68698340599661178 0.070842741664735018 238.50000000000003 0.87521673598542249 0.26392974877385356
decision_type=8 8 10 8 2 8 10
left_child=-1 3 6 -2 -5 -4 -3
right_child=1 2 5 4 -6 -7 -8
leaf_value=-0.0039705457300791272 0.018155606773223417 -0.015716282817929448 0.013364470980175994 -0.006814042674153079 0.011565390436163898 -0.0048882149836054342 0.0025187279274889764
leaf_weight=70.853205276653171 31.879352170974016 11.10415273346007 14.971341906115414 12.210340932011606 8.4283541515469533 6.7348298281431189 8.9749314039945585
leaf_count=1941 290 152 131 124 84 76 46
internal_value=0.00245854 0.0073683 -0.000151013 0.0128279 0.00130195 0.00740495 -0.008636
internal_weight=165.157 94.3033 41.7853 52.518 20.6387 21.7062 20.0791
internal_count=2844 903 405 498 208 207 198
is_linear=0
shrinkage=0.03


Tree=105
num_leaves=8
num_cat=0
split_feature=2 5 27 7 3 1 18
split_gain=3.86937 3.95386 3.44038 4.95266 3.48937 2.63129 3.53944
threshold=0.26392974877385356 -1.0000000180025095e-35 0.57555000000000012 0.066108428503566921 -0.35922926953658929 -1.1100673658308329 0.849131989594337
decision_type=10 8 2 8 8 10 8
left_child=1 2 -1 -4 -5 -3 -7
right_child=-2 5 3 4 -6 6 -8
leaf_value=-0.00024433697014329231 0.010299783299458786 -0.011893831053268878 -0.0072438159479979447 -0.00066496280737322205 0.024564261883272074 0.0053856711771837268 -0.0087084481413628508
leaf_weight=33.648130930960178 36.638142555952072 19.796572268009186 3.0122066326439381 4.5099376682192087 12.056940820068126 31.736175764352083 18.811021326109767
leaf_count=832 182 411 80 98 246 570 383
internal_value=0.00272933 0 0.00570692 0.0135826 0.0191056 -0.00446856 -7.64582e-05
internal_weight=160.209 123.571 53.2272 19.5791 16.5669 70.3438 50.5472
internal_count=2802 2620 1256 424 344 1364 953
is_linear=0
shrinkage=0.03


Tree=106
num_leaves=8
num_cat=0
split_feature=2 5 28 17 3 22 26
split_gain=2.85483 3.08114 5.5994 2.82504 2.52753 2.46281 3.57992
threshold=0.051032832670821766 0.0086689347114228942 2.5000000000000004 0.090327376986495969 0.054767016939372755 250.50000000000003 1.5000000000000002
decision_type=10 8 2 10 10 2 2
left_child=3 2 -2 -1 -5 6 -3
right_child=1 5 -4 4 -6 -7 -8
leaf_value=-0.0083364974769173632 0.019795564418821444 -0.013046307600111816 -0.0036676446229563461 0.012294645278040733 -0.0046424407859474541 0.0055951687110353983 0.0017400807200418523
leaf_weight=41.274094320833683 14.575996994972231 15.379334226250647 10.273305937647818 7.6552959866821757 8.1703461054712516 34.749241488054395 31.961750734597445
leaf_count=1238 223 189 141 183 176 342 349
internal_value=0.000437281 0.00333737 0.0111078 -0.00450642 0.00429816 4.1202e-05 -0.00398397
internal_weight=164.039 106.94 24.8493 57.0997 15.8256 82.0903 47.3411
internal_count=2841 1244 364 1597 359 880 538
is_linear=0
shrinkage=0.03


Tree=107
num_leaves=8
num_cat=0
split_feature=6 3 16 25 1 12 1
split_gain=4.6344 8.57225 4.42574 3.88703 3.20506 6.18045 4.49237
threshold=0.056104277765816765 0.0860600061250619 0.45294816116875875 21.500000000000004 0.85913981076322277 1.0000000180025095e-35 -2.235303652665904
decision_type=8 10 2 2 8 2 10
left_child=1 4 -3 -2 5 -1 -7
right_child=3 2 -4 -5 -6 6 -8
leaf_value=-0.0021973334818158365 0.001658382702979023 -0.0099039646809656098 0.011043887824671941 -0.0098751324916579487 -0.0010363962142379026 0 0.029160085684840679
leaf_weight=7.8379706125706425 55.3288081176579 25.182909121736888 4.5891574434936038 36.649099132046103 7.0245715118944636 5.7118618153035667 18.596039673313498
leaf_count=155 936 374 30 699 126 141 352
internal_value=0.000998884 0.00655846 -0.0046227 -0.00320963 0.0147176 0.0180543 0.0239757
internal_weight=160.92 68.9425 29.7721 91.9779 39.1704 32.1459 24.3079
internal_count=2813 1178 404 1635 774 648 493
is_linear=0
shrinkage=0.03


Tree=108
num_leaves=8
num_cat=0
split_feature=2 4 16 0 2 2 0
split_gain=5.54931 3.26511 5.11812 4.64945 3.65578 2.62304 2.15908
threshold=0.051032832670821766 -0.050000244207981652 -0.39657576485266982 0.024714835321062781 0.088411318656538576 0.10025519697754799 -0.018124759238594908
decision_type=8 10 2 8 8 10 10
left_child=6 3 4 5 -3 -2 -1
right_child=1 2 -4 -5 -6 -7 -8
leaf_value=-0.0098867913966501301 0 0.0086938877594224077 0.0083533147542613033 4.6362058008062656e-05 -0.0095425254824104896 0.026600815771895544 0.0010972828359433928
leaf_weight=32.659821102395654 4.4329672567546359 5.3663373291492462 38.952145218849182 17.904027029871941 33.315574213862419 9.8564777038991433 20.571240033954382
leaf_count=993 76 129 301 209 431 116 561
internal_value=0.00148059 0.00529513 0.00133307 0.0123093 -0.00563493 0.02147 -0.00580824
internal_weight=163.059 109.828 77.6341 32.1935 38.6819 14.2894 53.2311
internal_count=2816 1262 861 401 560 192 1554
is_linear=0
shrinkage=0.03


Tree=109
num_leaves=8
num_cat=0
split_feature=7 6 1 1 28 30 28
split_gain=3.53075 3.47653 3.1411 4.88906 2.94611 2.46207 3.07978
threshold=-1.0000000180025095e-35 0.096694690662783869 -1.6417636932737176 -6.9671685148573284 3.5000000000000004 8.7022880238878546 2.5000000000000004
decision_type=8 8 10 8 2 8 2
left_child=-1 2 3 -2 -3 -4 -7
right_child=1 4 5 -5 -6 6 -8
leaf_value=-0.010724738464839723 0.012196280452014301 -0.01069694386207513 -0.0045704687628378713 -0.0089909199366589067 0.0055397334335944544 0.011665398184275758 -0.0014819627679995464
leaf_weight=9.1796438880264741 6.3409907817840576 18.30868681520224 6.5311807673424473 22.375589802861217 8.6326567344367486 76.775588154792786 15.321261214092372
leaf_count=257 111 320 103 435 104 1343 177
internal_value=0.00216509 0.00351531 0.00561358 -0.00226594 -0.00498785 0.00804634 0.00938471
internal_weight=163.466 154.286 127.345 28.7166 26.9413 98.628 92.0968
internal_count=2850 2593 2169 546 424 1623 1520
is_linear=0
shrinkage=0.03


Tree=110
num_leaves=8
num_cat=0
split_feature=1 30 25 25 5 6 6
split_gain=7.23498 6.32583 5.00191 4.38745 3.4042 3.17173 3.07286
threshold=0.10382377478270928 10.82656194483952 5.5000000000000009 15.500000000000002 0.078383042637919162 0.1063127971192401 0.062091782180464884
decision_type=8 10 2 2 10 8 10
left_child=1 4 -2 -3 5 -1 -6
right_child=2 3 -4 -5 6 -7 -8
leaf_value=0.021099940808882105 0.0086176203138998205 -0.013405812684253851 -0.0082833464734975281 0.0052680175537985225 -0.0055712518098171796 -0.0017612161243851705 0.010518931349985874
leaf_weight=27.730803610756997 12.350180916488169 12.111749997362496 64.394685516133904 17.657947260886431 13.300564851611854 3.6903195995837441 13.041626581922172
leaf_count=545 199 258 1081 350 173 71 168
internal_value=0.00152222 0.00718647 -0.00482979 -0.00316253 0.0124841 0.0182219 0.00255268
internal_weight=164.278 87.533 76.7449 29.7697 57.7633 31.4211 26.3422
internal_count=2845 1565 1280 608 957 616 341
is_linear=0
shrinkage=0.03


Tree=111
num_leaves=8
num_cat=0
split_feature=5 2 22 22 29 4 3
split_gain=5.24007 6.43024 3.20459 3.00019 2.79279 1.89625 3.79688
threshold=-0.30991265230219295 0.26392974877385356 238.50000000000003 329.50000000000006 23.500000000000004 -0.0065613759531327745 0.011584509848837559
decision_type=10 10 2 2 2 8 10
left_child=2 5 4 -4 -1 6 -2
right_child=1 -3 3 -5 -6 -7 -8
leaf_value=0.0072513937209490384 -0.0081463111937740418 0.0061964169699691108 0.022064117478989533 -0.00019594843056396742 -0.0099707109695682649 -0.010738597844337641 0.0091313177969556489
leaf_weight=9.9883664734661597 20.08523480407894 31.727092273533344 8.8698790650814754 5.9239921886473885 7.8282700274139634 64.085219701752067 11.103844594210384
leaf_count=179 563 157 135 106 142 1256 291
internal_value=-0.00134337 -0.004202 0.00805487 0.015552 -0.000479473 -0.00802176 -0.00100405
internal_weight=159.612 127.001 32.6105 14.7939 17.8166 95.2743 31.1891
internal_count=2829 2267 562 241 321 2110 854
is_linear=0
shrinkage=0.03


Tree=112
num_leaves=8
num_cat=0
split_feature=18 28 2 5 28 1 30
split_gain=4.25752 4.40438 3.15467 3.88895 3.19213 4.35368 2.87927
threshold=0.55743386058810096 -1.0000000180025095e-35 0.056261836239381031 -0.57020625154359428 2.5000000000000004 -1.0000000180025095e-35 10.768579810257661
decision_type=8 2 10 10 2 8 8
left_child=1 -1 3 -2 -4 6 -6
right_child=2 -3 4 -5 5 -7 -8
leaf_value=-0.0048302435248332018 0.0050768644289142491 0.016408469532560307 0.0046161734223941929 -0.011902512452017414 0.011947098147221422 -0.015676327530526928 -0.0063716337745055975
leaf_weight=7.7989711072295931 9.8282484002411348 16.234857795760036 61.591291189193726 39.497870663180947 8.002040628343817 12.667738905176522 6.8048794008791456
leaf_count=155 226 267 735 1167 76 146 72
internal_value=-0.000260468 0.00956314 -0.00249832 -0.00802134 0.000814888 -0.00640309 0.00358868
internal_weight=162.426 24.0338 138.392 49.3261 89.066 27.4747 14.8069
internal_count=2844 422 2422 1393 1029 294 148
is_linear=0
shrinkage=0.03


Tree=113
num_leaves=8
num_cat=0
split_feature=27 27 4 2 2 4 26
split_gain=3.96852 5.25995 4.23062 5.55532 4.34608 3.04734 2.84295
threshold=0.21170000000000003 0.14570000000000002 -0.050000244207981652 0.01727381671925721 0.26392974877385356 -0.13135790052793536 2.5000000000000004
decision_type=2 2 8 10 10 10 2
left_child=1 -1 3 6 -4 -3 -2
right_child=2 5 4 -5 -6 -7 -8
leaf_value=-0.0031068271240658764 -0.008822852296961118 -0.00024028839718204934 -0.0071940729776205914 0.019729075440615671 0.0045382898889345302 0.026795374582093506 0.0078372455036841704
leaf_weight=9.5255322176963109 13.22747191227973 3.3579393122345209 80.14238521642983 10.73952481523156 33.813129454851151 7.3786551374942047 7.9856232497841111
leaf_count=145 390 77 1581 170 167 123 222
internal_value=0.00116705 0.0114959 -0.000692834 0.00770187 -0.00352049 0.0210469 -0.00160899
internal_weight=166.17 20.2621 145.908 31.9526 113.956 10.7366 21.2131
internal_count=2875 345 2530 782 1748 200 612
is_linear=0
shrinkage=0.03


Tree=114
num_leaves=8
num_cat=0
split_feature=27 7 2 3 25 18 6
split_gain=4.0816 6.10318 5.56624 5.18318 5.01758 3.82664 4.63818
threshold=0.52355000000000007 0.35777235299619309 0.20933129878517096 -0.53614634806867123 28.500000000000004 0.68629043443673432 0.054927473288722876
decision_type=2 8 10 8 2 10 10
left_child=3 -2 4 -1 5 -3 -7
right_child=1 2 -4 -5 -6 6 -8
leaf_value=0.012459195351166965 -0.0088572618337058248 -0.003298724564772378 0.019318594375400643 -0.0064081836930177712 -0.012267328093764468 -0.0021328999875936494 0.022773866614313833
leaf_weight=7.3340321183204651 14.006931828334926 12.966140706092121 21.400711543858051 82.062776487320662 8.7988194450736028 7.118829187005761 10.094808790832756
leaf_count=150 254 285 115 1471 186 160 213
internal_value=0.00027112 0.00525164 0.00939735 -0.00381007 0.00126874 0.00735154 0.01447
internal_weight=163.783 74.3862 60.3793 89.3968 38.9786 30.1798 17.2136
internal_count=2834 1213 959 1621 844 658 373
is_linear=0
shrinkage=0.03


Tree=115
num_leaves=8
num_cat=0
split_feature=2 5 26 6 28 2 3
split_gain=3.62695 4.44844 3.03688 1.85993 1.75802 2.7894 3.00109
threshold=0.26392974877385356 -0.30991265230219295 2.5000000000000004 0.044196585280297795 2.5000000000000004 0.012591624500559397 0.33433443384468842
decision_type=8 10 2 10 2 10 10
left_child=1 2 3 -1 5 -3 -7
right_child=-2 4 -4 -5 -6 6 -8
leaf_value=-0.0093565457366130908 0.0081688423146583852 -0.0089429273418212239 0.016292243878366041 0.0049188798366456288 -0.012165735396994252 0.0055019031567847092 -0.0088435175156082162
leaf_weight=5.3249726332724157 39.082405380904675 25.668064137920737 9.8633496202528459 13.031747158616779 15.656467765569685 42.346608987078071 9.5042017064988595
leaf_count=113 197 852 175 255 287 807 148
internal_value=0.00102526 -0.0015215 0.00744921 -0.00023611 -0.0047609 -0.00209179 0.00179118
internal_weight=160.478 121.395 28.2201 18.3567 93.1753 77.5189 51.8508
internal_count=2834 2637 543 368 2094 1807 955
is_linear=0
shrinkage=0.03


Tree=116
num_leaves=8
num_cat=0
split_feature=18 22 6 2 6 22 18
split_gain=4.1682 4.60897 5.7415 6.39336 4.76909 3.59856 3.28578
threshold=0.55743386058810096 250.50000000000003 0.061083277684425945 0.18318745029476627 0.053638216502319036 286.50000000000006 0.51304006919499978
decision_type=8 2 10 10 8 2 10
left_child=6 4 5 -4 -2 -3 -1
right_child=1 2 3 -5 -6 -7 -8
leaf_value=6.0498370510240736e-05 0.0041372041709468637 0.0091455471274641403 0 0.026165680680227153 -0.009698659851695152 -0.0080501329557346318 0.020496042729711301
leaf_weight=13.95246039144695 29.51786208152771 8.5596222467720491 15.873367520049216 11.331695176661013 48.299455611035228 23.552570069208741 10.581284897401927
leaf_count=240 549 122 385 70 890 364 182
internal_value=0.0025462 0.000136693 0.0061002 0.0145776 -0.00437919 -0.00218277 0.012208
internal_weight=161.668 137.135 59.3173 27.2051 77.8173 32.1122 24.5337
internal_count=2802 2380 941 455 1439 486 422
is_linear=0
shrinkage=0.03


Tree=117
num_leaves=8
num_cat=0
split_feature=1 25 25 29 6 2 5
split_gain=2.53947 5.94783 4.69956 4.5437 3.85934 3.3749 3.55637
threshold=0.049970971763623979 10.500000000000002 10.500000000000002 12.500000000000002 0.066269824278548564 -0.10590893416477341 0.078383042637919162
decision_type=8 2 2 2 8 10 8
left_child=1 -1 3 -2 -4 -3 -7
right_child=2 5 4 -5 -6 6 -8
leaf_value=-0.0074062330435400439 0.01914088117483282 -0.005260138733148503 0 -0.0025912016396245161 -0.015352983344749058 0.018502164751045554 0.0026684673627477636
leaf_weight=23.105023326352239 6.0040827468037632 7.7822145391255608 29.795812929049134 16.145075777545571 24.002438191324472 22.407516581937671 32.157555526122451
leaf_count=447 88 210 524 285 436 448 441
internal_value=0.000179127 0.00365295 -0.0035264 0.00631811 -0.00811541 0.00834072 0.0109448
internal_weight=161.4 85.4523 75.9474 22.1492 53.7983 62.3473 54.5651
internal_count=2879 1546 1333 373 960 1099 889
is_linear=0
shrinkage=0.03


end of trees

feature_importances:
raw_s3=167
raw_s2=62
raw_s6=61
raw_s7=60
interval_width_rel=51
f_s3_bom_coverage=48
log_production=46
raw_s5=45
f_data_freshness_days=45
raw_s4=38
interval_position_z=36
interval_rel_gap=30
raw_s1=28
f_firm_age_years=28
f_s2_peer_n_prev=25
f_s7_matrix_age_years=15
raw_s8=14
f_data_quality_score=14
f_s6_quarter=10
f_missing_field_count=2
avail_s5=1

parameters:
[boosting: gbdt]
[objective: binary]
[metric: average_precision]
[tree_learner: serial]
[device_type: cpu]
[data_sample_strategy: bagging]
[data: ]
[valid: ]
[num_iterations: 1200]
[learning_rate: 0.03]
[num_leaves: 8]
[num_threads: 4]
[seed: 20261003]
[deterministic: 1]
[force_col_wise: 0]
[force_row_wise: 1]
[histogram_pool_size: -1]
[max_depth: -1]
[min_data_in_leaf: 60]
[min_sum_hessian_in_leaf: 0.001]
[bagging_fraction: 0.8]
[pos_bagging_fraction: 1]
[neg_bagging_fraction: 1]
[bagging_freq: 1]
[bagging_seed: 20261113]
[bagging_by_query: 0]
[feature_fraction: 0.7]
[feature_fraction_bynode: 1]
[feature_fraction_seed: 20261209]
[extra_trees: 0]
[extra_seed: 5963]
[early_stopping_round: 0]
[early_stopping_min_delta: 0]
[first_metric_only: 0]
[max_delta_step: 0]
[lambda_l1: 0.5]
[lambda_l2: 8]
[linear_lambda: 0]
[min_gain_to_split: 0]
[drop_rate: 0.1]
[max_drop: 50]
[skip_drop: 0.5]
[xgboost_dart_mode: 0]
[uniform_drop: 0]
[drop_seed: 30954]
[top_rate: 0.2]
[other_rate: 0.1]
[min_data_per_group: 100]
[max_cat_threshold: 32]
[cat_l2: 10]
[cat_smooth: 10]
[max_cat_to_onehot: 4]
[top_k: 20]
[monotone_constraints: ]
[monotone_constraints_method: basic]
[monotone_penalty: 0]
[feature_contri: ]
[forcedsplits_filename: ]
[refit_decay_rate: 0.9]
[cegb_tradeoff: 1]
[cegb_penalty_split: 0]
[cegb_penalty_feature_lazy: ]
[cegb_penalty_feature_coupled: ]
[path_smooth: 0]
[interaction_constraints: ]
[verbosity: -1]
[saved_feature_importance_type: 0]
[use_quantized_grad: 0]
[num_grad_quant_bins: 4]
[quant_train_renew_leaf: 0]
[stochastic_rounding: 1]
[linear_tree: 0]
[max_bin: 63]
[max_bin_by_feature: ]
[min_data_in_bin: 3]
[bin_construct_sample_cnt: 200000]
[data_random_seed: 5357]
[is_enable_sparse: 1]
[enable_bundle: 1]
[use_missing: 1]
[zero_as_missing: 0]
[feature_pre_filter: 1]
[pre_partition: 0]
[two_round: 0]
[header: 0]
[label_column: ]
[weight_column: ]
[group_column: ]
[ignore_column: ]
[categorical_feature: 24]
[forcedbins_filename: ]
[precise_float_parser: 0]
[parser_config_file: ]
[objective_seed: 10432]
[num_class: 1]
[is_unbalance: 0]
[scale_pos_weight: 1]
[sigmoid: 1]
[boost_from_average: 1]
[reg_sqrt: 0]
[alpha: 0.9]
[fair_c: 1]
[poisson_max_delta_step: 0.7]
[tweedie_variance_power: 1.5]
[lambdarank_truncation_level: 30]
[lambdarank_norm: 1]
[label_gain: ]
[lambdarank_position_bias_regularization: 0]
[eval_at: ]
[multi_error_top_k: 1]
[auc_mu_weights: ]
[num_machines: 1]
[local_listen_port: 12400]
[time_out: 120]
[machine_list_filename: ]
[machines: ]
[gpu_platform_id: -1]
[gpu_device_id: -1]
[gpu_device_id_list: ]
[gpu_use_dp: 0]
[num_gpu: 1]

end of parameters

pandas_categorical:[["dusuk", "orta", "yuksek"]]
